LEAID,chron_absent,enrolled,absent_rate
100005,731.0,5444.0,13.42762674504041
100006,928.0,5698.0,16.286416286416287
100007,1330.0,14369.0,9.256037302526272
100008,1066.0,10804.0,9.866716031099592
100011,241.0,2027.0,11.889491859891466
100012,355.0,2378.0,14.928511354079058
100013,313.0,4558.0,6.867046950416849
100030,334.0,3032.0,11.015831134564644
100060,269.0,1773.0,15.172024816694869
100090,374.0,1854.0,20.17259978425027
100100,268.0,2603.0,10.295812524010756
100120,421.0,3511.0,11.990885787524922
100180,498.0,1506.0,33.067729083665334
100185,525.0,3086.0,17.012313674659755
100188,317.0,1160.0,27.327586206896555
100189,153.0,1457.0,10.501029512697322
100190,615.0,6064.0,10.141820580474933
100194,278.0,3206.0,8.671241422333125
100195,97.0,1609.0,6.028589185829708
100210,488.0,8623.0,5.659283312072365
100240,1792.0,9070.0,19.7574421168688
100270,5729.0,31844.0,17.990830297701294
100330,851.0,3559.0,23.911211014329865
100360,1003.0,3159.0,31.750553972776196
100390,6666.0,22842.0,29.18308379301287
100420,987.0,7774.0,12.696166709544638
100450,160.0,1114.0,14.362657091561939
100480,297.0,1418.0,20.944992947813823
100510,595.0,3060.0,19.444444444444446
100540,1126.0,8642.0,13.029391344596158
100600,515.0,3542.0,14.539808018068886
100630,1059.0,3918.0,27.029096477794795
100660,1367.0,7654.0,17.859942513718316
100690,237.0,1363.0,17.388114453411593
100720,378.0,2571.0,14.702450408401399
100750,378.0,1923.0,19.65678627145086
100780,382.0,2584.0,14.783281733746131
100810,419.0,2014.0,20.80436941410129
100840,257.0,2584.0,9.945820433436532
100870,179.0,1503.0,11.909514304723885
100900,141.0,879.0,16.040955631399317
100930,414.0,3116.0,13.286264441591783
100960,496.0,2224.0,22.302158273381295
100990,399.0,3251.0,12.273146724084896
101020,1378.0,9641.0,14.293123120008296
101050,533.0,3159.0,16.872427983539097
101080,279.0,938.0,29.744136460554373
101110,871.0,3180.0,27.38993710691824
101140,1555.0,8878.0,17.515206127506193
101170,1433.0,8849.0,16.19392021697367
101200,392.0,2309.0,16.977046340407103
101230,1642.0,8998.0,18.248499666592576
101260,131.0,617.0,21.231766612641813
101290,1650.0,11210.0,14.71900089206066
101320,1255.0,7216.0,17.39190687361419
101350,987.0,4237.0,23.29478404531508
101380,1996.0,8460.0,23.59338061465721
101410,797.0,2520.0,31.626984126984127
101440,491.0,1699.0,28.899352560329604
101470,250.0,2323.0,10.76194575979337
101530,793.0,4362.0,18.17973406694177
101560,363.0,3229.0,11.241870548157324
101590,537.0,3779.0,14.210108494310663
101620,1266.0,5198.0,24.355521354367063
101640,264.0,1149.0,22.97650130548303
101660,545.0,2996.0,18.190921228304404
101680,177.0,1083.0,16.343490304709142
101690,298.0,1926.0,15.472481827622014
101710,392.0,2563.0,15.294576667967224
101720,269.0,1652.0,16.283292978208234
101730,457.0,3511.0,13.016234690971235
101740,316.0,2477.0,12.757367783609205
101760,297.0,4249.0,6.98987997175806
101770,1168.0,6363.0,18.356121326418357
101800,4271.0,23768.0,17.969538875799394
101830,748.0,5293.0,14.131872284148875
101860,321.0,1610.0,19.937888198757765
101890,297.0,2727.0,10.891089108910892
101920,6336.0,35962.0,17.618597408375507
101950,410.0,2373.0,17.277707543194268
101980,139.0,937.0,14.834578441835648
102010,1693.0,8255.0,20.50878255602665
102040,686.0,4792.0,14.31552587646077
102070,1949.0,9503.0,20.509312848574133
102100,1734.0,8343.0,20.783890686803307
102130,66.0,463.0,14.254859611231103
102160,252.0,1366.0,18.448023426061493
102190,399.0,1935.0,20.62015503875969
102220,2469.0,19531.0,12.641441810455174
102250,152.0,1054.0,14.421252371916509
102310,533.0,3219.0,16.55793724759242
102350,261.0,1047.0,24.92836676217765
102370,11301.0,56216.0,20.10281770314501
102400,484.0,3319.0,14.582705634227178
102430,5416.0,29142.0,18.58486033902958
102480,1482.0,7751.0,19.12011353373758
102490,187.0,4334.0,4.314720812182741
102520,240.0,2850.0,8.421052631578947
102550,162.0,1497.0,10.821643286573146
102580,579.0,4489.0,12.898195589218089
102610,180.0,1334.0,13.493253373313344
102635,376.0,4076.0,9.224730127576054
102640,310.0,2088.0,14.846743295019158
102650,908.0,3955.0,22.9582806573957
102670,241.0,1312.0,18.36890243902439
102700,801.0,7128.0,11.237373737373737
102730,198.0,2557.0,7.743449354712554
102760,141.0,1188.0,11.868686868686869
102790,375.0,2193.0,17.099863201094394
102820,533.0,2416.0,22.061258278145697
102850,215.0,1558.0,13.7997432605905
102880,926.0,3502.0,26.442033123929182
102910,217.0,2456.0,8.835504885993485
102940,345.0,2519.0,13.695911075823739
102970,602.0,3083.0,19.526435290301656
103000,298.0,1032.0,28.875968992248062
103030,2624.0,20593.0,12.742193949400281
103062,1237.0,9247.0,13.377311560506111
103090,291.0,1540.0,18.896103896103895
103120,392.0,2166.0,18.09787626962142
103150,367.0,2019.0,18.17731550272412
103180,1356.0,7569.0,17.91518034086405
103210,485.0,2877.0,16.857838025721236
103240,420.0,1799.0,23.346303501945524
103270,338.0,1185.0,28.523206751054854
103300,161.0,1157.0,13.915298184961106
103330,469.0,1929.0,24.313115603939867
103360,1254.0,10558.0,11.877249479068006
103390,2428.0,18680.0,12.997858672376875
103420,253.0,1497.0,16.90046760187041
103430,545.0,7226.0,7.542208690838638
103450,1589.0,7424.0,21.403556034482758
103480,575.0,2651.0,21.689928328932478
103510,367.0,1679.0,21.858248957712924
103540,164.0,1249.0,13.130504403522819
103580,519.0,2365.0,21.945031712473572
200001,1788.0,4238.0,42.18971212836243
200003,1034.0,1930.0,53.575129533678755
200004,380.0,463.0,82.07343412526998
200005,178.0,336.0,52.976190476190474
200006,26.0,430.0,6.046511627906977
200007,60.0,208.0,28.846153846153843
200010,6.0,18.0,33.33333333333333
200020,873.0,2002.0,43.60639360639361
200030,35.0,112.0,31.25
200050,82.0,341.0,24.04692082111437
200060,105.0,363.0,28.92561983471074
200070,139.0,334.0,41.61676646706587
200090,71.0,281.0,25.26690391459075
200100,259.0,741.0,34.952766531713905
200120,175.0,489.0,35.787321063394685
200130,23.0,337.0,6.824925816023739
200150,589.0,2360.0,24.95762711864407
200180,11972.0,46269.0,25.87477576779269
200210,1049.0,4753.0,22.070271407532086
200240,409.0,1271.0,32.17938630999213
200270,93.0,260.0,35.76923076923077
200300,45.0,133.0,33.83458646616541
200330,15.0,78.0,19.230769230769234
200360,27.0,103.0,26.21359223300971
200390,2728.0,8106.0,33.65408339501604
200450,44.0,126.0,34.92063492063492
200480,481.0,2274.0,21.152154793315745
200485,21.0,179.0,11.731843575418994
200510,4982.0,18801.0,26.498590500505294
200520,72.0,193.0,37.30569948186528
200525,110.0,324.0,33.95061728395062
200540,112.0,183.0,61.20218579234973
200570,268.0,683.0,39.23865300146413
200600,4037.0,13516.0,29.86830423202131
200610,958.0,2186.0,43.82433668801464
200625,1135.0,2082.0,54.51488952929875
200630,7.0,11.0,63.63636363636363
200660,101.0,465.0,21.72043010752688
200670,29.0,69.0,42.028985507246375
200680,54.0,200.0,27.0
200690,35.0,141.0,24.822695035460992
200700,93.0,182.0,51.098901098901095
200710,265.0,610.0,43.44262295081967
200715,37.0,49.0,75.51020408163265
200720,108.0,476.0,22.689075630252102
200730,59.0,165.0,35.75757575757576
200760,185.0,409.0,45.2322738386308
200770,91.0,228.0,39.91228070175439
200775,160.0,237.0,67.51054852320675
200780,192.0,648.0,29.629629629629626
200800,26.0,68.0,38.23529411764706
200810,41.0,304.0,13.486842105263158
200840,22.0,63.0,34.92063492063492
200862,71.0,248.0,28.62903225806452
400001,853.0,5695.0,14.978050921861282
400003,870.0,2427.0,35.84672435105068
400004,109.0,403.0,27.04714640198511
400005,43.0,140.0,30.714285714285715
400016,217.0,1115.0,19.46188340807175
400018,115.0,303.0,37.95379537953795
400019,49.0,289.0,16.955017301038062
400020,30.0,184.0,16.304347826086957
400021,138.0,570.0,24.210526315789473
400022,52.0,99.0,52.52525252525253
400023,558.0,1114.0,50.08976660682226
400026,94.0,525.0,17.904761904761905
400028,39.0,95.0,41.05263157894737
400031,69.0,563.0,12.25577264653641
400033,23.0,235.0,9.787234042553191
400034,42.0,818.0,5.134474327628362
400036,84.0,303.0,27.722772277227726
400037,30.0,297.0,10.1010101010101
400040,31.0,64.0,48.4375
400041,71.0,257.0,27.626459143968873
400043,87.0,168.0,51.78571428571429
400047,222.0,300.0,74.0
400052,109.0,360.0,30.277777777777775
400053,51.0,703.0,7.254623044096728
400054,74.0,495.0,14.949494949494948
400055,32.0,63.0,50.79365079365079
400056,155.0,842.0,18.40855106888361
400057,100.0,120.0,83.33333333333334
400065,505.0,3053.0,16.541107107762855
400067,19.0,29.0,65.51724137931035
400068,38.0,341.0,11.143695014662756
400069,22.0,151.0,14.56953642384106
400070,44.0,440.0,10.0
400071,18.0,252.0,7.142857142857142
400072,77.0,479.0,16.075156576200417
400074,215.0,1359.0,15.82045621780721
400075,30.0,418.0,7.177033492822966
400078,251.0,366.0,68.5792349726776
400079,201.0,326.0,61.65644171779141
400081,78.0,416.0,18.75
400082,487.0,1731.0,28.134026574234543
400089,56.0,151.0,37.086092715231786
400090,32.0,144.0,22.22222222222222
400092,115.0,461.0,24.945770065075923
400093,45.0,229.0,19.65065502183406
400096,20.0,197.0,10.152284263959391
400097,69.0,647.0,10.664605873261205
400098,32.0,327.0,9.785932721712538
400099,12.0,88.0,13.636363636363635
400100,104.0,644.0,16.149068322981368
400102,130.0,358.0,36.312849162011176
400106,62.0,357.0,17.366946778711483
400107,2.0,467.0,0.4282655246252677
400109,131.0,327.0,40.0611620795107
400111,30.0,322.0,9.316770186335404
400112,1183.0,5943.0,19.905771495877502
400113,37.0,74.0,50.0
400115,32.0,236.0,13.559322033898304
400121,155.0,193.0,80.31088082901555
400122,103.0,352.0,29.261363636363637
400126,5.0,92.0,5.434782608695652
400129,46.0,158.0,29.11392405063291
400130,98.0,462.0,21.21212121212121
400131,173.0,776.0,22.29381443298969
400134,126.0,789.0,15.96958174904943
400135,29.0,503.0,5.7654075546719685
400141,15.0,119.0,12.605042016806722
400144,58.0,144.0,40.27777777777778
400145,9.0,37.0,24.324324324324326
400147,7.0,112.0,6.25
400149,330.0,459.0,71.89542483660131
400150,34.0,266.0,12.781954887218044
400151,42.0,158.0,26.582278481012654
400154,76.0,79.0,96.20253164556962
400160,6.0,24.0,25.0
400164,27.0,27.0,100.0
400165,32.0,152.0,21.052631578947366
400181,41.0,408.0,10.049019607843137
400182,63.0,338.0,18.639053254437872
400184,67.0,429.0,15.61771561771562
400185,138.0,716.0,19.273743016759777
400187,9.0,209.0,4.30622009569378
400190,103.0,605.0,17.024793388429753
400191,480.0,1374.0,34.93449781659388
400202,160.0,710.0,22.535211267605636
400205,47.0,295.0,15.932203389830507
400208,92.0,181.0,50.82872928176796
400209,54.0,205.0,26.34146341463415
400210,39.0,97.0,40.20618556701031
400211,34.0,217.0,15.668202764976957
400212,332.0,1225.0,27.10204081632653
400214,13.0,29.0,44.827586206896555
400217,16.0,247.0,6.477732793522267
400218,75.0,882.0,8.503401360544217
400219,75.0,200.0,37.5
400221,136.0,315.0,43.17460317460318
400223,78.0,687.0,11.353711790393014
400225,119.0,698.0,17.048710601719197
400227,91.0,168.0,54.166666666666664
400229,19.0,300.0,6.333333333333334
400230,168.0,605.0,27.768595041322314
400231,29.0,198.0,14.646464646464647
400232,60.0,440.0,13.636363636363635
400235,42.0,314.0,13.375796178343949
400237,45.0,349.0,12.893982808022923
400238,66.0,253.0,26.08695652173913
400239,315.0,1115.0,28.251121076233183
400241,299.0,2474.0,12.085691188358933
400243,92.0,147.0,62.585034013605444
400244,232.0,892.0,26.00896860986547
400246,197.0,525.0,37.523809523809526
400248,111.0,367.0,30.24523160762943
400254,14.0,157.0,8.9171974522293
400255,92.0,792.0,11.616161616161616
400258,11.0,98.0,11.224489795918368
400259,533.0,604.0,88.24503311258279
400261,175.0,684.0,25.584795321637426
400263,6.0,28.0,21.428571428571427
400264,18.0,53.0,33.9622641509434
400268,91.0,824.0,11.04368932038835
400274,154.0,158.0,97.46835443037975
400275,15.0,57.0,26.31578947368421
400279,80.0,301.0,26.578073089701
400280,101.0,498.0,20.281124497991968
400281,46.0,509.0,9.037328094302556
400282,691.0,1915.0,36.08355091383812
400284,107.0,262.0,40.839694656488554
400285,29.0,63.0,46.03174603174603
400290,151.0,692.0,21.820809248554912
400295,2865.0,6939.0,41.2883700821444
400310,103.0,522.0,19.731800766283524
400311,122.0,492.0,24.796747967479675
400317,70.0,281.0,24.91103202846975
400318,92.0,247.0,37.24696356275304
400320,103.0,445.0,23.146067415730336
400323,24.0,327.0,7.339449541284404
400326,136.0,757.0,17.96565389696169
400327,239.0,1173.0,20.375106564364877
400328,35.0,70.0,50.0
400330,187.0,426.0,43.89671361502347
400332,71.0,103.0,68.93203883495146
400339,102.0,308.0,33.116883116883116
400340,127.0,1051.0,12.0837297811608
400343,81.0,205.0,39.51219512195122
400344,5.0,8.0,62.5
400350,71.0,161.0,44.099378881987576
400351,36.0,68.0,52.94117647058824
400353,447.0,487.0,91.78644763860369
400355,424.0,439.0,96.58314350797266
400356,158.0,211.0,74.88151658767772
400359,29.0,271.0,10.70110701107011
400361,206.0,2003.0,10.284573140289567
400366,117.0,359.0,32.590529247910865
400367,90.0,113.0,79.64601769911505
400368,132.0,476.0,27.73109243697479
400370,37.0,118.0,31.35593220338983
400373,41.0,512.0,8.0078125
400374,95.0,364.0,26.098901098901102
400376,52.0,246.0,21.138211382113823
400377,23.0,76.0,30.263157894736842
400381,65.0,215.0,30.23255813953488
400394,73.0,94.0,77.6595744680851
400395,116.0,681.0,17.033773861967695
400396,22.0,142.0,15.492957746478872
400397,31.0,175.0,17.71428571428571
400399,26.0,162.0,16.049382716049383
400401,108.0,209.0,51.674641148325364
400406,37.0,546.0,6.7765567765567765
400407,92.0,333.0,27.627627627627625
400409,50.0,159.0,31.446540880503143
400413,47.0,527.0,8.918406072106261
400414,50.0,113.0,44.24778761061947
400415,133.0,373.0,35.656836461126005
400417,107.0,458.0,23.362445414847162
400419,11.0,15.0,73.33333333333333
400423,173.0,180.0,96.11111111111111
400424,141.0,815.0,17.300613496932517
400425,121.0,698.0,17.335243553008596
400426,37.0,147.0,25.170068027210885
400429,90.0,472.0,19.06779661016949
400438,208.0,811.0,25.64734895191122
400439,84.0,197.0,42.63959390862944
400440,49.0,733.0,6.684856753069577
400441,84.0,395.0,21.265822784810126
400442,23.0,132.0,17.424242424242426
400444,88.0,258.0,34.10852713178294
400445,203.0,466.0,43.56223175965665
400446,86.0,288.0,29.86111111111111
400447,64.0,402.0,15.92039800995025
400448,33.0,56.0,58.92857142857143
400450,2048.0,8026.0,25.51706952404685
400463,48.0,300.0,16.0
400480,19.0,151.0,12.582781456953644
400520,158.0,448.0,35.267857142857146
400600,4233.0,12689.0,33.359602805579634
400608,146.0,1156.0,12.629757785467127
400610,150.0,886.0,16.93002257336343
400614,42.0,169.0,24.85207100591716
400616,33.0,63.0,52.38095238095239
400619,119.0,498.0,23.895582329317268
400621,87.0,117.0,74.35897435897436
400625,87.0,163.0,53.37423312883436
400626,23.0,69.0,33.33333333333333
400630,10.0,60.0,16.666666666666664
400632,172.0,363.0,47.38292011019284
400637,67.0,270.0,24.814814814814813
400638,77.0,784.0,9.821428571428571
400640,36.0,109.0,33.02752293577982
400641,180.0,235.0,76.59574468085107
400649,149.0,987.0,15.096251266464034
400650,3.0,44.0,6.8181818181818175
400653,81.0,380.0,21.31578947368421
400655,107.0,723.0,14.79944674965422
400680,4111.0,13935.0,29.501255830642272
400720,44.0,203.0,21.67487684729064
400745,118.0,1150.0,10.26086956521739
400746,672.0,3477.0,19.327006039689387
400747,64.0,861.0,7.4332171893147505
400748,22.0,120.0,18.333333333333332
400750,1.0,8.0,12.5
400751,10.0,111.0,9.00900900900901
400754,99.0,399.0,24.81203007518797
400755,70.0,546.0,12.82051282051282
400756,88.0,194.0,45.36082474226804
400757,51.0,558.0,9.13978494623656
400758,21.0,579.0,3.6269430051813467
400760,33.0,552.0,5.978260869565218
400763,75.0,673.0,11.144130757800893
400764,64.0,397.0,16.120906801007557
400766,194.0,637.0,30.4552590266876
400769,270.0,526.0,51.33079847908745
400770,54.0,362.0,14.917127071823206
400771,5.0,81.0,6.172839506172839
400774,48.0,313.0,15.335463258785943
400775,351.0,793.0,44.26229508196721
400776,87.0,356.0,24.43820224719101
400778,70.0,510.0,13.725490196078432
400780,191.0,570.0,33.50877192982456
400781,100.0,648.0,15.432098765432098
400782,14.0,85.0,16.470588235294116
400783,100.0,381.0,26.246719160104988
400785,93.0,176.0,52.84090909090909
400786,160.0,360.0,44.44444444444444
400787,116.0,268.0,43.28358208955223
400788,54.0,167.0,32.33532934131736
400789,102.0,194.0,52.57731958762887
400790,1391.0,3666.0,37.94326241134752
400792,67.0,199.0,33.66834170854271
400793,31.0,295.0,10.508474576271185
400796,67.0,227.0,29.515418502202646
400798,80.0,565.0,14.15929203539823
400799,26.0,148.0,17.56756756756757
400800,502.0,3063.0,16.389160953313745
400801,44.0,155.0,28.387096774193548
400802,76.0,238.0,31.932773109243694
400803,277.0,844.0,32.81990521327014
400805,86.0,848.0,10.141509433962264
400807,61.0,176.0,34.659090909090914
400810,39.0,167.0,23.353293413173652
400815,31.0,102.0,30.392156862745097
400817,20.0,62.0,32.25806451612903
400818,32.0,566.0,5.6537102473498235
400819,92.0,803.0,11.45703611457036
400820,84.0,166.0,50.602409638554214
400822,68.0,299.0,22.74247491638796
400823,97.0,341.0,28.445747800586513
400824,181.0,732.0,24.726775956284154
400828,44.0,443.0,9.932279909706546
400829,60.0,837.0,7.168458781362006
400830,55.0,963.0,5.711318795430945
400831,94.0,633.0,14.84992101105845
400832,32.0,536.0,5.970149253731343
400833,54.0,540.0,10.0
400834,26.0,534.0,4.868913857677903
400838,31.0,236.0,13.135593220338984
400840,52.0,281.0,18.505338078291814
400841,9.0,415.0,2.1686746987951806
400842,170.0,1204.0,14.119601328903656
400843,64.0,796.0,8.040201005025125
400844,28.0,121.0,23.140495867768596
400845,63.0,357.0,17.647058823529413
400846,96.0,228.0,42.10526315789473
400847,123.0,1320.0,9.318181818181818
400848,44.0,122.0,36.0655737704918
400849,65.0,233.0,27.896995708154503
400850,129.0,644.0,20.031055900621116
400851,49.0,742.0,6.60377358490566
400852,48.0,267.0,17.97752808988764
400853,143.0,279.0,51.25448028673835
400854,12.0,56.0,21.428571428571427
400855,144.0,1175.0,12.25531914893617
400857,34.0,394.0,8.629441624365482
400858,119.0,385.0,30.909090909090907
400859,24.0,275.0,8.727272727272728
400861,50.0,399.0,12.531328320802004
400862,26.0,109.0,23.853211009174313
400863,170.0,624.0,27.24358974358974
400864,58.0,533.0,10.881801125703564
400866,40.0,541.0,7.393715341959335
400867,41.0,289.0,14.186851211072666
400868,35.0,146.0,23.972602739726025
400870,8.0,18.0,44.44444444444444
400871,221.0,1125.0,19.644444444444446
400872,81.0,116.0,69.82758620689656
400873,86.0,824.0,10.436893203883495
400875,49.0,489.0,10.020449897750511
400876,43.0,219.0,19.63470319634703
400877,279.0,688.0,40.55232558139535
400878,117.0,990.0,11.818181818181818
400879,11.0,172.0,6.395348837209303
400880,171.0,333.0,51.35135135135135
400881,140.0,904.0,15.486725663716813
400882,23.0,92.0,25.0
400884,36.0,298.0,12.080536912751679
400885,43.0,398.0,10.804020100502512
400886,42.0,533.0,7.879924953095685
400887,153.0,381.0,40.15748031496063
400888,50.0,536.0,9.328358208955224
400889,31.0,73.0,42.465753424657535
400890,64.0,355.0,18.028169014084508
400891,182.0,526.0,34.60076045627377
400892,114.0,1151.0,9.904430929626413
400893,33.0,154.0,21.428571428571427
400894,82.0,187.0,43.85026737967914
400895,125.0,567.0,22.045855379188712
400897,47.0,769.0,6.11183355006502
400898,39.0,631.0,6.180665610142631
400899,116.0,1075.0,10.790697674418604
400900,43.0,452.0,9.513274336283185
400902,2.0,33.0,6.0606060606060606
400903,123.0,757.0,16.248348745046233
400904,247.0,1123.0,21.9946571682992
400905,58.0,753.0,7.702523240371846
400907,57.0,75.0,76.0
400909,17.0,454.0,3.7444933920704844
400910,28.0,137.0,20.437956204379564
400911,34.0,509.0,6.679764243614931
400912,38.0,181.0,20.994475138121548
400913,97.0,178.0,54.49438202247191
400914,33.0,77.0,42.857142857142854
400915,105.0,150.0,70.0
400916,48.0,344.0,13.953488372093023
400918,14.0,78.0,17.94871794871795
400919,23.0,369.0,6.233062330623306
400921,62.0,831.0,7.460890493381468
400922,65.0,401.0,16.209476309226932
400924,138.0,565.0,24.424778761061948
400925,47.0,687.0,6.841339155749636
400926,56.0,481.0,11.642411642411643
400927,122.0,1155.0,10.562770562770563
400929,103.0,450.0,22.88888888888889
400930,29.0,498.0,5.8232931726907635
400933,182.0,1824.0,9.978070175438598
400934,101.0,312.0,32.371794871794876
400936,23.0,468.0,4.914529914529915
400937,50.0,549.0,9.107468123861565
400938,42.0,129.0,32.55813953488372
400939,9.0,54.0,16.666666666666664
400940,229.0,818.0,27.995110024449875
400941,15.0,218.0,6.8807339449541285
400942,97.0,260.0,37.30769230769231
400943,48.0,626.0,7.667731629392971
400944,326.0,2089.0,15.605552896122546
400945,63.0,193.0,32.64248704663213
400946,41.0,147.0,27.89115646258503
400947,70.0,168.0,41.66666666666667
400948,198.0,1150.0,17.217391304347824
400949,92.0,325.0,28.307692307692307
400951,60.0,398.0,15.07537688442211
400952,93.0,151.0,61.58940397350994
400953,146.0,573.0,25.479930191972077
400954,132.0,623.0,21.187800963081862
400955,16.0,101.0,15.841584158415841
400956,53.0,197.0,26.903553299492383
400958,34.0,581.0,5.851979345955249
400960,1616.0,5546.0,29.138117562206993
400961,38.0,200.0,19.0
400963,47.0,632.0,7.436708860759493
400964,124.0,315.0,39.36507936507937
400966,3.0,80.0,3.75
400968,111.0,173.0,64.16184971098265
400969,16.0,42.0,38.095238095238095
400970,5.0,7.0,71.42857142857143
400971,1.0,18.0,5.555555555555555
401000,74.0,457.0,16.192560175054705
401050,834.0,2344.0,35.580204778157
401080,73.0,316.0,23.10126582278481
401160,34.0,113.0,30.08849557522124
401180,291.0,745.0,39.06040268456376
401230,1.0,10.0,10.0
401260,20.0,87.0,22.988505747126435
401290,12.0,22.0,54.54545454545454
401330,27.0,66.0,40.909090909090914
401380,2095.0,5084.0,41.20771046420141
401410,957.0,4165.0,22.97719087635054
401460,1817.0,5887.0,30.864616952607438
401500,765.0,2893.0,26.443138610438993
401600,613.0,1552.0,39.49742268041237
401650,35.0,134.0,26.119402985074625
401680,4551.0,17229.0,26.414765801845725
401710,2099.0,6788.0,30.922215674720093
401740,884.0,3603.0,24.535109630863168
401760,692.0,5209.0,13.284699558456516
401810,68.0,135.0,50.37037037037037
401870,6170.0,46115.0,13.379594492030792
401940,1853.0,3742.0,49.51897381079636
402190,75.0,162.0,46.2962962962963
402220,12.0,103.0,11.650485436893204
402250,84.0,605.0,13.884297520661157
402320,919.0,2233.0,41.155396327810124
402370,635.0,2082.0,30.499519692603265
402400,1680.0,6152.0,27.308192457737324
402430,1195.0,6147.0,19.440377419879614
402480,17.0,39.0,43.58974358974359
402490,9.0,41.0,21.951219512195124
402530,1108.0,4004.0,27.672327672327672
402600,69.0,356.0,19.382022471910112
402690,4961.0,24927.0,19.902114173386288
402740,87.0,212.0,41.0377358490566
402760,20.0,131.0,15.267175572519085
402790,213.0,878.0,24.25968109339408
402860,2922.0,9875.0,29.589873417721517
402920,2413.0,8854.0,27.253218884120173
403010,1158.0,5473.0,21.158414032523297
403040,313.0,1337.0,23.410620792819746
403060,1113.0,4571.0,24.349157733537517
403080,47.0,210.0,22.380952380952383
403150,127.0,865.0,14.682080924855493
403200,225.0,627.0,35.88516746411483
403240,1110.0,5127.0,21.650087770626097
403290,312.0,1140.0,27.368421052631582
403310,131.0,439.0,29.84054669703872
403400,4455.0,35122.0,12.68435738283697
403420,4279.0,12817.0,33.38534758523836
403450,3959.0,15472.0,25.58815925542916
403500,710.0,1698.0,41.81389870435807
403550,70.0,286.0,24.475524475524477
403660,7.0,28.0,25.0
403730,66.0,270.0,24.444444444444443
403780,2087.0,12414.0,16.811664250040277
403820,539.0,2034.0,26.499508357915435
403860,338.0,718.0,47.07520891364902
403870,1238.0,5671.0,21.830365014988537
403900,16.0,94.0,17.02127659574468
403950,538.0,1109.0,48.512173128944994
403960,1543.0,6090.0,25.336617405582924
403990,1197.0,4739.0,25.258493353028065
404010,59.0,442.0,13.34841628959276
404060,996.0,1832.0,54.366812227074234
404170,17.0,77.0,22.07792207792208
404230,2383.0,17113.0,13.925086191784025
404280,1247.0,5527.0,22.561968518183463
404290,1876.0,7008.0,26.769406392694062
404320,696.0,3463.0,20.098180768120127
404380,1997.0,11706.0,17.059627541431745
404410,105.0,375.0,28.000000000000004
404440,1265.0,5910.0,21.40439932318105
404500,862.0,6022.0,14.314181335104617
404530,34.0,127.0,26.77165354330709
404570,207.0,760.0,27.236842105263158
404630,3401.0,12002.0,28.336943842692886
404720,1803.0,6834.0,26.382791922739244
404770,295.0,662.0,44.561933534743204
404820,208.0,494.0,42.10526315789473
404860,48.0,127.0,37.79527559055118
404920,20.0,55.0,36.36363636363637
404970,12663.0,63345.0,19.990528060620413
405030,415.0,1271.0,32.65145554681354
405070,332.0,1231.0,26.96994313566206
405100,4.0,21.0,19.047619047619047
405190,411.0,1115.0,36.8609865470852
405220,24.0,170.0,14.117647058823529
405320,354.0,1382.0,25.615050651230103
405340,27.0,143.0,18.88111888111888
405400,492.0,1687.0,29.164196799051574
405430,66.0,288.0,22.916666666666664
405460,295.0,790.0,37.34177215189873
405530,1283.0,5881.0,21.816017684067333
405640,96.0,379.0,25.32981530343008
405670,775.0,2929.0,26.45954250597474
405730,5.0,17.0,29.411764705882355
405760,24.0,87.0,27.586206896551722
405820,1161.0,2727.0,42.57425742574257
405850,100.0,469.0,21.321961620469082
405880,241.0,906.0,26.600441501103756
405930,6220.0,32162.0,19.339593308873827
405980,820.0,1911.0,42.90947148090005
406000,30.0,93.0,32.25806451612903
406030,26.0,82.0,31.70731707317073
406070,898.0,2174.0,41.306347746090154
406120,139.0,184.0,75.54347826086956
406150,19.0,97.0,19.587628865979383
406210,1402.0,10022.0,13.989223707842747
406250,5913.0,37867.0,15.615179443842925
406300,1346.0,6147.0,21.896860257035954
406330,13428.0,27353.0,49.091507330091765
406360,73.0,169.0,43.19526627218935
406440,169.0,924.0,18.29004329004329
406510,40.0,130.0,30.76923076923077
406580,778.0,2176.0,35.75367647058824
406630,15.0,103.0,14.563106796116504
406730,917.0,3902.0,23.500768836494107
406740,338.0,720.0,46.94444444444444
406780,67.0,209.0,32.057416267942585
406810,1363.0,7574.0,17.995775019804594
406850,92.0,457.0,20.13129102844639
406870,234.0,484.0,48.34710743801653
406900,46.0,401.0,11.471321695760599
406960,1064.0,1566.0,67.94380587484035
407020,243.0,937.0,25.933831376734258
407080,3083.0,8866.0,34.77329122490413
407130,408.0,1330.0,30.67669172932331
407170,427.0,1697.0,25.16205067766647
407200,340.0,746.0,45.57640750670242
407240,667.0,3020.0,22.08609271523179
407300,1211.0,6563.0,18.451927472192594
407380,1.0,19.0,5.263157894736842
407430,26.0,114.0,22.807017543859647
407500,50.0,238.0,21.008403361344538
407520,894.0,3374.0,26.496739774748075
407530,176.0,443.0,39.729119638826184
407570,4188.0,23231.0,18.027635487064696
407630,58.0,125.0,46.400000000000006
407680,5.0,35.0,14.285714285714285
407700,654.0,2490.0,26.265060240963855
407750,5593.0,34467.0,16.22711579191691
407770,8.0,22.0,36.36363636363637
407820,575.0,2570.0,22.37354085603113
407860,50.0,201.0,24.875621890547265
407890,570.0,3111.0,18.322082931533267
407920,25.0,119.0,21.008403361344538
408020,75.0,370.0,20.27027027027027
408080,171.0,851.0,20.094007050528788
408130,220.0,492.0,44.71544715447154
408170,4961.0,16016.0,30.975274725274726
408230,162.0,358.0,45.2513966480447
408280,412.0,2119.0,19.443133553563
408310,3127.0,11906.0,26.264068536872166
408340,3088.0,14003.0,22.052417339141613
408410,197.0,1705.0,11.55425219941349
408430,7.0,20.0,35.0
408460,3.0,23.0,13.043478260869565
408490,932.0,3316.0,28.10615199034982
408520,5418.0,11833.0,45.78720527338798
408550,361.0,1012.0,35.67193675889328
408600,265.0,817.0,32.43574051407589
408640,37.0,133.0,27.819548872180448
408680,835.0,1685.0,49.554896142433236
408800,18254.0,46234.0,39.481766665224725
408820,468.0,1921.0,24.362311296199895
408850,2383.0,12896.0,18.478598014888338
408880,35.0,96.0,36.45833333333333
408910,70.0,137.0,51.09489051094891
409060,5969.0,23169.0,25.762872804177995
409090,46.0,217.0,21.19815668202765
409120,15.0,117.0,12.82051282051282
409160,1096.0,2229.0,49.17003140421714
409190,385.0,1438.0,26.773296244784422
409250,274.0,1124.0,24.377224199288257
409310,283.0,712.0,39.747191011235955
409390,295.0,1138.0,25.92267135325132
409430,984.0,1806.0,54.48504983388705
409460,440.0,2074.0,21.215043394406944
409510,17.0,52.0,32.69230769230769
409540,17.0,41.0,41.46341463414634
409570,15.0,31.0,48.38709677419355
409600,2250.0,8923.0,25.215734618401882
409630,2422.0,11272.0,21.486870120652945
409733,216.0,969.0,22.291021671826623
409734,6.0,164.0,3.6585365853658534
500001,265.0,1256.0,21.098726114649683
500006,275.0,1611.0,17.070142768466788
500009,52.0,921.0,5.646036916395222
500012,147.0,834.0,17.62589928057554
500015,953.0,4090.0,23.30073349633252
500016,119.0,798.0,14.912280701754385
500017,1020.0,3280.0,31.097560975609756
500019,176.0,3302.0,5.3301029678982434
500020,43.0,542.0,7.9335793357933575
500021,97.0,485.0,20.0
500023,144.0,1214.0,11.86161449752883
500026,1071.0,3793.0,28.236224624307937
500028,361.0,1592.0,22.675879396984925
500029,589.0,1327.0,44.38583270535042
500030,84.0,394.0,21.31979695431472
500032,74.0,501.0,14.770459081836327
500041,11.0,379.0,2.9023746701846966
500042,454.0,1901.0,23.88216728037875
500043,887.0,3898.0,22.75525910723448
500044,443.0,2868.0,15.446304044630404
500045,170.0,1220.0,13.934426229508196
500046,148.0,1114.0,13.285457809694792
500047,264.0,1643.0,16.068167985392577
500048,190.0,748.0,25.40106951871658
500049,436.0,2427.0,17.96456530696333
500051,194.0,848.0,22.87735849056604
500055,169.0,792.0,21.338383838383837
500059,290.0,1252.0,23.162939297124602
500061,8.0,64.0,12.5
500062,288.0,1365.0,21.0989010989011
500065,72.0,601.0,11.980033277870216
500067,136.0,948.0,14.345991561181433
500068,164.0,983.0,16.683621566632755
500070,108.0,756.0,14.285714285714285
500071,34.0,462.0,7.35930735930736
500072,29.0,397.0,7.304785894206549
500073,170.0,748.0,22.727272727272727
500074,426.0,2159.0,19.731357109773043
500076,127.0,611.0,20.78559738134206
500078,0.0,675.0,0.0
500079,145.0,861.0,16.840882694541232
500082,145.0,986.0,14.705882352941178
500394,140.0,2053.0,6.819288845591817
500398,469.0,1969.0,23.819197562214324
500402,424.0,914.0,46.389496717724285
500403,88.0,406.0,21.67487684729064
500405,215.0,1030.0,20.87378640776699
500406,109.0,300.0,36.333333333333336
500407,112.0,188.0,59.57446808510638
500408,55.0,114.0,48.24561403508772
500409,110.0,564.0,19.50354609929078
500410,31.0,99.0,31.313131313131315
500411,97.0,295.0,32.88135593220339
500412,9.0,188.0,4.787234042553192
500413,80.0,208.0,38.46153846153847
500415,6.0,187.0,3.2085561497326207
500416,0.0,312.0,0.0
500417,87.0,761.0,11.432325886990801
500418,58.0,160.0,36.25
500419,851.0,4394.0,19.367319071461083
502250,613.0,3222.0,19.025450031036623
502280,114.0,544.0,20.955882352941178
502430,291.0,1827.0,15.92775041050903
502550,70.0,451.0,15.521064301552107
502580,229.0,1414.0,16.195190947666198
502610,111.0,1029.0,10.787172011661808
502670,36.0,411.0,8.75912408759124
502700,251.0,1173.0,21.398124467178175
502730,165.0,777.0,21.235521235521233
502790,274.0,1727.0,15.865662999420962
502820,92.0,588.0,15.646258503401361
502880,395.0,3396.0,11.63133097762073
502960,1037.0,5382.0,19.267930137495355
503030,133.0,2164.0,6.146025878003697
503060,2551.0,16869.0,15.122413895310928
503090,149.0,1140.0,13.07017543859649
503150,314.0,1978.0,15.874620829120323
503240,170.0,985.0,17.258883248730964
503300,81.0,481.0,16.839916839916842
503320,671.0,2085.0,32.18225419664268
503420,50.0,385.0,12.987012987012985
503450,255.0,1280.0,19.921875
503480,60.0,503.0,11.928429423459244
503630,64.0,548.0,11.678832116788321
503640,402.0,2635.0,15.2561669829222
503690,1536.0,9256.0,16.594641313742436
503710,103.0,791.0,13.02149178255373
503750,1914.0,10798.0,17.72550472309687
503770,88.0,598.0,14.715719063545151
503840,97.0,406.0,23.891625615763548
503960,177.0,704.0,25.142045454545453
504020,241.0,1763.0,13.66988088485536
504050,202.0,1306.0,15.46707503828484
504080,165.0,779.0,21.18100128369705
504110,259.0,1156.0,22.40484429065744
504170,97.0,721.0,13.453536754507628
504200,74.0,933.0,7.931404072883172
504350,35.0,479.0,7.306889352818372
504370,18.0,615.0,2.9268292682926833
504380,604.0,2585.0,23.365570599613154
504410,178.0,1412.0,12.606232294617564
504560,73.0,458.0,15.938864628820962
504590,2084.0,10285.0,20.26251823043267
504680,81.0,735.0,11.020408163265307
504740,26.0,478.0,5.439330543933055
504800,268.0,1810.0,14.806629834254142
504860,51.0,653.0,7.810107197549771
504890,30.0,876.0,3.4246575342465753
504930,214.0,1741.0,12.291786329695578
504980,70.0,602.0,11.627906976744185
505170,39.0,359.0,10.86350974930362
505190,107.0,577.0,18.544194107452338
505340,106.0,568.0,18.661971830985916
505410,196.0,1061.0,18.473138548539115
505430,261.0,1392.0,18.75
505470,233.0,1107.0,21.04787714543812
505500,189.0,1294.0,14.605873261205565
505550,163.0,589.0,27.67402376910017
505580,134.0,657.0,20.395738203957382
505680,859.0,4437.0,19.359927879197656
505760,93.0,1242.0,7.487922705314009
505850,174.0,717.0,24.267782426778243
505970,131.0,654.0,20.03058103975535
506060,451.0,2575.0,17.514563106796118
506090,367.0,2474.0,14.834276475343572
506120,1388.0,10015.0,13.859211183225161
506150,158.0,932.0,16.95278969957082
506210,73.0,788.0,9.263959390862944
506240,90.0,501.0,17.964071856287426
506270,341.0,2601.0,13.110342176086121
506330,2503.0,14773.0,16.94307182021255
506360,221.0,1169.0,18.905047048759624
506420,224.0,1485.0,15.084175084175083
506540,365.0,1463.0,24.948735475051265
506630,171.0,1048.0,16.316793893129773
506690,121.0,996.0,12.14859437751004
506840,309.0,1909.0,16.186485070717655
506870,190.0,1320.0,14.393939393939394
506900,1156.0,3561.0,32.462791350744176
506930,99.0,792.0,12.5
506990,540.0,3863.0,13.97877297437225
507110,160.0,750.0,21.333333333333336
507140,46.0,388.0,11.855670103092782
507170,157.0,847.0,18.536009445100355
507230,64.0,604.0,10.596026490066226
507290,122.0,1004.0,12.151394422310757
507320,172.0,1292.0,13.312693498452013
507350,302.0,1199.0,25.18765638031693
507380,400.0,2637.0,15.168752370117558
507530,82.0,615.0,13.333333333333334
507560,194.0,1679.0,11.55449672424062
507620,72.0,592.0,12.162162162162163
507680,381.0,1355.0,28.11808118081181
507710,5.0,492.0,1.0162601626016259
507740,226.0,609.0,37.11001642036125
507770,266.0,1637.0,16.24923640806353
507840,424.0,2346.0,18.073316283034956
507860,112.0,873.0,12.829324169530354
507890,738.0,3704.0,19.9244060475162
507920,83.0,878.0,9.453302961275627
507990,125.0,887.0,14.092446448703495
508040,2313.0,5557.0,41.62317797372683
508130,245.0,2274.0,10.77396657871592
508240,129.0,891.0,14.47811447811448
508280,2112.0,6476.0,32.61272390364422
508340,129.0,672.0,19.196428571428573
508400,238.0,1322.0,18.00302571860817
508490,83.0,352.0,23.579545454545457
508610,692.0,4467.0,15.491381240205953
508640,28.0,1065.0,2.629107981220657
508670,818.0,3586.0,22.810931399888453
508700,133.0,1315.0,10.114068441064639
508730,143.0,865.0,16.53179190751445
508940,96.0,1227.0,7.823960880195599
509000,7006.0,24049.0,29.132188448584138
509060,183.0,1833.0,9.983633387888707
509150,138.0,608.0,22.697368421052634
509190,190.0,732.0,25.956284153005466
509240,216.0,1752.0,12.32876712328767
509270,79.0,478.0,16.527196652719663
509330,175.0,767.0,22.816166883963493
509360,59.0,773.0,7.632600258732213
509390,949.0,3826.0,24.803972817564034
509420,94.0,558.0,16.845878136200717
509480,137.0,885.0,15.480225988700566
509510,76.0,381.0,19.94750656167979
509540,159.0,1136.0,13.996478873239438
509570,54.0,521.0,10.36468330134357
509600,104.0,685.0,15.182481751824817
509630,158.0,1228.0,12.866449511400651
509720,88.0,880.0,10.0
509750,286.0,1721.0,16.61824520627542
509780,28.0,410.0,6.829268292682928
509840,343.0,1975.0,17.367088607594937
509990,85.0,466.0,18.240343347639485
510080,82.0,531.0,15.44256120527307
510170,54.0,545.0,9.908256880733946
510200,187.0,1689.0,11.071640023682653
510260,154.0,670.0,22.98507462686567
510290,78.0,418.0,18.660287081339714
510320,23.0,717.0,3.2078103207810322
510380,327.0,1933.0,16.916709777547855
510410,50.0,503.0,9.940357852882704
510440,523.0,3424.0,15.274532710280376
510560,60.0,434.0,13.82488479262673
510680,1879.0,8800.0,21.352272727272727
510920,103.0,436.0,23.623853211009173
510950,237.0,818.0,28.973105134474324
510980,21.0,497.0,4.225352112676056
511010,361.0,1891.0,19.090428344791118
511070,45.0,735.0,6.122448979591836
511130,212.0,1098.0,19.30783242258652
511220,59.0,827.0,7.134220072551391
511340,313.0,909.0,34.433443344334435
511370,110.0,911.0,12.074643249176729
511610,179.0,2081.0,8.601633829889476
511700,142.0,1717.0,8.270238788584741
511730,138.0,629.0,21.939586645468996
511760,287.0,1938.0,14.80908152734778
511820,29.0,981.0,2.9561671763506627
511850,3556.0,12576.0,28.27608142493639
511880,13.0,690.0,1.884057971014493
511970,2571.0,16027.0,16.04167966556436
512000,84.0,807.0,10.408921933085502
512060,1049.0,5453.0,19.237117183201907
512090,166.0,830.0,20.0
512180,45.0,411.0,10.948905109489052
512210,661.0,4111.0,16.078812940890295
512420,44.0,347.0,12.680115273775217
512450,755.0,4420.0,17.081447963800905
512480,68.0,766.0,8.87728459530026
512510,41.0,1205.0,3.4024896265560165
512520,267.0,2312.0,11.548442906574396
512540,112.0,2072.0,5.405405405405405
512570,57.0,543.0,10.497237569060774
512630,94.0,620.0,15.161290322580644
512660,2630.0,23793.0,11.053671247846005
512930,27.0,308.0,8.766233766233766
512960,210.0,1616.0,12.995049504950495
513080,561.0,3852.0,14.56386292834891
513110,1108.0,4421.0,25.062203121465732
513230,151.0,986.0,15.314401622718051
513350,171.0,930.0,18.387096774193548
513380,527.0,2751.0,19.15667030170847
513410,770.0,5367.0,14.346934972983044
513530,464.0,3281.0,14.142029868942396
513560,54.0,371.0,14.555256064690028
513680,475.0,1610.0,29.503105590062113
513930,438.0,2567.0,17.062719127386053
514010,130.0,990.0,13.131313131313133
514020,267.0,685.0,38.97810218978102
514040,105.0,700.0,15.0
514140,664.0,2925.0,22.7008547008547
514370,64.0,503.0,12.72365805168986
514400,74.0,565.0,13.097345132743362
514430,418.0,2721.0,15.361999264976111
514490,143.0,773.0,18.499353169469597
600001,147.0,1084.0,13.560885608856088
600002,10.0,71.0,14.084507042253522
600003,52.0,388.0,13.402061855670103
600006,198.0,2096.0,9.446564885496183
600007,86.0,369.0,23.306233062330623
600009,27.0,205.0,13.170731707317074
600011,60.0,252.0,23.809523809523807
600012,36.0,98.0,36.734693877551024
600013,1035.0,12031.0,8.602776161582579
600014,3784.0,21872.0,17.300658376005853
600015,188.0,715.0,26.293706293706293
600016,1283.0,11027.0,11.635077536954748
600017,2290.0,12867.0,17.79746638688117
600018,39.0,270.0,14.444444444444443
600019,524.0,11315.0,4.631020768890853
600020,624.0,14794.0,4.21792618629174
600021,8.0,291.0,2.7491408934707904
600022,470.0,3450.0,13.623188405797102
600025,314.0,6608.0,4.75181598062954
600026,175.0,739.0,23.68064952638701
600027,3411.0,21334.0,15.988562857410708
600028,3692.0,28268.0,13.060704683741333
600029,2560.0,23129.0,11.068355743871331
600032,661.0,9961.0,6.635879931733761
600033,495.0,2512.0,19.705414012738853
600034,582.0,4988.0,11.668003207698478
600035,382.0,2531.0,15.092848676412485
600036,1742.0,12989.0,13.411348063746248
600037,60.0,499.0,12.024048096192384
600038,86.0,781.0,11.011523687580025
600039,309.0,2520.0,12.261904761904761
600040,193.0,1620.0,11.913580246913579
600042,12.0,186.0,6.451612903225806
600043,199.0,2450.0,8.122448979591837
600044,175.0,1521.0,11.505588428665352
600045,305.0,2229.0,13.683266038582323
600046,305.0,2369.0,12.874630645842128
600047,1891.0,14943.0,12.654754734658368
600048,1161.0,7087.0,16.38210808522647
600049,65.0,635.0,10.236220472440944
600051,280.0,2048.0,13.671875
600052,725.0,3733.0,19.421376908652558
600060,184.0,2019.0,9.113422486379395
600061,386.0,2795.0,13.810375670840788
600062,648.0,5319.0,12.18274111675127
600063,228.0,1772.0,12.866817155756207
600064,1981.0,14431.0,13.727392419097775
600065,630.0,6663.0,9.45520036019811
600067,133.0,1426.0,9.326788218793828
600068,145.0,1898.0,7.639620653319283
600069,649.0,3972.0,16.339375629405843
600071,68.0,506.0,13.438735177865613
600116,110.0,1088.0,10.11029411764706
600134,20.0,765.0,2.6143790849673203
600136,134.0,770.0,17.402597402597404
600153,721.0,14256.0,5.057519640852974
600158,1937.0,14175.0,13.66490299823633
600159,143.0,651.0,21.96620583717358
600160,378.0,1714.0,22.0536756126021
601322,188.0,2498.0,7.526020816653323
601331,189.0,720.0,26.25
601332,4549.0,26720.0,17.024700598802394
601336,152.0,436.0,34.862385321100916
601339,60.0,688.0,8.720930232558139
601409,349.0,1938.0,18.008255933952526
601410,515.0,4891.0,10.52954406051932
601414,1808.0,13992.0,12.92166952544311
601415,483.0,2681.0,18.01566579634465
601418,238.0,2126.0,11.194731890874882
601420,182.0,1127.0,16.149068322981368
601421,418.0,5299.0,7.888280807699566
601422,71.0,318.0,22.32704402515723
601423,344.0,2895.0,11.882556131260795
601425,63.0,736.0,8.559782608695652
601426,251.0,2547.0,9.854731056144484
601427,91.0,554.0,16.425992779783392
601428,114.0,2600.0,4.384615384615385
601429,132.0,645.0,20.46511627906977
601430,74.0,353.0,20.96317280453258
601431,9.0,186.0,4.838709677419355
601433,64.0,181.0,35.35911602209944
601434,111.0,443.0,25.056433408577877
601435,49.0,376.0,13.031914893617023
601436,81.0,519.0,15.606936416184972
601438,60.0,224.0,26.785714285714285
601439,63.0,291.0,21.649484536082475
601441,282.0,317.0,88.95899053627761
601442,212.0,839.0,25.26817640047676
601444,29.0,126.0,23.015873015873016
601445,156.0,256.0,60.9375
601446,35.0,614.0,5.700325732899023
601447,92.0,228.0,40.35087719298245
601448,23.0,303.0,7.590759075907591
601620,1603.0,20166.0,7.949023108201924
601650,485.0,5629.0,8.616095221176053
601680,38.0,547.0,6.946983546617916
601710,1680.0,8307.0,20.223907547851212
601770,911.0,9495.0,9.594523433385993
601860,235.0,3660.0,6.420765027322404
601890,5.0,115.0,4.3478260869565215
601950,846.0,8944.0,9.458855098389982
601980,23.0,83.0,27.710843373493976
602010,52.0,346.0,15.028901734104046
602070,10.0,79.0,12.658227848101266
602100,207.0,1668.0,12.410071942446043
602160,392.0,6037.0,6.493291369885705
602220,79.0,545.0,14.495412844036698
602250,16.0,110.0,14.545454545454545
602310,1509.0,10182.0,14.820271066588099
602360,25.0,394.0,6.345177664974619
602370,15.0,187.0,8.02139037433155
602430,2944.0,19022.0,15.47681631794764
602450,688.0,3916.0,17.56894790602656
602610,1512.0,18845.0,8.023348368267445
602630,3861.0,32006.0,12.06336311941511
602670,314.0,1934.0,16.23578076525336
602700,451.0,1778.0,25.365579302587175
602730,127.0,485.0,26.18556701030928
602760,105.0,835.0,12.574850299401197
602820,5141.0,21372.0,24.054838105932998
602850,3592.0,16653.0,21.569687143457635
602970,433.0,9461.0,4.5766832258746435
603000,98.0,517.0,18.95551257253385
603030,404.0,1618.0,24.969097651421507
603060,51.0,438.0,11.643835616438356
603090,72.0,232.0,31.03448275862069
603180,103.0,1009.0,10.20812685827552
603270,305.0,3046.0,10.013131976362443
603300,628.0,4759.0,13.196049590250054
603420,412.0,5069.0,8.127835865062142
603480,262.0,2004.0,13.073852295409182
603600,871.0,8403.0,10.365345709865524
603610,33.0,141.0,23.404255319148938
603630,5681.0,30834.0,18.424466498021662
603690,1202.0,12918.0,9.304845951385664
603720,2.0,132.0,1.5151515151515151
603750,12.0,373.0,3.2171581769436997
603780,19.0,76.0,25.0
603840,968.0,4551.0,21.27005053834322
603870,49.0,373.0,13.136729222520108
604020,1812.0,6387.0,28.370126820103337
604080,130.0,873.0,14.891179839633448
604110,390.0,3604.0,10.821309655937847
604200,37.0,394.0,9.390862944162437
604230,488.0,2503.0,19.496604075109868
604260,513.0,1908.0,26.88679245283019
604290,1343.0,10048.0,13.365843949044587
604350,32.0,352.0,9.090909090909092
604380,278.0,1683.0,16.51812240047534
604440,1434.0,12127.0,11.824853632390534
604500,22.0,153.0,14.37908496732026
604530,252.0,4330.0,5.819861431870669
604560,2.0,45.0,4.444444444444445
604620,431.0,4948.0,8.710590137429264
604650,50.0,1020.0,4.901960784313726
604740,954.0,9744.0,9.79064039408867
604800,455.0,7092.0,6.415679639029894
604830,384.0,3924.0,9.785932721712538
604860,10.0,67.0,14.925373134328357
604890,6.0,16.0,37.5
604950,29.0,152.0,19.078947368421055
604980,30.0,196.0,15.306122448979592
605010,30.0,136.0,22.058823529411764
605040,133.0,615.0,21.6260162601626
605190,3.0,32.0,9.375
605220,60.0,212.0,28.30188679245283
605240,168.0,1231.0,13.64744110479285
605250,4.0,12.0,33.33333333333333
605280,17.0,580.0,2.9310344827586206
605400,20.0,168.0,11.904761904761903
605490,11.0,13.0,84.61538461538461
605520,39.0,90.0,43.333333333333336
605580,1157.0,17119.0,6.758572346515567
605610,909.0,9635.0,9.434353918007265
605640,26.0,170.0,15.294117647058824
605700,24.0,376.0,6.382978723404255
605730,6.0,77.0,7.792207792207792
605790,612.0,3980.0,15.376884422110553
605820,407.0,1859.0,21.893491124260358
605880,399.0,5900.0,6.76271186440678
605910,607.0,9017.0,6.73172895641566
605940,117.0,686.0,17.05539358600583
606000,5.0,27.0,18.51851851851852
606030,19.0,551.0,3.4482758620689653
606060,42.0,476.0,8.823529411764707
606090,72.0,454.0,15.859030837004406
606100,1.0,134.0,0.7462686567164178
606270,357.0,4743.0,7.526881720430108
606330,31.0,381.0,8.136482939632545
606360,355.0,4823.0,7.360563964337549
606390,1894.0,18141.0,10.440438785072487
606420,21.0,211.0,9.95260663507109
606450,1425.0,15135.0,9.415262636273539
606480,198.0,3441.0,5.754141238012206
606510,9.0,88.0,10.227272727272728
606540,3.0,117.0,2.564102564102564
606570,256.0,4920.0,5.203252032520325
606580,60.0,316.0,18.9873417721519
606690,25.0,207.0,12.077294685990339
606720,15.0,345.0,4.3478260869565215
606750,202.0,1587.0,12.728418399495906
606780,331.0,3205.0,10.32761310452418
606810,2178.0,16559.0,13.152968174406668
606870,622.0,2905.0,21.411359724612737
606900,1895.0,9255.0,20.475418692598595
606960,16.0,43.0,37.2093023255814
606990,147.0,1170.0,12.564102564102564
607020,62.0,896.0,6.919642857142858
607140,115.0,3602.0,3.192670738478623
607170,36.0,460.0,7.82608695652174
607200,370.0,7298.0,5.069882159495752
607230,1012.0,8527.0,11.868183417380086
607260,7.0,55.0,12.727272727272727
607350,1.0,71.0,1.4084507042253522
607410,15.0,182.0,8.241758241758241
607440,4498.0,46492.0,9.674782758324014
607470,48.0,683.0,7.027818448023426
607500,926.0,11317.0,8.182380489529027
607530,306.0,2590.0,11.814671814671815
607560,229.0,2207.0,10.376076121431808
607680,213.0,1114.0,19.120287253141832
607740,138.0,2150.0,6.4186046511627906
607800,756.0,9304.0,8.125537403267412
607840,14.0,197.0,7.1065989847715745
607900,766.0,4178.0,18.334131163236
607920,1398.0,6311.0,22.15179844715576
607950,437.0,4429.0,9.866787085120794
607970,2513.0,15902.0,15.803043642309145
607980,102.0,1734.0,5.88235294117647
608010,500.0,4072.0,12.278978388998036
608070,278.0,4376.0,6.3528336380255945
608130,1881.0,15210.0,12.366863905325443
608160,3088.0,23885.0,12.928616286372199
608190,503.0,4811.0,10.455206817709415
608250,34.0,582.0,5.841924398625429
608340,21.0,186.0,11.29032258064516
608370,1690.0,12568.0,13.446849140674729
608460,2268.0,28174.0,8.049975154397671
608520,291.0,2241.0,12.985274431057563
608550,233.0,1129.0,20.637732506643047
608580,25.0,330.0,7.575757575757576
608610,1687.0,23736.0,7.107347489046174
608640,7.0,30.0,23.333333333333332
608700,11.0,277.0,3.9711191335740073
608760,593.0,7194.0,8.242980261328885
608850,6.0,255.0,2.3529411764705883
608880,1.0,161.0,0.6211180124223602
608970,201.0,1429.0,14.065780265920225
609030,3798.0,44118.0,8.608731130150959
609070,3091.0,16421.0,18.823457767492844
609120,669.0,4273.0,15.656447460800374
609240,1.0,5.0,20.0
609270,19.0,173.0,10.982658959537572
609300,50.0,349.0,14.326647564469914
609330,3.0,29.0,10.344827586206897
609390,3156.0,22191.0,14.221981884547791
609450,48.0,732.0,6.557377049180328
609480,91.0,487.0,18.68583162217659
609510,2.0,200.0,1.0
609570,196.0,1506.0,13.014608233731739
609620,3907.0,22546.0,17.32901623347822
609640,1300.0,18779.0,6.922626337930667
609665,31.0,118.0,26.27118644067797
609690,484.0,3319.0,14.582705634227178
609780,259.0,2111.0,12.269066792989104
609810,163.0,966.0,16.873706004140786
609850,4565.0,53634.0,8.511392027445277
609870,202.0,3141.0,6.431072906717605
609940,658.0,5885.0,11.180968564146134
609990,153.0,941.0,16.259298618490966
610050,1247.0,11813.0,10.556166934732921
610230,16.0,143.0,11.188811188811188
610260,588.0,7034.0,8.359397213534262
610290,490.0,17814.0,2.7506455596721677
610320,51.0,369.0,13.821138211382115
610350,395.0,4152.0,9.513487475915221
610380,57.0,601.0,9.484193011647255
610440,175.0,4021.0,4.35215120616762
610620,742.0,8616.0,8.61188486536676
610680,10.0,22.0,45.45454545454545
610710,28.0,145.0,19.310344827586206
610740,205.0,4485.0,4.570791527313267
610770,866.0,3625.0,23.889655172413793
610860,681.0,4313.0,15.789473684210526
610890,271.0,7136.0,3.7976457399103136
610980,20.0,60.0,33.33333333333333
611040,235.0,1271.0,18.48937844217152
611100,1.0,15.0,6.666666666666667
611110,4790.0,28368.0,16.885222786238014
611130,30.0,211.0,14.218009478672986
611220,112.0,1982.0,5.650857719475278
611280,435.0,3266.0,13.319044703000612
611430,7.0,175.0,4.0
611460,2602.0,21967.0,11.845040287704284
611490,411.0,6877.0,5.976443216518831
611520,335.0,3749.0,8.935716190984262
611550,18.0,170.0,10.588235294117647
611610,13.0,181.0,7.18232044198895
611670,22.0,87.0,25.287356321839084
611700,21.0,63.0,33.33333333333333
611730,96.0,1014.0,9.467455621301776
611760,160.0,1820.0,8.791208791208792
611780,23.0,308.0,7.467532467532467
611820,3559.0,23089.0,15.414266533847288
611850,535.0,8708.0,6.1437758383096
611870,65.0,421.0,15.439429928741092
611910,774.0,3402.0,22.75132275132275
611940,142.0,1040.0,13.653846153846153
612030,711.0,4909.0,14.48360154817682
612070,820.0,6644.0,12.341962673088501
612090,381.0,8251.0,4.617622106411344
612120,1203.0,8835.0,13.616298811544992
612150,8.0,166.0,4.819277108433735
612180,977.0,8627.0,11.324910165758665
612210,199.0,3474.0,5.728267127230858
612330,7126.0,63971.0,11.139422550843351
612360,35.0,193.0,18.134715025906736
612420,5.0,17.0,29.411764705882355
612600,90.0,313.0,28.753993610223645
612630,143.0,689.0,20.754716981132077
612690,550.0,3034.0,18.127883981542517
612750,290.0,5429.0,5.341683551298582
612810,398.0,3646.0,10.916072408118486
612840,175.0,2557.0,6.8439577630035195
612880,2040.0,15764.0,12.940877949758944
612910,877.0,7444.0,11.781300376141859
612930,141.0,950.0,14.842105263157896
612960,592.0,14302.0,4.139281219409872
613080,125.0,3405.0,3.671071953010279
613140,775.0,11409.0,6.792882811815233
613170,143.0,1222.0,11.702127659574469
613290,357.0,2665.0,13.395872420262664
613360,3003.0,21550.0,13.935034802784221
613470,311.0,1163.0,26.741186586414443
613500,487.0,4906.0,9.926620464737058
613530,450.0,2162.0,20.814061054579096
613710,4.0,15.0,26.666666666666668
613740,15.0,150.0,10.0
613800,349.0,3867.0,9.025084044478925
613840,121.0,2260.0,5.353982300884956
613890,2173.0,20600.0,10.54854368932039
613920,4243.0,38939.0,10.896530470736279
613980,71.0,388.0,18.298969072164947
614010,39.0,265.0,14.716981132075471
614040,3.0,9.0,33.33333333333333
614070,357.0,1848.0,19.318181818181817
614130,15.0,19.0,78.94736842105263
614190,267.0,1080.0,24.72222222222222
614220,255.0,6265.0,4.07023144453312
614250,209.0,2604.0,8.026113671274961
614340,17.0,472.0,3.6016949152542375
614370,743.0,7729.0,9.613145296933627
614400,2196.0,35900.0,6.116991643454039
614430,726.0,11096.0,6.542898341744772
614490,3.0,29.0,10.344827586206897
614520,24.0,329.0,7.29483282674772
614550,14741.0,73735.0,19.99186275174612
614700,308.0,3258.0,9.4536525475752
614730,731.0,13744.0,5.318684516880093
614760,1875.0,13878.0,13.510592304366623
614790,413.0,3646.0,11.327482172243554
614820,374.0,2191.0,17.069831127339114
614880,3522.0,43152.0,8.161846496106785
614910,4.0,62.0,6.451612903225806
614940,347.0,4676.0,7.420872540633019
614950,556.0,2318.0,23.986194995685935
614970,4.0,29.0,13.793103448275861
615000,19.0,147.0,12.925170068027212
615090,43.0,414.0,10.38647342995169
615150,33.0,234.0,14.102564102564102
615180,1593.0,11278.0,14.124844830643731
615240,1855.0,26373.0,7.033708717248702
615270,487.0,7359.0,6.617746976491371
615390,96.0,481.0,19.95841995841996
615450,101.0,709.0,14.245416078984485
615480,24.0,69.0,34.78260869565217
615510,226.0,3538.0,6.387789711701526
615600,22.0,83.0,26.506024096385545
615690,22.0,660.0,3.3333333333333335
615780,285.0,1726.0,16.512166859791424
615840,60.0,725.0,8.275862068965518
615870,4.0,35.0,11.428571428571429
615990,2.0,14.0,14.285714285714285
616050,984.0,9312.0,10.56701030927835
616080,379.0,3565.0,10.631136044880787
616110,18.0,204.0,8.823529411764707
616230,3511.0,21255.0,16.518466243236883
616260,147.0,1314.0,11.187214611872145
616300,284.0,2410.0,11.784232365145227
616320,44.0,263.0,16.730038022813687
616323,269.0,1861.0,14.454594304137562
616325,1686.0,18470.0,9.128316188413644
616470,519.0,6094.0,8.516573679028552
616500,598.0,3792.0,15.770042194092825
616530,16.0,97.0,16.49484536082474
616560,7.0,120.0,5.833333333333333
616570,62.0,529.0,11.720226843100189
616620,57.0,255.0,22.35294117647059
616650,38.0,1205.0,3.1535269709543567
616680,887.0,8357.0,10.613856647122173
616740,3320.0,20332.0,16.328939602596893
616830,72.0,1204.0,5.980066445182724
616860,244.0,1145.0,21.31004366812227
616920,4786.0,21984.0,21.77037845705968
617040,61.0,1360.0,4.485294117647059
617160,8.0,505.0,1.5841584158415842
617190,71.0,1401.0,5.067808708065667
617220,196.0,2387.0,8.211143695014663
617340,735.0,5430.0,13.535911602209943
617430,137.0,1577.0,8.687381103360812
617490,57.0,963.0,5.919003115264798
617520,20.0,247.0,8.097165991902834
617580,31.0,62.0,50.0
617620,7.0,57.0,12.280701754385964
617640,5.0,18.0,27.77777777777778
617760,12.0,99.0,12.121212121212121
617850,546.0,8425.0,6.480712166172106
617880,41.0,193.0,21.243523316062177
618030,413.0,6991.0,5.907595479902732
618060,1752.0,16174.0,10.83219982688265
618120,15.0,195.0,7.6923076923076925
618160,4.0,40.0,10.0
618210,181.0,4075.0,4.441717791411043
618240,5.0,19.0,26.31578947368421
618270,3.0,7.0,42.857142857142854
618390,1561.0,9085.0,17.182168409466154
618510,13.0,415.0,3.132530120481928
618660,28.0,468.0,5.982905982905983
618690,53.0,334.0,15.868263473053892
618730,68.0,604.0,11.258278145695364
618780,45.0,352.0,12.784090909090908
618810,1.0,12.0,8.333333333333332
618840,149.0,2304.0,6.467013888888889
618870,428.0,6140.0,6.970684039087947
618930,745.0,4315.0,17.265353418308226
618990,310.0,1447.0,21.423635107118173
619050,30.0,199.0,15.07537688442211
619110,23.0,131.0,17.557251908396946
619140,68.0,310.0,21.935483870967744
619170,11.0,56.0,19.642857142857142
619200,36.0,265.0,13.584905660377359
619230,5.0,28.0,17.857142857142858
619260,2533.0,18934.0,13.378050068659556
619320,363.0,1690.0,21.4792899408284
619380,75.0,1235.0,6.0728744939271255
619410,15.0,140.0,10.714285714285714
619440,358.0,2513.0,14.245921209709511
619490,455.0,5049.0,9.011685482273718
619540,6440.0,39201.0,16.428152343052474
619590,228.0,894.0,25.503355704697988
619620,71.0,1153.0,6.157849089332177
619650,405.0,2307.0,17.555266579973992
619680,340.0,2659.0,12.786761940579163
619700,849.0,9799.0,8.664149403000305
619740,23.0,465.0,4.946236559139785
619770,59.0,813.0,7.2570725707257075
619800,18.0,1522.0,1.1826544021024967
619830,173.0,1158.0,14.939550949913643
619860,2.0,92.0,2.1739130434782608
619890,33.0,385.0,8.571428571428571
619920,9.0,20.0,45.0
619950,36.0,242.0,14.87603305785124
619980,1.0,20.0,5.0
620010,2.0,140.0,1.4285714285714286
620040,31.0,597.0,5.192629815745393
620070,1176.0,3416.0,34.42622950819672
620130,141.0,4184.0,3.369980879541109
620190,380.0,4708.0,8.071367884451996
620220,44.0,176.0,25.0
620250,1754.0,12752.0,13.75470514429109
620310,143.0,3599.0,3.973325923867741
620370,314.0,2939.0,10.683906090506975
620430,3.0,13.0,23.076923076923077
620460,205.0,3077.0,6.662333441663959
620490,3.0,98.0,3.061224489795918
620520,33.0,249.0,13.253012048192772
620610,4.0,181.0,2.209944751381215
620640,756.0,3909.0,19.33998465080583
620670,305.0,1512.0,20.17195767195767
620700,4.0,72.0,5.555555555555555
620730,228.0,1371.0,16.630196936542667
620760,39.0,326.0,11.96319018404908
620790,475.0,5145.0,9.23226433430515
620850,246.0,3110.0,7.909967845659165
620880,2893.0,13962.0,20.72052714510815
620910,78.0,1506.0,5.179282868525896
621000,863.0,11299.0,7.637844056996195
621060,149.0,824.0,18.08252427184466
621090,30.0,298.0,10.06711409395973
621150,90.0,695.0,12.949640287769784
621180,5.0,84.0,5.952380952380952
621210,443.0,5661.0,7.825472531354884
621240,22.0,378.0,5.82010582010582
621270,91.0,499.0,18.236472945891784
621330,559.0,3282.0,17.032297379646558
621360,280.0,3363.0,8.325899494498959
621400,319.0,1958.0,16.292134831460675
621420,688.0,5189.0,13.258816727693198
621450,361.0,3028.0,11.9220607661823
621480,22.0,62.0,35.483870967741936
621540,3.0,215.0,1.3953488372093024
621600,1409.0,8205.0,17.172455819622183
621690,1399.0,9402.0,14.879812805786003
621810,261.0,2252.0,11.589698046181173
621870,382.0,4447.0,8.590060715088823
621900,3.0,22.0,13.636363636363635
621930,266.0,4459.0,5.965463108320251
621960,2.0,16.0,12.5
621990,187.0,1921.0,9.734513274336283
622050,263.0,1844.0,14.262472885032537
622110,962.0,13747.0,6.997890448825199
622170,170.0,2528.0,6.724683544303797
622230,4449.0,29435.0,15.114659419058944
622320,24.0,101.0,23.762376237623762
622380,37.0,1343.0,2.7550260610573343
622410,1593.0,9709.0,16.407456998661036
622440,24.0,304.0,7.894736842105263
622500,10864.0,75029.0,14.479734502658973
622560,139.0,2971.0,4.678559407606866
622590,398.0,9820.0,4.05295315682281
622650,146.0,4393.0,3.323469155474619
622710,70826.0,511129.0,13.856775882409334
622740,1760.0,10474.0,16.803513461905673
622800,231.0,3409.0,6.7761806981519515
622830,186.0,3085.0,6.0291734197730955
622860,77.0,594.0,12.962962962962962
622890,52.0,371.0,14.016172506738545
622920,7.0,139.0,5.0359712230215825
622950,72.0,499.0,14.428857715430862
623010,167.0,3188.0,5.238393977415307
623040,72.0,263.0,27.376425855513308
623080,1173.0,10564.0,11.103748580083302
623130,50.0,517.0,9.671179883945841
623160,2725.0,14851.0,18.348932731802574
623340,2836.0,20492.0,13.839547140347452
623430,565.0,6071.0,9.306539285126009
623460,6.0,143.0,4.195804195804196
623530,167.0,1196.0,13.963210702341136
623550,12.0,40.0,30.0
623610,3055.0,23854.0,12.807076381319696
623700,5.0,291.0,1.718213058419244
623730,3.0,9.0,33.33333333333333
623760,4.0,284.0,1.4084507042253522
623800,21.0,185.0,11.351351351351353
623820,69.0,299.0,23.076923076923077
623940,414.0,1679.0,24.65753424657534
623970,130.0,820.0,15.853658536585366
624000,116.0,1456.0,7.967032967032966
624030,423.0,4104.0,10.307017543859649
624090,1546.0,9651.0,16.01906538182572
624150,42.0,332.0,12.650602409638553
624180,82.0,1388.0,5.9077809798270895
624210,15.0,59.0,25.423728813559322
624230,438.0,3542.0,12.365894974590628
624300,203.0,1053.0,19.278252611585945
624330,10.0,77.0,12.987012987012985
624360,38.0,838.0,4.534606205250596
624390,59.0,502.0,11.752988047808765
624480,124.0,505.0,24.554455445544555
624500,798.0,10306.0,7.743062293809431
624540,986.0,9965.0,9.894631209232314
624570,92.0,3004.0,3.062583222370173
624600,1448.0,11061.0,13.091040593074768
624630,12.0,176.0,6.8181818181818175
624660,2011.0,10487.0,19.176122818727947
624690,7.0,70.0,10.0
624720,44.0,617.0,7.13128038897893
624750,240.0,1424.0,16.853932584269664
624780,7.0,86.0,8.13953488372093
624870,133.0,3077.0,4.322391940201495
624900,165.0,2378.0,6.938603868797309
624930,26.0,285.0,9.12280701754386
625110,12.0,128.0,9.375
625130,1861.0,16574.0,11.228430071195849
625150,3341.0,15085.0,22.147828969174675
625190,242.0,868.0,27.880184331797235
625230,812.0,2840.0,28.591549295774648
625290,13.0,168.0,7.738095238095238
625320,721.0,5460.0,13.205128205128206
625350,34.0,475.0,7.157894736842104
625380,31.0,179.0,17.318435754189945
625410,24.0,88.0,27.27272727272727
625500,38.0,411.0,9.245742092457421
625530,1466.0,9760.0,15.020491803278688
625650,13.0,35.0,37.142857142857146
625690,465.0,6302.0,7.3786099650904475
625740,41.0,1826.0,2.245345016429354
625770,259.0,4794.0,5.40258656654151
625800,6415.0,33198.0,19.323453220073496
625830,1296.0,8506.0,15.236303785563132
625860,2005.0,8664.0,23.14173591874423
625980,128.0,1059.0,12.086874409820586
626040,82.0,558.0,14.695340501792115
626070,9.0,128.0,7.03125
626100,376.0,1663.0,22.609741431148528
626130,9.0,20.0,45.0
626190,591.0,6782.0,8.714243585962842
626220,283.0,2542.0,11.132966168371361
626280,305.0,5111.0,5.967521033065936
626310,492.0,4292.0,11.46318732525629
626370,3973.0,31138.0,12.759329436701137
626400,178.0,2487.0,7.1572175311620425
626430,3.0,82.0,3.6585365853658534
626460,21.0,157.0,13.375796178343949
626490,345.0,1763.0,19.568916619398752
626640,2080.0,17802.0,11.684080440399955
626670,1603.0,5732.0,27.96580600139567
626760,239.0,1013.0,23.593287265547875
626820,142.0,830.0,17.10843373493976
626880,1277.0,2545.0,50.176817288801566
626910,1109.0,11717.0,9.464880088759923
626970,19.0,188.0,10.106382978723403
627030,343.0,1573.0,21.805467260012716
627040,36.0,75.0,48.0
627060,991.0,5810.0,17.05679862306368
627120,21.0,463.0,4.535637149028078
627180,369.0,6527.0,5.653439558755937
627200,202.0,3120.0,6.474358974358975
627240,2413.0,21732.0,11.103441928952696
627300,6.0,43.0,13.953488372093023
627450,261.0,4196.0,6.220209723546234
627510,16.0,253.0,6.324110671936759
627590,670.0,4742.0,14.129059468578658
627690,1809.0,17777.0,10.176070203071385
627720,698.0,7577.0,9.212089217368352
627750,13.0,161.0,8.074534161490684
627780,189.0,2134.0,8.856607310215557
627810,870.0,10352.0,8.404173106646057
627840,63.0,905.0,6.961325966850829
627850,164.0,4547.0,3.6067736969430393
627870,29.0,67.0,43.28358208955223
627900,30.0,569.0,5.272407732864675
627930,17.0,395.0,4.30379746835443
628050,7251.0,37062.0,19.564513517888944
628080,510.0,5349.0,9.534492428491307
628140,501.0,8293.0,6.041239599662366
628170,257.0,2636.0,9.749620637329286
628250,2767.0,18336.0,15.090532286212916
628270,363.0,2442.0,14.864864864864865
628320,174.0,1927.0,9.029579657498703
628470,1856.0,21712.0,8.548268238761974
628530,40.0,324.0,12.345679012345679
628650,3050.0,27343.0,11.154591668800059
628680,75.0,887.0,8.455467869222097
628710,454.0,5132.0,8.846453624318004
628830,11.0,21.0,52.38095238095239
628860,72.0,2534.0,2.841357537490134
628950,290.0,1766.0,16.421291053227634
629100,691.0,2356.0,29.32937181663837
629130,669.0,2125.0,31.482352941176472
629160,9.0,89.0,10.112359550561797
629190,16.0,87.0,18.39080459770115
629220,1270.0,16595.0,7.652907502259716
629270,3242.0,16857.0,19.23236637598624
629280,106.0,635.0,16.69291338582677
629340,15.0,134.0,11.194029850746269
629370,160.0,1971.0,8.117706747843734
629400,40.0,391.0,10.230179028132993
629430,55.0,586.0,9.385665529010238
629490,2636.0,19851.0,13.27892801370208
629540,229.0,1267.0,18.074191002367797
629550,4790.0,23105.0,20.7314434105172
629580,3547.0,20186.0,17.571584266323196
629610,670.0,12236.0,5.475645635828702
629640,514.0,2990.0,17.190635451505017
629670,48.0,566.0,8.480565371024735
629700,740.0,11343.0,6.5238473067089835
629790,12.0,136.0,8.823529411764707
629820,866.0,3459.0,25.0361376120266
629850,1375.0,15590.0,8.81975625400898
629910,228.0,3397.0,6.711804533411835
629940,2039.0,16959.0,12.023114570434577
630030,822.0,6091.0,13.495320965358726
630090,10.0,36.0,27.77777777777778
630180,781.0,5921.0,13.190339469684176
630210,2171.0,10810.0,20.08325624421832
630230,195.0,2126.0,9.172154280338663
630250,706.0,5256.0,13.43226788432268
630330,99.0,2613.0,3.788748564867968
630360,124.0,1477.0,8.395396073121193
630390,14.0,120.0,11.666666666666666
630450,195.0,1353.0,14.412416851441243
630480,69.0,303.0,22.772277227722775
630510,93.0,1595.0,5.830721003134796
630520,53.0,67.0,79.1044776119403
630600,1945.0,11777.0,16.515241572556675
630630,116.0,1075.0,10.790697674418604
630660,2320.0,25865.0,8.969650106321284
630720,52.0,735.0,7.07482993197279
630750,575.0,4030.0,14.267990074441686
630780,148.0,1270.0,11.653543307086615
630810,3.0,120.0,2.5
630840,59.0,803.0,7.347447073474471
630870,6.0,207.0,2.898550724637681
630900,9.0,184.0,4.891304347826087
630930,78.0,806.0,9.67741935483871
630990,468.0,6389.0,7.32508999843481
631020,8.0,83.0,9.63855421686747
631050,35.0,491.0,7.128309572301425
631180,77.0,1242.0,6.199677938808374
631230,75.0,150.0,50.0
631290,92.0,698.0,13.18051575931232
631320,3451.0,25235.0,13.675450762829403
631350,22.0,191.0,11.518324607329843
631380,12.0,57.0,21.052631578947366
631400,45.0,254.0,17.716535433070867
631470,52.0,604.0,8.609271523178808
631530,2503.0,36416.0,6.87335237258348
631620,23.0,147.0,15.646258503401361
631710,1012.0,5587.0,18.11347771612672
631740,77.0,641.0,12.012480499219969
631830,6.0,7.0,85.71428571428571
631860,464.0,2677.0,17.3328352633545
631920,11.0,83.0,13.253012048192772
631980,336.0,2031.0,16.54357459379616
632010,418.0,1649.0,25.348696179502728
632040,492.0,3223.0,15.265280794291034
632070,3077.0,20940.0,14.694364851957975
632130,671.0,7708.0,8.705241307732226
632160,97.0,1370.0,7.08029197080292
632250,33.0,160.0,20.625
632270,250.0,2617.0,9.552923194497517
632310,165.0,3627.0,4.549214226633581
632370,3237.0,26311.0,12.302839116719243
632400,8.0,248.0,3.225806451612903
632430,61.0,632.0,9.651898734177216
632520,15.0,211.0,7.109004739336493
632550,5357.0,28931.0,18.516470222252945
632610,740.0,3343.0,22.135806162129825
632640,318.0,3516.0,9.044368600682594
632710,87.0,1034.0,8.413926499032883
632730,67.0,333.0,20.12012012012012
632760,457.0,5090.0,8.978388998035363
632880,207.0,3196.0,6.476846057571965
633110,277.0,1859.0,14.90048413125336
633150,5020.0,42112.0,11.920592705167172
633210,21.0,152.0,13.815789473684212
633240,353.0,2117.0,16.674539442607465
633270,26.0,355.0,7.323943661971831
633390,460.0,3910.0,11.76470588235294
633480,375.0,5821.0,6.442192063219378
633510,93.0,1541.0,6.035042180402336
633570,38.0,1424.0,2.6685393258426964
633600,701.0,10743.0,6.525179186446989
633630,1085.0,9966.0,10.887015853903272
633660,26.0,383.0,6.7885117493472595
633690,12.0,143.0,8.391608391608392
633720,190.0,436.0,43.57798165137615
633750,1205.0,13641.0,8.833663221171468
633840,7990.0,43668.0,18.297151232023452
633860,2455.0,27455.0,8.941904935348752
633900,221.0,2473.0,8.93651435503437
633930,961.0,9207.0,10.437710437710438
633980,2557.0,15667.0,16.320929341928895
634050,40.0,147.0,27.2108843537415
634080,12.0,105.0,11.428571428571429
634140,449.0,3036.0,14.78919631093544
634170,9940.0,50819.0,19.5596135303725
634230,243.0,2526.0,9.619952494061758
634290,144.0,3166.0,4.548325963360708
634320,14278.0,105159.0,13.57753497085366
634380,1213.0,13023.0,9.314290102127005
634410,7467.0,50547.0,14.772390052822127
634425,372.0,5121.0,7.264206209724663
634440,1636.0,9983.0,16.387859360913552
634590,3792.0,30694.0,12.354206033752526
634620,6809.0,39835.0,17.09300866072549
634680,1430.0,8859.0,16.14177672423524
634710,1533.0,10464.0,14.650229357798164
634740,339.0,2603.0,13.023434498655398
634770,5.0,74.0,6.756756756756757
634800,814.0,7652.0,10.637741766858337
634860,86.0,3050.0,2.819672131147541
634880,1946.0,20077.0,9.692683169796284
634920,634.0,11814.0,5.366514305061791
634980,937.0,8903.0,10.52454228911603
635010,78.0,595.0,13.109243697478993
635040,16.0,575.0,2.782608695652174
635070,161.0,687.0,23.435225618631733
635090,339.0,4738.0,7.154917686787673
635110,501.0,2644.0,18.948562783661117
635130,1708.0,32644.0,5.23220193603725
635220,451.0,4650.0,9.698924731182796
635250,1169.0,11897.0,9.826006556274692
635310,3871.0,48328.0,8.009849362688296
635430,1744.0,15483.0,11.26396693147323
635590,308.0,2097.0,14.687649022412971
635600,833.0,4630.0,17.99136069114471
635670,1170.0,7923.0,14.76713366149186
635700,1055.0,10846.0,9.727088327494007
635790,400.0,3581.0,11.17006422786931
635810,582.0,5019.0,11.59593544530783
635830,2195.0,10945.0,20.05481955230699
635850,99.0,945.0,10.476190476190476
635880,594.0,6925.0,8.577617328519855
635910,52.0,1786.0,2.9115341545352744
635940,6.0,86.0,6.976744186046512
635970,604.0,10088.0,5.98731165741475
636000,50.0,120.0,41.66666666666667
636030,120.0,2296.0,5.2264808362369335
636100,31.0,192.0,16.145833333333336
636180,73.0,488.0,14.959016393442623
636210,7.0,366.0,1.912568306010929
636240,8.0,16.0,50.0
636270,827.0,6455.0,12.81177381874516
636330,21.0,213.0,9.859154929577464
636360,10.0,300.0,3.3333333333333335
636390,1684.0,9160.0,18.38427947598253
636420,17.0,166.0,10.240963855421686
636450,37.0,284.0,13.028169014084506
636570,20.0,156.0,12.82051282051282
636600,861.0,4319.0,19.93517017828201
636660,8.0,163.0,4.9079754601226995
636670,134.0,515.0,26.019417475728158
636780,26.0,230.0,11.304347826086957
636800,790.0,5100.0,15.490196078431373
636805,294.0,1293.0,22.73781902552204
636810,3.0,6.0,50.0
636820,215.0,2102.0,10.228353948620361
636840,1802.0,16474.0,10.938448464246692
636940,97.0,540.0,17.962962962962965
636960,13.0,82.0,15.853658536585366
636970,1729.0,7526.0,22.973691203826736
636972,1919.0,9951.0,19.284494020701437
636990,110.0,2997.0,3.670337003670337
637050,627.0,4874.0,12.86417726713172
637110,47.0,600.0,7.833333333333334
637140,11.0,256.0,4.296875
637200,487.0,3577.0,13.614760972882303
637230,93.0,748.0,12.433155080213904
637260,284.0,995.0,28.542713567839193
637290,203.0,1965.0,10.330788804071247
637320,40.0,530.0,7.547169811320755
637350,79.0,483.0,16.35610766045549
637380,1066.0,7364.0,14.47582835415535
637470,41.0,245.0,16.73469387755102
637500,262.0,4789.0,5.470870745458342
637530,1162.0,8664.0,13.411819021237303
637560,250.0,2776.0,9.005763688760807
637590,245.0,780.0,31.41025641025641
637620,832.0,3663.0,22.713622713622712
637630,22.0,34.0,64.70588235294117
637650,21.0,229.0,9.170305676855897
637680,6.0,35.0,17.142857142857142
637710,69.0,987.0,6.990881458966565
637770,39.0,331.0,11.782477341389729
637830,88.0,1193.0,7.3763621123218766
637890,739.0,3147.0,23.48268191928821
637950,358.0,3514.0,10.187820147979512
638010,8902.0,39074.0,22.78241285765471
638040,17.0,147.0,11.564625850340136
638070,39.0,85.0,45.88235294117647
638130,62.0,796.0,7.788944723618091
638220,589.0,5284.0,11.146858440575322
638250,58.0,344.0,16.86046511627907
638280,4.0,652.0,0.6134969325153374
638340,26.0,819.0,3.1746031746031744
638430,21.0,352.0,5.965909090909091
638460,418.0,6766.0,6.177948566361218
638520,14.0,107.0,13.084112149532709
638550,199.0,1116.0,17.83154121863799
638610,142.0,790.0,17.974683544303797
638640,5230.0,38922.0,13.43713067159961
638670,734.0,8051.0,9.116879890696808
638700,255.0,2326.0,10.963026655202064
638730,199.0,1022.0,19.47162426614481
638770,500.0,3800.0,13.157894736842104
638790,802.0,4807.0,16.684002496359476
638880,803.0,4239.0,18.943146968624674
638980,306.0,5825.0,5.253218884120172
639000,238.0,1839.0,12.941816204458945
639060,85.0,960.0,8.854166666666668
639180,267.0,1481.0,18.028359216745443
639210,13.0,147.0,8.843537414965986
639300,42.0,589.0,7.130730050933787
639420,1214.0,23414.0,5.184932091910823
639600,19.0,222.0,8.558558558558559
639630,403.0,5509.0,7.315302232710111
639690,11.0,125.0,8.799999999999999
639720,27.0,209.0,12.918660287081341
639750,3.0,12.0,25.0
639840,78.0,300.0,26.0
639870,592.0,10067.0,5.880599980133108
639930,539.0,5404.0,9.974093264248705
639940,1.0,4.0,25.0
640150,1844.0,24080.0,7.657807308970099
640200,49.0,266.0,18.421052631578945
640230,90.0,1202.0,7.487520798668886
640260,12.0,154.0,7.792207792207792
640300,1173.0,5983.0,19.605549055657697
640320,248.0,5780.0,4.290657439446367
640380,68.0,676.0,10.059171597633137
640590,1543.0,12400.0,12.443548387096774
640650,68.0,1050.0,6.476190476190475
640680,61.0,567.0,10.758377425044092
640710,20.0,238.0,8.403361344537815
640740,4541.0,13369.0,33.96663924003291
640800,8.0,167.0,4.790419161676647
640980,1293.0,17249.0,7.496086729665488
641040,2667.0,12924.0,20.63602599814299
641130,79.0,729.0,10.83676268861454
641160,3903.0,28863.0,13.522502858330734
641190,2292.0,21156.0,10.833806012478728
641220,4.0,75.0,5.333333333333334
641250,210.0,3598.0,5.836575875486381
641280,603.0,14301.0,4.2164883574575205
641400,290.0,3647.0,7.951741157115437
641430,330.0,1864.0,17.703862660944207
641460,50.0,510.0,9.803921568627452
641580,1087.0,7952.0,13.669517102615695
641610,39.0,867.0,4.498269896193772
641790,26.0,877.0,2.9646522234891677
641820,21.0,218.0,9.63302752293578
641880,418.0,2821.0,14.817440623892237
641980,72.0,284.0,25.352112676056336
642000,834.0,8982.0,9.285237140948563
642060,84.0,654.0,12.844036697247708
642120,1019.0,9461.0,10.770531656273121
642140,38.0,4692.0,0.8098891730605285
642150,616.0,9313.0,6.614409964565661
642180,79.0,372.0,21.236559139784948
642210,17.0,187.0,9.090909090909092
642270,23.0,182.0,12.637362637362637
642300,59.0,165.0,35.75757575757576
642330,91.0,1375.0,6.618181818181817
642350,102.0,780.0,13.076923076923078
642420,9.0,326.0,2.7607361963190185
642450,572.0,6081.0,9.406347640190758
642480,1825.0,11788.0,15.481845945028844
642510,2198.0,23689.0,9.27856811178184
642540,166.0,1355.0,12.250922509225093
642560,475.0,1528.0,31.086387434554975
642580,78.0,369.0,21.138211382113823
642600,15.0,30.0,50.0
642630,4.0,18.0,22.22222222222222
642710,213.0,1439.0,14.801945795691452
642750,15.0,256.0,5.859375
642810,255.0,1305.0,19.54022988505747
642900,31.0,160.0,19.375
642930,173.0,1551.0,11.154094132817537
642960,180.0,2071.0,8.691453404152583
643080,1665.0,10388.0,16.028109356950328
643140,33.0,411.0,8.02919708029197
643170,42.0,433.0,9.699769053117784
643200,137.0,1581.0,8.66540164452878
643380,192.0,998.0,19.238476953907817
643410,171.0,611.0,27.986906710310965
643470,1843.0,12522.0,14.718096150774636
643560,1286.0,9060.0,14.194260485651213
684500,1974.0,34410.0,5.736704446381865
691001,77.0,251.0,30.677290836653388
691002,236.0,434.0,54.377880184331794
691003,45.0,86.0,52.32558139534884
691004,18.0,23.0,78.26086956521739
691005,291.0,541.0,53.789279112754166
691006,317.0,1091.0,29.055912007332722
691007,563.0,992.0,56.75403225806451
691008,70.0,134.0,52.23880597014925
691009,203.0,261.0,77.77777777777779
691010,385.0,787.0,48.91994917407878
691012,1501.0,3051.0,49.19698459521468
691013,168.0,362.0,46.408839779005525
691015,5.0,13.0,38.46153846153847
691017,609.0,864.0,70.48611111111111
691018,185.0,298.0,62.08053691275168
691020,918.0,1458.0,62.96296296296296
691021,373.0,1064.0,35.056390977443606
691022,99.0,112.0,88.39285714285714
691023,166.0,1390.0,11.942446043165468
691024,2258.0,2476.0,91.19547657512116
691025,148.0,410.0,36.09756097560975
691026,1131.0,2167.0,52.19197046608214
691027,963.0,2218.0,43.41749323715058
691029,1563.0,2024.0,77.22332015810277
691030,1099.0,1418.0,77.50352609308887
691031,1228.0,2714.0,45.24686809137804
691032,189.0,384.0,49.21875
691033,126.0,212.0,59.43396226415094
691034,140.0,945.0,14.814814814814813
691035,958.0,1412.0,67.84702549575071
691036,296.0,804.0,36.81592039800995
691037,133.0,188.0,70.74468085106383
691038,73.0,115.0,63.47826086956522
691040,322.0,627.0,51.355661881977674
691041,707.0,844.0,83.76777251184834
691042,195.0,383.0,50.91383812010444
691043,73.0,272.0,26.838235294117645
691045,573.0,1764.0,32.482993197278915
691046,69.0,89.0,77.52808988764045
691047,434.0,1951.0,22.24500256278831
691048,302.0,568.0,53.16901408450704
691049,206.0,271.0,76.01476014760148
691063,76.0,396.0,19.19191919191919
691078,1547.0,2708.0,57.12703101920237
691090,22.0,57.0,38.59649122807017
691093,16.0,31.0,51.61290322580645
691111,112.0,157.0,71.3375796178344
691122,214.0,362.0,59.11602209944752
691134,306.0,1703.0,17.968291250733998
691135,2454.0,20215.0,12.139500371011625
691136,110.0,1101.0,9.990917347865578
691137,104.0,287.0,36.23693379790941
800001,61.0,179.0,34.07821229050279
800004,39.0,390.0,10.0
800016,146.0,831.0,17.56919374247894
800017,95.0,722.0,13.157894736842104
800018,13.0,216.0,6.018518518518518
800019,5.0,74.0,6.756756756756757
800020,2808.0,17548.0,16.001823569637565
800023,39.0,197.0,19.796954314720814
800282,1427.0,2246.0,63.53517364203027
800292,4.0,163.0,2.4539877300613497
801920,3048.0,25831.0,11.79977546359026
801950,2607.0,7404.0,35.210696920583466
801980,0.0,4.0,0.0
802010,47.0,119.0,39.49579831932773
802040,40.0,374.0,10.695187165775401
802070,531.0,2332.0,22.77015437392796
802130,28.0,182.0,15.384615384615385
802190,356.0,1661.0,21.43287176399759
802220,11.0,101.0,10.891089108910892
802260,51.0,179.0,28.49162011173184
802280,442.0,1676.0,26.37231503579952
802310,158.0,912.0,17.324561403508774
802340,14449.0,40890.0,35.33626803619467
802370,132.0,927.0,14.239482200647249
802400,168.0,1379.0,12.18274111675127
802430,326.0,1127.0,28.926353149955634
802460,17.0,113.0,15.04424778761062
802490,3193.0,31282.0,10.207147880570295
802520,12.0,464.0,2.586206896551724
802550,27.0,177.0,15.254237288135593
802580,3190.0,17881.0,17.84016553884011
802610,164.0,1508.0,10.875331564986737
802640,99.0,1057.0,9.366130558183539
802670,245.0,781.0,31.370038412291933
802700,1805.0,2867.0,62.95779560516219
802730,155.0,459.0,33.769063180827885
802760,8.0,42.0,19.047619047619047
802790,332.0,3553.0,9.344216155361666
802850,183.0,644.0,28.416149068322984
802880,17.0,207.0,8.212560386473431
802910,10866.0,55662.0,19.521397003341598
802940,296.0,5222.0,5.668326311757947
803000,255.0,808.0,31.55940594059406
803030,89.0,449.0,19.821826280623608
803060,10645.0,27429.0,38.809289438185864
803090,1109.0,2782.0,39.86340762041697
803120,62.0,212.0,29.245283018867923
803150,28.0,80.0,35.0
803180,106.0,367.0,28.882833787465938
803210,87.0,440.0,19.772727272727273
803240,18.0,165.0,10.909090909090908
803270,0.0,204.0,0.0
803300,181.0,411.0,44.038929440389296
803330,1023.0,5056.0,20.233386075949365
803360,31475.0,91782.0,34.29321653483254
803390,162.0,685.0,23.64963503649635
803420,61.0,250.0,24.4
803450,7371.0,67537.0,10.914017501517687
803480,1060.0,5068.0,20.91554853985793
803510,14.0,184.0,7.608695652173914
803540,1449.0,6929.0,20.912108529369316
803600,139.0,1912.0,7.269874476987448
803630,23.0,230.0,10.0
803690,66.0,226.0,29.20353982300885
803720,303.0,2471.0,12.2622420072845
803750,328.0,1055.0,31.090047393364927
803780,687.0,2759.0,24.90032620514679
803810,251.0,1140.0,22.017543859649123
803840,252.0,732.0,34.42622950819672
803870,4062.0,21449.0,18.937945824980183
803930,3.0,192.0,1.5625
803960,476.0,1347.0,35.337787676317745
803990,6133.0,30013.0,20.434478392696498
804020,535.0,2430.0,22.016460905349795
804050,773.0,3273.0,23.61747632141766
804080,1864.0,8335.0,22.36352729454109
804110,49.0,383.0,12.793733681462141
804140,152.0,290.0,52.41379310344828
804200,425.0,1966.0,21.617497456765005
804230,188.0,489.0,38.445807770961146
804260,888.0,5639.0,15.747472956197909
804290,28.0,204.0,13.725490196078432
804320,93.0,1302.0,7.142857142857142
804350,5928.0,22065.0,26.866077498300477
804380,521.0,1184.0,44.00337837837838
804410,7521.0,22325.0,33.68868980963045
804440,11.0,88.0,12.5
804470,393.0,2068.0,19.003868471953577
804500,71.0,280.0,25.357142857142854
804530,3561.0,11737.0,30.339950583624436
804560,21.0,350.0,6.0
804590,59.0,442.0,13.34841628959276
804620,28.0,96.0,29.166666666666668
804650,123.0,359.0,34.26183844011142
804680,43.0,308.0,13.96103896103896
804710,177.0,583.0,30.360205831903947
804740,24.0,190.0,12.631578947368421
804770,265.0,790.0,33.54430379746836
804800,20840.0,86094.0,24.206100308964622
804830,695.0,3890.0,17.866323907455012
804860,157.0,519.0,30.2504816955684
804890,4.0,42.0,9.523809523809524
804920,784.0,2474.0,31.689571544058204
804950,226.0,1094.0,20.6581352833638
804980,7.0,57.0,12.280701754385964
805010,56.0,263.0,21.292775665399237
805040,0.0,110.0,0.0
805070,128.0,408.0,31.372549019607842
805100,297.0,1029.0,28.86297376093295
805130,343.0,1424.0,24.087078651685392
805160,57.0,227.0,25.11013215859031
805190,114.0,940.0,12.127659574468085
805220,391.0,1567.0,24.952137843012125
805250,998.0,1722.0,57.955865272938446
805280,57.0,477.0,11.949685534591195
805310,2524.0,15161.0,16.64797836554317
805340,3.0,119.0,2.5210084033613445
805370,5609.0,32424.0,17.298914384406615
805400,4375.0,16279.0,26.87511517906505
805460,113.0,501.0,22.55489021956088
805490,277.0,1400.0,19.78571428571429
805520,28.0,140.0,20.0
805550,2485.0,8912.0,27.883752244165173
805580,0.0,255.0,0.0
805610,227.0,742.0,30.59299191374663
805640,54.0,303.0,17.82178217821782
805670,0.0,302.0,0.0
805700,38.0,232.0,16.379310344827587
805730,713.0,2234.0,31.915846016114592
805760,158.0,1153.0,13.70338248048569
805790,2367.0,6255.0,37.84172661870503
805820,612.0,6703.0,9.130240190959272
805850,122.0,318.0,38.36477987421384
805880,29.0,239.0,12.133891213389122
805910,82.0,359.0,22.841225626740947
805940,29.0,241.0,12.033195020746888
805970,85.0,173.0,49.13294797687861
806000,9.0,119.0,7.563025210084033
806030,10.0,171.0,5.847953216374268
806060,259.0,624.0,41.506410256410255
806090,2.0,42.0,4.761904761904762
806120,6131.0,16897.0,36.28454755282003
806150,1990.0,9862.0,20.178462786453053
806180,115.0,512.0,22.4609375
806210,80.0,355.0,22.535211267605636
806240,1174.0,4813.0,24.39227093289009
806270,193.0,796.0,24.246231155778894
806300,32.0,126.0,25.396825396825395
806330,143.0,1255.0,11.39442231075697
806360,33.0,210.0,15.714285714285714
806390,26.0,369.0,7.046070460704606
806420,60.0,308.0,19.480519480519483
806450,62.0,370.0,16.756756756756758
806480,1612.0,9695.0,16.62712738525013
806510,0.0,107.0,0.0
806540,333.0,1403.0,23.734853884533145
806570,0.0,68.0,0.0
806600,47.0,351.0,13.390313390313391
806630,94.0,341.0,27.56598240469208
806660,692.0,2678.0,25.840179238237493
806690,332.0,2290.0,14.497816593886462
806720,55.0,205.0,26.82926829268293
806750,177.0,1018.0,17.38703339882122
806780,21.0,228.0,9.210526315789473
806810,969.0,3595.0,26.954102920723226
806840,51.0,372.0,13.709677419354838
806870,166.0,902.0,18.403547671840354
806900,9241.0,38865.0,23.777177408979803
806930,0.0,44.0,0.0
806960,148.0,978.0,15.132924335378323
806990,20.0,45.0,44.44444444444444
807050,33.0,186.0,17.741935483870968
807080,199.0,554.0,35.92057761732852
807110,18.0,168.0,10.714285714285714
807140,66.0,234.0,28.205128205128204
807200,113.0,399.0,28.32080200501253
807230,2545.0,9441.0,26.956890159940684
807260,13.0,193.0,6.7357512953367875
807290,48.0,606.0,7.920792079207921
807320,17.0,249.0,6.827309236947792
807350,453.0,6303.0,7.187053783912423
807380,610.0,2502.0,24.380495603517186
807410,30.0,105.0,28.57142857142857
899200,3.0,171.0,1.7543859649122806
899300,6.0,61.0,9.836065573770492
900002,1348.0,10723.0,12.571108831483727
900005,57.0,1227.0,4.645476772616137
900007,69.0,753.0,9.163346613545817
900009,18.0,326.0,5.521472392638037
900010,13.0,331.0,3.927492447129909
900011,50.0,272.0,18.38235294117647
900014,29.0,202.0,14.356435643564355
900015,37.0,279.0,13.261648745519713
900016,16.0,236.0,6.779661016949152
900018,33.0,96.0,34.375
900023,2.0,127.0,1.574803149606299
900024,78.0,1081.0,7.215541165587419
900028,56.0,497.0,11.267605633802818
900030,2.0,204.0,0.9803921568627451
900031,115.0,148.0,77.7027027027027
900033,26.0,361.0,7.202216066481995
900060,387.0,2167.0,17.858790955237655
900070,172.0,1337.0,12.864622288706059
900090,25.0,394.0,6.345177664974619
900120,106.0,3147.0,3.3682872577057514
900150,7.0,222.0,3.153153153153153
900207,42.0,502.0,8.366533864541832
900208,62.0,1062.0,5.83804143126177
900210,98.0,2778.0,3.5277177825773935
900212,70.0,1148.0,6.097560975609756
900214,49.0,750.0,6.533333333333332
900215,11.0,254.0,4.330708661417323
900216,10.0,171.0,5.847953216374268
900217,36.0,300.0,12.0
900219,64.0,400.0,16.0
900220,24.0,273.0,8.791208791208792
900221,26.0,441.0,5.895691609977324
900240,22.0,363.0,6.0606060606060606
900270,153.0,3036.0,5.0395256916996045
900330,134.0,2134.0,6.279287722586692
900360,49.0,805.0,6.086956521739131
900390,5.0,183.0,2.73224043715847
900420,230.0,2819.0,8.158921603405462
900450,3813.0,20434.0,18.660076343349317
900510,547.0,7739.0,7.068096653314382
900540,122.0,2628.0,4.642313546423135
900570,47.0,894.0,5.257270693512305
900630,8.0,70.0,11.428571428571429
900660,22.0,455.0,4.835164835164836
900690,93.0,1589.0,5.852737570799245
900700,1106.0,8230.0,13.438639125151882
900720,8.0,147.0,5.442176870748299
900750,197.0,4188.0,4.703915950334289
900780,3.0,205.0,1.4634146341463417
900810,118.0,1761.0,6.700738216922203
900840,161.0,2395.0,6.722338204592902
900900,13.0,430.0,3.0232558139534884
900910,34.0,454.0,7.488986784140969
900930,3.0,74.0,4.054054054054054
900960,147.0,1555.0,9.45337620578778
900990,80.0,1958.0,4.085801838610827
901020,805.0,11302.0,7.122633162272164
901050,173.0,4784.0,3.616220735785953
901080,5.0,275.0,1.8181818181818181
901110,143.0,1304.0,10.966257668711657
901170,41.0,830.0,4.9397590361445785
901200,67.0,1017.0,6.588003933136677
901230,108.0,1857.0,5.815831987075929
901260,939.0,6282.0,14.947468958930276
901290,392.0,2607.0,15.036440352896049
901320,142.0,2690.0,5.278810408921933
901350,116.0,1066.0,10.881801125703564
901360,106.0,300.0,35.333333333333336
901380,5.0,150.0,3.3333333333333335
901410,38.0,905.0,4.198895027624309
901440,162.0,2673.0,6.0606060606060606
901470,533.0,4872.0,10.940065681444992
901500,11.0,343.0,3.206997084548105
901530,474.0,9770.0,4.851586489252814
901560,189.0,3988.0,4.739217652958876
901590,4.0,164.0,2.4390243902439024
901620,177.0,5809.0,3.046996040626614
901680,88.0,1860.0,4.731182795698925
901710,378.0,9029.0,4.186510134012626
901740,213.0,1768.0,12.047511312217194
901770,429.0,4261.0,10.068059141046701
901800,160.0,3361.0,4.760487950014877
901860,689.0,5062.0,13.611220861319637
901890,7.0,93.0,7.526881720430108
901920,4262.0,19086.0,22.330504034370744
901950,2.0,172.0,1.1627906976744187
902010,17.0,701.0,2.4251069900142657
902040,9.0,225.0,4.0
902070,290.0,2356.0,12.30899830220713
902130,64.0,1000.0,6.4
902160,119.0,2390.0,4.97907949790795
902190,16.0,390.0,4.102564102564102
902220,37.0,909.0,4.07040704070407
902280,66.0,2780.0,2.3741007194244603
902310,1044.0,5814.0,17.956656346749224
902340,49.0,1133.0,4.324801412180053
902370,17.0,491.0,3.462321792260693
902400,1004.0,7580.0,13.24538258575198
902490,370.0,4503.0,8.216744392627136
902520,398.0,5690.0,6.994727592267136
902550,146.0,3128.0,4.667519181585678
902580,149.0,2089.0,7.132599329822882
902640,503.0,4069.0,12.361759646104694
902670,1902.0,9512.0,19.995794785534063
902700,97.0,4217.0,2.3002134218638846
902730,96.0,2291.0,4.190309908336971
902760,14.0,500.0,2.8000000000000003
902790,3649.0,20481.0,17.816512865582734
902820,520.0,3644.0,14.270032930845225
902850,316.0,4103.0,7.701681696319766
902880,248.0,4052.0,6.1204343534057255
902910,170.0,4301.0,3.9525691699604746
902940,9.0,95.0,9.473684210526317
902970,90.0,1775.0,5.070422535211268
903000,25.0,281.0,8.896797153024911
903030,168.0,3257.0,5.158120970217992
903060,46.0,750.0,6.133333333333333
903090,1150.0,11257.0,10.215865683574666
903120,380.0,3141.0,12.098057943330149
903180,65.0,1257.0,5.171042163882259
903210,43.0,1162.0,3.7005163511187606
903240,188.0,1835.0,10.245231607629428
903270,303.0,2224.0,13.624100719424462
903300,202.0,2359.0,8.562950402713014
903330,133.0,1453.0,9.153475567790778
903360,16.0,385.0,4.1558441558441555
903390,69.0,1369.0,5.040175310445581
903420,30.0,437.0,6.864988558352403
903450,323.0,2434.0,13.270336894001645
903480,136.0,1167.0,11.653813196229649
903510,23.0,913.0,2.5191675794085433
903515,84.0,919.0,9.140369967355822
903520,158.0,2395.0,6.597077244258872
903530,57.0,688.0,8.284883720930232
903535,82.0,1649.0,4.972710733778047
903536,144.0,1704.0,8.450704225352112
903537,135.0,3531.0,3.8232795242141036
903538,145.0,2173.0,6.672802577082375
903539,70.0,2038.0,3.434739941118744
903540,74.0,1224.0,6.045751633986928
903570,20.0,233.0,8.583690987124463
903600,45.0,387.0,11.627906976744185
903630,86.0,910.0,9.45054945054945
903660,125.0,2197.0,5.689576695493855
903720,24.0,1044.0,2.2988505747126435
903750,97.0,1482.0,6.5452091767881235
903780,70.0,893.0,7.838745800671893
903810,286.0,4885.0,5.854657113613102
903840,117.0,2693.0,4.344597103601931
903900,10.0,397.0,2.518891687657431
903930,21.0,298.0,7.046979865771812
903960,3.0,119.0,2.5210084033613445
903990,203.0,2167.0,9.367789570835255
904020,10.0,139.0,7.194244604316546
904050,462.0,4608.0,10.026041666666668
904080,16.0,299.0,5.351170568561873
904110,192.0,4105.0,4.677222898903776
904140,157.0,1344.0,11.681547619047619
904170,204.0,4225.0,4.828402366863906
904230,286.0,6424.0,4.4520547945205475
904260,20.0,334.0,5.9880239520958085
904290,133.0,1508.0,8.819628647214854
904320,1586.0,15514.0,10.223024365089596
904350,37.0,380.0,9.736842105263158
904380,110.0,2033.0,5.410723069355632
904440,793.0,6739.0,11.767324528861849
904470,156.0,2207.0,7.068418667874942
904500,66.0,872.0,7.568807339449542
904530,103.0,1007.0,10.228401191658392
904560,101.0,2441.0,4.137648504711184
904590,499.0,3929.0,12.700432680071264
904620,264.0,6460.0,4.086687306501548
904650,2.0,53.0,3.7735849056603774
904680,237.0,3058.0,7.750163505559189
904710,12.0,276.0,4.3478260869565215
904740,305.0,5924.0,5.148548278190412
904830,2765.0,18485.0,14.958074114146605
904860,169.0,2512.0,6.727707006369426
904890,311.0,2767.0,11.23960968558005
904920,492.0,9566.0,5.143215555090947
904950,578.0,5755.0,10.043440486533449
904980,48.0,726.0,6.6115702479338845
905010,94.0,2329.0,4.03606698153714
905040,712.0,5485.0,12.980856882406563
905070,126.0,3562.0,3.537338573834924
905100,17.0,438.0,3.881278538812785
905130,129.0,4021.0,3.208157174832131
905160,32.0,527.0,6.072106261859583
905190,422.0,3059.0,13.795357960117686
905220,237.0,3143.0,7.540566337893733
905250,154.0,1500.0,10.266666666666667
905280,83.0,2260.0,3.672566371681416
905310,45.0,830.0,5.421686746987952
905370,35.0,844.0,4.1469194312796205
905371,355.0,2325.0,15.268817204301074
905372,7.0,561.0,1.2477718360071302
905373,75.0,1091.0,6.8744271310724105
1000004,20.0,970.0,2.0618556701030926
1000005,31.0,128.0,24.21875
1000006,124.0,469.0,26.439232409381663
1000007,43.0,417.0,10.311750599520384
1000010,104.0,730.0,14.246575342465754
1000011,71.0,760.0,9.342105263157894
1000014,62.0,655.0,9.465648854961833
1000015,50.0,2354.0,2.1240441801189465
1000016,43.0,582.0,7.3883161512027495
1000017,43.0,268.0,16.044776119402986
1000018,79.0,691.0,11.432706222865413
1000019,65.0,1313.0,4.9504950495049505
1000024,72.0,754.0,9.549071618037134
1000026,71.0,1661.0,4.274533413606261
1000050,17.0,746.0,2.278820375335121
1000052,25.0,191.0,13.089005235602095
1000053,90.0,589.0,15.280135823429541
1000054,26.0,509.0,5.1080550098231825
1000055,76.0,423.0,17.96690307328605
1000057,105.0,315.0,33.33333333333333
1000059,84.0,412.0,20.388349514563107
1000062,158.0,448.0,35.267857142857146
1000080,1315.0,10878.0,12.088619231476375
1000170,842.0,5448.0,15.455212922173276
1000180,1073.0,7931.0,13.529189257344598
1000190,1503.0,6486.0,23.172987974098056
1000200,4270.0,14229.0,30.00913627099585
1000230,2048.0,9873.0,20.74344170971336
1000270,209.0,1360.0,15.36764705882353
1000680,1801.0,10603.0,16.985758747524287
1000750,129.0,1194.0,10.804020100502512
1000790,643.0,3779.0,17.015083355385023
1000810,447.0,2449.0,18.252347897100858
1001080,680.0,4020.0,16.91542288557214
1001240,1812.0,10480.0,17.290076335877863
1001280,569.0,4723.0,12.047427482532289
1001300,3409.0,15735.0,21.665077851922465
1001530,837.0,3464.0,24.162817551963048
1001620,724.0,5490.0,13.187613843351548
1001680,31.0,1233.0,2.51419302514193
1001850,550.0,2537.0,21.6791486007095
1100005,447.0,1176.0,38.01020408163265
1100008,889.0,3992.0,22.26953907815631
1100009,30.0,351.0,8.547008547008547
1100011,45.0,357.0,12.605042016806722
1100012,59.0,279.0,21.14695340501792
1100013,173.0,305.0,56.72131147540984
1100015,99.0,617.0,16.045380875202593
1100019,82.0,703.0,11.66429587482219
1100020,19.0,118.0,16.101694915254235
1100022,47.0,364.0,12.912087912087914
1100026,121.0,229.0,52.838427947598255
1100029,30.0,380.0,7.894736842105263
1100030,14861.0,47660.0,31.181284095677718
1100031,1467.0,5919.0,24.784591991890522
1100032,20.0,462.0,4.329004329004329
1100034,104.0,383.0,27.154046997389038
1100035,168.0,999.0,16.816816816816818
1100039,238.0,708.0,33.61581920903955
1100042,29.0,440.0,6.59090909090909
1100043,214.0,1130.0,18.938053097345133
1100044,72.0,458.0,15.72052401746725
1100045,120.0,812.0,14.77832512315271
1100048,331.0,1874.0,17.66275346851654
1100049,226.0,937.0,24.119530416221984
1100051,56.0,670.0,8.358208955223882
1100055,47.0,399.0,11.779448621553884
1100057,43.0,243.0,17.695473251028808
1100058,75.0,287.0,26.132404181184672
1100064,120.0,247.0,48.582995951417004
1100072,220.0,959.0,22.940563086548487
1100073,204.0,1469.0,13.886997957794417
1100077,27.0,579.0,4.66321243523316
1100080,37.0,448.0,8.258928571428571
1100081,20.0,269.0,7.434944237918216
1100082,23.0,268.0,8.582089552238806
1100083,40.0,598.0,6.688963210702341
1100084,40.0,440.0,9.090909090909092
1100085,147.0,516.0,28.488372093023255
1100086,61.0,490.0,12.448979591836734
1100088,21.0,210.0,10.0
1100089,79.0,391.0,20.20460358056266
1100090,146.0,499.0,29.258517034068138
1100093,11.0,211.0,5.213270142180095
1100095,226.0,658.0,34.34650455927052
1100096,35.0,96.0,36.45833333333333
1100097,160.0,810.0,19.753086419753085
1100099,228.0,249.0,91.56626506024097
1100100,66.0,118.0,55.932203389830505
1100101,210.0,361.0,58.17174515235457
1100102,34.0,196.0,17.346938775510203
1100103,39.0,204.0,19.11764705882353
1100104,11.0,125.0,8.799999999999999
1100106,89.0,528.0,16.856060606060606
1200002,541.0,6748.0,8.017190278601067
1200030,6454.0,29362.0,21.980791499216675
1200060,1235.0,5040.0,24.503968253968253
1200090,9108.0,27956.0,32.57976820718271
1200120,1236.0,3215.0,38.444790046656294
1200150,11334.0,73171.0,15.489743204274916
1200180,53828.0,271315.0,19.839669756556034
1200210,864.0,2229.0,38.76177658142665
1200240,3188.0,15727.0,20.270871749221083
1200270,4161.0,15402.0,27.015971951694585
1200300,8859.0,37489.0,23.63093173997706
1200330,5705.0,46807.0,12.188347896682119
1200360,2767.0,10157.0,27.242295953529585
1200390,68325.0,353914.0,19.30553750346129
1200420,1302.0,4801.0,27.11935013538846
1200450,678.0,2182.0,31.072410632447294
1200480,40038.0,129129.0,31.006203099226354
1200510,10553.0,39924.0,26.432722172127043
1200540,2703.0,12975.0,20.832369942196532
1200570,449.0,1306.0,34.37978560490046
1200600,795.0,4707.0,16.889738687061822
1200630,413.0,2666.0,15.4913728432108
1200660,575.0,1655.0,34.74320241691843
1200690,575.0,1967.0,29.232333502796138
1200720,569.0,1624.0,35.03694581280788
1200750,1178.0,5205.0,22.632084534101825
1200780,2274.0,7288.0,31.201975850713502
1200810,5406.0,22443.0,24.087688811656196
1200840,3002.0,12321.0,24.364905445986526
1200870,47236.0,215965.0,21.872062602736555
1200900,1034.0,3279.0,31.53400426959439
1200930,5135.0,17784.0,28.874269005847953
1200960,2126.0,6420.0,33.115264797507784
1200990,293.0,727.0,40.30261348005502
1201020,317.0,1212.0,26.155115511551152
1201050,10770.0,43022.0,25.033703686485985
1201080,20988.0,92854.0,22.60322657074547
1201110,7881.0,34033.0,23.156935915141187
1201140,1723.0,5568.0,30.944683908045977
1201170,634.0,1345.0,47.13754646840149
1201200,642.0,2729.0,23.52510076951264
1201230,10668.0,48810.0,21.856177012907192
1201260,12672.0,43015.0,29.459490875276067
1201290,3183.0,18554.0,17.155330386978548
1201320,1358.0,8500.0,15.976470588235294
1201350,3221.0,11857.0,27.165387534789577
1201380,6415.0,31635.0,20.278172909751856
1201410,1796.0,6233.0,28.814375100272745
1201440,49522.0,204312.0,24.23841967187439
1201470,17838.0,65861.0,27.084313933891075
1201500,27009.0,192544.0,14.02744307794582
1201530,15788.0,73636.0,21.440599706665218
1201560,25312.0,101562.0,24.922707311789843
1201590,21844.0,101060.0,21.614882248169405
1201620,4679.0,11103.0,42.14176348734576
1201650,4343.0,27537.0,15.771507426371793
1201680,6072.0,42799.0,14.187247365592654
1201710,9898.0,67686.0,14.623408090299323
1201740,5551.0,39933.0,13.900783812886585
1201770,12796.0,40703.0,31.437486180379825
1201800,2000.0,8636.0,23.158869847151458
1201830,1748.0,5975.0,29.255230125523013
1201860,1109.0,2659.0,41.70740880030087
1201890,574.0,2303.0,24.924012158054712
1201920,13456.0,62692.0,21.463663625342946
1201950,1402.0,4899.0,28.618085323535414
1201980,1974.0,9440.0,20.911016949152543
1202010,1219.0,3350.0,36.38805970149254
1202012,200.0,2554.0,7.830853563038372
1202013,266.0,2406.0,11.055694098088113
1202014,106.0,586.0,18.088737201365188
1202015,100.0,1154.0,8.665511265164644
1202016,101.0,548.0,18.43065693430657
1300001,1638.0,12209.0,13.416332213940535
1300005,1.0,167.0,0.5988023952095809
1300023,25.0,357.0,7.002801120448179
1300026,29.0,205.0,14.146341463414632
1300060,511.0,3641.0,14.034605877506179
1300090,177.0,1706.0,10.37514654161782
1300120,12277.0,51924.0,23.64417225175256
1300150,287.0,2158.0,13.29935125115848
1300180,41.0,286.0,14.335664335664337
1300210,824.0,5219.0,15.78846522322284
1300215,12.0,106.0,11.320754716981133
1300217,7.0,347.0,2.0172910662824206
1300218,58.0,555.0,10.45045045045045
1300221,76.0,752.0,10.106382978723403
1300222,65.0,724.0,8.977900552486188
1300223,20.0,78.0,25.64102564102564
1300224,15.0,96.0,15.625
1300225,39.0,172.0,22.674418604651162
1300226,51.0,512.0,9.9609375
1300227,736.0,3885.0,18.944658944658947
1300230,82.0,847.0,9.681227863046045
1300232,60.0,14286.0,0.41999160016799664
1300233,23.0,251.0,9.163346613545817
1300234,55.0,637.0,8.634222919937205
1300236,70.0,499.0,14.02805611222445
1300237,84.0,695.0,12.086330935251798
1300238,109.0,722.0,15.096952908587259
1300239,62.0,413.0,15.012106537530268
1300240,497.0,2793.0,17.794486215538846
1300241,47.0,415.0,11.325301204819278
1300242,27.0,480.0,5.625
1300243,24.0,204.0,11.76470588235294
1300244,13.0,171.0,7.602339181286549
1300245,26.0,430.0,6.046511627906977
1300247,8.0,116.0,6.896551724137931
1300248,26.0,228.0,11.403508771929824
1300249,25.0,554.0,4.512635379061372
1300290,1918.0,13719.0,13.980610831693271
1300330,2285.0,13541.0,16.874676907170816
1300360,446.0,3159.0,14.118391896169674
1300390,548.0,3149.0,17.40234995236583
1300420,3913.0,24108.0,16.231126596980257
1300440,357.0,2550.0,14.000000000000002
1300480,551.0,3430.0,16.06413994169096
1300510,146.0,2284.0,6.3922942206655
1300540,337.0,2148.0,15.689013035381748
1300570,940.0,9168.0,10.253054101221641
1300600,243.0,4808.0,5.054076539101497
1300630,1620.0,10606.0,15.274372996417124
1300660,455.0,4181.0,10.882563979909113
1300690,515.0,3482.0,14.790350373348652
1300720,377.0,4041.0,9.329373917347192
1300750,50.0,611.0,8.183306055646481
1300780,1334.0,9254.0,14.415387940350119
1300810,172.0,2195.0,7.835990888382688
1300840,2073.0,14811.0,13.996354061170752
1300870,631.0,5119.0,12.326626294198086
1300900,369.0,4528.0,8.14929328621908
1300930,1532.0,10788.0,14.200964034111976
1300990,284.0,1727.0,16.444701795020265
1301020,3334.0,36801.0,9.059536425640607
1301050,145.0,845.0,17.159763313609467
1301080,580.0,2808.0,20.655270655270655
1301110,4051.0,41624.0,9.73236594272535
1301140,43.0,1304.0,3.2975460122699385
1301170,2359.0,13603.0,17.34176284643093
1301200,37.0,240.0,15.416666666666668
1301230,11058.0,54381.0,20.334307938434378
1301260,151.0,1405.0,10.747330960854093
1301290,12365.0,111331.0,11.106520196531065
1301350,1212.0,7715.0,15.709656513285807
1301380,1602.0,9645.0,16.609642301710732
1301410,2874.0,27159.0,10.58212747155639
1301440,152.0,1639.0,9.273947528981086
1301470,458.0,3222.0,14.214773432650526
1301500,2857.0,22491.0,12.702858921346316
1301530,326.0,1705.0,19.120234604105573
1301560,844.0,4079.0,20.691345918117186
1301590,370.0,2144.0,17.257462686567166
1301620,700.0,7900.0,8.860759493670885
1301650,480.0,3517.0,13.647995450668182
1301680,295.0,5513.0,5.3509885724650825
1301710,1186.0,5184.0,22.878086419753085
1301740,21143.0,99296.0,21.292902030293266
1301770,344.0,3171.0,10.848312835067803
1301800,253.0,1274.0,19.85871271585557
1301830,2011.0,13933.0,14.433359649752386
1301860,3758.0,26420.0,14.224072672218016
1301870,462.0,2380.0,19.411764705882355
1301890,787.0,6498.0,12.1114188981225
1301920,346.0,2052.0,16.86159844054581
1301950,81.0,840.0,9.642857142857144
1301980,1386.0,12048.0,11.503984063745019
1302010,466.0,3058.0,15.238718116415958
1302040,760.0,4299.0,17.678529890672248
1302070,343.0,1923.0,17.836713468538743
1302100,501.0,2951.0,16.97729583192138
1302130,1622.0,20112.0,8.0648369132856
1302190,1157.0,9797.0,11.809737674798408
1302220,3361.0,47671.0,7.05040800486669
1302250,562.0,3696.0,15.205627705627705
1302280,12539.0,95105.0,13.184375164292097
1302310,1210.0,7972.0,15.178123432012042
1302340,813.0,4131.0,19.680464778503996
1302370,113.0,539.0,20.964749536178108
1302400,1906.0,12799.0,14.89178842097039
1302430,1181.0,6762.0,17.465246968352556
1302460,548.0,4695.0,11.671991480298189
1302490,281.0,2522.0,11.141950832672483
1302520,1846.0,10291.0,17.93800408123603
1302550,18187.0,178921.0,10.164821345733593
1302580,839.0,6907.0,12.14709714782105
1302610,4588.0,27433.0,16.724383042321293
1302640,177.0,880.0,20.113636363636363
1302670,552.0,3452.0,15.990730011587488
1302700,442.0,5290.0,8.35538752362949
1302730,478.0,3567.0,13.400616764788337
1302790,373.0,2115.0,17.63593380614657
1302820,6068.0,42012.0,14.443492335523183
1302880,3483.0,29492.0,11.809982368099824
1302910,316.0,1733.0,18.234275822273514
1302940,909.0,7698.0,11.808261886204209
1302970,237.0,2415.0,9.813664596273291
1303000,534.0,3133.0,17.044366421959783
1303030,331.0,3723.0,8.89067955949503
1303060,394.0,2635.0,14.952561669829223
1303090,239.0,1152.0,20.74652777777778
1303120,160.0,1165.0,13.733905579399142
1303150,697.0,5161.0,13.505134663824842
1303210,271.0,2692.0,10.066864784546805
1303240,216.0,1735.0,12.44956772334294
1303270,592.0,6456.0,9.169764560099132
1303300,2070.0,9385.0,22.056473095364947
1303330,170.0,1130.0,15.04424778761062
1303360,640.0,3715.0,17.227456258411845
1303390,937.0,10643.0,8.803908672366815
1303420,481.0,3857.0,12.470832253046408
1303450,408.0,1368.0,29.82456140350877
1303480,706.0,4924.0,14.337936636880585
1303510,1126.0,8913.0,12.63323235723101
1303540,114.0,1408.0,8.096590909090908
1303570,617.0,3974.0,15.52591847005536
1303600,368.0,1379.0,26.68600435097897
1303630,369.0,2752.0,13.408430232558139
1303660,287.0,1006.0,28.528827037773357
1303690,132.0,2181.0,6.052269601100413
1303720,379.0,4062.0,9.330379123584441
1303750,120.0,917.0,13.086150490730644
1303780,373.0,3090.0,12.071197411003237
1303840,1319.0,7441.0,17.72611208170945
1303870,5591.0,31766.0,17.600579235660767
1303930,3259.0,18667.0,17.4586168104141
1303960,455.0,7752.0,5.869453044375645
1303990,274.0,2152.0,12.732342007434944
1304020,4579.0,29411.0,15.569004794124647
1304050,545.0,3644.0,14.95609220636663
1304080,109.0,1462.0,7.455540355677155
1304110,614.0,4394.0,13.97360036413291
1304140,339.0,3658.0,9.267359212684527
1304170,403.0,3369.0,11.962006530127635
1304200,1587.0,7837.0,20.250095699885158
1304220,185.0,1331.0,13.899323816679187
1304260,413.0,2939.0,14.05239877509357
1304290,66.0,333.0,19.81981981981982
1304320,313.0,2252.0,13.898756660746002
1304350,113.0,916.0,12.336244541484715
1304380,7635.0,30859.0,24.741566479795196
1304410,2642.0,16701.0,15.819412011256812
1304440,821.0,6393.0,12.842171124667606
1304470,53.0,1320.0,4.015151515151516
1304500,364.0,2347.0,15.509160630592245
1304530,92.0,1502.0,6.125166444740346
1304540,224.0,1779.0,12.59134345137718
1304560,702.0,4011.0,17.5018698578908
1304590,35.0,481.0,7.276507276507277
1304620,369.0,4577.0,8.06204937732139
1304650,16.0,481.0,3.3264033264033266
1304680,12.0,173.0,6.9364161849710975
1304770,599.0,3873.0,15.466046991995869
1304800,202.0,1369.0,14.755295836376916
1304830,352.0,1756.0,20.045558086560362
1304860,101.0,1358.0,7.437407952871871
1304890,847.0,5840.0,14.503424657534246
1304950,470.0,2876.0,16.342141863699585
1304980,1130.0,7502.0,15.062649960010663
1305040,668.0,2994.0,22.31128924515698
1305070,89.0,1057.0,8.420056764427624
1305100,257.0,1129.0,22.763507528786537
1305130,56.0,1401.0,3.9971448965024985
1305190,206.0,1237.0,16.653193209377527
1305220,160.0,804.0,19.900497512437813
1305250,424.0,2883.0,14.706902532084634
1305280,531.0,3984.0,13.328313253012048
1305310,1506.0,7888.0,19.092292089249494
1305340,176.0,2544.0,6.918238993710692
1305370,1698.0,8810.0,19.27355278093076
1305390,2469.0,13951.0,17.697656082001288
1305430,950.0,6139.0,15.474833034696205
1305460,51.0,608.0,8.388157894736842
1305490,458.0,2731.0,16.770413767850602
1305550,970.0,5391.0,17.992951214987944
1305580,16.0,342.0,4.678362573099415
1305640,121.0,1000.0,12.1
1305670,539.0,3808.0,14.154411764705882
1305700,1469.0,13081.0,11.230028285299289
1305730,203.0,1185.0,17.130801687763714
1305760,188.0,1560.0,12.051282051282051
1305790,84.0,1387.0,6.056236481614996
1305850,506.0,3271.0,15.469275450932438
1500030,33493.0,176927.0,18.930406325772775
1600001,55.0,1094.0,5.027422303473491
1600002,127.0,3538.0,3.5895986433013
1600003,3.0,402.0,0.7462686567164178
1600004,8.0,1676.0,0.47732696897374705
1600006,10.0,260.0,3.8461538461538463
1600007,10.0,918.0,1.0893246187363834
1600008,7.0,264.0,2.6515151515151514
1600009,10.0,262.0,3.816793893129771
1600010,8.0,231.0,3.463203463203463
1600011,32.0,1180.0,2.711864406779661
1600012,3.0,419.0,0.7159904534606205
1600014,10.0,552.0,1.8115942028985508
1600015,7.0,393.0,1.7811704834605597
1600030,38.0,733.0,5.184174624829468
1600060,37.0,1395.0,2.6523297491039424
1600090,1.0,18.0,5.555555555555555
1600138,8.0,118.0,6.779661016949152
1600139,40.0,1216.0,3.289473684210526
1600140,3.0,709.0,0.4231311706629055
1600141,10.0,702.0,1.4245014245014245
1600142,10.0,447.0,2.237136465324385
1600143,19.0,233.0,8.15450643776824
1600144,26.0,406.0,6.403940886699508
1600145,10.0,217.0,4.6082949308755765
1600151,10.0,191.0,5.2356020942408374
1600153,16.0,612.0,2.6143790849673203
1600154,5.0,192.0,2.604166666666667
1600155,23.0,517.0,4.448742746615087
1600156,17.0,973.0,1.7471736896197325
1600157,12.0,436.0,2.7522935779816518
1600158,3.0,312.0,0.9615384615384616
1600159,7.0,171.0,4.093567251461988
1600160,5.0,495.0,1.0101010101010102
1600161,20.0,513.0,3.898635477582846
1600162,4.0,338.0,1.183431952662722
1600163,5.0,90.0,5.555555555555555
1600165,4.0,343.0,1.1661807580174928
1600166,3.0,126.0,2.380952380952381
1600169,7.0,117.0,5.982905982905983
1600170,2.0,92.0,2.1739130434782608
1600172,8.0,560.0,1.4285714285714286
1600173,6.0,745.0,0.8053691275167786
1600174,11.0,956.0,1.1506276150627615
1600175,8.0,414.0,1.932367149758454
1600176,4.0,334.0,1.1976047904191618
1600177,4.0,147.0,2.7210884353741496
1600180,25.0,407.0,6.142506142506143
1600183,21.0,74.0,28.37837837837838
1600240,31.0,1179.0,2.629346904156064
1600270,165.0,3756.0,4.39297124600639
1600300,113.0,3393.0,3.3303860890067787
1600330,10.0,135.0,7.4074074074074066
1600360,997.0,27833.0,3.582078827291345
1600420,63.0,1514.0,4.16116248348745
1600450,25.0,306.0,8.169934640522875
1600480,39.0,1325.0,2.943396226415094
1600490,20.0,414.0,4.830917874396135
1600510,271.0,6131.0,4.420159843418691
1600540,7.0,161.0,4.3478260869565215
1600570,6.0,126.0,4.761904761904762
1600600,306.0,9065.0,3.3756205184776613
1600630,13.0,221.0,5.88235294117647
1600660,182.0,5443.0,3.3437442586808745
1600690,10.0,303.0,3.3003300330033
1600720,18.0,364.0,4.945054945054945
1600750,8.0,141.0,5.673758865248227
1600780,265.0,10602.0,2.499528390869647
1600810,18.0,385.0,4.675324675324675
1600815,43.0,349.0,12.320916905444127
1600840,13.0,266.0,4.887218045112782
1600870,7.0,91.0,7.6923076923076925
1600900,8.0,217.0,3.686635944700461
1600930,299.0,12415.0,2.408376963350785
1600960,46.0,2374.0,1.9376579612468408
1601020,79.0,3169.0,2.4928999684443043
1601050,64.0,1673.0,3.8254632396891806
1601080,19.0,858.0,2.2144522144522143
1601110,72.0,2154.0,3.3426183844011144
1601140,60.0,1772.0,3.3860045146726865
1601170,7.0,215.0,3.255813953488372
1601200,10.0,311.0,3.215434083601286
1601230,31.0,434.0,7.142857142857142
1601260,64.0,1379.0,4.641044234952864
1601290,25.0,509.0,4.911591355599214
1601380,16.0,383.0,4.177545691906006
1601410,23.0,340.0,6.764705882352941
1601440,7.0,181.0,3.867403314917127
1601470,44.0,1095.0,4.018264840182648
1601500,14.0,222.0,6.306306306306306
1601530,310.0,10657.0,2.908886178098902
1601570,98.0,5942.0,1.649276337933356
1601590,112.0,3970.0,2.8211586901763224
1601620,28.0,402.0,6.965174129353234
1601650,51.0,1106.0,4.61121157323689
1601680,13.0,245.0,5.3061224489795915
1601710,39.0,1969.0,1.9807008633824275
1601740,12.0,138.0,8.695652173913043
1601770,137.0,5171.0,2.6493908334944885
1601800,115.0,4319.0,2.6626533919888864
1601830,28.0,495.0,5.656565656565657
1601860,128.0,4480.0,2.857142857142857
1601900,10.0,248.0,4.032258064516129
1601920,81.0,4804.0,1.6860949208992508
1601950,34.0,1300.0,2.6153846153846154
1601980,42.0,941.0,4.463336875664187
1602030,36.0,1167.0,3.0848329048843186
1602060,14.0,178.0,7.865168539325842
1602070,20.0,864.0,2.314814814814815
1602100,926.0,38418.0,2.4103284918527774
1602130,85.0,3941.0,2.1568129916264906
1602160,9.0,97.0,9.278350515463918
1602190,126.0,4026.0,3.129657228017884
1602220,94.0,2545.0,3.693516699410609
1602250,135.0,3854.0,3.5028541774779454
1602280,9.0,106.0,8.49056603773585
1602310,12.0,345.0,3.4782608695652173
1602340,500.0,15426.0,3.241280954233113
1602370,44.0,1017.0,4.3264503441494595
1602400,3.0,161.0,1.8633540372670807
1602430,11.0,170.0,6.470588235294119
1602460,13.0,425.0,3.058823529411765
1602490,31.0,1306.0,2.3736600306278715
1602520,56.0,1026.0,5.458089668615984
1602550,6.0,339.0,1.7699115044247788
1602580,76.0,1508.0,5.039787798408488
1602610,2.0,10.0,20.0
1602640,333.0,12421.0,2.6809435633201835
1602670,152.0,5926.0,2.564967937900776
1602700,15.0,439.0,3.416856492027335
1602730,2.0,6.0,33.33333333333333
1602760,12.0,186.0,6.451612903225806
1602790,18.0,753.0,2.3904382470119523
1602820,5.0,180.0,2.7777777777777777
1602850,25.0,824.0,3.033980582524272
1602910,49.0,2348.0,2.086882453151618
1602940,30.0,511.0,5.870841487279844
1602970,80.0,1796.0,4.4543429844097995
1603000,19.0,894.0,2.1252796420581657
1603030,4.0,98.0,4.081632653061225
1603060,35.0,986.0,3.5496957403651117
1603090,22.0,1613.0,1.3639181649101055
1603120,2.0,49.0,4.081632653061225
1603180,72.0,1790.0,4.022346368715084
1603240,311.0,9040.0,3.440265486725664
1603270,14.0,588.0,2.380952380952381
1603300,15.0,503.0,2.982107355864811
1603330,57.0,1525.0,3.7377049180327866
1603360,58.0,1084.0,5.350553505535055
1603400,24.0,613.0,3.915171288743882
1603420,15.0,740.0,2.027027027027027
1603480,31.0,575.0,5.391304347826087
1603511,10.0,97.0,10.309278350515463
1700001,68.0,509.0,13.359528487229863
1700002,89.0,841.0,10.582639714625445
1700004,79.0,726.0,10.881542699724518
1700005,231.0,1902.0,12.145110410094636
1700006,2.0,23.0,8.695652173913043
1700007,5.0,612.0,0.8169934640522877
1700009,51.0,552.0,9.239130434782608
1700010,307.0,2145.0,14.31235431235431
1700014,72.0,614.0,11.726384364820847
1700015,47.0,264.0,17.803030303030305
1700023,25.0,255.0,9.803921568627452
1700024,22.0,167.0,13.17365269461078
1700029,109.0,485.0,22.474226804123713
1700030,3.0,248.0,1.2096774193548387
1700031,21.0,91.0,23.076923076923077
1700032,43.0,401.0,10.723192019950124
1700041,91.0,964.0,9.439834024896266
1700044,185.0,1375.0,13.454545454545455
1700045,161.0,766.0,21.01827676240209
1700048,4.0,18.0,22.22222222222222
1700051,5.0,11.0,45.45454545454545
1700054,1.0,100.0,1.0
1700059,36.0,597.0,6.030150753768844
1700065,9.0,127.0,7.086614173228346
1700074,15.0,75.0,20.0
1700077,123.0,1026.0,11.988304093567251
1700080,6.0,50.0,12.0
1700081,6.0,32.0,18.75
1700084,41.0,208.0,19.71153846153846
1700091,5.0,73.0,6.8493150684931505
1700092,256.0,948.0,27.004219409282697
1700097,6.0,52.0,11.538461538461538
1700098,11.0,231.0,4.761904761904762
1700099,76.0,1074.0,7.076350093109869
1700100,54.0,322.0,16.77018633540373
1700101,6.0,650.0,0.9230769230769231
1700102,12.0,123.0,9.75609756097561
1700103,17.0,105.0,16.19047619047619
1700105,75.0,464.0,16.163793103448278
1700106,95.0,449.0,21.158129175946545
1700109,80.0,607.0,13.179571663920923
1700110,426.0,2963.0,14.377320283496456
1700112,283.0,1573.0,17.99109980928163
1700113,101.0,641.0,15.756630265210608
1700114,90.0,648.0,13.88888888888889
1700115,76.0,560.0,13.571428571428571
1700116,3.0,82.0,3.6585365853658534
1700119,251.0,3439.0,7.298633323640594
1700120,4.0,58.0,6.896551724137931
1700122,70.0,421.0,16.6270783847981
1700123,140.0,1046.0,13.38432122370937
1700125,123.0,1163.0,10.57609630266552
1700126,89.0,708.0,12.570621468926554
1700152,11.0,32.0,34.375
1700153,82.0,687.0,11.935953420669577
1700162,17.0,114.0,14.912280701754385
1700165,26.0,114.0,22.807017543859647
1700166,21.0,345.0,6.086956521739131
1700169,3.0,14.0,21.428571428571427
1700170,2.0,19.0,10.526315789473683
1700171,2.0,94.0,2.127659574468085
1700173,7.0,127.0,5.511811023622047
1700175,23.0,171.0,13.450292397660817
1700176,68.0,359.0,18.94150417827298
1700177,27.0,196.0,13.77551020408163
1700182,72.0,75.0,96.0
1700184,33.0,48.0,68.75
1700188,53.0,190.0,27.89473684210526
1700189,25.0,80.0,31.25
1700190,13.0,24.0,54.166666666666664
1700193,4.0,104.0,3.8461538461538463
1700194,12.0,25.0,48.0
1700195,21.0,79.0,26.582278481012654
1700197,40.0,278.0,14.388489208633093
1700198,11.0,98.0,11.224489795918368
1700200,5.0,31.0,16.129032258064516
1700202,5.0,116.0,4.310344827586207
1700203,1.0,28.0,3.571428571428571
1700206,6.0,78.0,7.6923076923076925
1700208,4.0,85.0,4.705882352941177
1700209,11.0,15.0,73.33333333333333
1700211,8.0,19.0,42.10526315789473
1700213,7.0,83.0,8.433734939759036
1700217,127.0,737.0,17.23202170963365
1700218,34.0,431.0,7.888631090487238
1700220,8.0,32.0,25.0
1700222,137.0,1084.0,12.638376383763838
1700223,70.0,491.0,14.25661914460285
1700225,2.0,37.0,5.405405405405405
1700227,5.0,53.0,9.433962264150944
1700228,13.0,50.0,26.0
1700229,5.0,48.0,10.416666666666668
1700246,14.0,66.0,21.21212121212121
1700272,9.0,58.0,15.517241379310345
1700310,135.0,1090.0,12.385321100917432
1700312,31.0,231.0,13.41991341991342
1700314,92.0,592.0,15.54054054054054
1700319,176.0,741.0,23.751686909581647
1700320,274.0,1704.0,16.079812206572768
1700321,102.0,945.0,10.793650793650794
1700322,11.0,58.0,18.96551724137931
1700323,8.0,75.0,10.666666666666668
1700324,51.0,749.0,6.809078771695594
1700325,2.0,13.0,15.384615384615385
1700326,127.0,1210.0,10.49586776859504
1700329,10.0,28.0,35.714285714285715
1700330,11.0,274.0,4.014598540145985
1700332,145.0,749.0,19.359145527369826
1701381,11.0,210.0,5.238095238095238
1701382,56.0,363.0,15.426997245179063
1701384,79.0,330.0,23.939393939393938
1701385,39.0,417.0,9.352517985611511
1701387,81.0,590.0,13.728813559322035
1701388,27.0,185.0,14.594594594594595
1701389,15.0,55.0,27.27272727272727
1701390,59.0,353.0,16.71388101983003
1701395,160.0,1330.0,12.030075187969924
1701397,22.0,605.0,3.6363636363636362
1701400,54.0,531.0,10.16949152542373
1701403,241.0,1145.0,21.048034934497817
1701404,26.0,263.0,9.885931558935361
1701410,131.0,788.0,16.624365482233504
1701411,18.0,268.0,6.7164179104477615
1701412,99.0,536.0,18.470149253731343
1701413,171.0,966.0,17.70186335403727
1701415,5.0,198.0,2.525252525252525
1701416,103.0,515.0,20.0
1701417,26.0,354.0,7.344632768361582
1701418,43.0,909.0,4.730473047304731
1701419,38.0,225.0,16.88888888888889
1701421,3.0,24.0,12.5
1701422,35.0,486.0,7.20164609053498
1701423,49.0,392.0,12.5
1701424,183.0,545.0,33.57798165137615
1701426,140.0,242.0,57.85123966942148
1701431,103.0,213.0,48.35680751173709
1701433,39.0,351.0,11.11111111111111
1701434,2.0,160.0,1.25
1703150,418.0,3894.0,10.734463276836157
1703210,11.0,72.0,15.277777777777779
1703270,10.0,217.0,4.6082949308755765
1703300,21.0,421.0,4.98812351543943
1703420,7.0,89.0,7.865168539325842
1703450,19.0,141.0,13.47517730496454
1703480,150.0,1578.0,9.505703422053232
1703510,73.0,611.0,11.947626841243862
1703600,1563.0,5939.0,26.31756187910423
1703660,57.0,391.0,14.578005115089516
1703750,63.0,706.0,8.923512747875353
1703780,29.0,499.0,5.811623246492986
1703810,24.0,372.0,6.451612903225806
1703840,220.0,2798.0,7.86275911365261
1703870,431.0,2805.0,15.36541889483066
1703900,167.0,2325.0,7.182795698924731
1703930,118.0,1285.0,9.182879377431908
1703960,91.0,708.0,12.85310734463277
1703990,83.0,983.0,8.44354018311292
1704020,402.0,1884.0,21.337579617834397
1704050,57.0,1756.0,3.2460136674259683
1704140,211.0,5566.0,3.7908731584620914
1704170,2247.0,11872.0,18.92688679245283
1704200,7.0,73.0,9.58904109589041
1704230,30.0,140.0,21.428571428571427
1704260,145.0,1206.0,12.023217247097843
1704340,20.0,167.0,11.976047904191617
1704440,27.0,279.0,9.67741935483871
1704470,144.0,1117.0,12.891674127126231
1704560,30.0,649.0,4.622496147919876
1704620,154.0,1338.0,11.509715994020926
1704680,3774.0,13541.0,27.870910567904883
1704710,1968.0,11685.0,16.842105263157894
1704740,8.0,394.0,2.030456852791878
1704770,69.0,598.0,11.538461538461538
1704800,35.0,729.0,4.801097393689986
1704920,558.0,4882.0,11.429741909053666
1704950,6.0,157.0,3.821656050955414
1705050,794.0,8687.0,9.140094393921952
1705160,1.0,184.0,0.5434782608695652
1705190,37.0,323.0,11.455108359133128
1705220,217.0,5845.0,3.7125748502994016
1705310,228.0,3186.0,7.1563088512241055
1705430,118.0,1003.0,11.76470588235294
1705460,21.0,303.0,6.9306930693069315
1705466,61.0,530.0,11.50943396226415
1705570,15.0,128.0,11.71875
1705580,111.0,1028.0,10.797665369649806
1705610,571.0,3564.0,16.021324354657686
1705640,1147.0,4658.0,24.624302275654788
1705760,372.0,2216.0,16.787003610108304
1705790,1418.0,8160.0,17.377450980392155
1705820,48.0,288.0,16.666666666666664
1705880,49.0,603.0,8.12603648424544
1705910,248.0,2221.0,11.166141377757768
1705950,236.0,1179.0,20.01696352841391
1705970,32.0,546.0,5.86080586080586
1706000,354.0,2579.0,13.726250484683986
1706060,406.0,2750.0,14.763636363636365
1706090,353.0,3552.0,9.938063063063062
1706120,284.0,2474.0,11.479385610347617
1706180,32.0,190.0,16.842105263157894
1706270,172.0,1746.0,9.851088201603666
1706390,17.0,252.0,6.746031746031746
1706420,1068.0,2992.0,35.6951871657754
1706450,59.0,1384.0,4.263005780346821
1706480,1027.0,5024.0,20.44187898089172
1706510,252.0,3399.0,7.413945278022947
1706540,1365.0,5302.0,25.745001886080725
1706600,30.0,226.0,13.274336283185843
1706750,358.0,2423.0,14.775072224515066
1706840,10.0,124.0,8.064516129032258
1706880,27.0,163.0,16.56441717791411
1706930,28.0,1483.0,1.8880647336480108
1706960,663.0,2080.0,31.874999999999996
1707010,30.0,606.0,4.9504950495049505
1707050,1302.0,4972.0,26.186645213193888
1707170,422.0,2680.0,15.746268656716417
1707200,82.0,703.0,11.66429587482219
1707290,142.0,2159.0,6.577119036591014
1707320,81.0,1187.0,6.823925863521482
1707440,49.0,369.0,13.279132791327914
1707650,261.0,1369.0,19.065010956902846
1707740,11.0,61.0,18.0327868852459
1707770,57.0,601.0,9.484193011647255
1707830,332.0,4173.0,7.955907021327582
1707860,16.0,185.0,8.64864864864865
1707950,103.0,706.0,14.589235127478753
1707980,26.0,522.0,4.980842911877394
1708010,91.0,1510.0,6.026490066225165
1708040,1915.0,3435.0,55.74963609898108
1708070,135.0,389.0,34.70437017994858
1708100,32.0,973.0,3.28879753340185
1708130,182.0,1055.0,17.251184834123222
1708160,25.0,482.0,5.186721991701245
1708220,114.0,872.0,13.073394495412844
1708250,166.0,866.0,19.168591224018474
1708280,312.0,2433.0,12.82367447595561
1708310,58.0,275.0,21.09090909090909
1708340,441.0,1546.0,28.525226390685642
1708370,346.0,980.0,35.30612244897959
1708400,1204.0,7564.0,15.917503966155474
1708430,228.0,1448.0,15.745856353591158
1708460,121.0,1178.0,10.27164685908319
1708500,184.0,1355.0,13.579335793357933
1708550,2430.0,20464.0,11.874511336982017
1708580,95.0,435.0,21.839080459770116
1708610,93.0,539.0,17.25417439703154
1708640,365.0,2234.0,16.338406445837066
1708730,330.0,2441.0,13.519049569848423
1708790,47.0,771.0,6.09597924773022
1708970,27.0,1016.0,2.65748031496063
1709100,82.0,748.0,10.962566844919785
1709150,76.0,1374.0,5.531295487627365
1709170,110.0,469.0,23.454157782515992
1709180,39.0,350.0,11.142857142857142
1709210,83.0,588.0,14.1156462585034
1709270,194.0,1252.0,15.495207667731629
1709300,197.0,861.0,22.880371660859467
1709330,62.0,506.0,12.25296442687747
1709400,30.0,466.0,6.437768240343347
1709420,2098.0,9640.0,21.763485477178424
1709510,66.0,452.0,14.601769911504425
1709540,88.0,1243.0,7.079646017699115
1709600,607.0,2714.0,22.36551215917465
1709810,158.0,940.0,16.80851063829787
1709850,25.0,288.0,8.680555555555555
1709930,76364.0,370759.0,20.59666791635537
1709960,367.0,2938.0,12.49149081007488
1709990,196.0,1435.0,13.658536585365855
1710200,1370.0,11696.0,11.713406292749658
1710240,33.0,389.0,8.483290488431876
1710290,15.0,276.0,5.434782608695652
1710340,46.0,293.0,15.699658703071673
1710380,52.0,1092.0,4.761904761904762
1710410,130.0,1015.0,12.807881773399016
1710440,366.0,1865.0,19.62466487935657
1710470,328.0,3493.0,9.390208989407386
1710530,161.0,2218.0,7.258791704238051
1710570,30.0,524.0,5.7251908396946565
1710650,1178.0,6299.0,18.701381171614543
1710690,61.0,464.0,13.14655172413793
1710740,161.0,1991.0,8.086388749372176
1710790,177.0,1211.0,14.616019818331957
1710800,97.0,986.0,9.837728194726166
1710820,278.0,1291.0,21.53369481022463
1710830,24.0,352.0,6.8181818181818175
1710860,15.0,109.0,13.761467889908257
1710950,21.0,422.0,4.976303317535545
1710980,31.0,216.0,14.351851851851851
1711010,279.0,1348.0,20.6973293768546
1711100,35.0,516.0,6.782945736434108
1711220,10.0,93.0,10.75268817204301
1711250,1226.0,4764.0,25.734676742233418
1711290,124.0,594.0,20.875420875420875
1711350,872.0,7321.0,11.910941128261166
1711370,917.0,6119.0,14.986108841313941
1711400,62.0,443.0,13.99548532731377
1711520,3.0,121.0,2.479338842975207
1711610,67.0,428.0,15.654205607476634
1711700,12.0,71.0,16.901408450704224
1711730,3.0,101.0,2.9702970297029703
1711790,1741.0,5548.0,31.380677721701517
1711850,2806.0,8376.0,33.50047755491882
1711880,89.0,1052.0,8.460076045627376
1711980,155.0,2628.0,5.898021308980213
1712000,1503.0,6245.0,24.067253803042433
1712030,35.0,202.0,17.326732673267326
1712060,49.0,467.0,10.492505353319057
1712090,42.0,431.0,9.744779582366588
1712120,601.0,4382.0,13.71519853947969
1712150,27.0,221.0,12.217194570135746
1712210,83.0,972.0,8.539094650205762
1712240,26.0,513.0,5.0682261208577
1712330,483.0,2764.0,17.47467438494935
1712420,444.0,2277.0,19.499341238471672
1712450,604.0,1977.0,30.55134041476985
1712480,82.0,159.0,51.57232704402516
1712510,52.0,299.0,17.391304347826086
1712540,63.0,3410.0,1.847507331378299
1712570,895.0,4963.0,18.033447511585734
1712700,330.0,4398.0,7.503410641200546
1712720,156.0,1020.0,15.294117647058824
1712760,241.0,1464.0,16.46174863387978
1712810,87.0,612.0,14.215686274509803
1712840,56.0,547.0,10.23765996343693
1712870,49.0,222.0,22.07207207207207
1712930,71.0,410.0,17.317073170731707
1712960,244.0,686.0,35.56851311953353
1712990,158.0,577.0,27.38301559792028
1713050,86.0,681.0,12.62848751835536
1713140,362.0,3440.0,10.523255813953488
1713170,483.0,2535.0,19.053254437869825
1713230,343.0,987.0,34.751773049645394
1713240,294.0,1542.0,19.06614785992218
1713260,30.0,517.0,5.802707930367505
1713290,430.0,2403.0,17.8942987931752
1713320,3378.0,5183.0,65.17460929963342
1713370,39.0,329.0,11.854103343465045
1713410,31.0,448.0,6.919642857142858
1713440,18.0,426.0,4.225352112676056
1713500,126.0,940.0,13.404255319148936
1713530,1166.0,7516.0,15.513571048430016
1713560,234.0,2488.0,9.405144694533762
1713590,74.0,449.0,16.481069042316257
1713660,275.0,1183.0,23.24598478444632
1713710,7996.0,37738.0,21.18819227304044
1713770,847.0,6816.0,12.426643192488262
1713860,59.0,372.0,15.86021505376344
1713920,58.0,1097.0,5.28714676390155
1713940,720.0,3881.0,18.551919608348364
1713970,735.0,8237.0,8.923151632876047
1714050,62.0,687.0,9.024745269286754
1714100,357.0,2917.0,12.238601302708261
1714160,36.0,337.0,10.682492581602373
1714220,116.0,809.0,14.338689740420271
1714250,22.0,303.0,7.2607260726072615
1714350,59.0,645.0,9.147286821705427
1714410,10.0,80.0,12.5
1714430,109.0,1579.0,6.903103229892336
1714460,758.0,7527.0,10.07041317922147
1714490,1083.0,3519.0,30.775788576300084
1714550,118.0,1896.0,6.223628691983123
1714580,113.0,802.0,14.089775561097257
1714640,2.0,213.0,0.9389671361502347
1714710,100.0,726.0,13.774104683195592
1714760,41.0,306.0,13.398692810457517
1714820,23.0,755.0,3.0463576158940397
1715030,178.0,1460.0,12.191780821917808
1715090,7.0,266.0,2.631578947368421
1715100,112.0,945.0,11.851851851851853
1715180,55.0,631.0,8.716323296354993
1715400,153.0,1410.0,10.851063829787234
1715420,282.0,2339.0,12.056434373663958
1715450,98.0,826.0,11.864406779661017
1715480,161.0,1648.0,9.769417475728154
1715490,69.0,861.0,8.013937282229964
1715630,78.0,790.0,9.873417721518987
1715660,121.0,414.0,29.227053140096622
1715700,180.0,2488.0,7.234726688102894
1715750,56.0,307.0,18.241042345276874
1715780,81.0,1314.0,6.164383561643835
1715820,16.0,513.0,3.1189083820662766
1715840,61.0,656.0,9.298780487804878
1715880,69.0,669.0,10.31390134529148
1715900,1032.0,3969.0,26.00151171579743
1715930,190.0,2175.0,8.735632183908045
1716020,72.0,416.0,17.307692307692307
1716050,66.0,835.0,7.904191616766468
1716080,882.0,4130.0,21.35593220338983
1716140,64.0,514.0,12.45136186770428
1716230,17.0,194.0,8.762886597938143
1716260,21.0,197.0,10.65989847715736
1716290,161.0,844.0,19.075829383886255
1716320,5.0,100.0,5.0
1716350,176.0,2606.0,6.753645433614736
1716380,587.0,5707.0,10.285614158051516
1716410,184.0,1643.0,11.199026171637248
1716530,6.0,261.0,2.2988505747126435
1716560,23.0,809.0,2.843016069221261
1716590,15.0,217.0,6.912442396313365
1716650,7.0,206.0,3.3980582524271843
1716680,282.0,1374.0,20.52401746724891
1716800,294.0,3587.0,8.196264287705604
1716830,1215.0,8150.0,14.9079754601227
1716860,167.0,1183.0,14.116652578191038
1716920,250.0,4776.0,5.234505862646566
1716950,175.0,1145.0,15.283842794759824
1717040,326.0,3034.0,10.74489123269611
1717160,76.0,938.0,8.102345415778252
1717190,6.0,77.0,7.792207792207792
1717220,13.0,197.0,6.598984771573605
1717280,2228.0,6065.0,36.73536685902721
1717310,102.0,666.0,15.315315315315313
1717340,304.0,1797.0,16.91708402893712
1717370,79.0,498.0,15.863453815261044
1717490,34.0,192.0,17.708333333333336
1717520,325.0,3647.0,8.91143405538799
1717550,412.0,2796.0,14.735336194563661
1717580,60.0,309.0,19.41747572815534
1717670,52.0,452.0,11.504424778761061
1717700,28.0,229.0,12.22707423580786
1717730,184.0,1795.0,10.250696378830083
1717790,59.0,371.0,15.902964959568733
1717800,242.0,2033.0,11.90359075258239
1717850,72.0,1232.0,5.844155844155844
1718030,89.0,430.0,20.69767441860465
1718060,89.0,636.0,13.9937106918239
1718090,5.0,237.0,2.109704641350211
1718180,50.0,434.0,11.52073732718894
1718200,160.0,601.0,26.622296173044923
1718240,1247.0,6542.0,19.061449098135128
1718270,308.0,1874.0,16.435432230522945
1718360,49.0,393.0,12.46819338422392
1718390,36.0,224.0,16.071428571428573
1718420,443.0,2514.0,17.62132060461416
1718450,461.0,1805.0,25.540166204986146
1718480,164.0,1011.0,16.2215628090999
1718510,107.0,896.0,11.941964285714286
1718570,191.0,4187.0,4.561738715070456
1718600,209.0,1034.0,20.212765957446805
1718810,527.0,2452.0,21.492659053833606
1718840,175.0,1747.0,10.01717229536348
1718870,21.0,947.0,2.2175290390707496
1718960,79.0,436.0,18.11926605504587
1718990,15.0,2788.0,0.5380200860832138
1719080,414.0,3685.0,11.234735413839891
1719110,41.0,903.0,4.540420819490587
1719200,314.0,1738.0,18.06674338319908
1719230,29.0,440.0,6.59090909090909
1719260,62.0,677.0,9.15805022156573
1719290,346.0,3787.0,9.136519672564035
1719320,730.0,4282.0,17.048108360579167
1719420,2.0,161.0,1.2422360248447204
1719500,284.0,3811.0,7.452112306481238
1719530,238.0,2019.0,11.788013868251609
1719560,450.0,2840.0,15.845070422535212
1719620,322.0,2012.0,16.003976143141152
1719660,313.0,1220.0,25.65573770491803
1719680,28.0,566.0,4.946996466431095
1719830,896.0,9563.0,9.369444734915822
1719920,45.0,320.0,14.0625
1719960,55.0,920.0,5.978260869565218
1719970,238.0,2064.0,11.531007751937985
1720170,103.0,985.0,10.456852791878173
1720180,182.0,979.0,18.590398365679263
1720190,1.0,70.0,1.4285714285714286
1720220,62.0,1032.0,6.007751937984496
1720250,15.0,228.0,6.578947368421052
1720280,798.0,3153.0,25.309229305423408
1720370,12.0,171.0,7.017543859649122
1720380,258.0,1320.0,19.545454545454547
1720430,279.0,2544.0,10.966981132075473
1720490,174.0,1862.0,9.344790547798066
1720550,213.0,1060.0,20.09433962264151
1720580,2031.0,11051.0,18.378427291647814
1720610,2993.0,6615.0,45.245653817082385
1720640,39.0,426.0,9.15492957746479
1720760,1367.0,4660.0,29.334763948497855
1720790,26.0,214.0,12.149532710280374
1720880,227.0,1596.0,14.223057644110277
1720910,7.0,102.0,6.862745098039216
1720970,30.0,451.0,6.651884700665188
1721000,427.0,1843.0,23.168746608790016
1721030,278.0,3268.0,8.50673194614443
1721130,6.0,77.0,7.792207792207792
1721180,90.0,1717.0,5.241700640652301
1721270,283.0,3459.0,8.181555362821625
1721300,72.0,514.0,14.007782101167315
1721390,151.0,1075.0,14.046511627906977
1721420,43.0,548.0,7.846715328467154
1721450,77.0,1389.0,5.543556515478762
1721510,18.0,191.0,9.424083769633508
1721600,200.0,3123.0,6.404098623118797
1721630,124.0,1376.0,9.011627906976743
1721680,48.0,221.0,21.71945701357466
1721720,50.0,885.0,5.649717514124294
1721750,151.0,1645.0,9.179331306990882
1721780,327.0,1561.0,20.948110185778347
1721840,368.0,2598.0,14.164742109314856
1721870,138.0,2528.0,5.458860759493671
1721900,543.0,5639.0,9.629366909026423
1722020,219.0,2673.0,8.19304152637486
1722050,20.0,411.0,4.866180048661801
1722080,168.0,919.0,18.280739934711644
1722110,199.0,1218.0,16.338259441707716
1722130,169.0,957.0,17.659352142110762
1722150,174.0,1187.0,14.658803706823925
1722300,56.0,570.0,9.824561403508772
1722350,22.0,193.0,11.398963730569948
1722500,218.0,1394.0,15.638450502152079
1722530,63.0,840.0,7.5
1722620,62.0,1422.0,4.360056258790436
1722710,41.0,518.0,7.915057915057915
1722740,932.0,3437.0,27.11667151585685
1722770,38.0,604.0,6.291390728476822
1722800,62.0,2289.0,2.7086063783311487
1722830,388.0,3394.0,11.431938715380083
1722860,13.0,148.0,8.783783783783784
1722870,41.0,263.0,15.5893536121673
1722920,21.0,194.0,10.824742268041238
1722950,262.0,997.0,26.278836509528585
1722980,235.0,1150.0,20.434782608695652
1723050,190.0,753.0,25.232403718459494
1723070,712.0,6944.0,10.253456221198157
1723090,83.0,1810.0,4.585635359116022
1723100,47.0,805.0,5.838509316770186
1723160,3.0,112.0,2.6785714285714284
1723200,170.0,1447.0,11.748445058742226
1723250,251.0,1308.0,19.189602446483182
1723350,551.0,3774.0,14.599894011658717
1723460,297.0,3121.0,9.516180711310477
1723640,50.0,225.0,22.22222222222222
1723700,11.0,73.0,15.068493150684931
1723730,83.0,1472.0,5.638586956521739
1723850,211.0,2477.0,8.518368994751716
1723880,521.0,4002.0,13.018490754622688
1723920,249.0,1930.0,12.901554404145077
1723970,309.0,725.0,42.62068965517241
1724000,131.0,1444.0,9.072022160664819
1724060,470.0,3128.0,15.025575447570333
1724090,1345.0,6388.0,21.055103318722605
1724120,2.0,112.0,1.7857142857142856
1724270,124.0,1461.0,8.487337440109515
1724330,259.0,2574.0,10.062160062160062
1724390,273.0,1839.0,14.845024469820556
1724420,54.0,1179.0,4.580152671755725
1724480,429.0,4422.0,9.701492537313433
1724570,116.0,688.0,16.86046511627907
1724600,753.0,3878.0,19.417225373904074
1724650,85.0,585.0,14.529914529914532
1724720,533.0,2740.0,19.452554744525546
1724750,135.0,1217.0,11.092851273623666
1724780,373.0,2564.0,14.54758190327613
1724870,183.0,1313.0,13.937547600913938
1724900,63.0,417.0,15.107913669064748
1724940,287.0,3791.0,7.570561857029808
1725000,565.0,1999.0,28.264132066033014
1725020,495.0,2525.0,19.603960396039604
1725050,687.0,3387.0,20.28343666961913
1725110,62.0,3277.0,1.8919743667989013
1725190,39.0,304.0,12.828947368421053
1725260,2.0,58.0,3.4482758620689653
1725290,525.0,4473.0,11.737089201877934
1725320,436.0,2238.0,19.481680071492406
1725500,40.0,650.0,6.153846153846154
1725590,86.0,670.0,12.835820895522387
1725620,80.0,1157.0,6.914433880726016
1725650,111.0,564.0,19.680851063829788
1725680,47.0,284.0,16.549295774647888
1725690,152.0,1651.0,9.206541490006057
1725740,27.0,865.0,3.121387283236994
1725770,154.0,974.0,15.811088295687886
1725920,283.0,1867.0,15.158007498660952
1726100,120.0,1157.0,10.371650821089023
1726180,120.0,410.0,29.268292682926827
1726190,29.0,758.0,3.825857519788918
1726250,9.0,187.0,4.81283422459893
1726310,162.0,4700.0,3.446808510638298
1726340,373.0,2817.0,13.241036563720272
1726370,83.0,1558.0,5.327342747111682
1726400,1407.0,7011.0,20.068463842533163
1726430,202.0,994.0,20.321931589537222
1726490,11.0,288.0,3.8194444444444446
1726550,191.0,1624.0,11.761083743842365
1726590,13.0,248.0,5.241935483870968
1726610,161.0,1177.0,13.678844519966017
1726640,64.0,913.0,7.0098576122672505
1726710,103.0,1033.0,9.970958373668925
1726760,38.0,318.0,11.949685534591195
1726800,287.0,3063.0,9.369898792033954
1726820,51.0,648.0,7.87037037037037
1726850,60.0,907.0,6.615214994487322
1726880,3089.0,8296.0,37.23481195756991
1726970,121.0,369.0,32.79132791327913
1727180,61.0,465.0,13.118279569892474
1727210,136.0,2303.0,5.905340859748154
1727290,71.0,528.0,13.446969696969695
1727300,98.0,1166.0,8.404802744425385
1727340,302.0,1286.0,23.48367029548989
1727360,283.0,1152.0,24.56597222222222
1727390,199.0,2255.0,8.824833702882483
1727450,33.0,432.0,7.638888888888889
1727540,122.0,1551.0,7.865892972275951
1727570,110.0,2012.0,5.467196819085487
1727610,474.0,1944.0,24.382716049382715
1727710,1870.0,16213.0,11.533954234256461
1727720,37.0,600.0,6.166666666666667
1727740,45.0,400.0,11.25
1727780,40.0,241.0,16.59751037344398
1727840,133.0,536.0,24.813432835820894
1727930,7.0,86.0,8.13953488372093
1727960,70.0,511.0,13.698630136986301
1727990,78.0,897.0,8.695652173913043
1728110,3.0,167.0,1.7964071856287425
1728140,169.0,5226.0,3.233830845771144
1728160,40.0,248.0,16.129032258064516
1728200,439.0,3936.0,11.153455284552846
1728260,18.0,171.0,10.526315789473683
1728270,15.0,259.0,5.7915057915057915
1728500,40.0,594.0,6.7340067340067336
1728530,788.0,4563.0,17.269340346263423
1728560,72.0,617.0,11.66936790923825
1728620,2062.0,12082.0,17.06671080946863
1728650,79.0,1078.0,7.328385899814471
1728700,66.0,1144.0,5.769230769230769
1728810,64.0,626.0,10.223642172523961
1728890,313.0,3410.0,9.178885630498533
1728920,48.0,564.0,8.51063829787234
1728980,70.0,1787.0,3.917179630665921
1729010,211.0,5169.0,4.0820274714644995
1729040,74.0,434.0,17.050691244239633
1729100,32.0,283.0,11.307420494699647
1729130,41.0,928.0,4.418103448275862
1729190,328.0,3287.0,9.978703985397019
1729220,306.0,1772.0,17.268623024830703
1729250,413.0,6121.0,6.747263519032838
1729280,931.0,3371.0,27.617917531889645
1729310,3.0,76.0,3.9473684210526314
1729340,41.0,277.0,14.801444043321299
1729420,93.0,607.0,15.32125205930807
1729520,18.0,165.0,10.909090909090908
1729670,47.0,562.0,8.362989323843415
1729700,7.0,87.0,8.045977011494253
1729730,7.0,33.0,21.21212121212121
1729760,322.0,3583.0,8.986882500697739
1729790,385.0,2446.0,15.739983646770236
1729890,272.0,1832.0,14.847161572052403
1729940,43.0,610.0,7.049180327868852
1730060,34.0,337.0,10.089020771513352
1730160,129.0,1416.0,9.110169491525424
1730200,82.0,1054.0,7.7798861480075905
1730220,318.0,5093.0,6.243864127233458
1730270,8231.0,17379.0,47.3617584440992
1730300,252.0,2059.0,12.23895094706168
1730330,471.0,1329.0,35.44018058690745
1730420,1349.0,12462.0,10.82490771946718
1730450,2183.0,11706.0,18.648556295916624
1730480,38.0,303.0,12.541254125412541
1730510,84.0,617.0,13.614262560777956
1730540,53.0,365.0,14.520547945205479
1730570,53.0,686.0,7.725947521865889
1730600,173.0,1977.0,8.750632271117857
1730630,217.0,1315.0,16.50190114068441
1730660,74.0,515.0,14.36893203883495
1730750,154.0,872.0,17.660550458715598
1730780,44.0,474.0,9.282700421940929
1730810,511.0,1686.0,30.308422301304866
1730840,232.0,4545.0,5.104510451045105
1730870,34.0,239.0,14.225941422594143
1730900,68.0,258.0,26.356589147286826
1730930,73.0,615.0,11.869918699186991
1730990,43.0,561.0,7.66488413547237
1731020,18.0,446.0,4.0358744394618835
1731050,62.0,875.0,7.085714285714285
1731080,686.0,3402.0,20.16460905349794
1731110,624.0,1821.0,34.2668863261944
1731140,25.0,175.0,14.285714285714285
1731200,43.0,430.0,10.0
1731230,4342.0,12572.0,34.53706649697741
1731270,151.0,737.0,20.488466757123476
1731290,163.0,1400.0,11.642857142857142
1731310,7.0,64.0,10.9375
1731380,72.0,909.0,7.920792079207921
1731410,137.0,792.0,17.2979797979798
1731500,117.0,1313.0,8.91089108910891
1731560,13.0,147.0,8.843537414965986
1731620,56.0,434.0,12.903225806451612
1731710,160.0,1267.0,12.628255722178375
1731740,3958.0,26215.0,15.098226206370398
1731770,307.0,2367.0,12.970004224757076
1731860,38.0,223.0,17.040358744394617
1731890,55.0,322.0,17.080745341614907
1731920,82.0,1253.0,6.5442936951316835
1731950,62.0,216.0,28.703703703703702
1732040,70.0,771.0,9.07911802853437
1732090,8.0,156.0,5.128205128205128
1732100,22.0,603.0,3.6484245439469323
1732160,195.0,1256.0,15.525477707006369
1732190,42.0,706.0,5.94900849858357
1732220,150.0,647.0,23.183925811437405
1732280,100.0,505.0,19.801980198019802
1732370,178.0,1531.0,11.6263879817113
1732490,24.0,147.0,16.3265306122449
1732520,11.0,680.0,1.6176470588235297
1732550,39.0,787.0,4.955527318932655
1732580,581.0,4213.0,13.790647994303345
1732670,119.0,1145.0,10.393013100436681
1732700,131.0,529.0,24.763705103969755
1732770,29.0,769.0,3.7711313394018204
1732830,113.0,813.0,13.899138991389915
1732850,119.0,1585.0,7.507886435331231
1732910,120.0,4182.0,2.8694404591104736
1732960,65.0,869.0,7.479861910241657
1732970,169.0,1783.0,9.478407178911946
1733000,1376.0,6445.0,21.34988363072149
1733030,30.0,254.0,11.811023622047244
1733090,57.0,463.0,12.311015118790497
1733120,14.0,232.0,6.0344827586206895
1733210,513.0,1673.0,30.66347878063359
1733240,290.0,763.0,38.00786369593709
1733270,218.0,1820.0,11.978021978021978
1733300,73.0,996.0,7.329317269076305
1733380,164.0,1417.0,11.573747353563867
1733390,67.0,624.0,10.737179487179487
1733420,964.0,2962.0,32.545577312626605
1733450,72.0,893.0,8.062709966405375
1733510,112.0,669.0,16.741405082212257
1733690,270.0,2250.0,12.0
1733720,231.0,852.0,27.11267605633803
1733750,12.0,310.0,3.870967741935484
1733810,52.0,1050.0,4.9523809523809526
1733840,66.0,732.0,9.01639344262295
1733870,84.0,1444.0,5.8171745152354575
1733930,98.0,1118.0,8.765652951699463
1733950,105.0,913.0,11.500547645125959
1733990,104.0,1508.0,6.896551724137931
1734020,231.0,1621.0,14.250462677359653
1734100,248.0,1453.0,17.068134893324157
1734110,51.0,249.0,20.481927710843372
1734140,37.0,499.0,7.414829659318638
1734170,8.0,133.0,6.015037593984962
1734230,244.0,1604.0,15.211970074812967
1734260,128.0,1573.0,8.137317228226319
1734290,129.0,936.0,13.782051282051283
1734320,160.0,2288.0,6.993006993006993
1734350,95.0,915.0,10.382513661202186
1734380,101.0,636.0,15.880503144654087
1734410,1404.0,5941.0,23.63238512035011
1734440,77.0,1063.0,7.243650047036689
1734470,17.0,296.0,5.743243243243244
1734510,8044.0,26103.0,30.81638125885913
1734540,66.0,1624.0,4.064039408866995
1734590,55.0,382.0,14.397905759162304
1734620,9.0,134.0,6.7164179104477615
1734650,3.0,50.0,6.0
1734710,64.0,682.0,9.3841642228739
1734740,1564.0,14413.0,10.851314785263304
1734770,8.0,225.0,3.5555555555555554
1734870,26.0,318.0,8.176100628930817
1734990,1280.0,6846.0,18.697049371896
1735010,366.0,1884.0,19.426751592356688
1735100,7.0,74.0,9.45945945945946
1735160,103.0,967.0,10.651499482936918
1735190,146.0,694.0,21.037463976945244
1735220,73.0,481.0,15.176715176715177
1735310,95.0,483.0,19.66873706004141
1735340,84.0,364.0,23.076923076923077
1735370,271.0,2068.0,13.104448742746616
1735400,70.0,804.0,8.706467661691542
1735460,419.0,1363.0,30.74101247248716
1735610,21.0,256.0,8.203125
1735640,134.0,1477.0,9.07244414353419
1735770,17.0,278.0,6.115107913669065
1735820,28.0,494.0,5.668016194331984
1735850,58.0,447.0,12.97539149888143
1735940,94.0,605.0,15.537190082644628
1735970,58.0,724.0,8.011049723756907
1736090,167.0,1194.0,13.986599664991624
1736180,125.0,1484.0,8.423180592991914
1736210,59.0,502.0,11.752988047808765
1736240,8.0,107.0,7.476635514018691
1736300,247.0,1867.0,13.229780396357793
1736330,41.0,339.0,12.094395280235988
1736360,130.0,630.0,20.634920634920633
1736450,168.0,1839.0,9.135399673735726
1736480,151.0,1834.0,8.233369683751363
1736510,25.0,545.0,4.587155963302752
1736570,38.0,804.0,4.72636815920398
1736600,132.0,933.0,14.14790996784566
1736610,79.0,478.0,16.527196652719663
1736640,52.0,330.0,15.757575757575756
1736720,49.0,645.0,7.596899224806202
1736750,21.0,1833.0,1.1456628477905073
1736780,61.0,210.0,29.04761904761905
1736810,308.0,3669.0,8.394657944944127
1736840,8.0,97.0,8.24742268041237
1736900,226.0,1063.0,21.260583254938854
1736960,39.0,336.0,11.607142857142858
1737020,7.0,51.0,13.725490196078432
1737050,52.0,639.0,8.137715179968701
1737080,4406.0,13262.0,33.22274166792339
1737120,26.0,367.0,7.084468664850137
1737140,40.0,217.0,18.433179723502306
1737170,1959.0,12795.0,15.310668229777258
1737230,36.0,422.0,8.530805687203792
1737320,54.0,446.0,12.10762331838565
1737350,246.0,3614.0,6.806862202545656
1737380,60.0,806.0,7.444168734491314
1737410,32.0,468.0,6.837606837606838
1737470,1.0,185.0,0.5405405405405406
1737490,96.0,719.0,13.351877607788595
1737590,205.0,1299.0,15.78137028483449
1737650,64.0,462.0,13.852813852813853
1737680,236.0,1480.0,15.945945945945947
1737800,5.0,74.0,6.756756756756757
1737830,36.0,353.0,10.198300283286118
1737860,12.0,406.0,2.955665024630542
1737980,63.0,618.0,10.194174757281553
1738070,70.0,517.0,13.539651837524177
1738100,279.0,872.0,31.995412844036696
1738130,101.0,1127.0,8.96184560780834
1738190,17.0,255.0,6.666666666666667
1738220,205.0,2970.0,6.902356902356903
1738370,108.0,1045.0,10.334928229665072
1738400,29.0,473.0,6.13107822410148
1738460,456.0,3740.0,12.192513368983956
1738490,81.0,376.0,21.54255319148936
1738520,39.0,305.0,12.786885245901638
1738550,3.0,95.0,3.1578947368421053
1738700,484.0,2474.0,19.56345998383185
1738760,17.0,1068.0,1.5917602996254683
1738790,35.0,168.0,20.833333333333336
1738910,4.0,236.0,1.694915254237288
1738940,58.0,3302.0,1.756511205330103
1738970,2057.0,4920.0,41.8089430894309
1739030,245.0,2508.0,9.768740031897927
1739090,67.0,985.0,6.802030456852792
1739120,202.0,1662.0,12.154031287605296
1739180,21.0,163.0,12.883435582822086
1739390,58.0,956.0,6.066945606694561
1739420,108.0,1373.0,7.86598689002185
1739450,74.0,582.0,12.714776632302405
1739480,86.0,376.0,22.872340425531913
1739510,457.0,6092.0,7.501641497045306
1739600,84.0,943.0,8.907741251325557
1739630,63.0,356.0,17.696629213483146
1739660,10.0,91.0,10.989010989010989
1739780,41.0,656.0,6.25
1739870,439.0,1661.0,26.42986152919928
1739930,125.0,673.0,18.573551263001487
1739960,1155.0,4100.0,28.17073170731707
1740070,3534.0,16356.0,21.606749816581072
1740080,46.0,465.0,9.89247311827957
1740140,260.0,1453.0,17.894012388162423
1740200,2.0,91.0,2.197802197802198
1740220,10.0,41.0,24.390243902439025
1740260,56.0,425.0,13.176470588235295
1740290,58.0,382.0,15.18324607329843
1740320,130.0,633.0,20.537124802527646
1740350,373.0,3429.0,10.877806940799067
1740410,10.0,287.0,3.484320557491289
1740440,313.0,2103.0,14.883499762244412
1740470,201.0,1521.0,13.214990138067062
1740480,42.0,63.0,66.66666666666666
1740500,184.0,2183.0,8.428767750801649
1740530,22.0,381.0,5.774278215223097
1740620,10.0,223.0,4.484304932735426
1740650,39.0,364.0,10.714285714285714
1740680,22.0,124.0,17.741935483870968
1740740,44.0,404.0,10.891089108910892
1740800,446.0,4025.0,11.080745341614907
1740830,100.0,884.0,11.312217194570136
1740890,25.0,412.0,6.067961165048544
1740920,53.0,352.0,15.056818181818182
1740980,216.0,1351.0,15.988156920799407
1741010,84.0,764.0,10.99476439790576
1741040,68.0,970.0,7.010309278350515
1741070,213.0,2571.0,8.284714119019837
1741190,439.0,4588.0,9.568439407149084
1741250,2600.0,15676.0,16.58586374075019
1741280,52.0,352.0,14.772727272727273
1741360,42.0,535.0,7.850467289719626
1741520,235.0,1127.0,20.851818988464952
1741550,499.0,3991.0,12.50313204710599
1741580,443.0,1734.0,25.547866205305652
1741600,6.0,235.0,2.553191489361702
1741690,2283.0,26974.0,8.463705790761473
1741700,76.0,771.0,9.857328145265889
1741750,40.0,544.0,7.352941176470589
1741790,104.0,1180.0,8.813559322033898
1741820,3.0,762.0,0.39370078740157477
1741980,150.0,1281.0,11.7096018735363
1742060,57.0,586.0,9.726962457337883
1742180,1429.0,12617.0,11.325988745343583
1742210,814.0,6287.0,12.94735167806585
1742240,145.0,904.0,16.039823008849556
1742300,179.0,1270.0,14.094488188976378
1742310,586.0,3344.0,17.523923444976077
1742450,47.0,266.0,17.669172932330827
1742480,81.0,1553.0,5.215711526078557
1742510,29.0,148.0,19.594594594594593
1742570,47.0,374.0,12.566844919786096
1742600,193.0,3391.0,5.691536419935122
1742630,149.0,1317.0,11.313591495823843
1742660,83.0,610.0,13.60655737704918
1742690,51.0,378.0,13.492063492063492
1742720,23.0,300.0,7.666666666666666
1742790,91.0,1251.0,7.274180655475619
1742840,120.0,1633.0,7.348438456827925
1742900,49.0,548.0,8.94160583941606
1742960,49.0,805.0,6.086956521739131
1742990,69.0,345.0,20.0
1743020,39.0,975.0,4.0
1743050,148.0,733.0,20.190995907230562
1743070,3.0,19.0,15.789473684210526
1743110,627.0,5552.0,11.293227665706052
1743330,1318.0,6783.0,19.43093026684358
1743380,179.0,1096.0,16.33211678832117
1743800,137.0,601.0,22.795341098169715
1743860,570.0,2400.0,23.75
1743890,769.0,2575.0,29.864077669902912
1743960,1004.0,6085.0,16.499589153656533
1743962,145.0,953.0,15.21511017838405
1743963,20.0,76.0,26.31578947368421
1800008,103.0,721.0,14.285714285714285
1800011,42.0,543.0,7.734806629834254
1800013,72.0,312.0,23.076923076923077
1800014,189.0,1004.0,18.824701195219124
1800016,18.0,138.0,13.043478260869565
1800018,46.0,659.0,6.980273141122914
1800021,9.0,373.0,2.4128686327077746
1800023,46.0,126.0,36.507936507936506
1800024,57.0,322.0,17.70186335403727
1800025,332.0,1092.0,30.4029304029304
1800027,179.0,452.0,39.60176991150443
1800028,86.0,292.0,29.45205479452055
1800030,232.0,7409.0,3.13132676474558
1800033,73.0,594.0,12.289562289562289
1800037,16.0,187.0,8.55614973262032
1800038,35.0,670.0,5.223880597014925
1800042,166.0,642.0,25.85669781931464
1800043,19.0,177.0,10.734463276836157
1800045,25.0,301.0,8.305647840531561
1800046,148.0,930.0,15.913978494623656
1800048,56.0,418.0,13.397129186602871
1800051,246.0,867.0,28.373702422145332
1800052,665.0,1439.0,46.21264767199444
1800054,81.0,500.0,16.2
1800056,170.0,200.0,85.0
1800057,61.0,459.0,13.28976034858388
1800058,76.0,862.0,8.816705336426914
1800059,13.0,30.0,43.333333333333336
1800060,51.0,1279.0,3.98749022673964
1800061,25.0,373.0,6.702412868632708
1800064,246.0,288.0,85.41666666666666
1800065,9.0,247.0,3.643724696356275
1800067,65.0,587.0,11.073253833049405
1800071,168.0,692.0,24.277456647398843
1800072,57.0,206.0,27.669902912621357
1800074,7.0,84.0,8.333333333333332
1800077,137.0,745.0,18.389261744966444
1800082,46.0,535.0,8.598130841121495
1800083,16.0,278.0,5.755395683453238
1800086,214.0,748.0,28.609625668449194
1800088,39.0,533.0,7.317073170731707
1800094,195.0,657.0,29.68036529680365
1800098,1795.0,4502.0,39.87116836961351
1800099,48.0,459.0,10.457516339869281
1800101,37.0,295.0,12.54237288135593
1800105,88.0,135.0,65.18518518518519
1800107,32.0,363.0,8.81542699724518
1800108,33.0,198.0,16.666666666666664
1800112,473.0,734.0,64.44141689373298
1800113,154.0,186.0,82.79569892473118
1800118,210.0,1168.0,17.97945205479452
1800120,165.0,1478.0,11.163734776725304
1800123,44.0,204.0,21.568627450980394
1800124,85.0,271.0,31.365313653136536
1800126,339.0,488.0,69.4672131147541
1800127,265.0,351.0,75.49857549857549
1800128,5.0,144.0,3.4722222222222223
1800129,17.0,103.0,16.50485436893204
1800131,10.0,73.0,13.698630136986301
1800137,60.0,423.0,14.184397163120568
1800139,28.0,216.0,12.962962962962962
1800141,134.0,510.0,26.27450980392157
1800145,30.0,253.0,11.857707509881422
1800146,117.0,435.0,26.89655172413793
1800147,124.0,398.0,31.155778894472363
1800148,78.0,274.0,28.467153284671532
1800149,15.0,322.0,4.658385093167702
1800150,1459.0,6751.0,21.61161309435639
1800152,57.0,131.0,43.51145038167939
1800160,35.0,48.0,72.91666666666666
1800161,145.0,644.0,22.51552795031056
1800164,44.0,323.0,13.622291021671826
1800165,121.0,360.0,33.611111111111114
1800168,35.0,181.0,19.337016574585636
1800170,112.0,347.0,32.27665706051873
1800171,49.0,298.0,16.44295302013423
1800172,24.0,81.0,29.629629629629626
1800176,26.0,227.0,11.45374449339207
1800177,124.0,221.0,56.10859728506787
1800178,143.0,222.0,64.41441441441441
1800179,474.0,783.0,60.53639846743295
1800180,42.0,635.0,6.6141732283464565
1800181,34.0,80.0,42.5
1800183,19.0,146.0,13.013698630136986
1800184,8.0,90.0,8.88888888888889
1800185,166.0,236.0,70.33898305084746
1800187,10.0,140.0,7.142857142857142
1800188,51.0,121.0,42.14876033057851
1800190,397.0,498.0,79.71887550200803
1800191,71.0,73.0,97.26027397260275
1800210,70.0,602.0,11.627906976744185
1800240,259.0,2449.0,10.575745202123315
1800270,459.0,9213.0,4.982090524259199
1800330,27.0,835.0,3.2335329341317367
1800360,1078.0,11517.0,9.36007640878701
1800390,169.0,2195.0,7.699316628701594
1800420,260.0,1884.0,13.800424628450106
1800450,672.0,3026.0,22.20753469927297
1800480,101.0,1831.0,5.516111414527581
1800570,189.0,1649.0,11.461491813220134
1800600,142.0,1339.0,10.604929051530993
1800630,1422.0,11054.0,12.864121584946625
1800660,76.0,676.0,11.242603550295858
1800690,245.0,2239.0,10.94238499330058
1800720,156.0,1684.0,9.263657957244655
1800750,101.0,1145.0,8.820960698689955
1800840,567.0,4069.0,13.934627672646844
1800900,123.0,1491.0,8.249496981891348
1800960,251.0,1991.0,12.606730286288299
1801020,463.0,8582.0,5.3950128175250525
1801050,139.0,1560.0,8.91025641025641
1801060,129.0,1140.0,11.31578947368421
1801170,74.0,256.0,28.90625
1801200,689.0,15940.0,4.32245922208281
1801230,44.0,165.0,26.666666666666668
1801290,94.0,1091.0,8.615948670944087
1801410,79.0,671.0,11.773472429210134
1801440,439.0,8325.0,5.273273273273273
1801560,147.0,1925.0,7.636363636363637
1801590,273.0,3602.0,7.579122709605775
1801710,120.0,1207.0,9.942004971002486
1801740,127.0,1251.0,10.151878497202238
1801770,166.0,1525.0,10.885245901639344
1801890,710.0,7119.0,9.973310858266611
1801920,215.0,1375.0,15.636363636363637
1802040,88.0,1818.0,4.84048404840484
1802130,68.0,895.0,7.597765363128492
1802160,103.0,1202.0,8.569051580698835
1802190,38.0,924.0,4.112554112554113
1802220,128.0,1148.0,11.149825783972126
1802280,260.0,3601.0,7.2202166064981945
1802400,721.0,5268.0,13.686408504176159
1802430,81.0,903.0,8.970099667774086
1802440,281.0,1494.0,18.808567603748326
1802460,302.0,2443.0,12.361850184199755
1802490,1000.0,8499.0,11.766090128250383
1802520,109.0,756.0,14.417989417989418
1802550,184.0,2514.0,7.319013524264122
1802610,211.0,1977.0,10.672736469398078
1802640,1299.0,6825.0,19.032967032967033
1802660,303.0,2670.0,11.348314606741573
1802700,187.0,1221.0,15.315315315315313
1802800,686.0,5811.0,11.805197040096369
1802830,294.0,7123.0,4.127474378772989
1802850,1266.0,9749.0,12.985947276643758
1802880,1166.0,3695.0,31.55615696887686
1802910,328.0,1213.0,27.040395713107994
1802940,61.0,896.0,6.8080357142857135
1802970,377.0,3646.0,10.34009873834339
1803000,250.0,1415.0,17.6678445229682
1803030,87.0,1611.0,5.400372439478584
1803060,131.0,1347.0,9.725315515961395
1803090,130.0,1106.0,11.754068716094032
1803120,156.0,1227.0,12.71393643031785
1803150,102.0,1504.0,6.781914893617021
1803180,130.0,869.0,14.959723820483314
1803210,95.0,1157.0,8.210890233362143
1803240,118.0,859.0,13.736903376018628
1803270,2845.0,12601.0,22.577573208475517
1803300,213.0,1590.0,13.39622641509434
1803330,72.0,316.0,22.78481012658228
1803450,1670.0,21514.0,7.762387282699637
1803480,187.0,2155.0,8.677494199535962
1803510,612.0,3450.0,17.739130434782606
1803570,106.0,891.0,11.896745230078563
1803630,3968.0,29432.0,13.481924435988041
1803660,443.0,3117.0,14.212383702277831
1803690,534.0,5144.0,10.381026438569208
1803700,285.0,2378.0,11.984861227922625
1803720,47.0,770.0,6.103896103896104
1803750,800.0,9322.0,8.581849388543231
1803780,133.0,946.0,14.059196617336154
1803810,39.0,680.0,5.735294117647059
1803840,125.0,1766.0,7.078142695356739
1803870,1932.0,4726.0,40.88023698688109
1803930,467.0,6650.0,7.022556390977444
1803940,1923.0,10323.0,18.62830572507992
1803960,94.0,3181.0,2.955045583149953
1803990,220.0,1914.0,11.494252873563218
1804050,328.0,4588.0,7.149084568439407
1804080,171.0,2172.0,7.872928176795579
1804110,317.0,4000.0,7.925
1804140,85.0,1507.0,5.640345056403451
1804170,140.0,2467.0,5.6749087961086335
1804230,45.0,283.0,15.901060070671377
1804260,212.0,2392.0,8.862876254180602
1804320,2317.0,13771.0,16.825212402875607
1804350,56.0,2269.0,2.46804759806082
1804470,316.0,2663.0,11.866316184754037
1804500,164.0,884.0,18.552036199095024
1804560,213.0,3231.0,6.592386258124419
1804590,428.0,4122.0,10.383309073265405
1804620,267.0,1658.0,16.103739445114595
1804710,488.0,5142.0,9.490470633994555
1804770,6302.0,25922.0,24.311395725638455
1804800,100.0,850.0,11.76470588235294
1804980,613.0,3315.0,18.491704374057317
1805190,651.0,4212.0,15.455840455840455
1805280,439.0,3394.0,12.934590453741897
1805340,217.0,1905.0,11.391076115485564
1805370,1024.0,6128.0,16.710182767624023
1805400,948.0,7670.0,12.359843546284225
1805450,891.0,9468.0,9.4106463878327
1805460,148.0,1917.0,7.720396452790819
1805520,213.0,1903.0,11.192853389385181
1805550,490.0,3045.0,16.091954022988507
1805580,713.0,6411.0,11.121509904851038
1805670,2313.0,16162.0,14.31134760549437
1805700,266.0,2062.0,12.900096993210475
1805790,312.0,3511.0,8.886357163201367
1805880,135.0,1196.0,11.2876254180602
1805910,126.0,1409.0,8.942512420156138
1806030,539.0,4259.0,12.655552946701103
1806060,69.0,874.0,7.894736842105263
1806080,125.0,1278.0,9.780907668231611
1806090,252.0,2257.0,11.165263624280017
1806120,400.0,2700.0,14.814814814814813
1806240,77.0,1191.0,6.465155331654072
1806270,203.0,1617.0,12.554112554112553
1806390,746.0,3444.0,21.660859465737513
1806480,90.0,1074.0,8.379888268156424
1806510,553.0,4570.0,12.100656455142232
1806570,1292.0,5409.0,23.88611573303753
1806600,529.0,4544.0,11.641725352112676
1806630,111.0,1150.0,9.652173913043478
1806660,62.0,1548.0,4.0051679586563305
1806840,1077.0,5538.0,19.447453954496208
1806870,135.0,2505.0,5.389221556886228
1806900,188.0,1593.0,11.80163214061519
1807020,46.0,815.0,5.644171779141105
1807080,150.0,1085.0,13.82488479262673
1807110,93.0,1288.0,7.220496894409938
1807140,445.0,4377.0,10.166780900159928
1807230,157.0,2589.0,6.0641174198532255
1807260,289.0,3977.0,7.266784008046266
1807290,178.0,2040.0,8.72549019607843
1807320,1091.0,5166.0,21.118854045683314
1807350,88.0,4053.0,2.1712311867752283
1807380,82.0,1099.0,7.461328480436761
1807410,1516.0,11458.0,13.23093035433758
1807440,427.0,3166.0,13.48704990524321
1807470,64.0,889.0,7.19910011248594
1807560,207.0,2960.0,6.993243243243243
1807620,158.0,1865.0,8.471849865951743
1807650,706.0,10519.0,6.711664606901797
1807680,190.0,1788.0,10.626398210290827
1807710,81.0,1211.0,6.688687035507845
1807770,288.0,2001.0,14.3928035982009
1807800,194.0,1049.0,18.493803622497616
1807830,160.0,1322.0,12.102874432677762
1807860,952.0,4872.0,19.54022988505747
1807890,103.0,946.0,10.887949260042284
1807900,159.0,1895.0,8.390501319261213
1807920,170.0,1366.0,12.445095168374817
1807950,67.0,1467.0,4.567143830947512
1807980,152.0,1355.0,11.21771217712177
1808010,109.0,2024.0,5.3853754940711465
1808040,131.0,768.0,17.057291666666664
1808070,123.0,752.0,16.356382978723406
1808100,93.0,1902.0,4.889589905362776
1808120,44.0,816.0,5.392156862745098
1808130,107.0,868.0,12.327188940092165
1808160,110.0,863.0,12.746234067207416
1808190,105.0,1295.0,8.108108108108109
1808220,139.0,2580.0,5.387596899224807
1808250,305.0,7555.0,4.037061548643282
1808280,221.0,1407.0,15.707178393745558
1808310,147.0,1520.0,9.671052631578947
1808320,45.0,112.0,40.17857142857143
1808340,118.0,1734.0,6.805074971164937
1808460,109.0,554.0,19.67509025270758
1808490,96.0,826.0,11.62227602905569
1808640,153.0,1416.0,10.805084745762713
1808760,641.0,10860.0,5.902394106813996
1808820,1777.0,16509.0,10.763825791992247
1808850,263.0,2121.0,12.399811409712399
1808900,175.0,1822.0,9.604829857299672
1808910,1193.0,11238.0,10.615767930236697
1808940,78.0,971.0,8.032955715756952
1808970,317.0,5397.0,5.873633500092644
1809000,146.0,2537.0,5.754828537642885
1809060,415.0,3556.0,11.670416197975253
1809120,190.0,1907.0,9.963293130571579
1809130,61.0,282.0,21.631205673758867
1809150,1112.0,7677.0,14.484824801354696
1809180,157.0,1458.0,10.768175582990398
1809300,117.0,1298.0,9.01386748844376
1809360,155.0,777.0,19.948519948519948
1809370,398.0,4745.0,8.387776606954688
1809420,107.0,1656.0,6.461352657004831
1809480,224.0,2837.0,7.895664434261544
1809510,972.0,4967.0,19.5691564324542
1809600,38.0,637.0,5.965463108320251
1809630,199.0,1745.0,11.404011461318051
1809690,569.0,6406.0,8.88229784576959
1809720,66.0,993.0,6.646525679758309
1809750,294.0,2124.0,13.841807909604519
1809810,260.0,1898.0,13.698630136986301
1809840,59.0,945.0,6.243386243386243
1809990,190.0,1195.0,15.899581589958158
1810020,245.0,2649.0,9.248773121932805
1810080,665.0,4860.0,13.68312757201646
1810140,384.0,4048.0,9.486166007905137
1810170,60.0,572.0,10.48951048951049
1810230,101.0,1174.0,8.603066439522998
1810260,106.0,1261.0,8.406026962727994
1810290,5126.0,17191.0,29.817927985573846
1810350,117.0,2015.0,5.806451612903226
1810360,365.0,3118.0,11.70622193713919
1810380,108.0,804.0,13.432835820895523
1810410,92.0,1240.0,7.419354838709677
1810440,255.0,4458.0,5.720053835800807
1810450,206.0,1682.0,12.247324613555291
1810470,107.0,879.0,12.17292377701934
1810500,122.0,1156.0,10.55363321799308
1810530,174.0,1186.0,14.67116357504216
1810560,150.0,1286.0,11.66407465007776
1810590,274.0,1675.0,16.35820895522388
1810620,106.0,1051.0,10.085632730732636
1810640,47.0,1339.0,3.51008215085885
1810650,1253.0,21519.0,5.822761280728658
1810680,114.0,1309.0,8.708938120702827
1810710,294.0,3667.0,8.017452958821925
1810740,45.0,539.0,8.348794063079778
1810770,40.0,876.0,4.5662100456621
1810800,203.0,1344.0,15.104166666666666
1810830,54.0,606.0,8.91089108910891
1810860,227.0,1706.0,13.305978898007034
1810870,121.0,1722.0,7.0267131242741
1810900,118.0,1004.0,11.752988047808765
1810920,165.0,1858.0,8.880516684607104
1810950,252.0,2570.0,9.805447470817121
1810980,110.0,856.0,12.850467289719624
1811100,529.0,2755.0,19.201451905626136
1811190,341.0,3786.0,9.006867406233491
1811220,229.0,1515.0,15.115511551155114
1811250,255.0,1289.0,19.78277734678045
1811260,230.0,1394.0,16.49928263988522
1811340,872.0,13245.0,6.5836164590411475
1811370,203.0,1866.0,10.878885316184352
1811400,166.0,1582.0,10.493046776232617
1811430,78.0,723.0,10.78838174273859
1811460,302.0,3292.0,9.173754556500608
1811490,49.0,896.0,5.46875
1811580,156.0,2412.0,6.467661691542288
1811610,71.0,1409.0,5.039034776437189
1811700,86.0,1454.0,5.914718019257221
1811730,432.0,796.0,54.2713567839196
1811910,122.0,1191.0,10.243492863140219
1811970,420.0,6382.0,6.581009088060169
1812060,47.0,413.0,11.380145278450362
1812090,2638.0,14745.0,17.89081044421838
1812120,329.0,2714.0,12.122328666175388
1812150,115.0,1539.0,7.472384665367121
1812180,241.0,2176.0,11.075367647058822
1812240,225.0,2970.0,7.575757575757576
1812360,2392.0,11992.0,19.946631087391594
1812390,804.0,10183.0,7.8955121280565645
1812420,1068.0,6944.0,15.380184331797233
1812450,430.0,2589.0,16.60872923908845
1812720,1237.0,11284.0,10.962424672102092
1812810,2930.0,16223.0,18.060777907908527
1812870,152.0,2375.0,6.4
1812880,321.0,3108.0,10.328185328185329
1812900,355.0,2373.0,14.959966287399915
1812930,124.0,868.0,14.285714285714285
1812990,92.0,1701.0,5.408583186360964
1813050,139.0,941.0,14.771519659936239
1813080,355.0,7907.0,4.489692677374478
1813110,154.0,2236.0,6.887298747763864
1813200,86.0,1352.0,6.3609467455621305
1813230,149.0,1404.0,10.612535612535613
1900006,80.0,771.0,10.376134889753567
1900009,57.0,808.0,7.054455445544554
1900015,47.0,825.0,5.696969696969697
1900021,100.0,1058.0,9.45179584120983
1900022,99.0,1085.0,9.12442396313364
1900023,45.0,674.0,6.6765578635014835
1900024,96.0,955.0,10.052356020942408
1900025,48.0,724.0,6.629834254143646
1900026,54.0,599.0,9.015025041736227
1900027,64.0,654.0,9.785932721712538
1900028,91.0,590.0,15.423728813559324
1900031,9.0,116.0,7.758620689655173
1900032,8.0,280.0,2.857142857142857
1900040,87.0,826.0,10.53268765133172
1900060,83.0,535.0,15.514018691588785
1903060,59.0,609.0,9.688013136289
1903090,22.0,264.0,8.333333333333332
1903150,121.0,1875.0,6.453333333333333
1903220,31.0,586.0,5.290102389078498
1903270,162.0,1136.0,14.26056338028169
1903300,38.0,664.0,5.72289156626506
1903360,96.0,1481.0,6.482106684672519
1903390,132.0,1113.0,11.859838274932615
1903450,45.0,639.0,7.042253521126761
1903480,64.0,522.0,12.260536398467432
1903540,455.0,4636.0,9.814495254529767
1903570,213.0,1266.0,16.824644549763033
1903630,4.0,178.0,2.247191011235955
1903690,761.0,11688.0,6.510951403148528
1903750,70.0,862.0,8.120649651972158
1903780,13.0,204.0,6.372549019607843
1903850,81.0,370.0,21.891891891891895
1903930,154.0,1441.0,10.687022900763358
1903960,39.0,532.0,7.330827067669173
1904020,21.0,294.0,7.142857142857142
1904080,53.0,737.0,7.191316146540028
1904200,101.0,1725.0,5.855072463768115
1904320,46.0,632.0,7.2784810126582276
1904380,29.0,451.0,6.430155210643015
1904440,67.0,594.0,11.27946127946128
1904560,27.0,464.0,5.818965517241379
1904620,24.0,552.0,4.3478260869565215
1904650,47.0,720.0,6.527777777777779
1904680,28.0,328.0,8.536585365853659
1904740,5.0,82.0,6.097560975609756
1904830,151.0,1553.0,9.723116548615582
1904860,450.0,4606.0,9.769865392965697
1904950,61.0,1034.0,5.899419729206963
1905070,141.0,2166.0,6.509695290858726
1905130,143.0,1808.0,7.90929203539823
1905190,40.0,641.0,6.240249609984399
1905430,39.0,596.0,6.543624161073826
1905490,72.0,609.0,11.822660098522167
1905750,80.0,511.0,15.655577299412915
1905790,785.0,3807.0,20.619910690832675
1905940,302.0,1111.0,27.182718271827184
1905970,16.0,255.0,6.2745098039215685
1906000,52.0,490.0,10.612244897959183
1906060,86.0,993.0,8.66062437059416
1906240,65.0,943.0,6.892895015906681
1906270,209.0,2195.0,9.521640091116174
1906330,122.0,1806.0,6.755260243632337
1906510,425.0,5438.0,7.815373299006987
1906540,2300.0,16613.0,13.844579546138567
1906660,114.0,1595.0,7.147335423197493
1906750,183.0,1335.0,13.707865168539326
1906780,61.0,438.0,13.926940639269406
1906810,156.0,1539.0,10.1364522417154
1906840,39.0,439.0,8.88382687927107
1906900,59.0,700.0,8.428571428571429
1906930,135.0,1156.0,11.678200692041523
1906960,50.0,790.0,6.329113924050633
1907050,150.0,1197.0,12.531328320802004
1907080,189.0,1530.0,12.352941176470589
1907110,15.0,201.0,7.462686567164178
1907170,91.0,1105.0,8.235294117647058
1907350,84.0,1062.0,7.909604519774012
1907380,72.0,1011.0,7.121661721068249
1907410,189.0,1428.0,13.23529411764706
1907440,25.0,321.0,7.78816199376947
1907470,38.0,249.0,15.261044176706829
1907590,197.0,2455.0,8.024439918533604
1907620,82.0,1323.0,6.198034769463341
1907710,527.0,3645.0,14.458161865569272
1907860,569.0,5727.0,9.935393748908679
1907900,37.0,413.0,8.958837772397095
1907920,47.0,443.0,10.609480812641085
1907980,150.0,717.0,20.920502092050206
1908070,37.0,444.0,8.333333333333332
1908130,47.0,416.0,11.298076923076923
1908220,1073.0,9100.0,11.791208791208792
1908310,134.0,1428.0,9.38375350140056
1908520,299.0,3170.0,9.43217665615142
1908550,64.0,712.0,8.98876404494382
1908580,2773.0,14733.0,18.821692798479603
1908610,115.0,1220.0,9.426229508196721
1908730,95.0,1680.0,5.654761904761905
1908880,14.0,177.0,7.909604519774012
1908910,228.0,2314.0,9.853068280034574
1908940,15.0,788.0,1.903553299492386
1908970,3457.0,32271.0,10.712404325865329
1909060,4.0,60.0,6.666666666666667
1909120,49.0,920.0,5.326086956521739
1909480,1074.0,10568.0,10.162755488266464
1909540,62.0,451.0,13.747228381374724
1909570,57.0,452.0,12.610619469026549
1909600,62.0,692.0,8.959537572254336
1909990,110.0,869.0,12.658227848101266
1910050,80.0,609.0,13.136288998357964
1910110,66.0,641.0,10.29641185647426
1910130,83.0,523.0,15.86998087954111
1910340,49.0,453.0,10.816777041942604
1910350,87.0,530.0,16.41509433962264
1910410,29.0,336.0,8.630952380952381
1910500,63.0,545.0,11.559633027522937
1910690,104.0,591.0,17.59729272419628
1910950,56.0,813.0,6.888068880688807
1910980,56.0,483.0,11.594202898550725
1911040,22.0,212.0,10.377358490566039
1911070,165.0,1322.0,12.48108925869894
1911250,37.0,395.0,9.367088607594937
1911340,187.0,1635.0,11.43730886850153
1911790,98.0,1175.0,8.340425531914894
1911820,556.0,3952.0,14.068825910931174
1911850,191.0,1860.0,10.268817204301076
1912120,20.0,515.0,3.8834951456310676
1912230,53.0,442.0,11.990950226244344
1912330,119.0,1050.0,11.333333333333332
1912480,30.0,427.0,7.02576112412178
1912510,62.0,1560.0,3.974358974358974
1912600,12.0,70.0,17.142857142857142
1912660,43.0,463.0,9.287257019438446
1912690,171.0,2102.0,8.135109419600381
1912750,14.0,343.0,4.081632653061225
1912810,18.0,251.0,7.171314741035857
1913110,59.0,641.0,9.204368174726989
1913200,225.0,1695.0,13.274336283185843
1913230,61.0,517.0,11.798839458413926
1913290,46.0,690.0,6.666666666666667
1913320,48.0,521.0,9.213051823416507
1913350,66.0,883.0,7.474518686296716
1913380,46.0,350.0,13.142857142857142
1913440,17.0,145.0,11.724137931034482
1913470,105.0,1252.0,8.386581469648563
1913500,125.0,1575.0,7.936507936507936
1913530,11.0,167.0,6.58682634730539
1913660,56.0,614.0,9.120521172638437
1914010,57.0,637.0,8.948194662480377
1914160,62.0,819.0,7.57020757020757
1914280,124.0,1054.0,11.76470588235294
1914310,43.0,391.0,10.997442455242968
1914340,85.0,753.0,11.288180610889773
1914370,50.0,1439.0,3.4746351633078527
1914580,134.0,1396.0,9.598853868194842
1914640,652.0,3634.0,17.94166208035223
1914670,51.0,844.0,6.042654028436019
1914700,1737.0,14317.0,12.13242997834742
1914730,94.0,1259.0,7.466243050039714
1914850,29.0,586.0,4.948805460750854
1914880,54.0,695.0,7.76978417266187
1915180,8.0,432.0,1.8518518518518516
1915210,126.0,1296.0,9.722222222222223
1915330,71.0,925.0,7.675675675675675
1915450,420.0,7298.0,5.755001370238421
1915630,197.0,1727.0,11.407064273306311
1915660,19.0,331.0,5.740181268882175
1915750,33.0,451.0,7.317073170731707
1915840,178.0,1656.0,10.748792270531402
1916110,69.0,703.0,9.815078236130867
1916140,15.0,362.0,4.143646408839778
1916320,29.0,349.0,8.30945558739255
1916420,20.0,170.0,11.76470588235294
1916440,59.0,633.0,9.320695102685624
1916530,175.0,2175.0,8.045977011494253
1916620,39.0,518.0,7.5289575289575295
1916680,177.0,2970.0,5.95959595959596
1917100,158.0,725.0,21.793103448275865
1917220,660.0,7549.0,8.742879851635978
1917250,55.0,673.0,8.172362555720653
1917460,27.0,722.0,3.739612188365651
1917550,67.0,496.0,13.508064516129032
1917820,102.0,896.0,11.383928571428571
1917880,1.0,61.0,1.639344262295082
1918030,37.0,504.0,7.341269841269842
1918120,67.0,830.0,8.072289156626505
1918180,61.0,664.0,9.186746987951807
1918240,57.0,473.0,12.050739957716702
1918330,38.0,809.0,4.697156983930779
1918480,91.0,702.0,12.962962962962962
1918510,127.0,1394.0,9.110473457675754
1918540,58.0,711.0,8.157524613220815
1918630,65.0,354.0,18.361581920903955
1918690,257.0,2193.0,11.719106247150023
1918720,949.0,5134.0,18.48461238800156
1918750,51.0,568.0,8.97887323943662
1918780,461.0,3838.0,12.011464304325168
1918840,97.0,1431.0,6.778476589797345
1918930,41.0,881.0,4.6538024971623155
1918960,32.0,367.0,8.71934604904632
1919140,110.0,1458.0,7.544581618655692
1919200,39.0,484.0,8.057851239669422
1919440,44.0,798.0,5.513784461152882
1919590,43.0,504.0,8.531746031746032
1919650,92.0,1093.0,8.417200365965233
1919710,149.0,384.0,38.80208333333333
1919740,25.0,250.0,10.0
1919770,5.0,115.0,4.3478260869565215
1919800,41.0,192.0,21.354166666666664
1919860,36.0,630.0,5.714285714285714
1919890,213.0,1897.0,11.228255139694255
1920040,88.0,1402.0,6.276747503566334
1920100,13.0,328.0,3.9634146341463414
1920130,881.0,4898.0,17.986933442221314
1920190,18.0,614.0,2.9315960912052117
1920250,106.0,1579.0,6.713109563014566
1920340,38.0,1075.0,3.5348837209302326
1920460,66.0,548.0,12.043795620437956
1920580,43.0,501.0,8.582834331337326
1920610,365.0,3060.0,11.928104575163399
1920760,68.0,811.0,8.384710234278668
1920820,67.0,590.0,11.35593220338983
1920830,58.0,282.0,20.56737588652482
1920850,59.0,555.0,10.63063063063063
1920910,88.0,1779.0,4.946599213041035
1920940,202.0,3207.0,6.298721546616775
1921000,54.0,460.0,11.73913043478261
1921060,4.0,75.0,5.333333333333334
1921090,48.0,847.0,5.667060212514758
1921210,30.0,591.0,5.0761421319796955
1921240,188.0,2920.0,6.438356164383562
1921600,18.0,369.0,4.878048780487805
1921630,201.0,1257.0,15.990453460620524
1921660,56.0,711.0,7.876230661040788
1921720,14.0,80.0,17.5
1921810,8.0,161.0,4.968944099378882
1921840,71.0,981.0,7.237512742099899
1921870,202.0,2174.0,9.291628334866605
1922110,538.0,4227.0,12.727702862550272
1922380,9.0,228.0,3.9473684210526314
1922440,62.0,711.0,8.720112517580873
1922470,122.0,2442.0,4.995904995904995
1922530,216.0,1702.0,12.690951821386603
1923110,188.0,4876.0,3.855619360131255
1923160,29.0,758.0,3.825857519788918
1923190,67.0,704.0,9.517045454545455
1923340,86.0,721.0,11.927877947295423
1924000,173.0,1122.0,15.418894830659536
1924120,21.0,340.0,6.176470588235294
1924150,34.0,356.0,9.550561797752808
1924660,35.0,900.0,3.888888888888889
1924870,72.0,1120.0,6.428571428571428
1924960,14.0,458.0,3.056768558951965
1925050,14.0,195.0,7.179487179487179
1925200,36.0,622.0,5.787781350482315
1925320,159.0,1337.0,11.892296185489904
1925380,40.0,388.0,10.309278350515463
1925410,10.0,165.0,6.0606060606060606
1925590,105.0,1617.0,6.493506493506493
1925620,23.0,256.0,8.984375
1925920,83.0,719.0,11.543810848400557
1925980,77.0,1059.0,7.2710103871576965
1926070,61.0,1120.0,5.446428571428571
1926250,57.0,522.0,10.919540229885058
1926280,40.0,579.0,6.90846286701209
1926370,67.0,1358.0,4.9337260677466865
1926400,1681.0,14236.0,11.808092160719303
1926580,26.0,1501.0,1.73217854763491
1926640,56.0,730.0,7.671232876712329
1926670,30.0,157.0,19.10828025477707
1926730,182.0,1550.0,11.741935483870968
1926790,28.0,494.0,5.668016194331984
1926820,555.0,7141.0,7.772020725388601
1926850,64.0,496.0,12.903225806451612
1926910,237.0,2054.0,11.538461538461538
1927000,122.0,1284.0,9.501557632398754
1927060,50.0,419.0,11.933174224343675
1927240,22.0,234.0,9.401709401709402
1927270,53.0,618.0,8.576051779935275
1927390,282.0,2452.0,11.500815660685156
1927480,4.0,82.0,4.878048780487805
1927500,156.0,838.0,18.615751789976134
1927600,80.0,831.0,9.626955475330927
1927870,101.0,991.0,10.191725529767911
1927960,29.0,814.0,3.562653562653563
1927990,22.0,690.0,3.1884057971014492
1928020,35.0,253.0,13.83399209486166
1928050,30.0,421.0,7.1258907363420425
1928110,23.0,361.0,6.3711911357340725
1928170,17.0,368.0,4.619565217391304
1928200,2.0,57.0,3.508771929824561
1928230,38.0,825.0,4.6060606060606055
1928560,16.0,351.0,4.5584045584045585
1928680,278.0,4172.0,6.66347075743049
1928710,21.0,398.0,5.276381909547738
1928980,79.0,711.0,11.11111111111111
1929010,61.0,824.0,7.4029126213592225
1929280,35.0,280.0,12.5
1929310,144.0,1510.0,9.536423841059603
1929490,49.0,491.0,9.979633401221996
1929580,92.0,914.0,10.065645514223196
1929730,276.0,611.0,45.171849427168574
1929760,56.0,653.0,8.575803981623277
1930240,187.0,1811.0,10.325786858089453
1930480,1946.0,10716.0,18.159761104889885
1930510,854.0,10422.0,8.194204567261561
1930540,122.0,2165.0,5.635103926096998
1930560,30.0,642.0,4.672897196261682
1930630,143.0,1608.0,8.893034825870647
1930720,36.0,320.0,11.25
1930750,45.0,851.0,5.287896592244419
1930780,97.0,970.0,10.0
1930870,24.0,278.0,8.633093525179856
1930900,161.0,1431.0,11.250873515024457
1930930,766.0,9033.0,8.480017712830731
1930960,15.0,331.0,4.531722054380665
1930990,177.0,1439.0,12.300208478109798
1931020,29.0,953.0,3.04302203567681
1931080,60.0,1063.0,5.644402634054563
1931110,83.0,661.0,12.556732223903177
1931290,74.0,794.0,9.319899244332493
1931350,190.0,3453.0,5.502461627570229
1931470,79.0,601.0,13.14475873544093
1931620,23.0,210.0,10.952380952380953
1931680,65.0,1167.0,5.569837189374464
1931800,118.0,917.0,12.8680479825518
1931830,62.0,466.0,13.304721030042918
1931860,83.0,1758.0,4.721274175199089
1931920,23.0,511.0,4.500978473581213
1931950,24.0,614.0,3.908794788273615
1932010,78.0,1007.0,7.745779543197617
1999017,59.0,1090.0,5.412844036697248
1999019,63.0,566.0,11.130742049469964
2000001,45.0,644.0,6.987577639751552
2000002,67.0,1352.0,4.955621301775148
2000003,203.0,1620.0,12.530864197530864
2000004,82.0,1068.0,7.677902621722846
2000006,131.0,934.0,14.025695931477516
2000007,45.0,405.0,11.11111111111111
2000008,3.0,130.0,2.307692307692308
2000012,11.0,358.0,3.072625698324022
2000013,3.0,44.0,6.8181818181818175
2000014,86.0,556.0,15.467625899280577
2000015,375.0,2326.0,16.122098022355978
2000016,86.0,745.0,11.543624161073826
2000017,85.0,996.0,8.53413654618474
2000018,1.0,17.0,5.88235294117647
2000019,31.0,130.0,23.846153846153847
2000020,42.0,103.0,40.77669902912621
2000023,41.0,346.0,11.849710982658959
2000028,35.0,347.0,10.086455331412104
2000029,49.0,308.0,15.909090909090908
2000030,45.0,523.0,8.604206500956023
2000346,37.0,201.0,18.407960199004975
2000348,27.0,143.0,18.88111888111888
2000349,69.0,509.0,13.555992141453832
2000350,75.0,1094.0,6.855575868372943
2000351,129.0,670.0,19.25373134328358
2000353,35.0,626.0,5.5910543130990416
2003180,173.0,1473.0,11.744738628649015
2003200,612.0,6332.0,9.665192672141504
2003210,43.0,385.0,11.168831168831169
2003240,57.0,451.0,12.638580931263856
2003300,179.0,1650.0,10.84848484848485
2003360,441.0,5931.0,7.435508345978755
2003390,135.0,867.0,15.570934256055363
2003430,23.0,181.0,12.70718232044199
2003450,533.0,2951.0,18.06167400881057
2003480,38.0,477.0,7.966457023060797
2003510,23.0,207.0,11.11111111111111
2003540,386.0,1709.0,22.586307782328845
2003570,13.0,169.0,7.6923076923076925
2003630,359.0,2177.0,16.49058337161231
2003720,181.0,1423.0,12.719606465214337
2003780,250.0,2594.0,9.637625289128758
2003810,146.0,976.0,14.959016393442623
2003870,66.0,810.0,8.148148148148149
2003900,103.0,619.0,16.63974151857835
2003960,67.0,602.0,11.129568106312291
2004020,35.0,202.0,17.326732673267326
2004050,430.0,2626.0,16.374714394516374
2004080,45.0,117.0,38.46153846153847
2004140,26.0,245.0,10.612244897959183
2004170,32.0,182.0,17.582417582417584
2004200,189.0,2350.0,8.042553191489361
2004230,43.0,322.0,13.354037267080745
2004260,26.0,290.0,8.96551724137931
2004290,76.0,869.0,8.745684695051784
2004350,34.0,236.0,14.40677966101695
2004380,46.0,270.0,17.037037037037038
2004410,91.0,798.0,11.403508771929824
2004440,66.0,351.0,18.803418803418804
2004470,24.0,251.0,9.56175298804781
2004500,20.0,159.0,12.578616352201259
2004560,23.0,571.0,4.028021015761821
2004590,297.0,1794.0,16.555183946488295
2004620,135.0,1087.0,12.419503219871206
2004650,31.0,179.0,17.318435754189945
2004670,95.0,795.0,11.949685534591195
2004710,112.0,493.0,22.718052738336713
2004740,90.0,813.0,11.07011070110701
2004770,59.0,418.0,14.114832535885165
2004790,17.0,144.0,11.805555555555555
2004800,69.0,677.0,10.19202363367799
2004830,28.0,409.0,6.845965770171149
2004890,109.0,1333.0,8.177044261065266
2004920,80.0,915.0,8.743169398907105
2004950,26.0,297.0,8.754208754208754
2004980,286.0,1913.0,14.950339780449557
2005010,99.0,901.0,10.987791342952276
2005040,25.0,340.0,7.352941176470589
2005070,205.0,956.0,21.443514644351463
2005100,125.0,1103.0,11.332728921124206
2005130,39.0,409.0,9.535452322738386
2005190,13.0,73.0,17.80821917808219
2005250,29.0,356.0,8.146067415730338
2005280,71.0,787.0,9.021601016518424
2005310,26.0,235.0,11.063829787234042
2005370,19.0,181.0,10.497237569060774
2005400,21.0,198.0,10.606060606060606
2005460,1456.0,7062.0,20.617388841687905
2005490,399.0,6919.0,5.766729296141061
2005520,10.0,86.0,11.627906976744185
2005550,32.0,244.0,13.114754098360656
2005580,944.0,7078.0,13.33710087595366
2005610,78.0,669.0,11.659192825112108
2005640,319.0,629.0,50.71542130365659
2005700,92.0,503.0,18.290258449304176
2005730,363.0,1966.0,18.463886063072227
2005760,16.0,106.0,15.09433962264151
2005790,170.0,1213.0,14.014839241549875
2005800,19.0,447.0,4.250559284116331
2005820,106.0,491.0,21.58859470468432
2005850,31.0,399.0,7.769423558897243
2005870,34.0,654.0,5.198776758409786
2005940,1009.0,4184.0,24.11567877629063
2006000,104.0,549.0,18.94353369763206
2006060,51.0,458.0,11.135371179039302
2006090,154.0,1677.0,9.183064997018485
2006120,79.0,634.0,12.46056782334385
2006180,302.0,1865.0,16.193029490616624
2006210,27.0,147.0,18.367346938775512
2006240,41.0,518.0,7.915057915057915
2006270,115.0,709.0,16.22002820874471
2006300,242.0,988.0,24.493927125506072
2006330,98.0,1660.0,5.903614457831325
2006360,74.0,847.0,8.736717827626919
2006390,1200.0,7090.0,16.92524682651622
2006420,754.0,6040.0,12.48344370860927
2006450,140.0,1027.0,13.631937682570594
2006480,206.0,1025.0,20.097560975609756
2006510,27.0,128.0,21.09375
2006540,618.0,5572.0,11.091170136396267
2006570,16.0,315.0,5.079365079365079
2006580,144.0,873.0,16.49484536082474
2006630,12.0,37.0,32.432432432432435
2006660,700.0,2840.0,24.647887323943664
2006690,26.0,273.0,9.523809523809524
2006720,27.0,252.0,10.714285714285714
2006780,4.0,91.0,4.395604395604396
2006840,87.0,764.0,11.387434554973822
2006870,2.0,59.0,3.389830508474576
2006930,42.0,512.0,8.203125
2006960,77.0,815.0,9.447852760736195
2006990,7.0,85.0,8.235294117647058
2007020,319.0,3118.0,10.230917254650416
2007050,1313.0,5622.0,23.35467805051583
2007080,7.0,62.0,11.29032258064516
2007110,184.0,437.0,42.10526315789473
2007170,33.0,808.0,4.084158415841585
2007260,65.0,403.0,16.129032258064516
2007290,92.0,608.0,15.131578947368421
2007320,109.0,761.0,14.323258869908015
2007350,193.0,1001.0,19.28071928071928
2007380,103.0,1139.0,9.043020193151888
2007440,41.0,265.0,15.471698113207546
2007470,116.0,579.0,20.03454231433506
2007500,22.0,375.0,5.866666666666666
2007530,49.0,450.0,10.888888888888888
2007560,119.0,1018.0,11.68958742632613
2007590,52.0,658.0,7.90273556231003
2007620,876.0,4095.0,21.39194139194139
2007650,334.0,2011.0,16.608652411735456
2007680,25.0,246.0,10.16260162601626
2007710,32.0,450.0,7.111111111111111
2007740,261.0,1198.0,21.786310517529213
2007750,83.0,584.0,14.212328767123289
2007800,14.0,304.0,4.605263157894736
2007860,49.0,429.0,11.421911421911423
2007890,983.0,7154.0,13.7405647190383
2007950,5075.0,21362.0,23.757138844677463
2007970,119.0,1221.0,9.746109746109747
2008040,25.0,206.0,12.135922330097088
2008070,146.0,943.0,15.482502651113467
2008100,32.0,334.0,9.580838323353294
2008130,25.0,246.0,10.16260162601626
2008190,85.0,654.0,12.996941896024463
2008220,34.0,282.0,12.056737588652481
2008250,127.0,908.0,13.986784140969164
2008280,152.0,684.0,22.22222222222222
2008310,35.0,290.0,12.068965517241379
2008340,437.0,2637.0,16.57186196435343
2008370,193.0,903.0,21.373200442967885
2008400,1482.0,11778.0,12.582781456953644
2008430,863.0,3776.0,22.85487288135593
2008550,39.0,493.0,7.910750507099391
2008610,45.0,412.0,10.922330097087379
2008670,43.0,221.0,19.457013574660635
2008700,7.0,83.0,8.433734939759036
2008730,936.0,5000.0,18.72
2008790,65.0,335.0,19.402985074626866
2008880,53.0,303.0,17.491749174917494
2008910,18.0,165.0,10.909090909090908
2008940,37.0,558.0,6.630824372759856
2008970,182.0,1675.0,10.865671641791044
2009000,63.0,451.0,13.968957871396896
2009030,86.0,752.0,11.436170212765957
2009060,40.0,234.0,17.094017094017094
2009090,26.0,241.0,10.78838174273859
2009140,740.0,7024.0,10.535307517084282
2009180,1139.0,6593.0,17.275898680418624
2009240,48.0,519.0,9.248554913294797
2009320,106.0,770.0,13.766233766233766
2009360,45.0,511.0,8.806262230919765
2009390,297.0,2478.0,11.98547215496368
2009420,34.0,437.0,7.780320366132723
2009450,71.0,492.0,14.43089430894309
2009480,35.0,158.0,22.151898734177212
2009510,75.0,863.0,8.690614136732329
2009570,63.0,608.0,10.361842105263158
2009600,28.0,248.0,11.29032258064516
2009630,11.0,260.0,4.230769230769231
2009660,24.0,270.0,8.88888888888889
2009720,40.0,190.0,21.052631578947366
2009780,56.0,399.0,14.035087719298245
2009840,247.0,1794.0,13.768115942028986
2009850,19.0,121.0,15.702479338842975
2009900,69.0,677.0,10.19202363367799
2009930,44.0,295.0,14.915254237288137
2009960,504.0,3247.0,15.522020326455188
2009990,150.0,1163.0,12.89767841788478
2010020,76.0,693.0,10.966810966810966
2010050,38.0,406.0,9.35960591133005
2010080,15.0,351.0,4.273504273504273
2010140,667.0,20753.0,3.2139931576157665
2010170,28.0,328.0,8.536585365853659
2010230,178.0,692.0,25.722543352601157
2010260,185.0,1185.0,15.611814345991561
2010290,29.0,279.0,10.39426523297491
2010320,67.0,594.0,11.27946127946128
2010350,56.0,491.0,11.405295315682281
2010410,152.0,1014.0,14.990138067061142
2010440,35.0,449.0,7.795100222717149
2010470,14.0,114.0,12.280701754385964
2010500,243.0,1996.0,12.17434869739479
2010560,214.0,1283.0,16.679657053780204
2010590,52.0,272.0,19.11764705882353
2010620,103.0,747.0,13.788487282463185
2010650,51.0,650.0,7.846153846153846
2010680,192.0,2365.0,8.118393234672304
2010710,764.0,3133.0,24.385572933290774
2010740,61.0,375.0,16.266666666666666
2010770,66.0,385.0,17.142857142857142
2010800,99.0,656.0,15.091463414634147
2010890,159.0,1101.0,14.441416893732969
2010920,29.0,275.0,10.545454545454545
2010950,15.0,351.0,4.273504273504273
2010980,8.0,225.0,3.5555555555555554
2011040,36.0,202.0,17.82178217821782
2011080,142.0,1925.0,7.376623376623377
2011100,48.0,691.0,6.946454413892909
2011130,71.0,747.0,9.504685408299867
2011190,24.0,122.0,19.672131147540984
2011220,53.0,266.0,19.924812030075188
2011250,168.0,1574.0,10.673443456162643
2011280,20.0,136.0,14.705882352941178
2011310,145.0,961.0,15.088449531737774
2011370,1012.0,6359.0,15.914451957855007
2011400,51.0,288.0,17.708333333333336
2011430,50.0,414.0,12.077294685990339
2011490,523.0,3931.0,13.304502671076063
2011520,68.0,394.0,17.258883248730964
2011550,54.0,469.0,11.513859275053305
2011610,19.0,201.0,9.45273631840796
2011640,4587.0,27100.0,16.92619926199262
2011700,51.0,728.0,7.0054945054945055
2011760,41.0,330.0,12.424242424242424
2011790,29.0,196.0,14.795918367346939
2011820,30.0,331.0,9.06344410876133
2011850,441.0,2932.0,15.040927694406548
2011880,20.0,281.0,7.11743772241993
2011910,32.0,349.0,9.169054441260744
2011970,49.0,223.0,21.973094170403588
2012000,1780.0,22374.0,7.95566282291946
2012030,39.0,502.0,7.768924302788845
2012060,43.0,344.0,12.5
2012090,37.0,467.0,7.922912205567452
2012120,22.0,271.0,8.118081180811808
2012150,20.0,226.0,8.849557522123893
2012180,352.0,3441.0,10.229584423132811
2012210,237.0,1941.0,12.210200927357032
2012260,3023.0,13125.0,23.03238095238095
2012300,197.0,1885.0,10.450928381962864
2012330,45.0,365.0,12.32876712328767
2012360,1011.0,4156.0,24.326275264677573
2012390,11.0,175.0,6.2857142857142865
2012420,279.0,1665.0,16.756756756756758
2012450,58.0,441.0,13.151927437641723
2012510,310.0,2968.0,10.444743935309972
2012540,57.0,376.0,15.159574468085108
2012600,21.0,286.0,7.3426573426573425
2012630,90.0,405.0,22.22222222222222
2012780,75.0,446.0,16.81614349775785
2012810,78.0,439.0,17.76765375854214
2012840,163.0,1562.0,10.435339308578746
2012870,125.0,429.0,29.13752913752914
2012900,53.0,102.0,51.9607843137255
2012990,11498.0,49130.0,23.403215957663342
2013020,57.0,478.0,11.92468619246862
2013050,360.0,2118.0,16.997167138810198
2013110,61.0,502.0,12.151394422310757
2100030,462.0,2685.0,17.206703910614525
2100070,540.0,3097.0,17.43622860833064
2100081,1053.0,4739.0,22.219877611310405
2100090,7.0,378.0,1.8518518518518516
2100094,20.0,66.0,30.303030303030305
2100095,19.0,92.0,20.652173913043477
2100120,712.0,3731.0,19.08335566872152
2100150,603.0,3151.0,19.136781973976515
2100180,35.0,293.0,11.945392491467576
2100210,150.0,1187.0,12.636899747262003
2100240,139.0,682.0,20.381231671554254
2100270,456.0,2486.0,18.34271922767498
2100300,832.0,5003.0,16.630021986807915
2100330,525.0,1988.0,26.408450704225352
2100360,53.0,1375.0,3.854545454545454
2100390,798.0,2785.0,28.653500897666067
2100420,101.0,700.0,14.428571428571429
2100480,276.0,1078.0,25.60296846011132
2100510,2158.0,20371.0,10.59349074664965
2100540,430.0,2691.0,15.97918989223337
2100570,428.0,4198.0,10.195331110052406
2100620,578.0,2984.0,19.369973190348524
2100630,265.0,2729.0,9.71051667277391
2100660,116.0,1235.0,9.392712550607287
2100690,473.0,1898.0,24.92096944151739
2100720,683.0,2885.0,23.67417677642981
2100750,1940.0,13260.0,14.630467571644044
2100780,43.0,518.0,8.301158301158301
2100810,405.0,2201.0,18.400726942298956
2100840,240.0,2024.0,11.857707509881422
2100870,309.0,2856.0,10.819327731092438
2100900,498.0,4965.0,10.030211480362537
2100930,247.0,1077.0,22.934076137418753
2100960,82.0,822.0,9.975669099756692
2100990,389.0,1902.0,20.452155625657202
2101020,1037.0,4331.0,23.943661971830984
2101050,281.0,2324.0,12.091222030981069
2101110,163.0,689.0,23.657474600870827
2101150,1430.0,8812.0,16.22787108488425
2101200,1071.0,5183.0,20.663708277059616
2101230,1211.0,3270.0,37.03363914373089
2101260,420.0,1914.0,21.9435736677116
2101290,35.0,386.0,9.067357512953368
2101320,530.0,2932.0,18.076398362892224
2101350,522.0,3659.0,14.266192948893138
2101380,183.0,1342.0,13.636363636363635
2101410,137.0,902.0,15.188470066518848
2101440,338.0,1928.0,17.531120331950206
2101470,1717.0,11721.0,14.648920740551146
2101500,67.0,632.0,10.601265822784809
2101530,138.0,949.0,14.541622760800843
2101590,37.0,498.0,7.429718875502007
2101620,381.0,2023.0,18.833415719228867
2101650,307.0,2420.0,12.685950413223141
2101680,274.0,1041.0,26.320845341018252
2101710,138.0,811.0,17.016029593094945
2101740,399.0,2512.0,15.88375796178344
2101760,486.0,2239.0,21.706118803037068
2101800,226.0,733.0,30.832196452933154
2101860,6865.0,41412.0,16.57732058340578
2101920,279.0,2296.0,12.151567944250871
2101950,1126.0,5954.0,18.91165602955996
2101980,161.0,779.0,20.667522464698333
2102010,1029.0,6385.0,16.11589663273297
2102040,118.0,3128.0,3.7723785166240407
2102070,52.0,372.0,13.978494623655912
2102100,75.0,622.0,12.057877813504824
2102130,259.0,1643.0,15.763846622032867
2102160,429.0,2695.0,15.918367346938775
2102220,395.0,2333.0,16.930990141448778
2102250,576.0,3774.0,15.262321144674084
2102280,326.0,4306.0,7.570831398049234
2102300,843.0,4330.0,19.468822170900694
2102340,268.0,1661.0,16.134858518964478
2102400,508.0,2828.0,17.963224893917964
2102460,197.0,1691.0,11.64991129509166
2102490,2343.0,14273.0,16.415609892804596
2102520,123.0,682.0,18.035190615835777
2102540,1601.0,3946.0,40.5727318803852
2102580,475.0,2920.0,16.267123287671232
2102640,458.0,2368.0,19.341216216216218
2102670,255.0,1011.0,25.222551928783382
2102710,1280.0,7055.0,18.143160878809354
2102760,311.0,2097.0,14.830710538865045
2102790,65.0,756.0,8.597883597883598
2102860,935.0,6608.0,14.149515738498788
2102910,45.0,354.0,12.711864406779661
2102940,629.0,2223.0,28.29509671614935
2102990,22008.0,96907.0,22.710433714798725
2103000,140.0,435.0,32.18390804597701
2103030,1256.0,8347.0,15.047322391278303
2103060,849.0,3490.0,24.326647564469912
2103090,1382.0,14394.0,9.601222731693762
2103120,897.0,2340.0,38.333333333333336
2103150,1495.0,4414.0,33.86950611690077
2103180,325.0,2396.0,13.564273789649416
2103210,2426.0,9252.0,26.221357544314746
2103240,552.0,2586.0,21.34570765661253
2103270,279.0,897.0,31.103678929765888
2103330,400.0,1671.0,23.937761819269898
2103360,983.0,3108.0,31.628056628056626
2103390,461.0,2246.0,20.525378450578806
2103480,635.0,3932.0,16.149542217700915
2103510,222.0,1207.0,18.3927091963546
2103540,479.0,3624.0,13.217439293598234
2103630,104.0,829.0,12.545235223160434
2103690,96.0,953.0,10.073452256033578
2103720,2198.0,11746.0,18.71275327771156
2103750,774.0,2079.0,37.22943722943723
2103780,555.0,3258.0,17.03499079189687
2103810,701.0,4810.0,14.573804573804575
2103840,391.0,1819.0,21.49532710280374
2103870,534.0,2803.0,19.05101676774884
2103900,233.0,1870.0,12.459893048128343
2103960,843.0,7059.0,11.942201444963876
2103990,622.0,2753.0,22.593534326189612
2104020,274.0,1529.0,17.920209287115764
2104050,718.0,4988.0,14.394546912590217
2104080,234.0,981.0,23.853211009174313
2104110,311.0,2842.0,10.942997888810696
2104140,305.0,1629.0,18.723143032535297
2104170,343.0,1112.0,30.845323741007196
2104200,292.0,1867.0,15.640064274236742
2104250,1032.0,4590.0,22.483660130718956
2104290,569.0,1982.0,28.70837537840565
2104380,113.0,1627.0,6.945298094652736
2104410,781.0,4321.0,18.074519787086324
2104440,317.0,1574.0,20.13977128335451
2104470,191.0,1104.0,17.30072463768116
2104500,909.0,4325.0,21.01734104046243
2104530,1015.0,12407.0,8.18086564036431
2104560,312.0,1916.0,16.2839248434238
2104590,944.0,4791.0,19.703610937173867
2104620,205.0,684.0,29.97076023391813
2104650,440.0,2852.0,15.427769985974754
2104680,163.0,757.0,21.532364597093792
2104710,125.0,653.0,19.142419601837673
2104740,382.0,2389.0,15.989953955629971
2104770,1007.0,4030.0,24.98759305210918
2104800,1516.0,8225.0,18.43161094224924
2104830,138.0,1184.0,11.655405405405405
2104860,181.0,573.0,31.588132635253054
2104890,712.0,2371.0,30.029523407844792
2104950,1355.0,8245.0,16.43420254699818
2104980,86.0,978.0,8.793456032719837
2105040,23.0,405.0,5.679012345679013
2105070,714.0,2868.0,24.89539748953975
2105100,680.0,3176.0,21.41057934508816
2105130,189.0,2266.0,8.340688437775816
2105160,427.0,3107.0,13.743160605085292
2105190,202.0,1040.0,19.423076923076923
2105220,35.0,402.0,8.706467661691542
2105260,1123.0,9039.0,12.423940701405023
2105320,732.0,6841.0,10.700190030697266
2105370,40.0,176.0,22.727272727272727
2105400,605.0,3001.0,20.15994668443852
2105430,325.0,1642.0,19.792935444579783
2105460,22.0,190.0,11.578947368421053
2105490,415.0,3004.0,13.81491344873502
2105520,357.0,2682.0,13.31096196868009
2105550,286.0,2002.0,14.285714285714285
2105580,308.0,2076.0,14.836223506743737
2105610,300.0,1223.0,24.529844644317254
2105640,354.0,2063.0,17.159476490547746
2105700,124.0,1717.0,7.22189866045428
2105730,1776.0,15695.0,11.315705638738452
2105760,293.0,1721.0,17.024985473561884
2105790,738.0,3206.0,23.019338739862757
2105820,356.0,2300.0,15.478260869565217
2105850,9.0,121.0,7.43801652892562
2105880,1028.0,4438.0,23.16358720144209
2105910,152.0,813.0,18.696186961869618
2105940,68.0,783.0,8.684546615581098
2105970,328.0,1221.0,26.863226863226863
2106000,531.0,4062.0,13.07237813884786
2200018,43.0,197.0,21.82741116751269
2200022,55.0,1448.0,3.798342541436464
2200023,72.0,592.0,12.162162162162163
2200025,7.0,306.0,2.287581699346405
2200030,2059.0,9835.0,20.935434672089475
2200032,38.0,384.0,9.895833333333332
2200033,55.0,1390.0,3.9568345323741005
2200035,59.0,742.0,7.951482479784366
2200036,1.0,228.0,0.43859649122807015
2200038,112.0,888.0,12.612612612612612
2200039,295.0,5306.0,5.559743686392763
2200040,328.0,1414.0,23.196605374823196
2200041,214.0,966.0,22.15320910973085
2200047,64.0,280.0,22.857142857142858
2200056,1.0,403.0,0.24813895781637718
2200060,521.0,4328.0,12.037892791127542
2200090,2041.0,22170.0,9.206134415877312
2200120,521.0,3509.0,14.847534910230836
2200125,425.0,4617.0,9.20511154429283
2200126,13.0,120.0,10.833333333333334
2200146,67.0,966.0,6.935817805383023
2200148,33.0,575.0,5.739130434782608
2200150,1206.0,5374.0,22.44138444361742
2200151,32.0,83.0,38.55421686746988
2200156,81.0,556.0,14.568345323741008
2200157,2.0,2372.0,0.08431703204047217
2200158,91.0,834.0,10.911270983213429
2200159,24.0,821.0,2.92326431181486
2200160,122.0,763.0,15.98951507208388
2200180,917.0,6049.0,15.159530500909241
2200184,60.0,249.0,24.096385542168676
2200185,1.0,196.0,0.5102040816326531
2200186,19.0,509.0,3.732809430255403
2200187,121.0,436.0,27.75229357798165
2200188,96.0,136.0,70.58823529411765
2200190,42.0,414.0,10.144927536231885
2200192,81.0,839.0,9.65435041716329
2200194,69.0,330.0,20.909090909090907
2200195,229.0,843.0,27.164887307236064
2200196,111.0,415.0,26.746987951807228
2200197,199.0,549.0,36.247723132969035
2200198,87.0,441.0,19.727891156462583
2200199,87.0,443.0,19.63882618510158
2200200,145.0,686.0,21.137026239067055
2200201,240.0,464.0,51.724137931034484
2200202,41.0,346.0,11.849710982658959
2200203,90.0,891.0,10.1010101010101
2200206,206.0,813.0,25.338253382533825
2200207,559.0,1153.0,48.482220294882914
2200208,182.0,602.0,30.23255813953488
2200209,62.0,405.0,15.308641975308642
2200210,321.0,2267.0,14.15968239964711
2200211,414.0,930.0,44.516129032258064
2200212,118.0,483.0,24.43064182194617
2200213,43.0,320.0,13.4375
2200215,7.0,251.0,2.788844621513944
2200216,316.0,846.0,37.35224586288416
2200217,200.0,1022.0,19.569471624266143
2200219,3.0,225.0,1.3333333333333335
2200220,19.0,634.0,2.996845425867508
2200222,74.0,377.0,19.628647214854112
2200223,44.0,101.0,43.56435643564357
2200224,117.0,929.0,12.594187298170075
2200225,191.0,730.0,26.164383561643834
2200226,78.0,257.0,30.35019455252918
2200227,236.0,629.0,37.51987281399046
2200228,14.0,600.0,2.3333333333333335
2200229,26.0,96.0,27.083333333333332
2200230,21.0,287.0,7.317073170731707
2200231,25.0,883.0,2.8312570781426953
2200232,15.0,122.0,12.295081967213115
2200233,92.0,1911.0,4.814233385661957
2200235,74.0,880.0,8.409090909090908
2200236,224.0,749.0,29.906542056074763
2200237,94.0,565.0,16.63716814159292
2200238,40.0,455.0,8.791208791208792
2200239,62.0,291.0,21.305841924398624
2200240,454.0,2054.0,22.103213242453748
2200241,269.0,277.0,97.11191335740072
2200242,256.0,821.0,31.181485992691837
2200243,114.0,646.0,17.647058823529413
2200245,50.0,299.0,16.722408026755854
2200246,288.0,948.0,30.37974683544304
2200247,43.0,463.0,9.287257019438446
2200248,117.0,328.0,35.670731707317074
2200249,114.0,489.0,23.31288343558282
2200250,82.0,530.0,15.471698113207546
2200253,229.0,788.0,29.060913705583758
2200254,138.0,390.0,35.38461538461539
2200255,256.0,842.0,30.403800475059384
2200256,118.0,347.0,34.00576368876081
2200257,284.0,380.0,74.73684210526315
2200258,55.0,458.0,12.008733624454148
2200259,118.0,517.0,22.823984526112184
2200260,47.0,276.0,17.02898550724638
2200261,64.0,626.0,10.223642172523961
2200262,310.0,921.0,33.65906623235613
2200263,118.0,489.0,24.130879345603272
2200265,458.0,809.0,56.61310259579728
2200266,18.0,480.0,3.75
2200267,85.0,532.0,15.977443609022558
2200268,132.0,610.0,21.639344262295083
2200270,3683.0,22612.0,16.287811781355032
2200272,13.0,94.0,13.829787234042554
2200274,72.0,444.0,16.216216216216218
2200275,51.0,415.0,12.289156626506024
2200276,60.0,297.0,20.2020202020202
2200277,59.0,225.0,26.222222222222225
2200278,16.0,33.0,48.484848484848484
2200279,33.0,806.0,4.094292803970223
2200280,62.0,357.0,17.366946778711483
2200281,97.0,474.0,20.464135021097047
2200282,12.0,629.0,1.9077901430842605
2200283,33.0,468.0,7.051282051282051
2200284,143.0,392.0,36.47959183673469
2200285,39.0,868.0,4.493087557603687
2200286,14.0,351.0,3.9886039886039883
2200287,125.0,558.0,22.401433691756274
2200288,45.0,126.0,35.714285714285715
2200289,3.0,444.0,0.6756756756756757
2200290,62.0,122.0,50.81967213114754
2200291,216.0,803.0,26.899128268991284
2200292,35.0,480.0,7.291666666666667
2200293,106.0,154.0,68.83116883116884
2200294,244.0,1108.0,22.021660649819495
2200295,50.0,163.0,30.67484662576687
2200296,98.0,645.0,15.193798449612403
2200297,53.0,1762.0,3.0079455164585696
2200298,80.0,711.0,11.251758087201125
2200299,29.0,971.0,2.9866117404737382
2200300,6325.0,39125.0,16.166134185303516
2200330,5069.0,32744.0,15.480698753970193
2200360,291.0,1540.0,18.896103896103895
2200390,167.0,1362.0,12.26138032305433
2200420,303.0,1279.0,23.6903831118061
2200450,255.0,1726.0,14.77404403244496
2200480,612.0,3397.0,18.01589637915808
2200510,651.0,5222.0,12.466487935656836
2200540,7219.0,40148.0,17.980970409484907
2200570,155.0,1012.0,15.316205533596838
2200600,331.0,1924.0,17.203742203742202
2200630,1326.0,5932.0,22.353337828725557
2200660,1131.0,3101.0,36.4721057723315
2200690,575.0,3020.0,19.039735099337747
2200720,1810.0,13127.0,13.788375104745942
2200750,604.0,4975.0,12.140703517587939
2200780,539.0,2255.0,23.902439024390244
2200810,1027.0,5963.0,17.222874392084524
2200840,8853.0,48617.0,18.209679741654153
2200870,4282.0,30271.0,14.145551848303656
2200900,2272.0,14113.0,16.09863246652023
2200960,494.0,2650.0,18.641509433962263
2200990,632.0,5428.0,11.643330876934414
2201020,3203.0,24506.0,13.07026850567208
2201050,302.0,1227.0,24.612876935615322
2201080,1128.0,7897.0,14.28390528048626
2201110,775.0,3869.0,20.031015766347892
2201140,1031.0,6197.0,16.63708245925448
2201170,660.0,4895.0,13.48314606741573
2201200,2567.0,19407.0,13.227186066883084
2201230,356.0,4185.0,8.506571087216248
2201260,750.0,2789.0,26.89135891000359
2201290,3774.0,23389.0,16.135790328787035
2201320,259.0,1404.0,18.447293447293447
2201350,488.0,2892.0,16.874135546334717
2201380,692.0,4440.0,15.585585585585585
2201410,1063.0,7724.0,13.762299326773691
2201440,555.0,9372.0,5.921895006402049
2201470,305.0,1173.0,26.001705029838025
2201500,351.0,3860.0,9.093264248704664
2201530,856.0,5950.0,14.38655462184874
2201560,2120.0,13677.0,15.500475250420415
2201590,1236.0,8047.0,15.359761401764633
2201620,1265.0,8603.0,14.704172962919912
2201650,4371.0,38344.0,11.399436678489463
2201680,4629.0,19419.0,23.837478757917506
2201710,90.0,528.0,17.045454545454543
2201740,3227.0,17887.0,18.041035388829876
2201770,405.0,2069.0,19.57467375543741
2201800,1320.0,9720.0,13.580246913580247
2201830,1489.0,8898.0,16.73409755001124
2201860,817.0,5282.0,15.467625899280577
2201890,1302.0,6269.0,20.768862657521137
2201920,396.0,3926.0,10.086602139582272
2201950,287.0,2071.0,13.858039594398841
2201980,244.0,2301.0,10.604085180356366
2202010,508.0,2267.0,22.408469342743714
2280100,5.0,91.0,5.4945054945054945
2300008,2.0,77.0,2.5974025974025974
2300009,1.0,17.0,5.88235294117647
2300049,4.0,153.0,2.6143790849673203
2300053,92.0,691.0,13.314037626628075
2300062,23.0,199.0,11.557788944723619
2300065,5.0,59.0,8.47457627118644
2300067,5.0,51.0,9.803921568627452
2300068,1.0,34.0,2.941176470588235
2302220,20.0,249.0,8.032128514056225
2302280,10.0,45.0,22.22222222222222
2302500,3.0,17.0,17.647058823529413
2302510,35.0,134.0,26.119402985074625
2302610,784.0,3555.0,22.053445850914205
2302640,555.0,2401.0,23.115368596418158
2302730,69.0,329.0,20.972644376899694
2302820,748.0,3680.0,20.32608695652174
2302850,42.0,359.0,11.699164345403899
2302950,16.0,65.0,24.615384615384617
2303150,646.0,2441.0,26.464563703400245
2303210,55.0,255.0,21.568627450980394
2303290,128.0,519.0,24.66281310211946
2303510,331.0,1698.0,19.49352179034158
2303600,30.0,191.0,15.706806282722512
2303610,4.0,73.0,5.47945205479452
2303640,9.0,64.0,14.0625
2303780,292.0,2358.0,12.383375742154367
2303870,153.0,568.0,26.936619718309856
2303930,84.0,1603.0,5.240174672489083
2304080,9.0,44.0,20.454545454545457
2304110,7.0,38.0,18.421052631578945
2304160,8.0,38.0,21.052631578947366
2304620,3.0,10.0,30.0
2304860,7.0,129.0,5.426356589147287
2304890,13.0,193.0,6.7357512953367875
2304895,82.0,328.0,25.0
2305280,57.0,256.0,22.265625
2305310,19.0,223.0,8.520179372197308
2305360,74.0,172.0,43.02325581395349
2305380,1.0,25.0,4.0
2305400,15.0,92.0,16.304347826086957
2305500,279.0,1337.0,20.867614061331338
2305670,147.0,2101.0,6.996668253212755
2305970,11.0,62.0,17.741935483870968
2306000,66.0,432.0,15.277777777777779
2306060,185.0,2724.0,6.791483113069016
2306160,39.0,470.0,8.297872340425531
2306180,5.0,149.0,3.3557046979865772
2306250,26.0,194.0,13.402061855670103
2306260,42.0,221.0,19.004524886877828
2306330,11.0,60.0,18.333333333333332
2306510,163.0,1257.0,12.967382657120128
2306610,15.0,186.0,8.064516129032258
2306780,3.0,6.0,50.0
2306810,23.0,91.0,25.274725274725274
2306870,26.0,192.0,13.541666666666666
2306900,11.0,60.0,18.333333333333332
2307100,35.0,121.0,28.92561983471074
2307140,153.0,1041.0,14.697406340057636
2307250,16.0,122.0,13.114754098360656
2307320,1169.0,5422.0,21.560309848764295
2307450,26.0,215.0,12.093023255813954
2307530,263.0,1262.0,20.839936608557842
2307590,2.0,3.0,66.66666666666666
2307710,118.0,465.0,25.376344086021508
2307800,69.0,431.0,16.009280742459396
2308160,18.0,113.0,15.929203539823009
2308250,50.0,340.0,14.705882352941178
2308280,128.0,468.0,27.350427350427353
2308340,1.0,6.0,16.666666666666664
2308400,32.0,78.0,41.02564102564102
2308490,19.0,176.0,10.795454545454545
2308500,121.0,540.0,22.407407407407405
2308940,22.0,137.0,16.05839416058394
2309330,43.0,418.0,10.287081339712918
2309390,11.0,99.0,11.11111111111111
2309560,14.0,80.0,17.5
2309630,4.0,79.0,5.063291139240507
2309650,9.0,119.0,7.563025210084033
2309930,1161.0,6731.0,17.248551478235033
2309990,9.0,146.0,6.164383561643835
2310380,189.0,1669.0,11.324146195326543
2310500,621.0,3149.0,19.72054620514449
2310530,265.0,2930.0,9.044368600682594
2310590,231.0,2051.0,11.262798634812286
2310620,33.0,146.0,22.602739726027394
2310650,54.0,186.0,29.03225806451613
2310680,22.0,132.0,16.666666666666664
2310710,270.0,1978.0,13.65015166835187
2310770,619.0,3635.0,17.028885832187072
2310830,10.0,69.0,14.492753623188406
2310860,338.0,1733.0,19.503750721292555
2310890,97.0,516.0,18.7984496124031
2310980,77.0,592.0,13.006756756756758
2311010,67.0,271.0,24.723247232472325
2311100,105.0,839.0,12.514898688915377
2311130,111.0,742.0,14.959568733153638
2311160,220.0,1375.0,16.0
2311220,45.0,73.0,61.64383561643836
2311250,86.0,468.0,18.37606837606838
2311280,74.0,290.0,25.517241379310345
2311310,67.0,213.0,31.455399061032864
2311370,275.0,2303.0,11.940946591402518
2311430,163.0,678.0,24.041297935103245
2311520,342.0,1324.0,25.83081570996979
2311550,406.0,1851.0,21.934089681253376
2311580,142.0,181.0,78.45303867403315
2311610,42.0,415.0,10.120481927710843
2311670,136.0,723.0,18.81051175656985
2311700,65.0,288.0,22.569444444444446
2311730,88.0,542.0,16.236162361623617
2311790,301.0,3554.0,8.469330332020258
2311820,11.0,64.0,17.1875
2311850,33.0,172.0,19.186046511627907
2311910,4.0,34.0,11.76470588235294
2312100,16.0,88.0,18.181818181818183
2312140,15.0,104.0,14.423076923076922
2312300,9.0,65.0,13.846153846153847
2312330,450.0,3130.0,14.376996805111823
2312360,13.0,28.0,46.42857142857143
2312390,29.0,134.0,21.641791044776117
2312750,20.0,127.0,15.748031496062993
2312960,22.0,125.0,17.599999999999998
2312980,13.0,120.0,10.833333333333334
2313110,46.0,414.0,11.11111111111111
2313140,13.0,138.0,9.420289855072465
2313350,499.0,1788.0,27.908277404921698
2313490,152.0,1273.0,11.940298507462686
2313500,1.0,7.0,14.285714285714285
2313530,4.0,130.0,3.076923076923077
2313560,498.0,2496.0,19.951923076923077
2313860,225.0,1182.0,19.035532994923855
2313970,143.0,889.0,16.085489313835772
2313980,137.0,517.0,26.4990328820116
2314010,24.0,146.0,16.43835616438356
2314100,133.0,1625.0,8.184615384615384
2314130,169.0,1739.0,9.718228867165038
2314160,261.0,1945.0,13.419023136246786
2314190,178.0,1057.0,16.840113528855248
2314210,352.0,1856.0,18.96551724137931
2314240,167.0,2043.0,8.174253548702888
2314300,157.0,658.0,23.860182370820667
2314330,431.0,2061.0,20.912178554099953
2314440,199.0,1041.0,19.116234390009605
2314470,61.0,534.0,11.423220973782772
2314530,157.0,906.0,17.328918322295806
2314560,133.0,641.0,20.74882995319813
2314590,521.0,2434.0,21.405094494658996
2314610,186.0,701.0,26.533523537803138
2314670,391.0,3015.0,12.96849087893864
2314700,383.0,3048.0,12.565616797900262
2314761,134.0,723.0,18.533886583679116
2314762,48.0,498.0,9.63855421686747
2314765,99.0,726.0,13.636363636363635
2314767,182.0,639.0,28.482003129890455
2314768,253.0,2514.0,10.063643595863166
2314771,4.0,28.0,14.285714285714285
2314772,356.0,1889.0,18.84595023822128
2314773,226.0,2339.0,9.662248824283882
2314775,248.0,1699.0,14.596821659799883
2314776,354.0,2073.0,17.0767004341534
2314777,160.0,947.0,16.89545934530095
2314778,105.0,787.0,13.341804320203304
2314779,390.0,2661.0,14.656144306651633
2314780,136.0,946.0,14.376321353065538
2314782,326.0,1573.0,20.724729815638906
2314783,230.0,1475.0,15.593220338983052
2314784,171.0,775.0,22.064516129032256
2314785,466.0,2020.0,23.06930693069307
2314787,365.0,1578.0,23.130544993662863
2314788,199.0,1233.0,16.13949716139497
2314789,186.0,1946.0,9.558067831449128
2314790,185.0,852.0,21.71361502347418
2314791,123.0,522.0,23.563218390804597
2314793,347.0,3124.0,11.107554417413573
2314795,438.0,1781.0,24.59292532285233
2314796,230.0,1071.0,21.475256769374415
2314803,32.0,194.0,16.49484536082474
2314805,173.0,1406.0,12.304409672830726
2314806,100.0,682.0,14.66275659824047
2314807,83.0,190.0,43.684210526315795
2314808,66.0,178.0,37.07865168539326
2314809,438.0,2358.0,18.575063613231553
2314812,16.0,403.0,3.970223325062035
2314813,31.0,134.0,23.134328358208954
2314814,21.0,128.0,16.40625
2314815,255.0,2401.0,10.620574760516451
2314816,73.0,91.0,80.21978021978022
2314817,13.0,128.0,10.15625
2314818,11.0,84.0,13.095238095238097
2314819,169.0,406.0,41.6256157635468
2314820,22.0,191.0,11.518324607329843
2314821,145.0,390.0,37.17948717948718
2314822,369.0,1553.0,23.76046361880232
2314823,4.0,26.0,15.384615384615385
2314824,11.0,126.0,8.73015873015873
2314831,7.0,172.0,4.069767441860465
2314832,106.0,180.0,58.88888888888889
2314833,153.0,760.0,20.13157894736842
2400027,70.0,401.0,17.45635910224439
2400030,1747.0,8630.0,20.243337195828506
2400060,14124.0,77600.0,18.201030927835053
2400090,34513.0,80577.0,42.832321878451665
2400120,24665.0,113143.0,21.799846212315387
2400150,1915.0,15901.0,12.043267719011382
2400180,1075.0,5782.0,18.59218263576617
2400210,3073.0,25290.0,12.151047844998022
2400240,4067.0,15272.0,26.6304347826087
2400270,3976.0,27014.0,14.718294217812986
2400300,1243.0,4765.0,26.08604407135362
2400330,5381.0,42126.0,12.773584009875135
2400360,561.0,3813.0,14.712824547600315
2400390,5837.0,37780.0,15.449973530968766
2400420,6377.0,56787.0,11.229682849948052
2400450,418.0,1995.0,20.952380952380953
2400480,29702.0,161945.0,18.34079471425484
2400510,32818.0,143455.0,22.87686033947928
2400540,1149.0,7779.0,14.77053605861936
2400570,730.0,2918.0,25.017135023989034
2400600,3321.0,17861.0,18.593583785902247
2400630,738.0,4646.0,15.884631941455016
2400660,3917.0,22523.0,17.39111130844026
2400690,3442.0,14956.0,23.014174913078364
2400720,1362.0,7027.0,19.38238223993169
2500001,289.0,2266.0,12.753751103265667
2500002,240.0,1392.0,17.24137931034483
2500013,148.0,1520.0,9.736842105263158
2500014,7.0,137.0,5.109489051094891
2500021,64.0,525.0,12.19047619047619
2500022,44.0,354.0,12.429378531073446
2500024,23.0,243.0,9.465020576131687
2500025,49.0,802.0,6.109725685785536
2500026,58.0,281.0,20.640569395017792
2500027,21.0,400.0,5.25
2500028,142.0,1574.0,9.021601016518424
2500029,59.0,428.0,13.785046728971961
2500030,34.0,445.0,7.640449438202247
2500031,9.0,218.0,4.128440366972478
2500032,1.0,737.0,0.13568521031207598
2500034,16.0,229.0,6.986899563318777
2500035,24.0,180.0,13.333333333333334
2500036,1.0,97.0,1.0309278350515463
2500038,40.0,399.0,10.025062656641603
2500039,164.0,677.0,24.224519940915805
2500040,105.0,927.0,11.326860841423949
2500041,228.0,1213.0,18.796372629843365
2500043,57.0,398.0,14.321608040201006
2500044,75.0,402.0,18.65671641791045
2500045,75.0,667.0,11.244377811094452
2500046,124.0,1137.0,10.90589270008795
2500051,33.0,1426.0,2.314165497896213
2500052,110.0,1603.0,6.862133499688085
2500053,84.0,666.0,12.612612612612612
2500055,36.0,1567.0,2.297383535417996
2500057,36.0,660.0,5.454545454545454
2500058,126.0,408.0,30.88235294117647
2500060,55.0,444.0,12.387387387387387
2500062,15.0,287.0,5.2264808362369335
2500065,44.0,814.0,5.405405405405405
2500066,149.0,1225.0,12.16326530612245
2500067,76.0,1426.0,5.329593267882188
2500068,27.0,399.0,6.7669172932330826
2500070,66.0,346.0,19.07514450867052
2500071,142.0,1788.0,7.941834451901567
2500073,85.0,359.0,23.676880222841227
2500075,113.0,1196.0,9.448160535117058
2500076,48.0,224.0,21.428571428571427
2500077,32.0,215.0,14.883720930232558
2500079,65.0,354.0,18.361581920903955
2500080,85.0,463.0,18.3585313174946
2500082,172.0,1237.0,13.904607922392886
2500083,14.0,298.0,4.697986577181208
2500084,35.0,470.0,7.446808510638298
2500085,52.0,984.0,5.284552845528456
2500086,54.0,365.0,14.794520547945206
2500087,91.0,702.0,12.962962962962962
2500089,34.0,364.0,9.340659340659341
2500517,33.0,493.0,6.693711967545639
2500518,20.0,674.0,2.967359050445104
2500519,29.0,509.0,5.697445972495088
2500520,34.0,560.0,6.071428571428571
2500522,34.0,509.0,6.679764243614931
2500525,14.0,413.0,3.389830508474576
2500527,25.0,308.0,8.116883116883116
2500535,16.0,320.0,5.0
2500536,53.0,322.0,16.459627329192546
2500537,107.0,494.0,21.65991902834008
2500538,8.0,320.0,2.5
2500541,112.0,1002.0,11.177644710578843
2500542,166.0,1707.0,9.724663151728178
2500543,26.0,284.0,9.15492957746479
2500544,224.0,1852.0,12.095032397408207
2500545,43.0,740.0,5.810810810810811
2500546,10.0,371.0,2.6954177897574128
2500547,185.0,270.0,68.51851851851852
2500548,66.0,273.0,24.175824175824175
2500550,76.0,443.0,17.155756207674944
2500551,255.0,581.0,43.88984509466437
2500552,69.0,403.0,17.121588089330025
2500553,82.0,236.0,34.74576271186441
2500554,233.0,1380.0,16.884057971014492
2500556,831.0,1609.0,51.64698570540709
2500557,20.0,216.0,9.25925925925926
2500558,32.0,293.0,10.921501706484642
2500559,28.0,422.0,6.6350710900473935
2500586,15.0,87.0,17.24137931034483
2500587,18.0,160.0,11.25
2501650,214.0,1950.0,10.974358974358974
2501710,313.0,5497.0,5.6940149172275785
2501740,41.0,961.0,4.266389177939646
2501780,155.0,1224.0,12.663398692810457
2501800,357.0,3695.0,9.6617050067659
2501860,319.0,2147.0,14.857941313460643
2501890,96.0,1144.0,8.391608391608392
2501920,222.0,1342.0,16.542473919523097
2501950,430.0,5833.0,7.371849819989714
2501980,477.0,5632.0,8.469460227272728
2502040,112.0,2419.0,4.6300124018189335
2502100,171.0,2625.0,6.514285714285714
2502110,138.0,1113.0,12.398921832884097
2502160,386.0,1534.0,25.16297262059974
2502190,737.0,5782.0,12.746454514008992
2502220,189.0,2612.0,7.23583460949464
2502250,86.0,715.0,12.027972027972028
2502310,713.0,4736.0,15.05489864864865
2502400,164.0,2647.0,6.195693237627503
2502430,228.0,2323.0,9.814894532931554
2502460,278.0,2166.0,12.834718374884579
2502490,189.0,4593.0,4.11495754408883
2502520,46.0,919.0,5.00544069640914
2502530,317.0,1257.0,25.218774860779636
2502550,4.0,188.0,2.127659574468085
2502580,43.0,590.0,7.288135593220339
2502640,527.0,4443.0,11.861354940355616
2502670,373.0,4829.0,7.724166494098157
2502710,57.0,1224.0,4.6568627450980395
2502715,158.0,1680.0,9.404761904761905
2502740,52.0,854.0,6.0889929742388755
2502790,13466.0,54476.0,24.719142374623686
2502820,216.0,1973.0,10.947795235681703
2502880,23.0,731.0,3.146374829001368
2502910,3.0,299.0,1.0033444816053512
2502940,457.0,5690.0,8.031634446397188
2502970,29.0,458.0,6.331877729257641
2503030,395.0,5255.0,7.516650808753568
2503060,20.0,297.0,6.7340067340067336
2503070,3.0,456.0,0.6578947368421052
2503080,89.0,1278.0,6.964006259780908
2503090,3881.0,16417.0,23.640129134433817
2503120,16.0,284.0,5.633802816901409
2503150,587.0,7623.0,7.700380427653155
2503240,255.0,3577.0,7.1288789488398105
2503270,1120.0,6916.0,16.194331983805668
2503300,211.0,3204.0,6.585518102372035
2503310,89.0,591.0,15.059221658206429
2503330,27.0,622.0,4.340836012861737
2503360,153.0,1578.0,9.695817490494296
2503390,155.0,1603.0,9.669369931378665
2503510,319.0,4859.0,6.565136859436098
2503540,1448.0,6328.0,22.88242730720607
2503660,1329.0,7310.0,18.180574555403556
2503720,13.0,191.0,6.806282722513089
2503750,259.0,1873.0,13.82808328884143
2503780,79.0,1585.0,4.9842271293375395
2503840,88.0,2113.0,4.164694746805489
2503870,120.0,1272.0,9.433962264150944
2503900,2.0,137.0,1.4598540145985401
2503990,373.0,3462.0,10.774119006354708
2504020,228.0,3642.0,6.260296540362438
2504050,343.0,2645.0,12.967863894139885
2504080,23.0,401.0,5.7356608478802995
2504140,550.0,2982.0,18.443997317236754
2504200,245.0,2912.0,8.413461538461538
2504230,137.0,1354.0,10.118168389955686
2504260,17.0,498.0,3.413654618473896
2504290,47.0,1192.0,3.942953020134228
2504320,467.0,3760.0,12.420212765957448
2504360,239.0,3723.0,6.419554123019071
2504410,160.0,3105.0,5.152979066022544
2504440,308.0,2296.0,13.414634146341465
2504500,200.0,2641.0,7.5728890571753125
2504530,25.0,174.0,14.367816091954023
2504560,258.0,1524.0,16.92913385826772
2504590,181.0,1568.0,11.543367346938775
2504620,240.0,3728.0,6.437768240343347
2504650,41.0,437.0,9.382151029748284
2504710,5.0,141.0,3.546099290780142
2504770,1364.0,6880.0,19.825581395348838
2504800,189.0,2049.0,9.224011713030746
2504830,2686.0,9851.0,27.266267384021926
2504860,463.0,3379.0,13.702278780704349
2504890,1471.0,5368.0,27.40312965722802
2504920,4.0,82.0,4.878048780487805
2504950,184.0,2599.0,7.079646017699115
2504980,1174.0,8444.0,13.903363334912363
2505010,381.0,5212.0,7.310053722179585
2505020,101.0,474.0,21.308016877637133
2505070,226.0,2817.0,8.022719204827832
2505100,87.0,623.0,13.964686998394862
2505130,528.0,2348.0,22.487223168654175
2505160,97.0,830.0,11.686746987951807
2505220,123.0,1333.0,9.227306826706677
2505270,160.0,975.0,16.41025641025641
2505280,442.0,2797.0,15.802645691812655
2505340,0.0,1.0,0.0
2505370,235.0,3222.0,7.293606455617629
2505400,57.0,706.0,8.073654390934843
2505470,168.0,1509.0,11.133200795228628
2505480,298.0,2163.0,13.777161349976886
2505485,122.0,1397.0,8.732999284180387
2505490,319.0,1583.0,20.151610865445356
2505500,100.0,2357.0,4.242681374628765
2505580,38.0,527.0,7.2106261859582546
2505610,26.0,688.0,3.77906976744186
2505670,93.0,1777.0,5.233539673607203
2505730,225.0,3162.0,7.115749525616698
2505740,138.0,717.0,19.246861924686193
2505760,0.0,44.0,0.0
2505790,152.0,2684.0,5.663189269746647
2505880,102.0,1095.0,9.315068493150685
2505940,25.0,446.0,5.605381165919283
2505970,1712.0,7175.0,23.86062717770035
2506000,11.0,165.0,6.666666666666667
2506090,201.0,4337.0,4.634540004611483
2506150,130.0,1214.0,10.70840197693575
2506210,11.0,216.0,5.092592592592593
2506240,158.0,2910.0,5.429553264604811
2506270,1426.0,5296.0,26.92598187311178
2506300,76.0,1049.0,7.244995233555768
2506330,183.0,3481.0,5.257110025854639
2506390,301.0,2632.0,11.436170212765957
2506420,138.0,892.0,15.47085201793722
2506480,105.0,1871.0,5.611972207375735
2506510,207.0,2041.0,10.142087212150907
2506540,43.0,1061.0,4.0527803958529685
2506660,3645.0,16097.0,22.643970926259552
2506690,79.0,669.0,11.80866965620329
2506720,159.0,1585.0,10.031545741324921
2506750,51.0,759.0,6.719367588932807
2506780,924.0,5871.0,15.738375063873274
2506810,4.0,128.0,3.125
2506840,221.0,7290.0,3.0315500685871055
2506900,83.0,1188.0,6.986531986531987
2506930,64.0,1583.0,4.042956411876184
2506960,94.0,1663.0,5.652435357787132
2506990,150.0,2876.0,5.21557719054242
2507020,2358.0,14462.0,16.304798783017564
2507050,274.0,2656.0,10.316265060240964
2507080,116.0,1648.0,7.038834951456311
2507110,3144.0,15505.0,20.277329893582717
2507140,86.0,2185.0,3.9359267734553773
2507170,1009.0,6225.0,16.208835341365464
2507230,281.0,3765.0,7.463479415670651
2507260,218.0,3094.0,7.045895281189399
2507290,15.0,457.0,3.282275711159737
2507320,691.0,4389.0,15.743905217589427
2507350,200.0,4187.0,4.776689754000478
2507380,153.0,643.0,23.79471228615863
2507410,138.0,1794.0,7.6923076923076925
2507440,237.0,1658.0,14.294330518697226
2507470,23.0,443.0,5.191873589164786
2507500,146.0,1400.0,10.428571428571429
2507530,89.0,2636.0,3.376327769347496
2507560,530.0,4369.0,12.130922407873655
2507590,182.0,2271.0,8.014090708938793
2507620,220.0,3591.0,6.126427179058758
2507680,164.0,2265.0,7.240618101545254
2507740,1298.0,7314.0,17.746786983866556
2507770,302.0,3173.0,9.5178064922786
2507830,22.0,652.0,3.374233128834356
2507860,543.0,4031.0,13.470602828082361
2507890,104.0,1822.0,5.708013172338091
2507920,88.0,1314.0,6.69710806697108
2507980,178.0,4210.0,4.228028503562945
2507985,72.0,542.0,13.284132841328415
2507990,100.0,951.0,10.515247108307046
2508040,82.0,926.0,8.855291576673865
2508050,157.0,1426.0,11.009817671809257
2508160,69.0,540.0,12.777777777777777
2508220,2.0,145.0,1.3793103448275863
2508250,239.0,1623.0,14.725816389402341
2508280,107.0,1429.0,7.4877536738978305
2508310,205.0,3342.0,6.134051466187911
2508320,31.0,697.0,4.447632711621234
2508340,295.0,5475.0,5.3881278538812785
2508370,291.0,5666.0,5.135898340981291
2508430,3021.0,12617.0,23.943885234207816
2508440,132.0,2208.0,5.978260869565218
2508530,10.0,157.0,6.369426751592357
2508580,152.0,2269.0,6.698986337593654
2508610,979.0,12734.0,7.688079158159258
2508640,23.0,953.0,2.413431269674711
2508650,76.0,548.0,13.86861313868613
2508670,237.0,1439.0,16.46977067407922
2508700,455.0,4807.0,9.465363012273768
2508730,350.0,4166.0,8.401344215074412
2508760,60.0,569.0,10.54481546572935
2508790,282.0,2974.0,9.482178883658372
2508820,128.0,2488.0,5.144694533762058
2508850,306.0,2656.0,11.521084337349398
2508860,81.0,498.0,16.265060240963855
2508880,91.0,1649.0,5.518496058217101
2508910,165.0,1464.0,11.270491803278688
2508940,289.0,2175.0,13.28735632183908
2508950,104.0,489.0,21.267893660531698
2508960,97.0,1246.0,7.784911717495987
2509000,236.0,2464.0,9.577922077922079
2509030,133.0,2198.0,6.050955414012739
2509060,436.0,3405.0,12.804698972099853
2509090,53.0,341.0,15.542521994134898
2509140,28.0,534.0,5.2434456928838955
2509150,112.0,1255.0,8.924302788844622
2509180,75.0,653.0,11.485451761102604
2509210,25.0,223.0,11.210762331838566
2509270,217.0,1675.0,12.955223880597014
2509300,179.0,1400.0,12.785714285714286
2509310,34.0,614.0,5.537459283387622
2509390,3.0,127.0,2.3622047244094486
2509420,601.0,2894.0,20.76710435383552
2509450,204.0,2469.0,8.262454434993925
2509540,0.0,119.0,0.0
2509600,50.0,795.0,6.289308176100629
2509630,1278.0,5478.0,23.329682365826944
2509690,41.0,706.0,5.807365439093484
2509720,760.0,7389.0,10.285559615644878
2509780,12.0,211.0,5.687203791469194
2509840,21.0,123.0,17.073170731707318
2509870,1129.0,9180.0,12.29847494553377
2509900,78.0,846.0,9.219858156028367
2509930,643.0,2750.0,23.381818181818183
2509990,148.0,4118.0,3.5939776590577948
2510050,1093.0,7540.0,14.49602122015915
2510080,27.0,179.0,15.083798882681565
2510140,15.0,498.0,3.0120481927710845
2510170,298.0,2175.0,13.701149425287356
2510200,130.0,914.0,14.22319474835886
2510230,10.0,73.0,13.698630136986301
2510380,904.0,3602.0,25.09716823986674
2510470,228.0,2609.0,8.738980452280568
2510500,496.0,2587.0,19.17278701198299
2510530,7.0,54.0,12.962962962962962
2510560,216.0,2983.0,7.241032517599731
2510590,114.0,2001.0,5.697151424287856
2510615,94.0,1325.0,7.09433962264151
2510620,179.0,3489.0,5.130409859558613
2510710,15.0,428.0,3.5046728971962615
2510770,621.0,5976.0,10.391566265060241
2510800,12.0,123.0,9.75609756097561
2510830,196.0,1892.0,10.359408033826638
2510860,119.0,1787.0,6.659205372132066
2510890,669.0,4886.0,13.692181743757676
2510920,256.0,1899.0,13.480779357556608
2510930,330.0,648.0,50.92592592592593
2510950,20.0,517.0,3.8684719535783367
2510980,44.0,1322.0,3.3282904689863844
2511010,642.0,2002.0,32.06793206793207
2511020,143.0,1426.0,10.02805049088359
2511040,87.0,688.0,12.645348837209303
2511050,88.0,1123.0,7.836153161175423
2511060,141.0,732.0,19.262295081967213
2511130,5704.0,25341.0,22.508977546268895
2511220,280.0,2344.0,11.945392491467576
2511250,357.0,3492.0,10.223367697594501
2511310,38.0,876.0,4.337899543378995
2511340,101.0,2699.0,3.742126713597629
2511370,9.0,238.0,3.7815126050420167
2511400,100.0,1419.0,7.047216349541931
2511430,226.0,2209.0,10.23087369850611
2511460,245.0,2099.0,11.672224868985232
2511490,238.0,1784.0,13.340807174887892
2511520,1281.0,7848.0,16.322629969418962
2511580,269.0,3479.0,7.732106927277954
2511670,14.0,633.0,2.211690363349131
2511730,8.0,103.0,7.766990291262135
2511735,149.0,987.0,15.096251266464034
2511740,307.0,2564.0,11.973478939157566
2511760,141.0,1696.0,8.31367924528302
2511800,85.0,715.0,11.888111888111888
2511850,193.0,1760.0,10.965909090909092
2511880,390.0,7080.0,5.508474576271186
2511910,261.0,3382.0,7.71732702542874
2511940,14.0,158.0,8.860759493670885
2511970,220.0,3728.0,5.901287553648069
2512000,773.0,5650.0,13.681415929203538
2512030,206.0,1208.0,17.052980132450333
2512060,417.0,2253.0,18.508655126498002
2512100,165.0,1357.0,12.159174649963154
2512180,258.0,2506.0,10.295291300877892
2512210,123.0,2704.0,4.548816568047338
2512240,375.0,1855.0,20.21563342318059
2512270,518.0,5106.0,10.144927536231885
2512300,14.0,98.0,14.285714285714285
2512390,61.0,895.0,6.815642458100559
2512420,78.0,1303.0,5.986185725249425
2512510,576.0,3986.0,14.450577019568488
2512570,46.0,299.0,15.384615384615385
2512600,214.0,3944.0,5.425963488843814
2512630,880.0,5286.0,16.647748770336737
2512660,176.0,4958.0,3.5498184751916093
2512690,5.0,124.0,4.032258064516129
2512750,132.0,2488.0,5.305466237942122
2512780,137.0,1377.0,9.949164851125635
2512810,118.0,3082.0,3.8286826735885784
2512840,920.0,5830.0,15.780445969125214
2512870,11.0,140.0,7.857142857142857
2512930,462.0,3905.0,11.830985915492958
2512950,42.0,1254.0,3.349282296650718
2512990,9.0,164.0,5.487804878048781
2513050,196.0,3335.0,5.877061469265367
2513080,225.0,1206.0,18.65671641791045
2513110,256.0,4806.0,5.326674989596338
2513170,282.0,2000.0,14.099999999999998
2513200,500.0,4615.0,10.834236186348862
2513230,3657.0,24730.0,14.78770723817226
2513260,3.0,63.0,4.761904761904762
2513290,58.0,1049.0,5.529075309818875
2513321,7.0,116.0,6.0344827586206895
2600005,1973.0,4016.0,49.1284860557769
2600006,76.0,423.0,17.96690307328605
2600007,35.0,615.0,5.691056910569105
2600010,2.0,13.0,15.384615384615385
2600011,1.0,34.0,2.941176470588235
2600012,84.0,512.0,16.40625
2600013,568.0,3264.0,17.401960784313726
2600014,77.0,204.0,37.745098039215684
2600015,3931.0,11123.0,35.34118493212263
2600016,774.0,4011.0,19.29693343305909
2600017,132.0,879.0,15.017064846416384
2600018,119.0,621.0,19.162640901771336
2600019,46.0,338.0,13.609467455621301
2600020,107.0,109.0,98.1651376146789
2600067,107.0,153.0,69.93464052287581
2600068,123.0,540.0,22.77777777777778
2600069,30.0,140.0,21.428571428571427
2600070,21.0,46.0,45.65217391304348
2600071,73.0,561.0,13.01247771836007
2600073,23.0,213.0,10.7981220657277
2600074,56.0,186.0,30.107526881720432
2600076,140.0,381.0,36.74540682414698
2600078,16.0,217.0,7.373271889400922
2600079,23.0,207.0,11.11111111111111
2600082,147.0,267.0,55.0561797752809
2600087,34.0,405.0,8.395061728395062
2600088,136.0,425.0,32.0
2600090,27.0,397.0,6.801007556675064
2600092,139.0,791.0,17.572692793931733
2600093,22.0,775.0,2.838709677419355
2600096,56.0,248.0,22.58064516129032
2600097,159.0,732.0,21.721311475409834
2600098,71.0,775.0,9.161290322580646
2600099,33.0,151.0,21.85430463576159
2600100,223.0,1092.0,20.42124542124542
2600103,56.0,187.0,29.946524064171122
2600105,2.0,16.0,12.5
2600106,45.0,388.0,11.597938144329897
2600112,51.0,225.0,22.666666666666664
2600113,66.0,452.0,14.601769911504425
2600114,47.0,955.0,4.9214659685863875
2600115,61.0,473.0,12.896405919661733
2600121,26.0,249.0,10.441767068273093
2600125,192.0,502.0,38.24701195219124
2600131,185.0,421.0,43.942992874109265
2600136,155.0,367.0,42.234332425068125
2600137,150.0,345.0,43.47826086956522
2600139,876.0,2308.0,37.954939341421145
2600140,108.0,184.0,58.69565217391305
2600141,25.0,175.0,14.285714285714285
2600142,189.0,687.0,27.510917030567683
2600143,12.0,130.0,9.230769230769232
2600145,77.0,119.0,64.70588235294117
2600148,119.0,737.0,16.14654002713704
2600149,69.0,738.0,9.34959349593496
2600150,47.0,783.0,6.002554278416347
2600151,32.0,484.0,6.6115702479338845
2600152,51.0,62.0,82.25806451612904
2600153,82.0,305.0,26.885245901639344
2600156,420.0,846.0,49.645390070921984
2600157,8.0,190.0,4.2105263157894735
2600159,62.0,729.0,8.50480109739369
2600161,136.0,376.0,36.17021276595745
2600163,44.0,624.0,7.051282051282051
2600164,5.0,709.0,0.7052186177715092
2600166,320.0,553.0,57.86618444846293
2600168,388.0,2269.0,17.100044072278536
2600169,282.0,674.0,41.839762611275965
2600170,232.0,650.0,35.69230769230769
2600171,116.0,529.0,21.928166351606805
2600173,94.0,497.0,18.91348088531187
2600174,727.0,1498.0,48.531375166889184
2600175,91.0,475.0,19.157894736842103
2600178,158.0,364.0,43.40659340659341
2600181,58.0,213.0,27.230046948356808
2600182,22.0,259.0,8.494208494208493
2600184,13.0,157.0,8.280254777070063
2600185,131.0,337.0,38.87240356083086
2600186,80.0,596.0,13.422818791946309
2600191,191.0,515.0,37.0873786407767
2600192,179.0,645.0,27.751937984496124
2600193,150.0,414.0,36.231884057971016
2600194,123.0,248.0,49.596774193548384
2600195,358.0,947.0,37.80359028511088
2600197,330.0,767.0,43.02477183833116
2600200,10.0,68.0,14.705882352941178
2600203,159.0,680.0,23.38235294117647
2600204,134.0,644.0,20.80745341614907
2600206,199.0,488.0,40.77868852459016
2600207,58.0,311.0,18.64951768488746
2600208,78.0,585.0,13.333333333333334
2600209,60.0,732.0,8.19672131147541
2600210,489.0,979.0,49.948927477017364
2600211,112.0,634.0,17.665615141955836
2600212,57.0,99.0,57.57575757575758
2600213,27.0,103.0,26.21359223300971
2600214,274.0,722.0,37.95013850415512
2600215,93.0,841.0,11.058263971462544
2600216,75.0,782.0,9.59079283887468
2600217,315.0,883.0,35.67383918459796
2600218,135.0,458.0,29.475982532751093
2600219,164.0,547.0,29.981718464351005
2600220,226.0,824.0,27.427184466019416
2600222,40.0,82.0,48.78048780487805
2600223,58.0,796.0,7.2864321608040195
2600224,220.0,446.0,49.327354260089685
2600225,520.0,1918.0,27.111574556830032
2600227,574.0,1136.0,50.52816901408451
2600228,260.0,1735.0,14.985590778097983
2600229,228.0,515.0,44.271844660194176
2600230,85.0,302.0,28.14569536423841
2600232,381.0,1408.0,27.05965909090909
2600234,151.0,340.0,44.41176470588235
2600237,51.0,772.0,6.60621761658031
2600239,378.0,1309.0,28.87700534759358
2600242,1157.0,2013.0,57.47640337804272
2600243,257.0,905.0,28.397790055248617
2600244,151.0,379.0,39.84168865435356
2600245,155.0,429.0,36.13053613053613
2600249,161.0,497.0,32.3943661971831
2600250,34.0,275.0,12.363636363636363
2600251,260.0,529.0,49.14933837429111
2600252,8.0,262.0,3.0534351145038165
2600254,134.0,804.0,16.666666666666664
2600255,310.0,1202.0,25.79034941763727
2600262,205.0,719.0,28.51182197496523
2600263,59.0,739.0,7.983761840324763
2600264,17.0,120.0,14.166666666666666
2600265,110.0,1105.0,9.95475113122172
2600267,249.0,782.0,31.841432225063937
2600269,20.0,27.0,74.07407407407408
2600270,132.0,805.0,16.39751552795031
2600271,397.0,726.0,54.6831955922865
2600273,180.0,314.0,57.324840764331206
2600274,32.0,50.0,64.0
2600277,94.0,564.0,16.666666666666664
2600278,265.0,771.0,34.37094682230869
2600281,109.0,528.0,20.643939393939394
2600283,68.0,363.0,18.732782369146005
2600284,391.0,1509.0,25.911199469847578
2600285,20.0,98.0,20.408163265306122
2600286,330.0,657.0,50.2283105022831
2600287,79.0,518.0,15.250965250965251
2600288,92.0,358.0,25.69832402234637
2600289,110.0,799.0,13.76720901126408
2600291,172.0,980.0,17.551020408163264
2600294,242.0,734.0,32.9700272479564
2600295,381.0,1056.0,36.07954545454545
2600296,169.0,732.0,23.08743169398907
2600297,117.0,196.0,59.693877551020414
2600300,115.0,777.0,14.800514800514799
2600301,37.0,589.0,6.281833616298811
2600302,265.0,706.0,37.53541076487252
2600305,90.0,672.0,13.392857142857142
2600306,68.0,796.0,8.542713567839195
2600307,341.0,755.0,45.16556291390729
2600308,348.0,579.0,60.10362694300518
2600310,213.0,602.0,35.38205980066445
2600311,129.0,718.0,17.96657381615599
2600312,102.0,499.0,20.440881763527056
2600314,199.0,723.0,27.52420470262794
2600315,63.0,197.0,31.979695431472084
2600316,22.0,68.0,32.35294117647059
2600317,179.0,404.0,44.306930693069305
2600330,52.0,107.0,48.598130841121495
2600331,162.0,754.0,21.485411140583555
2600333,116.0,768.0,15.104166666666666
2600943,1.0,20.0,5.0
2600945,324.0,680.0,47.647058823529406
2600946,87.0,225.0,38.666666666666664
2600947,35.0,135.0,25.925925925925924
2600949,164.0,214.0,76.63551401869158
2600950,214.0,630.0,33.96825396825397
2600951,97.0,118.0,82.20338983050848
2600952,216.0,1495.0,14.448160535117058
2600955,25.0,26.0,96.15384615384616
2600956,356.0,1961.0,18.154003059663438
2600958,359.0,1529.0,23.479398299542183
2600959,267.0,645.0,41.3953488372093
2600961,235.0,1254.0,18.740031897926634
2600963,50.0,777.0,6.435006435006435
2600964,62.0,471.0,13.163481953290871
2600965,217.0,761.0,28.51511169513798
2600966,19.0,115.0,16.52173913043478
2600967,165.0,541.0,30.499075785582253
2600968,126.0,140.0,90.0
2600969,420.0,1709.0,24.575775307197194
2600970,13.0,112.0,11.607142857142858
2600971,256.0,565.0,45.309734513274336
2600972,498.0,2840.0,17.535211267605632
2600973,5.0,250.0,2.0
2600974,306.0,692.0,44.21965317919075
2600977,18.0,599.0,3.005008347245409
2600979,277.0,749.0,36.9826435246996
2600980,20.0,83.0,24.096385542168676
2600981,157.0,457.0,34.35448577680525
2600982,4.0,114.0,3.508771929824561
2600983,11.0,127.0,8.661417322834646
2600985,386.0,714.0,54.061624649859944
2600986,315.0,477.0,66.0377358490566
2600987,243.0,266.0,91.35338345864662
2600988,110.0,371.0,29.649595687331537
2600989,109.0,334.0,32.634730538922156
2600990,64.0,193.0,33.160621761658035
2600991,5.0,251.0,1.9920318725099602
2600993,119.0,417.0,28.53717026378897
2600995,24.0,286.0,8.391608391608392
2600996,123.0,737.0,16.689280868385346
2600997,63.0,774.0,8.13953488372093
2600998,187.0,323.0,57.89473684210527
2600999,178.0,441.0,40.362811791383216
2601000,53.0,322.0,16.459627329192546
2601003,89.0,338.0,26.331360946745562
2601008,199.0,648.0,30.709876543209873
2601010,384.0,692.0,55.49132947976878
2601011,52.0,335.0,15.522388059701491
2601012,108.0,225.0,48.0
2601014,300.0,371.0,80.86253369272237
2601015,21.0,79.0,26.582278481012654
2601016,214.0,440.0,48.63636363636364
2601018,267.0,548.0,48.722627737226276
2601020,49.0,778.0,6.298200514138817
2601021,145.0,769.0,18.855656697009103
2601028,215.0,658.0,32.67477203647417
2601029,495.0,763.0,64.87549148099608
2601030,199.0,532.0,37.40601503759399
2601031,100.0,447.0,22.371364653243848
2601032,90.0,306.0,29.411764705882355
2601033,129.0,342.0,37.719298245614034
2601034,136.0,160.0,85.0
2601035,20.0,188.0,10.638297872340425
2601036,138.0,512.0,26.953125
2601037,179.0,280.0,63.92857142857142
2601039,140.0,282.0,49.645390070921984
2601040,70.0,203.0,34.48275862068966
2601041,93.0,157.0,59.23566878980891
2601042,37.0,134.0,27.611940298507463
2601043,3.0,150.0,2.0
2601045,120.0,127.0,94.48818897637796
2601046,27.0,256.0,10.546875
2601048,52.0,226.0,23.008849557522122
2601049,138.0,426.0,32.3943661971831
2601050,509.0,1029.0,49.46550048590865
2601051,26.0,131.0,19.84732824427481
2601053,41.0,252.0,16.26984126984127
2601055,44.0,182.0,24.175824175824175
2601056,152.0,164.0,92.6829268292683
2601058,1.0,196.0,0.5102040816326531
2601061,175.0,410.0,42.68292682926829
2601062,259.0,336.0,77.08333333333334
2601064,47.0,188.0,25.0
2601067,42.0,153.0,27.450980392156865
2601068,251.0,736.0,34.10326086956522
2601070,690.0,2498.0,27.622097678142516
2601071,28.0,103.0,27.184466019417474
2601074,265.0,279.0,94.98207885304659
2601075,52.0,94.0,55.319148936170215
2601076,174.0,273.0,63.73626373626373
2601077,349.0,741.0,47.09851551956815
2601080,81.0,412.0,19.66019417475728
2601082,160.0,780.0,20.51282051282051
2601083,94.0,252.0,37.301587301587304
2601089,26.0,77.0,33.76623376623377
2601090,70.0,185.0,37.83783783783784
2601093,17.0,49.0,34.69387755102041
2601095,147.0,645.0,22.790697674418606
2601096,46.0,224.0,20.535714285714285
2601097,102.0,125.0,81.6
2601098,4.0,13.0,30.76923076923077
2601100,200.0,448.0,44.642857142857146
2601101,130.0,539.0,24.118738404452692
2601103,41255.0,51533.0,80.05549841848912
2601104,15.0,508.0,2.952755905511811
2601107,95.0,564.0,16.843971631205672
2601110,94.0,171.0,54.97076023391813
2601113,63.0,96.0,65.625
2601114,147.0,172.0,85.46511627906976
2601115,149.0,255.0,58.43137254901961
2601890,57.0,462.0,12.337662337662337
2601920,113.0,860.0,13.13953488372093
2601950,781.0,2669.0,29.261895841139
2601980,398.0,1954.0,20.36847492323439
2602010,62.0,293.0,21.160409556313994
2602040,36.0,133.0,27.06766917293233
2602160,145.0,775.0,18.70967741935484
2602190,256.0,1549.0,16.52679147837314
2602220,1143.0,2538.0,45.0354609929078
2602520,535.0,3846.0,13.910556422256889
2602550,315.0,2675.0,11.775700934579438
2602640,434.0,2125.0,20.423529411764708
2602670,189.0,1513.0,12.491738268341045
2602730,549.0,3837.0,14.308053166536356
2602790,727.0,5982.0,12.15312604480107
2602820,3698.0,17465.0,21.17377612367592
2603240,187.0,1848.0,10.119047619047619
2603270,1.0,14.0,7.142857142857142
2603480,37.0,271.0,13.653136531365314
2603510,94.0,559.0,16.815742397137747
2603540,254.0,888.0,28.603603603603606
2603570,67.0,249.0,26.907630522088354
2603600,77.0,464.0,16.594827586206897
2603660,3.0,48.0,6.25
2603690,612.0,3358.0,18.225134008338298
2603810,148.0,566.0,26.148409893992934
2603870,337.0,1170.0,28.8034188034188
2603900,408.0,2449.0,16.6598611678236
2603960,3.0,21.0,14.285714285714285
2603990,87.0,383.0,22.715404699738905
2604020,92.0,756.0,12.16931216931217
2604170,203.0,1227.0,16.544417277913613
2604260,2038.0,7555.0,26.975512905360688
2604290,66.0,708.0,9.322033898305085
2604320,40.0,274.0,14.5985401459854
2604350,5.0,46.0,10.869565217391305
2604440,172.0,1027.0,16.747809152872446
2604470,606.0,4400.0,13.772727272727273
2604500,462.0,774.0,59.68992248062015
2604530,312.0,1797.0,17.362270450751254
2604620,81.0,382.0,21.20418848167539
2604650,162.0,721.0,22.46879334257975
2604740,395.0,1196.0,33.02675585284281
2604800,309.0,821.0,37.63702801461632
2604830,1502.0,2192.0,68.52189781021897
2604950,291.0,1473.0,19.75560081466395
2605010,570.0,3987.0,14.296463506395787
2605100,2.0,11.0,18.181818181818183
2605430,1001.0,3615.0,27.69017980636238
2605690,12.0,173.0,6.9364161849710975
2605780,307.0,1883.0,16.303770578863517
2605820,193.0,1909.0,10.110005238344682
2605850,474.0,8137.0,5.825242718446602
2606000,160.0,1201.0,13.322231473771856
2606090,589.0,5455.0,10.797433547204399
2606270,368.0,1139.0,32.30904302019315
2606300,1.0,4.0,25.0
2606500,176.0,1411.0,12.473423104181432
2606510,43.0,216.0,19.90740740740741
2606570,436.0,2519.0,17.308455736403335
2606600,279.0,1402.0,19.900142653352354
2606630,112.0,642.0,17.445482866043612
2606720,204.0,1872.0,10.897435897435898
2606780,681.0,1615.0,42.1671826625387
2606840,81.0,885.0,9.152542372881356
2606870,588.0,6058.0,9.706173654671508
2606900,131.0,510.0,25.68627450980392
2606930,168.0,614.0,27.36156351791531
2606960,139.0,1008.0,13.789682539682541
2606990,174.0,1457.0,11.942347288949898
2607040,145.0,883.0,16.421291053227634
2607080,566.0,2016.0,28.075396825396826
2607140,103.0,1659.0,6.208559373116335
2607170,99.0,415.0,23.85542168674699
2607320,142.0,1822.0,7.793633369923161
2607410,56.0,324.0,17.28395061728395
2607470,12.0,30.0,40.0
2607530,117.0,888.0,13.175675675675674
2607560,559.0,3944.0,14.173427991886408
2607590,662.0,3351.0,19.75529692629066
2607620,441.0,4938.0,8.930741190765493
2607690,256.0,1367.0,18.72713972201902
2607710,58.0,517.0,11.218568665377177
2607800,106.0,873.0,12.142038946162657
2607890,1468.0,4774.0,30.749895266024296
2608010,137.0,309.0,44.336569579288025
2608040,289.0,1710.0,16.900584795321638
2608070,504.0,1858.0,27.125941872981702
2608130,290.0,994.0,29.175050301810867
2608160,137.0,393.0,34.86005089058524
2608280,26.0,266.0,9.774436090225564
2608400,110.0,967.0,11.375387797311271
2608430,248.0,933.0,26.580921757770632
2608520,424.0,3532.0,12.004530011325027
2608580,730.0,2474.0,29.50687146321746
2608610,67.0,281.0,23.843416370106763
2608640,308.0,1636.0,18.82640586797066
2608670,142.0,808.0,17.574257425742573
2608730,153.0,914.0,16.739606126914662
2608770,443.0,2428.0,18.245469522240526
2608880,29.0,250.0,11.600000000000001
2608910,230.0,1687.0,13.633669235328986
2608940,255.0,2454.0,10.39119804400978
2609150,313.0,1530.0,20.45751633986928
2609560,486.0,2075.0,23.42168674698795
2609570,2097.0,16188.0,12.954040029651596
2609630,3.0,19.0,15.789473684210526
2609750,237.0,1559.0,15.202052597819115
2609840,431.0,1795.0,24.011142061281337
2609900,918.0,7409.0,12.390336077743285
2609930,276.0,1606.0,17.18555417185554
2610020,72.0,495.0,14.545454545454545
2610050,96.0,1099.0,8.735213830755233
2610080,1689.0,3139.0,53.80694488690666
2610110,368.0,3039.0,12.10924646265219
2610140,528.0,2971.0,17.771794008751264
2610200,118.0,655.0,18.015267175572518
2610230,4.0,21.0,19.047619047619047
2610380,292.0,1410.0,20.70921985815603
2610410,73.0,567.0,12.874779541446207
2610560,31.0,300.0,10.333333333333334
2610590,742.0,2200.0,33.72727272727273
2610620,242.0,1902.0,12.723449001051526
2610650,107.0,696.0,15.373563218390803
2610750,372.0,1472.0,25.271739130434785
2610830,246.0,2662.0,9.241172051089407
2610860,308.0,1819.0,16.932380428807036
2610980,132.0,367.0,35.967302452316076
2611030,284.0,1563.0,18.170185540627
2611140,347.0,2079.0,16.69071669071669
2611190,52.0,446.0,11.659192825112108
2611400,104.0,747.0,13.92235609103079
2611430,754.0,5788.0,13.026952315134762
2611550,273.0,3202.0,8.525921299188008
2611600,2056.0,20956.0,9.811032639816759
2611610,614.0,2511.0,24.45240939864596
2611640,948.0,1800.0,52.666666666666664
2611670,139.0,772.0,18.00518134715026
2611700,94.0,586.0,16.040955631399317
2611910,256.0,1292.0,19.814241486068113
2611970,29.0,99.0,29.292929292929294
2612030,252.0,3641.0,6.921175501235924
2612150,585.0,2235.0,26.174496644295303
2612240,38.0,507.0,7.495069033530571
2612300,189.0,1622.0,11.652281134401973
2612330,248.0,1442.0,17.198335644937586
2612420,434.0,4100.0,10.585365853658537
2612450,1872.0,2827.0,66.21860629642731
2612480,104.0,2921.0,3.560424512153372
2612540,164.0,939.0,17.465388711395104
2612560,75.0,853.0,8.792497069167643
2612600,446.0,3651.0,12.215831279101616
2612660,1.0,24.0,4.166666666666666
2612690,429.0,2409.0,17.80821917808219
2612810,242.0,836.0,28.947368421052634
2612930,794.0,1113.0,71.33872416891285
2612960,150.0,787.0,19.05972045743329
2612990,366.0,2739.0,13.362541073384445
2613050,132.0,1343.0,9.82874162323157
2613090,200.0,967.0,20.682523267838675
2613110,52.0,256.0,20.3125
2613140,1.0,8.0,12.5
2613500,365.0,2241.0,16.28737170905846
2613530,129.0,1728.0,7.465277777777778
2613560,200.0,891.0,22.44668911335578
2613680,2.0,43.0,4.651162790697675
2614070,1345.0,9451.0,14.231298275314783
2614100,306.0,1233.0,24.817518248175183
2614230,878.0,1326.0,66.21417797888385
2614250,396.0,3560.0,11.123595505617978
2614280,756.0,2939.0,25.72303504593399
2614460,1020.0,2659.0,38.36028582173749
2614520,2824.0,4617.0,61.16525882607754
2614550,540.0,4305.0,12.543554006968641
2614570,127.0,509.0,24.95088408644401
2614610,712.0,9822.0,7.24903278354714
2614690,336.0,819.0,41.02564102564102
2614700,26.0,493.0,5.273833671399594
2614730,264.0,2863.0,9.221096751659099
2614760,78.0,1269.0,6.1465721040189125
2614790,117.0,455.0,25.71428571428571
2614820,934.0,5223.0,17.88244304039824
2615060,155.0,1959.0,7.912200102092905
2615150,400.0,1941.0,20.607934054611025
2615390,541.0,2751.0,19.665576154125773
2615420,129.0,689.0,18.722786647314948
2615450,229.0,1118.0,20.4830053667263
2615510,17.0,34.0,50.0
2615540,971.0,3963.0,24.50164017158718
2615600,163.0,314.0,51.910828025477706
2615730,465.0,3102.0,14.990328820116053
2615750,184.0,627.0,29.346092503987244
2615830,164.0,965.0,16.99481865284974
2615870,555.0,3756.0,14.776357827476039
2615970,190.0,1590.0,11.949685534591195
2615990,346.0,1688.0,20.497630331753555
2616020,68.0,698.0,9.742120343839542
2616050,193.0,752.0,25.664893617021278
2616080,440.0,1907.0,23.072889355007867
2616110,493.0,2167.0,22.75034610059991
2616320,145.0,2163.0,6.703652334720296
2616350,879.0,8348.0,10.529468136080498
2616380,734.0,6231.0,11.779810624297864
2616410,512.0,4359.0,11.745813259922
2616440,4287.0,15661.0,27.373730923951218
2616470,543.0,5996.0,9.056037358238827
2616500,350.0,1782.0,19.640852974186306
2616560,2.0,6.0,33.33333333333333
2616830,120.0,1335.0,8.98876404494382
2617160,471.0,3747.0,12.57005604483587
2617220,216.0,1845.0,11.707317073170733
2617250,394.0,4046.0,9.738012852199704
2617340,10.0,83.0,12.048192771084338
2617370,86.0,335.0,25.671641791044774
2617400,199.0,2677.0,7.433694434067986
2617520,926.0,3290.0,28.14589665653495
2617550,141.0,764.0,18.455497382198953
2617640,94.0,1116.0,8.422939068100359
2617700,102.0,758.0,13.456464379947231
2617730,357.0,2793.0,12.781954887218044
2617760,928.0,1920.0,48.333333333333336
2617820,319.0,1439.0,22.1681723419041
2617860,379.0,1335.0,28.389513108614235
2617880,300.0,1365.0,21.978021978021978
2617910,516.0,5556.0,9.287257019438446
2617940,295.0,2657.0,11.102747459540835
2617970,368.0,2662.0,13.82419233658903
2618030,1533.0,3429.0,44.70691163604549
2618180,106.0,1187.0,8.930075821398484
2618270,303.0,884.0,34.276018099547514
2618360,79.0,439.0,17.995444191343964
2618390,265.0,1443.0,18.364518364518364
2618420,516.0,3566.0,14.46999439147504
2618450,719.0,3493.0,20.58402519324363
2618480,764.0,4700.0,16.25531914893617
2618510,108.0,807.0,13.382899628252787
2618540,262.0,1069.0,24.5088868101029
2618570,168.0,1667.0,10.077984403119377
2618600,473.0,1295.0,36.52509652509652
2618720,707.0,7081.0,9.984465470978675
2618810,87.0,1012.0,8.596837944664031
2618840,371.0,7253.0,5.1151247759547775
2618930,437.0,2578.0,16.9511249030256
2618990,1386.0,8749.0,15.841810492627728
2619050,106.0,1505.0,7.043189368770763
2619100,373.0,2063.0,18.080465341735337
2619170,104.0,712.0,14.606741573033707
2619250,794.0,2956.0,26.860622462787553
2619290,5.0,19.0,26.31578947368421
2619410,249.0,930.0,26.7741935483871
2619470,190.0,803.0,23.6612702366127
2619530,149.0,789.0,18.88466413181242
2619580,184.0,1159.0,15.875754961173424
2619620,1758.0,5533.0,31.77299837339599
2619800,266.0,1743.0,15.261044176706829
2619830,329.0,5468.0,6.016825164594001
2619890,112.0,696.0,16.091954022988507
2619920,219.0,1480.0,14.797297297297296
2619950,3814.0,13171.0,28.957558271961126
2620010,206.0,524.0,39.31297709923664
2620050,350.0,1535.0,22.80130293159609
2620070,627.0,3071.0,20.416802344513187
2620160,655.0,2320.0,28.23275862068966
2620280,397.0,3049.0,13.020662512299113
2620310,223.0,1318.0,16.9195751138088
2620340,1753.0,9002.0,19.47345034436792
2620380,324.0,1618.0,20.024721878862795
2620400,94.0,592.0,15.878378378378377
2620550,189.0,1134.0,16.666666666666664
2620610,344.0,1179.0,29.17726887192536
2620670,175.0,2084.0,8.397312859884837
2620700,75.0,435.0,17.24137931034483
2620730,641.0,7313.0,8.765212635033501
2620820,273.0,2876.0,9.492350486787204
2620850,782.0,4148.0,18.852459016393443
2620880,669.0,4265.0,15.685814771395076
2620910,88.0,751.0,11.717709720372836
2620940,226.0,1184.0,19.08783783783784
2620980,319.0,1845.0,17.289972899728998
2621120,323.0,2601.0,12.418300653594772
2621150,5818.0,11136.0,52.24497126436781
2621180,617.0,5008.0,12.320287539936102
2621210,85.0,571.0,14.886164623467602
2621240,175.0,1067.0,16.40112464854733
2621390,132.0,511.0,25.83170254403131
2621420,49.0,241.0,20.33195020746888
2621450,176.0,1263.0,13.935075217735552
2621570,576.0,3409.0,16.896450572015254
2621600,1563.0,4839.0,32.30006199628022
2621690,309.0,2828.0,10.926449787835926
2621750,48.0,253.0,18.972332015810274
2621810,45.0,233.0,19.313304721030043
2621840,1829.0,13947.0,13.11393131139313
2621870,1777.0,10392.0,17.09969207082371
2622050,433.0,3862.0,11.211807353702746
2622200,288.0,2153.0,13.376683697166744
2622230,25.0,75.0,33.33333333333333
2622260,13.0,144.0,9.027777777777777
2622290,465.0,2063.0,22.539990305380513
2622320,147.0,1661.0,8.85009030704395
2622350,194.0,1005.0,19.30348258706468
2622380,114.0,1005.0,11.343283582089553
2622410,467.0,1501.0,31.11259160559627
2622470,157.0,847.0,18.536009445100355
2622500,168.0,959.0,17.51824817518248
2622620,203.0,1064.0,19.078947368421055
2622740,139.0,687.0,20.232896652110625
2622800,130.0,892.0,14.573991031390134
2622830,38.0,305.0,12.459016393442624
2622860,112.0,882.0,12.698412698412698
2622970,535.0,2979.0,17.959046659953003
2622980,139.0,621.0,22.383252818035427
2623040,303.0,2773.0,10.926794085827623
2623070,417.0,3133.0,13.309926587934887
2623100,177.0,1103.0,16.047144152311876
2623130,277.0,1277.0,21.69146436961629
2623160,101.0,467.0,21.627408993576015
2623250,446.0,3821.0,11.672337084532845
2623280,130.0,604.0,21.52317880794702
2623310,171.0,954.0,17.92452830188679
2623460,659.0,3078.0,21.410006497725796
2623490,115.0,887.0,12.965050732807216
2623520,125.0,563.0,22.202486678507995
2623550,207.0,1296.0,15.972222222222221
2623580,172.0,1338.0,12.855007473841553
2623610,85.0,594.0,14.309764309764308
2623670,172.0,632.0,27.21518987341772
2623790,158.0,1468.0,10.762942779291553
2623820,522.0,7674.0,6.802189210320562
2623830,49.0,168.0,29.166666666666668
2623850,471.0,2146.0,21.947809878844364
2623910,148.0,1053.0,14.055080721747387
2624000,141.0,490.0,28.775510204081634
2624120,578.0,3867.0,14.946987328678564
2624150,1334.0,5384.0,24.777117384843983
2624180,284.0,1533.0,18.52576647097195
2624420,199.0,1484.0,13.409703504043128
2624540,15.0,93.0,16.129032258064516
2624570,83.0,658.0,12.613981762917934
2624600,266.0,1164.0,22.852233676975946
2624630,93.0,539.0,17.25417439703154
2624690,427.0,969.0,44.06604747162023
2624720,809.0,1960.0,41.275510204081634
2624750,794.0,3607.0,22.01275298031605
2624810,139.0,631.0,22.028526148969892
2624840,1541.0,3765.0,40.929614873837984
2624960,168.0,1445.0,11.626297577854672
2625020,109.0,1524.0,7.152230971128609
2625140,68.0,571.0,11.908931698774081
2625230,267.0,1220.0,21.885245901639344
2625290,51.0,937.0,5.44290288153682
2625320,277.0,1475.0,18.779661016949152
2625350,172.0,741.0,23.21187584345479
2625400,119.0,1211.0,9.826589595375722
2625560,715.0,3777.0,18.930368016944666
2625650,208.0,288.0,72.22222222222221
2625680,375.0,2350.0,15.957446808510639
2625740,1059.0,7889.0,13.423754595005704
2625780,40.0,434.0,9.216589861751153
2625800,104.0,1049.0,9.914204003813156
2625920,13.0,145.0,8.96551724137931
2625950,460.0,3303.0,13.926733272782318
2625980,523.0,7460.0,7.010723860589812
2626010,764.0,3464.0,22.0554272517321
2626040,73.0,720.0,10.13888888888889
2626100,9.0,120.0,7.5
2626130,391.0,6553.0,5.966732794140088
2626190,3714.0,5190.0,71.5606936416185
2626220,384.0,2042.0,18.8050930460333
2626280,472.0,4451.0,10.604358571107616
2626370,231.0,1477.0,15.639810426540285
2626400,116.0,611.0,18.985270049099835
2626430,7.0,16.0,43.75
2626490,113.0,436.0,25.91743119266055
2626520,78.0,1337.0,5.833956619296933
2626550,113.0,287.0,39.37282229965157
2626760,1083.0,2541.0,42.621015348288076
2626940,56.0,329.0,17.02127659574468
2626970,300.0,1178.0,25.46689303904924
2627060,423.0,2320.0,18.232758620689655
2627150,261.0,1562.0,16.709346991037133
2627180,25.0,161.0,15.527950310559005
2627210,729.0,3120.0,23.365384615384617
2627240,496.0,5309.0,9.342625729892635
2627420,369.0,1624.0,22.72167487684729
2627660,341.0,2205.0,15.46485260770975
2627690,59.0,368.0,16.032608695652172
2627720,104.0,527.0,19.734345351043643
2627810,409.0,2196.0,18.6247723132969
2627840,25.0,280.0,8.928571428571429
2627900,184.0,1133.0,16.24007060900265
2627930,498.0,2867.0,17.370073247296826
2627960,51.0,666.0,7.657657657657657
2628020,62.0,378.0,16.402116402116402
2628140,294.0,2780.0,10.575539568345324
2628170,245.0,1321.0,18.54655563966692
2628200,144.0,1088.0,13.23529411764706
2628500,75.0,552.0,13.586956521739129
2628530,434.0,2835.0,15.308641975308642
2628560,1922.0,17379.0,11.059324472063985
2628740,2276.0,4249.0,53.56554483407861
2628830,2075.0,8233.0,25.20344953236973
2628890,163.0,1437.0,11.343075852470424
2628950,952.0,8509.0,11.188153719591021
2629120,280.0,1936.0,14.46280991735537
2629130,40.0,228.0,17.543859649122805
2629160,181.0,838.0,21.599045346062052
2629190,3.0,38.0,7.894736842105263
2629220,47.0,366.0,12.841530054644808
2629250,154.0,1248.0,12.339743589743591
2629340,36.0,359.0,10.027855153203342
2629370,254.0,1053.0,24.121557454890787
2629400,128.0,713.0,17.952314165497896
2629460,1313.0,2866.0,45.812979762735516
2629490,193.0,1480.0,13.04054054054054
2629520,60.0,796.0,7.537688442211055
2629540,606.0,3704.0,16.360691144708422
2629580,29.0,116.0,25.0
2629670,162.0,1449.0,11.180124223602485
2629760,1483.0,2150.0,68.97674418604652
2629790,90.0,617.0,14.58670988654781
2629910,504.0,2630.0,19.163498098859318
2629940,1150.0,15016.0,7.658497602557272
2630030,629.0,7894.0,7.968077020521916
2630060,88.0,565.0,15.575221238938052
2630090,736.0,5006.0,14.702357171394326
2630210,1886.0,4748.0,39.72198820556024
2630300,594.0,5069.0,11.718287630696391
2630360,176.0,616.0,28.57142857142857
2630390,2579.0,5370.0,48.02607076350093
2630450,958.0,4753.0,20.155691142436353
2630480,30.0,252.0,11.904761904761903
2630660,333.0,5158.0,6.455990694067467
2630780,68.0,896.0,7.5892857142857135
2630840,181.0,1086.0,16.666666666666664
2630930,80.0,896.0,8.928571428571429
2630960,128.0,858.0,14.918414918414918
2630990,501.0,2219.0,22.577737719693555
2631020,137.0,1072.0,12.779850746268655
2631320,209.0,1305.0,16.015325670498086
2631380,386.0,1809.0,21.337755666113875
2632070,12.0,76.0,15.789473684210526
2632220,505.0,1715.0,29.44606413994169
2632250,821.0,8489.0,9.671339380374603
2632280,1094.0,3298.0,33.171619163129165
2632300,447.0,1989.0,22.473604826546005
2632310,1885.0,6122.0,30.790591310029402
2632340,871.0,3736.0,23.31370449678801
2632370,209.0,2594.0,8.057054741711642
2632550,294.0,2511.0,11.708482676224612
2632610,208.0,1053.0,19.753086419753085
2632640,151.0,965.0,15.647668393782382
2632670,705.0,3673.0,19.19411924857065
2632820,288.0,2906.0,9.910529938059188
2632850,203.0,2776.0,7.312680115273776
2632880,170.0,1063.0,15.992474129821261
2632910,176.0,877.0,20.068415051311288
2632940,312.0,1581.0,19.734345351043643
2632970,21.0,177.0,11.864406779661017
2633000,38.0,514.0,7.392996108949417
2633030,225.0,1299.0,17.321016166281755
2633090,683.0,3304.0,20.67191283292978
2633120,62.0,633.0,9.794628751974724
2633360,165.0,622.0,26.527331189710612
2633410,144.0,1786.0,8.062709966405375
2633420,405.0,3741.0,10.82598235765838
2633510,213.0,1268.0,16.798107255520506
2633540,2701.0,6298.0,42.886630676405204
2633720,274.0,2919.0,9.386776293251113
2633750,87.0,253.0,34.387351778656125
2633810,267.0,3117.0,8.565928777670837
2633840,472.0,2625.0,17.98095238095238
2633870,1867.0,10083.0,18.51631458891203
2633900,229.0,2557.0,8.955807587016034
2633930,373.0,1941.0,19.21689850592478
2634260,593.0,11113.0,5.336092864213084
2634380,51.0,709.0,7.193229901269394
2634410,183.0,1020.0,17.941176470588236
2634440,78.0,752.0,10.372340425531915
2634470,3289.0,28524.0,11.530640863833964
2634560,1284.0,4594.0,27.949499346974317
2634620,23.0,77.0,29.87012987012987
2634650,207.0,1273.0,16.260801256873528
2634680,1090.0,2520.0,43.25396825396825
2634710,169.0,811.0,20.838471023427868
2634920,163.0,617.0,26.418152350081037
2634950,350.0,2605.0,13.43570057581574
2635010,58.0,305.0,19.01639344262295
2635040,68.0,230.0,29.565217391304348
2635130,99.0,269.0,36.80297397769517
2635160,1619.0,12728.0,12.719987429289755
2635190,2593.0,13906.0,18.64662735509852
2635220,765.0,3276.0,23.35164835164835
2635310,1417.0,8836.0,16.03666817564509
2635460,411.0,1465.0,28.054607508532424
2635520,664.0,3004.0,22.103861517976032
2635550,571.0,3006.0,18.99534264803726
2635730,62.0,581.0,10.671256454388985
2635790,2.0,10.0,20.0
2635820,1188.0,5306.0,22.389747455710516
2635850,579.0,2087.0,27.74317201724964
2635910,1380.0,7097.0,19.444835846132168
2635940,394.0,2969.0,13.270461434826542
2635970,842.0,1478.0,56.968876860622466
2636060,234.0,897.0,26.08695652173913
2636120,126.0,774.0,16.27906976744186
2636240,19.0,45.0,42.22222222222222
2636270,99.0,743.0,13.324360699865412
2636300,443.0,2185.0,20.274599542334094
2636330,115.0,758.0,15.171503957783642
2636390,212.0,786.0,26.97201017811705
2636420,159.0,1824.0,8.717105263157894
2636480,61.0,275.0,22.181818181818183
2636485,746.0,5297.0,14.083443458561451
2636540,1115.0,4776.0,23.345896147403685
2636570,634.0,4102.0,15.455875182837639
2636600,240.0,1915.0,12.532637075718014
2636630,1204.0,3611.0,33.342564386596514
2636660,621.0,6133.0,10.125550301646829
2680000,45.0,497.0,9.054325955734406
2680100,24.0,98.0,24.489795918367346
2680120,9.0,40.0,22.5
2680140,14.0,175.0,8.0
2680160,99.0,192.0,51.5625
2680200,108.0,460.0,23.47826086956522
2680220,45.0,148.0,30.405405405405407
2680240,43.0,196.0,21.93877551020408
2680260,45.0,104.0,43.269230769230774
2680280,24.0,56.0,42.857142857142854
2680300,23.0,200.0,11.5
2680320,27.0,241.0,11.20331950207469
2680340,40.0,92.0,43.47826086956522
2680380,30.0,111.0,27.027027027027028
2680400,259.0,595.0,43.529411764705884
2680420,17.0,105.0,16.19047619047619
2680440,115.0,424.0,27.122641509433965
2680460,37.0,431.0,8.584686774941995
2680480,24.0,73.0,32.87671232876712
2680500,19.0,137.0,13.86861313868613
2680504,71.0,316.0,22.468354430379748
2680505,31.0,95.0,32.631578947368425
2680520,50.0,189.0,26.455026455026452
2680540,31.0,645.0,4.8062015503875966
2680560,32.0,113.0,28.31858407079646
2680580,79.0,437.0,18.07780320366133
2680600,114.0,254.0,44.881889763779526
2680660,16.0,65.0,24.615384615384617
2680680,27.0,213.0,12.676056338028168
2680700,31.0,68.0,45.588235294117645
2680720,517.0,1280.0,40.390625
2680740,16.0,121.0,13.223140495867769
2680750,2.0,138.0,1.4492753623188406
2680755,34.0,116.0,29.310344827586203
2680770,48.0,194.0,24.742268041237114
2680790,5.0,17.0,29.411764705882355
2680800,38.0,517.0,7.35009671179884
2680820,44.0,218.0,20.18348623853211
2680830,90.0,170.0,52.94117647058824
2680850,29.0,155.0,18.70967741935484
2680860,15.0,51.0,29.411764705882355
2680900,52.0,230.0,22.608695652173914
2680920,34.0,49.0,69.38775510204081
2680930,93.0,550.0,16.90909090909091
2680940,40.0,165.0,24.242424242424242
2680960,44.0,294.0,14.965986394557824
2680965,64.0,182.0,35.16483516483517
2680975,52.0,162.0,32.098765432098766
2680980,42.0,243.0,17.28395061728395
2680985,122.0,251.0,48.60557768924303
2680990,28.0,77.0,36.36363636363637
2700001,97.0,1071.0,9.056956115779645
2700005,79.0,720.0,10.972222222222221
2700006,76.0,933.0,8.145766345123258
2700007,31.0,628.0,4.936305732484077
2700008,385.0,2061.0,18.680252304706453
2700013,87.0,797.0,10.915934755332497
2700017,371.0,3406.0,10.892542571931884
2700019,123.0,1210.0,10.165289256198347
2700021,151.0,936.0,16.132478632478634
2700022,132.0,1034.0,12.76595744680851
2700023,22.0,482.0,4.564315352697095
2700024,44.0,457.0,9.62800875273523
2700025,932.0,987.0,94.4275582573455
2700027,21.0,177.0,11.864406779661017
2700028,23.0,102.0,22.54901960784314
2700040,7.0,17.0,41.17647058823529
2700043,7.0,15.0,46.666666666666664
2700045,38.0,99.0,38.38383838383838
2700058,26.0,44.0,59.09090909090909
2700063,21.0,43.0,48.837209302325576
2700071,1.0,51.0,1.9607843137254901
2700073,46.0,47.0,97.87234042553192
2700086,172.0,246.0,69.91869918699187
2700088,64.0,691.0,9.261939218523878
2700089,99.0,919.0,10.772578890097932
2700090,65.0,778.0,8.354755784061698
2700091,113.0,891.0,12.682379349046016
2700092,50.0,214.0,23.364485981308412
2700093,29.0,670.0,4.328358208955224
2700096,2.0,962.0,0.2079002079002079
2700099,150.0,753.0,19.9203187250996
2700100,64.0,695.0,9.20863309352518
2700101,42.0,319.0,13.166144200626958
2700102,173.0,1196.0,14.464882943143811
2700103,101.0,438.0,23.059360730593607
2700104,89.0,808.0,11.014851485148515
2700105,139.0,545.0,25.504587155963304
2700106,95.0,832.0,11.41826923076923
2700107,29.0,335.0,8.656716417910449
2700108,164.0,1103.0,14.86854034451496
2700109,165.0,984.0,16.76829268292683
2700110,23.0,551.0,4.174228675136116
2700115,120.0,789.0,15.209125475285171
2700116,18.0,216.0,8.333333333333332
2700117,1391.0,2837.0,49.03066619668664
2700118,53.0,455.0,11.648351648351648
2700123,129.0,1204.0,10.714285714285714
2700124,225.0,1797.0,12.520868113522537
2700125,120.0,858.0,13.986013986013987
2700126,40.0,603.0,6.633499170812604
2700127,24.0,325.0,7.384615384615385
2700128,196.0,1543.0,12.702527543745951
2700129,48.0,164.0,29.268292682926827
2700130,93.0,1101.0,8.446866485013624
2700132,21.0,433.0,4.849884526558892
2700133,262.0,1288.0,20.341614906832298
2700138,112.0,258.0,43.41085271317829
2700139,51.0,102.0,50.0
2700140,40.0,750.0,5.333333333333334
2700142,33.0,490.0,6.73469387755102
2700148,28.0,116.0,24.137931034482758
2700150,26.0,331.0,7.854984894259818
2700152,69.0,85.0,81.17647058823529
2700153,78.0,240.0,32.5
2700156,47.0,307.0,15.309446254071663
2700159,60.0,383.0,15.66579634464752
2700162,80.0,709.0,11.283497884344147
2700163,130.0,583.0,22.29845626072041
2700167,21.0,513.0,4.093567251461988
2700173,133.0,163.0,81.59509202453987
2700174,18.0,93.0,19.35483870967742
2700177,43.0,406.0,10.591133004926109
2700178,1.0,49.0,2.0408163265306123
2700179,14.0,152.0,9.210526315789473
2700181,64.0,85.0,75.29411764705883
2700182,235.0,1143.0,20.559930008748907
2700183,58.0,451.0,12.86031042128603
2700184,43.0,454.0,9.47136563876652
2700185,74.0,511.0,14.481409001956946
2700186,60.0,405.0,14.814814814814813
2700187,90.0,251.0,35.85657370517929
2700188,79.0,581.0,13.59724612736661
2700189,11.0,444.0,2.4774774774774775
2700190,13.0,159.0,8.176100628930817
2700192,53.0,58.0,91.37931034482759
2700194,2.0,101.0,1.9801980198019802
2700208,40.0,363.0,11.019283746556475
2700209,30.0,231.0,12.987012987012985
2700211,67.0,72.0,93.05555555555556
2700212,12.0,180.0,6.666666666666667
2700214,66.0,106.0,62.264150943396224
2700218,104.0,193.0,53.8860103626943
2700220,9.0,431.0,2.088167053364269
2700221,19.0,113.0,16.8141592920354
2700224,90.0,157.0,57.324840764331206
2700225,35.0,200.0,17.5
2700226,35.0,77.0,45.45454545454545
2700230,24.0,517.0,4.642166344294004
2700231,74.0,1166.0,6.34648370497427
2700235,33.0,210.0,15.714285714285714
2700237,14.0,247.0,5.668016194331984
2700240,143.0,789.0,18.124207858048162
2700241,12.0,131.0,9.16030534351145
2700245,34.0,461.0,7.37527114967462
2700249,6.0,169.0,3.5502958579881656
2700252,21.0,322.0,6.521739130434782
2700253,103.0,729.0,14.12894375857339
2700254,4.0,60.0,6.666666666666667
2700255,4.0,27.0,14.814814814814813
2700256,53.0,103.0,51.45631067961165
2700261,26.0,112.0,23.214285714285715
2700262,18.0,558.0,3.225806451612903
2700263,22.0,249.0,8.835341365461847
2700272,55.0,135.0,40.74074074074074
2700273,73.0,183.0,39.89071038251366
2700275,41.0,114.0,35.96491228070175
2700276,22.0,690.0,3.1884057971014492
2700277,15.0,196.0,7.653061224489796
2700278,27.0,117.0,23.076923076923077
2700281,27.0,816.0,3.308823529411765
2700284,98.0,881.0,11.12372304199773
2700285,128.0,227.0,56.38766519823789
2700287,110.0,1459.0,7.539410555174777
2700288,204.0,1368.0,14.912280701754385
2700289,53.0,250.0,21.2
2700290,4.0,63.0,6.349206349206349
2700291,115.0,143.0,80.41958041958041
2700292,29.0,106.0,27.358490566037734
2700293,9.0,100.0,9.0
2700294,68.0,641.0,10.60842433697348
2700296,17.0,326.0,5.214723926380368
2700299,86.0,136.0,63.23529411764706
2700300,7.0,25.0,28.000000000000004
2700304,42.0,1151.0,3.6490008688097304
2700308,124.0,340.0,36.470588235294116
2700309,67.0,578.0,11.591695501730104
2700310,11.0,85.0,12.941176470588237
2700311,40.0,514.0,7.782101167315175
2700313,35.0,424.0,8.254716981132075
2700314,56.0,67.0,83.5820895522388
2700315,65.0,191.0,34.031413612565444
2700316,10.0,175.0,5.714285714285714
2700319,43.0,592.0,7.263513513513513
2700320,52.0,720.0,7.222222222222221
2700321,12.0,21.0,57.14285714285714
2700324,54.0,351.0,15.384615384615385
2700325,24.0,342.0,7.017543859649122
2700326,89.0,692.0,12.861271676300579
2700328,49.0,544.0,9.007352941176471
2700333,45.0,1102.0,4.083484573502722
2700337,48.0,982.0,4.887983706720977
2700339,40.0,106.0,37.735849056603776
2700342,193.0,1800.0,10.722222222222221
2700344,10.0,518.0,1.9305019305019304
2700345,45.0,251.0,17.928286852589643
2700346,68.0,158.0,43.037974683544306
2700349,106.0,287.0,36.933797909407666
2700351,113.0,501.0,22.55489021956088
2700352,22.0,112.0,19.642857142857142
2700353,24.0,355.0,6.760563380281689
2700354,12.0,278.0,4.316546762589928
2700355,32.0,121.0,26.446280991735538
2700358,77.0,1151.0,6.689834926151173
2700360,85.0,591.0,14.382402707275805
2700361,80.0,104.0,76.92307692307693
2700362,23.0,1164.0,1.9759450171821304
2700363,14.0,300.0,4.666666666666667
2700364,170.0,1380.0,12.318840579710146
2700366,47.0,545.0,8.623853211009175
2700367,27.0,415.0,6.506024096385541
2700368,8.0,137.0,5.839416058394161
2700369,1.0,97.0,1.0309278350515463
2700370,2.0,104.0,1.9230769230769231
2700372,36.0,37.0,97.2972972972973
2700373,64.0,203.0,31.527093596059114
2700374,25.0,190.0,13.157894736842104
2700376,64.0,242.0,26.446280991735538
2700378,16.0,120.0,13.333333333333334
2700379,213.0,2040.0,10.441176470588236
2700380,117.0,582.0,20.103092783505154
2700382,39.0,494.0,7.894736842105263
2700383,73.0,1020.0,7.156862745098039
2700384,113.0,329.0,34.34650455927052
2700385,33.0,398.0,8.291457286432161
2700388,24.0,300.0,8.0
2700389,95.0,114.0,83.33333333333334
2700390,1.0,135.0,0.7407407407407408
2700391,13.0,179.0,7.262569832402235
2700393,29.0,351.0,8.262108262108262
2700394,2.0,262.0,0.7633587786259541
2700395,13.0,154.0,8.441558441558442
2700396,57.0,80.0,71.25
2700397,17.0,407.0,4.176904176904177
2700398,36.0,273.0,13.186813186813188
2700399,64.0,442.0,14.479638009049776
2700401,32.0,258.0,12.4031007751938
2700403,53.0,95.0,55.78947368421052
2700404,4.0,80.0,5.0
2700406,43.0,226.0,19.02654867256637
2700408,24.0,104.0,23.076923076923077
2700410,4.0,230.0,1.7391304347826086
2700412,54.0,172.0,31.3953488372093
2700415,43.0,159.0,27.044025157232703
2700420,188.0,274.0,68.61313868613139
2700423,36.0,196.0,18.367346938775512
2700424,28.0,73.0,38.35616438356164
2700425,33.0,169.0,19.526627218934912
2700430,91.0,686.0,13.26530612244898
2700437,16.0,166.0,9.63855421686747
2700442,16.0,32.0,50.0
2702640,40.0,508.0,7.874015748031496
2702720,36.0,401.0,8.977556109725686
2702730,75.0,582.0,12.886597938144329
2702760,44.0,1153.0,3.8161318300086733
2702910,220.0,815.0,26.993865030674847
2702930,85.0,1754.0,4.846066134549601
2702970,926.0,3402.0,27.219282774838334
2703030,56.0,504.0,11.11111111111111
2703060,462.0,4207.0,10.98169717138103
2703150,180.0,1885.0,9.549071618037134
2703180,5234.0,37990.0,13.777309818373256
2703300,20.0,269.0,7.434944237918216
2703450,1080.0,5089.0,21.22224405580664
2703540,17.0,246.0,6.910569105691057
2703570,336.0,1054.0,31.87855787476281
2703660,54.0,848.0,6.367924528301887
2703690,47.0,789.0,5.9569074778200255
2703750,36.0,427.0,8.430913348946136
2703870,317.0,3192.0,9.931077694235588
2704050,108.0,1638.0,6.593406593406594
2704440,793.0,5016.0,15.809409888357257
2704470,188.0,805.0,23.354037267080745
2705430,50.0,528.0,9.469696969696969
2705460,195.0,3049.0,6.395539521154476
2705660,129.0,656.0,19.664634146341463
2705730,156.0,659.0,23.672230652503792
2705760,61.0,811.0,7.52157829839704
2705790,1469.0,10712.0,13.713592233009708
2705850,27.0,210.0,12.857142857142856
2706060,111.0,737.0,15.061058344640434
2706090,1267.0,6749.0,18.773151578011557
2706150,93.0,726.0,12.8099173553719
2706240,1077.0,2575.0,41.8252427184466
2706300,47.0,557.0,8.43806104129264
2707110,52.0,165.0,31.515151515151512
2707200,542.0,5821.0,9.311114928706408
2707290,2494.0,8973.0,27.794494594895795
2707320,38.0,429.0,8.857808857808857
2707350,113.0,2210.0,5.113122171945701
2707380,55.0,724.0,7.596685082872928
2707410,1070.0,4892.0,21.87244480784955
2707450,43.0,165.0,26.060606060606062
2707470,38.0,614.0,6.188925081433225
2707500,32.0,1163.0,2.751504729148753
2707590,52.0,457.0,11.37855579868709
2708070,801.0,1141.0,70.20157756354075
2708100,834.0,6711.0,12.4273580688422
2708190,690.0,9702.0,7.111935683364255
2708220,81.0,941.0,8.607863974495219
2708910,157.0,968.0,16.219008264462808
2708940,19.0,171.0,11.11111111111111
2709330,21.0,515.0,4.077669902912621
2709360,41.0,223.0,18.385650224215247
2709420,531.0,2555.0,20.78277886497065
2709440,191.0,2228.0,8.572710951526032
2709480,87.0,982.0,8.859470468431772
2709510,835.0,3285.0,25.41856925418569
2709540,23.0,158.0,14.556962025316455
2709690,28.0,346.0,8.092485549132949
2709720,398.0,1307.0,30.45141545524101
2709750,164.0,1080.0,15.185185185185185
2710060,379.0,2320.0,16.336206896551726
2710090,48.0,559.0,8.586762075134168
2710140,261.0,899.0,29.03225806451613
2710170,161.0,2501.0,6.437425029988004
2710230,506.0,3000.0,16.866666666666667
2710260,193.0,1616.0,11.943069306930692
2711010,84.0,1251.0,6.71462829736211
2711040,2408.0,8508.0,28.30277385989657
2711085,205.0,758.0,27.044854881266488
2711130,220.0,1744.0,12.614678899082568
2711190,49.0,933.0,5.251875669882101
2711220,51.0,422.0,12.085308056872037
2711250,739.0,8643.0,8.550271896332292
2711370,1356.0,13145.0,10.315709395207303
2711460,11.0,162.0,6.790123456790123
2711520,77.0,593.0,12.984822934232715
2711670,1335.0,10696.0,12.481301421091997
2711760,835.0,3701.0,22.561469873007294
2711820,688.0,7278.0,9.453146468810113
2711880,554.0,2567.0,21.581612777561357
2711910,60.0,488.0,12.295081967213115
2712180,51.0,292.0,17.465753424657535
2712210,54.0,240.0,22.5
2712240,136.0,2085.0,6.522781774580336
2712270,891.0,6316.0,14.107029765674477
2712300,112.0,649.0,17.257318952234208
2712360,126.0,976.0,12.90983606557377
2712420,846.0,3079.0,27.476453393959076
2712480,47.0,319.0,14.733542319749215
2712580,87.0,823.0,10.571081409477522
2712900,41.0,758.0,5.408970976253298
2713020,15.0,209.0,7.177033492822966
2713040,39.0,269.0,14.49814126394052
2713110,176.0,531.0,33.14500941619586
2713140,44.0,477.0,9.224318658280922
2713170,568.0,3972.0,14.300100704934543
2713380,25.0,372.0,6.720430107526881
2713530,542.0,4304.0,12.592936802973979
2713560,54.0,933.0,5.787781350482315
2713590,97.0,712.0,13.623595505617978
2713680,10.0,34.0,29.411764705882355
2713860,44.0,351.0,12.535612535612536
2713890,19.0,117.0,16.23931623931624
2713920,350.0,2067.0,16.932752781809384
2713930,26.0,315.0,8.253968253968253
2713980,300.0,2495.0,12.024048096192384
2714010,63.0,274.0,22.99270072992701
2714040,16.0,368.0,4.3478260869565215
2714070,247.0,1023.0,24.144672531769306
2714190,64.0,1139.0,5.618964003511852
2714220,1059.0,8224.0,12.876945525291827
2714260,804.0,6642.0,12.104787714543813
2714280,789.0,2208.0,35.733695652173914
2714970,254.0,2911.0,8.72552387495706
2715000,110.0,1095.0,10.045662100456621
2715030,531.0,3655.0,14.528043775649795
2715510,162.0,407.0,39.80343980343981
2715540,3.0,102.0,2.941176470588235
2715750,182.0,1823.0,9.983543609434998
2716980,169.0,2206.0,7.660924750679963
2717010,53.0,298.0,17.78523489932886
2717100,100.0,802.0,12.468827930174564
2717120,56.0,796.0,7.035175879396985
2717220,59.0,679.0,8.689248895434462
2717250,135.0,1154.0,11.69844020797227
2717460,2.0,167.0,1.1976047904191618
2717520,93.0,1227.0,7.579462102689487
2717570,72.0,466.0,15.450643776824036
2717780,1150.0,10928.0,10.523426061493412
2717880,29.0,179.0,16.201117318435752
2717910,17.0,387.0,4.3927648578811365
2717940,58.0,335.0,17.313432835820898
2718060,31.0,287.0,10.801393728222997
2718070,140.0,1013.0,13.820335636722605
2718090,74.0,527.0,14.041745730550284
2718210,228.0,1539.0,14.814814814814813
2718240,443.0,2444.0,18.126022913256957
2718270,42.0,380.0,11.052631578947368
2718330,128.0,1252.0,10.223642172523961
2718360,64.0,340.0,18.823529411764707
2718390,8.0,459.0,1.7429193899782136
2718540,32.0,294.0,10.884353741496598
2718570,16.0,539.0,2.9684601113172544
2718660,322.0,648.0,49.691358024691354
2718750,256.0,3250.0,7.876923076923077
2718780,1117.0,8504.0,13.13499529633114
2718810,70.0,837.0,8.363201911589007
2718920,13.0,150.0,8.666666666666668
2718940,280.0,2591.0,10.80663836356619
2718960,90.0,794.0,11.335012594458437
2719170,111.0,460.0,24.130434782608695
2719320,119.0,909.0,13.091309130913093
2720550,103.0,1320.0,7.803030303030304
2720580,96.0,929.0,10.333692142088267
2720670,361.0,1800.0,20.055555555555554
2721210,8.0,33.0,24.242424242424242
2721240,9007.0,35890.0,25.096127054889944
2721270,25.0,464.0,5.387931034482758
2721320,146.0,1385.0,10.541516245487365
2721390,451.0,4277.0,10.544774374561609
2721420,1285.0,5292.0,24.281934996220713
2721450,104.0,681.0,15.27165932452276
2721480,370.0,1660.0,22.289156626506024
2722920,221.0,2359.0,9.36837643069097
2722950,1642.0,11397.0,14.407300166710538
2723010,80.0,522.0,15.32567049808429
2723310,58.0,625.0,9.28
2723370,143.0,628.0,22.770700636942674
2723380,47.0,132.0,35.60606060606061
2723400,223.0,1512.0,14.74867724867725
2723430,418.0,4155.0,10.060168471720818
2723490,170.0,2307.0,7.368877329865627
2723520,100.0,750.0,13.333333333333334
2723550,35.0,419.0,8.353221957040573
2723580,30.0,380.0,7.894736842105263
2723820,485.0,2981.0,16.269708151626972
2723850,1582.0,10465.0,15.117056856187292
2723880,659.0,4248.0,15.513182674199625
2723910,105.0,1062.0,9.887005649717514
2723970,10.0,502.0,1.9920318725099602
2725050,301.0,686.0,43.87755102040816
2725080,495.0,2830.0,17.491166077738516
2725140,45.0,820.0,5.487804878048781
2725200,4117.0,20802.0,19.79136621478704
2728050,349.0,4849.0,7.1973602804702
2728080,385.0,1639.0,23.48993288590604
2728110,48.0,600.0,8.0
2728140,78.0,989.0,7.886754297269969
2728170,174.0,901.0,19.3118756936737
2728200,190.0,1698.0,11.189634864546525
2728230,379.0,1640.0,23.109756097560975
2728290,55.0,656.0,8.384146341463415
2728320,109.0,1205.0,9.04564315352697
2728350,222.0,1123.0,19.768477292965272
2728380,517.0,1642.0,31.485992691839222
2728950,143.0,1347.0,10.616184112843357
2728960,28.0,59.0,47.45762711864407
2728970,310.0,975.0,31.794871794871792
2730030,507.0,3441.0,14.734088927637314
2730060,1056.0,8852.0,11.92950745594216
2730090,290.0,1806.0,16.057585825027683
2730150,36.0,722.0,4.986149584487535
2730450,29.0,389.0,7.455012853470437
2730480,630.0,2626.0,23.99086062452399
2730510,1121.0,1525.0,73.50819672131148
2730870,88.0,307.0,28.664495114006517
2731750,587.0,4333.0,13.54719593814909
2731780,2197.0,11849.0,18.54164908431091
2731800,3151.0,17689.0,17.813330318276897
2732070,231.0,1825.0,12.657534246575342
2732250,179.0,1202.0,14.891846921797006
2732390,3475.0,29011.0,11.978215159766984
2732430,1836.0,7849.0,23.391514842655113
2732460,25.0,306.0,8.169934640522875
2732520,115.0,930.0,12.365591397849462
2732550,125.0,984.0,12.703252032520327
2732700,78.0,291.0,26.804123711340207
2732820,293.0,3891.0,7.530197892572603
2732850,48.0,1178.0,4.074702886247878
2732880,706.0,4605.0,15.331161780673181
2732970,27.0,332.0,8.132530120481928
2733000,1231.0,8413.0,14.632116961844762
2733210,100.0,647.0,15.455950540958268
2733270,908.0,3456.0,26.273148148148145
2733300,9.0,342.0,2.631578947368421
2733330,896.0,5754.0,15.571776155717762
2733390,65.0,562.0,11.565836298932384
2733420,155.0,1855.0,8.355795148247978
2733450,62.0,989.0,6.268958543983821
2733480,40.0,635.0,6.299212598425196
2733510,2747.0,9210.0,29.82627578718784
2733540,834.0,4572.0,18.241469816272964
2733600,94.0,972.0,9.670781893004115
2733720,18.0,57.0,31.57894736842105
2733780,653.0,4597.0,14.204916249728083
2733790,557.0,6612.0,8.424077434966728
2733810,2536.0,18402.0,13.781110748831649
2733840,7215.0,37679.0,19.14859736192574
2733870,124.0,2182.0,5.682859761686526
2733900,189.0,1088.0,17.371323529411764
2738160,208.0,2082.0,9.99039385206532
2738190,1282.0,8427.0,15.213005814643408
2738280,19.0,351.0,5.413105413105413
2738850,478.0,2141.0,22.326015880429708
2738880,109.0,1271.0,8.575924468922109
2740665,171.0,1153.0,14.830875975715523
2740680,22.0,217.0,10.138248847926267
2740740,180.0,1385.0,12.996389891696749
2740810,31.0,337.0,9.198813056379821
2740830,57.0,593.0,9.612141652613827
2740860,16.0,366.0,4.371584699453552
2740920,94.0,590.0,15.932203389830507
2741040,240.0,1679.0,14.29422275163788
2741060,81.0,597.0,13.5678391959799
2741430,27.0,365.0,7.397260273972603
2741460,340.0,4137.0,8.21851583272903
2741850,149.0,965.0,15.44041450777202
2741880,387.0,1989.0,19.457013574660635
2741910,113.0,1620.0,6.9753086419753085
2742120,268.0,671.0,39.94038748137109
2742160,803.0,11561.0,6.945765937202664
2742270,686.0,5038.0,13.616514489876936
2742330,64.0,412.0,15.53398058252427
2742360,1267.0,8518.0,14.874383658135711
2742720,912.0,4328.0,21.072088724584106
2742750,64.0,422.0,15.165876777251185
2742780,176.0,1109.0,15.87015329125338
2744070,425.0,2935.0,14.480408858603067
2744160,405.0,3129.0,12.943432406519657
2744190,47.0,419.0,11.217183770883054
2745735,44.0,1228.0,3.5830618892508146
2791353,199.0,246.0,80.89430894308943
2791445,77.0,930.0,8.279569892473118
2791446,22.0,201.0,10.945273631840797
2791447,17.0,245.0,6.938775510204081
2791448,15.0,184.0,8.152173913043478
2791449,84.0,486.0,17.28395061728395
2791450,164.0,989.0,16.582406471183013
2791451,44.0,686.0,6.41399416909621
2791455,24.0,29.0,82.75862068965517
2791456,40.0,162.0,24.691358024691358
2800185,163.0,1296.0,12.577160493827162
2800186,172.0,1128.0,15.24822695035461
2800187,774.0,3829.0,20.21415513188822
2800188,53.0,415.0,12.771084337349398
2800189,1025.0,5117.0,20.031268321282
2800190,55.0,248.0,22.177419354838708
2800191,653.0,3064.0,21.312010443864228
2800192,81.0,285.0,28.421052631578945
2800360,174.0,1203.0,14.463840399002494
2800390,519.0,3245.0,15.993836671802775
2800420,306.0,996.0,30.72289156626506
2800450,282.0,1661.0,16.977724262492476
2800510,182.0,1065.0,17.089201877934272
2800540,132.0,793.0,16.64564943253468
2800570,331.0,1834.0,18.047982551799347
2800600,258.0,1103.0,23.390752493200363
2800630,1102.0,6201.0,17.77132720528947
2800750,384.0,3407.0,11.270912826533607
2800820,205.0,1257.0,16.308671439936358
2800840,478.0,2814.0,16.986496090973702
2800870,328.0,2477.0,13.24182478805006
2800900,643.0,3342.0,19.23997606223818
2800930,245.0,983.0,24.92370295015259
2800960,100.0,506.0,19.76284584980237
2800990,159.0,1345.0,11.821561338289962
2801020,114.0,1481.0,7.697501688048616
2801050,628.0,2629.0,23.88740966146824
2801090,766.0,5267.0,14.543383330168977
2801100,101.0,310.0,32.58064516129032
2801110,284.0,1369.0,20.745069393718044
2801140,68.0,522.0,13.026819923371647
2801170,244.0,1654.0,14.752116082224909
2801200,833.0,3688.0,22.586767895878527
2801220,355.0,2729.0,13.008427995602784
2801260,469.0,2604.0,18.010752688172044
2801290,659.0,2876.0,22.91376912378303
2801320,6565.0,33979.0,19.320756938108833
2801380,74.0,774.0,9.560723514211885
2801410,323.0,1143.0,28.258967629046367
2801440,127.0,964.0,13.174273858921163
2801470,311.0,1660.0,18.734939759036145
2801490,387.0,2321.0,16.673847479534682
2801510,159.0,588.0,27.040816326530614
2801530,199.0,1308.0,15.214067278287462
2801560,1035.0,4082.0,25.355218030377262
2801590,355.0,1888.0,18.802966101694913
2801620,994.0,4878.0,20.37720377203772
2801650,583.0,2783.0,20.948616600790515
2801680,642.0,4032.0,15.922619047619047
2801710,1366.0,6143.0,22.23669216994954
2801740,985.0,4352.0,22.63327205882353
2801770,2660.0,14787.0,17.988773923040508
2801800,1053.0,4117.0,25.576876366286132
2801830,322.0,1505.0,21.3953488372093
2801860,1111.0,5867.0,18.936424066814386
2801890,51.0,641.0,7.956318252730108
2801950,330.0,1308.0,25.229357798165136
2801980,289.0,2762.0,10.463432295438087
2802010,255.0,1715.0,14.868804664723031
2802040,297.0,1617.0,18.367346938775512
2802100,742.0,3613.0,20.536949903127592
2802160,1583.0,9192.0,17.221496953872933
2802190,6360.0,25681.0,24.76539075581169
2802220,183.0,1224.0,14.950980392156863
2802250,178.0,1395.0,12.759856630824373
2802280,1753.0,8683.0,20.1888748128527
2802310,228.0,1042.0,21.8809980806142
2802340,387.0,2413.0,16.038126813095733
2802370,457.0,2886.0,15.835065835065834
2802400,1240.0,9854.0,12.583722346255326
2802430,1075.0,6178.0,17.400453221107153
2802460,791.0,3182.0,24.858579509742302
2802490,465.0,2175.0,21.379310344827587
2802520,533.0,2883.0,18.487686437738468
2802550,1450.0,6962.0,20.827348463085322
2802580,152.0,2178.0,6.978879706152434
2802610,118.0,866.0,13.625866050808314
2802640,715.0,3122.0,22.901985906470212
2802670,562.0,3230.0,17.39938080495356
2802700,496.0,2843.0,17.446359479423144
2802730,889.0,5409.0,16.435570345720095
2802760,157.0,593.0,26.475548060708263
2802790,1595.0,13275.0,12.015065913370998
2802820,416.0,2076.0,20.03853564547206
2802850,531.0,3070.0,17.29641693811075
2802880,737.0,2577.0,28.599146294140475
2802910,1113.0,5463.0,20.373421197144424
2802940,808.0,2247.0,35.959056519804186
2802970,52.0,242.0,21.487603305785125
2803000,470.0,1885.0,24.93368700265252
2803030,886.0,3203.0,27.661567280674365
2803060,763.0,3224.0,23.666253101736974
2803090,264.0,1330.0,19.849624060150376
2803120,285.0,2160.0,13.194444444444445
2803150,395.0,1715.0,23.03206997084548
2803180,138.0,971.0,14.212152420185376
2803210,378.0,1446.0,26.141078838174277
2803240,448.0,2486.0,18.020917135961383
2803270,173.0,1272.0,13.60062893081761
2803300,376.0,1573.0,23.903369357914812
2803360,936.0,5865.0,15.959079283887467
2803390,96.0,462.0,20.77922077922078
2803450,489.0,4307.0,11.353610401671697
2803480,1270.0,7037.0,18.047463407702146
2803510,215.0,2024.0,10.622529644268774
2803520,825.0,4228.0,19.512771996215704
2803530,494.0,4043.0,12.218649517684888
2803540,915.0,3204.0,28.558052434456926
2803570,210.0,1038.0,20.23121387283237
2803600,124.0,996.0,12.449799196787147
2803630,775.0,3459.0,22.405319456490318
2803660,744.0,3573.0,20.822837951301427
2803690,393.0,2282.0,17.22173531989483
2803720,318.0,1884.0,16.878980891719745
2803750,401.0,2416.0,16.5976821192053
2803780,397.0,1866.0,21.27545551982851
2803810,132.0,1032.0,12.790697674418606
2803830,3148.0,19282.0,16.32610725028524
2803870,166.0,681.0,24.375917767988252
2803900,875.0,3927.0,22.281639928698752
2803930,416.0,1772.0,23.47629796839729
2803960,116.0,852.0,13.615023474178404
2803990,747.0,3700.0,20.18918918918919
2804020,360.0,2696.0,13.353115727002967
2804050,746.0,4268.0,17.478912839737582
2804080,281.0,1713.0,16.40396964389959
2804110,439.0,2811.0,15.617218071860547
2804170,600.0,2488.0,24.115755627009648
2804230,516.0,2410.0,21.410788381742737
2804260,529.0,3009.0,17.58059155865736
2804290,422.0,1954.0,21.596724667349026
2804320,1334.0,6934.0,19.238534756273435
2804350,431.0,2918.0,14.77039067854695
2804380,156.0,1007.0,15.491559086395235
2804440,289.0,1823.0,15.852989577619308
2804470,2092.0,8080.0,25.89108910891089
2804500,193.0,1048.0,18.416030534351144
2804530,541.0,3268.0,16.554467564259486
2804560,402.0,1851.0,21.71799027552674
2804590,257.0,1396.0,18.40974212034384
2804650,124.0,740.0,16.756756756756758
2804680,339.0,1928.0,17.58298755186722
2804710,194.0,1219.0,15.914684167350288
2804740,138.0,1072.0,12.87313432835821
2804770,588.0,2483.0,23.681031010873944
2804800,454.0,1512.0,30.02645502645503
2900001,60.0,745.0,8.053691275167784
2900002,72.0,917.0,7.851690294438386
2900003,58.0,713.0,8.134642356241233
2900004,171.0,1378.0,12.409288824383163
2900013,71.0,620.0,11.451612903225806
2900014,171.0,1077.0,15.87743732590529
2900015,43.0,182.0,23.626373626373624
2900016,65.0,275.0,23.636363636363637
2900017,1.0,488.0,0.20491803278688525
2900019,55.0,253.0,21.73913043478261
2900020,12.0,50.0,24.0
2900021,20.0,41.0,48.78048780487805
2900022,367.0,797.0,46.04767879548306
2900024,113.0,623.0,18.138041733547354
2900025,19.0,604.0,3.145695364238411
2900027,95.0,1101.0,8.628519527702089
2900028,104.0,484.0,21.487603305785125
2900031,97.0,554.0,17.509025270758123
2900574,119.0,582.0,20.446735395189002
2900576,89.0,912.0,9.758771929824562
2900579,409.0,2414.0,16.942833471416733
2900585,17.0,281.0,6.049822064056939
2900589,18.0,408.0,4.411764705882353
2900590,197.0,1632.0,12.071078431372548
2900591,471.0,1756.0,26.822323462414577
2900592,155.0,1358.0,11.413843888070693
2900593,129.0,159.0,81.13207547169812
2900594,62.0,417.0,14.86810551558753
2900595,60.0,712.0,8.426966292134832
2900597,146.0,963.0,15.160955347871235
2900601,27.0,114.0,23.684210526315788
2900603,55.0,620.0,8.870967741935484
2900604,23.0,207.0,11.11111111111111
2900605,82.0,643.0,12.752721617418352
2900606,23.0,228.0,10.087719298245613
2900611,16.0,125.0,12.8
2900612,54.0,223.0,24.2152466367713
2901000,2425.0,17940.0,13.517279821627648
2902850,41.0,664.0,6.174698795180722
2902880,98.0,382.0,25.654450261780106
2902910,270.0,2560.0,10.546875
2902970,32.0,466.0,6.866952789699571
2903000,28.0,337.0,8.30860534124629
2903040,4.0,113.0,3.5398230088495577
2903060,57.0,688.0,8.284883720930232
2903120,31.0,343.0,9.037900874635568
2903150,58.0,964.0,6.016597510373444
2903200,45.0,537.0,8.379888268156424
2903270,59.0,696.0,8.477011494252872
2903480,20.0,197.0,10.152284263959391
2904020,151.0,1965.0,7.684478371501273
2904050,142.0,1364.0,10.410557184750733
2904080,6.0,186.0,3.225806451612903
2904110,5.0,162.0,3.0864197530864197
2904140,7.0,328.0,2.1341463414634148
2904170,8.0,69.0,11.594202898550725
2904500,131.0,1674.0,7.825567502986858
2904530,16.0,217.0,7.373271889400922
2904590,10.0,129.0,7.751937984496124
2904620,434.0,4434.0,9.788001804239963
2904890,114.0,980.0,11.63265306122449
2904950,10.0,539.0,1.855287569573284
2904980,12.0,196.0,6.122448979591836
2905070,43.0,795.0,5.4088050314465415
2905130,26.0,492.0,5.284552845528456
2905190,9.0,113.0,7.964601769911504
2905250,22.0,667.0,3.2983508245877062
2905280,78.0,536.0,14.55223880597015
2905310,1177.0,12828.0,9.175241658871219
2905370,311.0,2652.0,11.726998491704373
2905400,3.0,68.0,4.411764705882353
2905430,291.0,3008.0,9.674202127659575
2905580,191.0,1557.0,12.26718047527296
2905610,3.0,33.0,9.090909090909092
2905640,122.0,894.0,13.646532438478747
2905660,99.0,1354.0,7.3116691285081234
2905700,59.0,231.0,25.541125541125542
2905730,57.0,204.0,27.941176470588236
2905760,610.0,4741.0,12.866483864163678
2905790,22.0,151.0,14.56953642384106
2905820,23.0,346.0,6.6473988439306355
2905850,9.0,55.0,16.363636363636363
2905880,50.0,782.0,6.3938618925831205
2905910,29.0,184.0,15.760869565217392
2905940,64.0,972.0,6.584362139917696
2906000,11.0,116.0,9.482758620689655
2906030,14.0,268.0,5.223880597014925
2906090,5.0,134.0,3.731343283582089
2906120,176.0,1637.0,10.751374465485645
2906150,12.0,88.0,13.636363636363635
2906170,8.0,228.0,3.508771929824561
2906360,89.0,995.0,8.944723618090453
2906430,60.0,667.0,8.995502248875562
2906450,7.0,88.0,7.954545454545454
2906480,24.0,106.0,22.641509433962266
2906510,123.0,1330.0,9.24812030075188
2906540,6.0,51.0,11.76470588235294
2906990,516.0,4261.0,12.109833372447783
2907020,139.0,1716.0,8.100233100233101
2907050,46.0,539.0,8.534322820037106
2907080,84.0,508.0,16.535433070866144
2907120,332.0,4199.0,7.906644439152179
2907320,24.0,273.0,8.791208791208792
2907350,304.0,3384.0,8.983451536643026
2907380,70.0,812.0,8.620689655172415
2907460,396.0,4791.0,8.265497808390734
2907470,143.0,1110.0,12.882882882882882
2908170,217.0,1729.0,12.550607287449392
2908250,392.0,2395.0,16.367432150313153
2908320,57.0,500.0,11.4
2908340,2.0,55.0,3.6363636363636362
2908370,1519.0,17746.0,8.559675419812915
2908430,16.0,267.0,5.992509363295881
2908460,67.0,684.0,9.7953216374269
2908490,22.0,189.0,11.64021164021164
2908670,133.0,935.0,14.224598930481283
2908730,26.0,172.0,15.11627906976744
2908760,113.0,1846.0,6.121343445287107
2908790,4.0,72.0,5.555555555555555
2909120,22.0,328.0,6.707317073170732
2909720,213.0,2682.0,7.941834451901567
2909750,113.0,1021.0,11.067580803134183
2909780,95.0,1374.0,6.914119359534207
2909810,34.0,188.0,18.085106382978726
2909860,173.0,1578.0,10.963244613434728
2909900,52.0,691.0,7.525325615050652
2909930,37.0,1192.0,3.104026845637584
2910020,21.0,295.0,7.118644067796611
2910080,56.0,455.0,12.307692307692308
2910110,65.0,668.0,9.73053892215569
2910140,20.0,255.0,7.8431372549019605
2910200,33.0,207.0,15.942028985507244
2910230,5.0,54.0,9.25925925925926
2910260,18.0,160.0,11.25
2910290,65.0,561.0,11.58645276292335
2910320,72.0,836.0,8.61244019138756
2910350,28.0,541.0,5.175600739371535
2910380,48.0,539.0,8.905380333951761
2910410,91.0,1323.0,6.878306878306878
2910440,10.0,155.0,6.451612903225806
2910470,1.0,33.0,3.0303030303030303
2910500,372.0,2735.0,13.60146252285192
2910520,59.0,389.0,15.167095115681233
2910590,13.0,299.0,4.3478260869565215
2910620,20.0,241.0,8.29875518672199
2910650,8.0,214.0,3.7383177570093453
2910710,11.0,287.0,3.8327526132404177
2910770,69.0,2043.0,3.3773861967694567
2910800,90.0,844.0,10.66350710900474
2910830,103.0,961.0,10.718002081165452
2910920,200.0,1571.0,12.73074474856779
2910950,5.0,650.0,0.7692307692307693
2911010,6.0,92.0,6.521739130434782
2911040,9.0,101.0,8.91089108910891
2911070,38.0,312.0,12.179487179487179
2911100,48.0,810.0,5.9259259259259265
2911160,18.0,126.0,14.285714285714285
2911220,110.0,1176.0,9.35374149659864
2911250,46.0,733.0,6.2755798090040935
2911280,44.0,496.0,8.870967741935484
2911310,125.0,1213.0,10.305028854080792
2911340,224.0,1916.0,11.691022964509393
2911400,88.0,798.0,11.027568922305765
2911450,102.0,166.0,61.44578313253012
2911550,50.0,607.0,8.237232289950576
2911580,16.0,178.0,8.98876404494382
2911650,459.0,3148.0,14.580686149936467
2911670,35.0,297.0,11.784511784511785
2911700,70.0,1160.0,6.0344827586206895
2911730,23.0,355.0,6.478873239436619
2911760,15.0,147.0,10.204081632653061
2911850,32.0,498.0,6.425702811244979
2911910,360.0,3870.0,9.30232558139535
2911940,71.0,780.0,9.102564102564102
2911990,46.0,673.0,6.8350668647845465
2912010,1545.0,10303.0,14.995632340095119
2912030,235.0,2981.0,7.883260650788326
2912180,45.0,552.0,8.152173913043478
2912240,96.0,1168.0,8.21917808219178
2912300,1145.0,11360.0,10.079225352112676
2912450,16.0,190.0,8.421052631578947
2912480,2.0,64.0,3.125
2912510,10.0,116.0,8.620689655172415
2912540,204.0,2065.0,9.878934624697337
2912550,302.0,2343.0,12.889457959880495
2912600,29.0,638.0,4.545454545454546
2912630,35.0,478.0,7.322175732217573
2912660,48.0,659.0,7.283763277693475
2912690,12.0,134.0,8.955223880597014
2912720,6.0,64.0,9.375
2912780,6.0,166.0,3.614457831325301
2912840,5.0,39.0,12.82051282051282
2912870,6.0,139.0,4.316546762589928
2912900,38.0,361.0,10.526315789473683
2912930,7.0,194.0,3.608247422680412
2913080,378.0,4357.0,8.675694285058526
2913140,643.0,4062.0,15.82964057114722
2913170,94.0,757.0,12.417437252311757
2913230,20.0,306.0,6.535947712418301
2913260,12.0,193.0,6.217616580310881
2913290,16.0,394.0,4.060913705583756
2913320,63.0,400.0,15.75
2913380,137.0,787.0,17.407878017789074
2913500,6.0,158.0,3.79746835443038
2913530,17.0,261.0,6.513409961685824
2913560,95.0,1404.0,6.766381766381767
2913590,45.0,651.0,6.912442396313365
2913620,186.0,1488.0,12.5
2913650,356.0,3390.0,10.501474926253687
2913680,20.0,258.0,7.751937984496124
2913710,46.0,590.0,7.796610169491526
2913760,367.0,2539.0,14.454509649468294
2913770,29.0,722.0,4.016620498614958
2913800,81.0,603.0,13.432835820895523
2913830,3151.0,17822.0,17.680395017394233
2914280,93.0,953.0,9.758656873032528
2914310,12.0,754.0,1.5915119363395225
2914320,48.0,692.0,6.9364161849710975
2914340,1095.0,5755.0,19.02693310165074
2914370,16.0,212.0,7.547169811320755
2914400,90.0,965.0,9.32642487046632
2914430,391.0,3544.0,11.03273137697517
2914460,33.0,540.0,6.111111111111111
2914490,112.0,1139.0,9.833187006145742
2914520,3.0,50.0,6.0
2914550,236.0,1365.0,17.28937728937729
2914840,89.0,1026.0,8.674463937621832
2915060,11.0,228.0,4.824561403508771
2915180,4.0,239.0,1.6736401673640167
2915210,11.0,209.0,5.263157894736842
2915240,1.0,50.0,2.0
2915270,56.0,327.0,17.12538226299694
2915300,23.0,367.0,6.267029972752043
2915330,1.0,156.0,0.641025641025641
2915390,24.0,392.0,6.122448979591836
2915420,52.0,672.0,7.738095238095238
2915450,63.0,878.0,7.175398633257403
2915480,2101.0,13932.0,15.080390467987367
2915510,34.0,413.0,8.232445520581114
2915600,370.0,4980.0,7.429718875502007
2915630,20.0,82.0,24.390243902439025
2915660,16.0,222.0,7.207207207207207
2916140,34.0,474.0,7.172995780590717
2916190,1125.0,8773.0,12.823435540864015
2916200,1.0,64.0,1.5625
2916290,358.0,2507.0,14.28001595532509
2916380,99.0,1010.0,9.801980198019802
2916400,3414.0,15671.0,21.785463595175802
2916450,340.0,3505.0,9.700427960057063
2916470,10.0,130.0,7.6923076923076925
2916500,118.0,1944.0,6.0699588477366255
2916530,18.0,131.0,13.740458015267176
2916620,2.0,26.0,7.6923076923076925
2916660,18.0,259.0,6.94980694980695
2916710,20.0,267.0,7.490636704119851
2916740,267.0,2420.0,11.033057851239668
2916770,324.0,5778.0,5.607476635514018
2916830,116.0,1541.0,7.527579493835172
2916860,16.0,272.0,5.88235294117647
2916920,25.0,356.0,7.02247191011236
2916950,21.0,320.0,6.5625
2917000,26.0,440.0,5.909090909090909
2917820,308.0,4231.0,7.279602930749232
2917850,134.0,1188.0,11.27946127946128
2917880,59.0,664.0,8.885542168674698
2917970,62.0,961.0,6.451612903225806
2918240,31.0,310.0,10.0
2918270,383.0,4410.0,8.684807256235828
2918300,1306.0,17848.0,7.317346481398476
2918330,16.0,102.0,15.686274509803921
2918360,14.0,328.0,4.2682926829268295
2918420,10.0,207.0,4.830917874396135
2918450,25.0,271.0,9.22509225092251
2918460,72.0,883.0,8.154020385050963
2918480,103.0,970.0,10.618556701030927
2918510,41.0,419.0,9.785202863961814
2918540,1177.0,12253.0,9.60581082183955
2918600,47.0,902.0,5.210643015521065
2918670,36.0,523.0,6.8833652007648185
2918690,356.0,6887.0,5.169159285610571
2919080,48.0,633.0,7.5829383886255926
2919140,38.0,340.0,11.176470588235295
2919170,193.0,2208.0,8.740942028985508
2919200,17.0,293.0,5.802047781569966
2919230,36.0,631.0,5.705229793977813
2919260,79.0,714.0,11.064425770308123
2919350,70.0,900.0,7.777777777777778
2919380,16.0,335.0,4.776119402985075
2919410,92.0,1300.0,7.076923076923077
2919840,20.0,215.0,9.30232558139535
2919890,109.0,1024.0,10.64453125
2919920,7.0,81.0,8.641975308641975
2919980,43.0,1125.0,3.822222222222222
2920010,121.0,1494.0,8.099062918340026
2920050,26.0,599.0,4.340567612687813
2920160,44.0,575.0,7.652173913043478
2920280,9.0,99.0,9.090909090909092
2920310,69.0,2371.0,2.910164487557992
2920340,2.0,45.0,4.444444444444445
2920370,18.0,154.0,11.688311688311687
2920410,199.0,2396.0,8.30550918196995
2920430,252.0,3054.0,8.25147347740668
2920490,102.0,1401.0,7.28051391862955
2920550,41.0,546.0,7.509157509157509
2920610,336.0,3721.0,9.02983069067455
2920640,11.0,267.0,4.119850187265917
2920670,789.0,10015.0,7.878182725911133
2920700,110.0,1232.0,8.928571428571429
2920750,11.0,199.0,5.527638190954774
2920810,253.0,2286.0,11.067366579177602
2920820,41.0,174.0,23.563218390804597
2920840,11.0,79.0,13.924050632911392
2920880,8.0,28.0,28.57142857142857
2920940,99.0,674.0,14.688427299703264
2921000,52.0,262.0,19.84732824427481
2921060,2.0,20.0,10.0
2921100,275.0,2326.0,11.82287188306105
2921120,304.0,1973.0,15.408008109477953
2921150,6.0,80.0,7.5
2921180,1.0,56.0,1.7857142857142856
2921210,72.0,802.0,8.977556109725686
2921330,111.0,1204.0,9.219269102990033
2921360,11.0,111.0,9.90990990990991
2921420,23.0,313.0,7.348242811501597
2921480,12.0,247.0,4.8582995951417
2921510,525.0,1425.0,36.84210526315789
2921540,188.0,1324.0,14.19939577039275
2921600,124.0,1481.0,8.37272113436867
2921660,13.0,110.0,11.818181818181818
2921690,20.0,226.0,8.849557522123893
2921720,25.0,477.0,5.2410901467505235
2921750,59.0,617.0,9.562398703403566
2921810,418.0,4572.0,9.142607174103237
2921840,146.0,2373.0,6.152549515381374
2921875,65.0,639.0,10.172143974960877
2921880,8.0,107.0,7.476635514018691
2921940,98.0,470.0,20.851063829787233
2921960,29.0,529.0,5.482041587901701
2922140,33.0,393.0,8.396946564885496
2922470,26.0,96.0,27.083333333333332
2922500,72.0,329.0,21.88449848024316
2922530,460.0,5938.0,7.746716066015494
2922560,46.0,202.0,22.772277227722775
2922620,18.0,177.0,10.16949152542373
2922650,865.0,3034.0,28.51021753460778
2922710,50.0,358.0,13.966480446927374
2922740,110.0,1164.0,9.450171821305842
2922770,18.0,195.0,9.230769230769232
2922800,1518.0,11124.0,13.646170442286948
2922830,32.0,622.0,5.144694533762058
2922860,22.0,399.0,5.513784461152882
2922890,663.0,6087.0,10.892065056678167
2922920,7.0,148.0,4.72972972972973
2922950,7.0,388.0,1.804123711340206
2922980,8.0,238.0,3.361344537815126
2923010,205.0,1953.0,10.496671786994368
2923040,5.0,148.0,3.3783783783783785
2923070,22.0,388.0,5.670103092783505
2923100,236.0,2029.0,11.631345490389354
2923130,18.0,341.0,5.278592375366569
2923160,129.0,1893.0,6.814580031695722
2923190,41.0,277.0,14.801444043321299
2923220,24.0,306.0,7.8431372549019605
2923250,1.0,58.0,1.7241379310344827
2923270,35.0,489.0,7.157464212678937
2923310,33.0,264.0,12.5
2923340,152.0,1915.0,7.93733681462141
2923370,6.0,57.0,10.526315789473683
2923400,16.0,135.0,11.851851851851853
2923430,485.0,5730.0,8.464223385689355
2923460,284.0,3083.0,9.21180668180344
2923490,46.0,1108.0,4.1516245487364625
2923530,34.0,435.0,7.816091954022989
2923550,1303.0,11237.0,11.595621607190532
2923640,61.0,601.0,10.149750415973378
2923670,16.0,224.0,7.142857142857142
2923700,500.0,5931.0,8.430281571404485
2923730,569.0,6034.0,9.42989724892277
2923760,42.0,239.0,17.573221757322173
2923790,6.0,136.0,4.411764705882353
2924530,179.0,2223.0,8.052181736392262
2924690,16.0,125.0,12.8
2925080,15.0,181.0,8.287292817679557
2925110,40.0,688.0,5.813953488372093
2925140,47.0,448.0,10.491071428571429
2925170,24.0,279.0,8.60215053763441
2925210,46.0,627.0,7.336523125996811
2925230,421.0,4154.0,10.13480982185845
2925290,77.0,665.0,11.578947368421053
2925330,166.0,2222.0,7.470747074707471
2925350,89.0,726.0,12.258953168044078
2925410,38.0,428.0,8.878504672897195
2925450,824.0,4877.0,16.895632561000614
2925500,227.0,2120.0,10.70754716981132
2925590,56.0,394.0,14.213197969543149
2925620,52.0,624.0,8.333333333333332
2925640,49.0,694.0,7.060518731988473
2925650,52.0,736.0,7.065217391304348
2925710,46.0,794.0,5.793450881612091
2926040,25.0,132.0,18.939393939393938
2926070,1329.0,8509.0,15.61875661064755
2926160,295.0,1792.0,16.462053571428573
2926190,4.0,88.0,4.545454545454546
2926220,417.0,4789.0,8.707454583420338
2926310,23.0,362.0,6.353591160220995
2926370,41.0,418.0,9.808612440191387
2926400,10.0,295.0,3.389830508474576
2926430,45.0,560.0,8.035714285714286
2926480,122.0,1588.0,7.682619647355164
2926490,8.0,83.0,9.63855421686747
2926550,6.0,79.0,7.59493670886076
2926580,14.0,120.0,11.666666666666666
2926610,7.0,171.0,4.093567251461988
2926640,907.0,6331.0,14.326330753435476
2926670,1238.0,5035.0,24.58788480635551
2926760,410.0,2918.0,14.050719671007538
2926790,9.0,348.0,2.586206896551724
2926850,1634.0,20934.0,7.805483901786567
2926940,1.0,65.0,1.5384615384615385
2926970,41.0,590.0,6.9491525423728815
2927060,1204.0,11646.0,10.338313584063199
2927090,90.0,1448.0,6.2154696132596685
2927330,5.0,73.0,6.8493150684931505
2927450,4.0,71.0,5.633802816901409
2927520,69.0,506.0,13.636363636363635
2927540,61.0,735.0,8.299319727891156
2927570,209.0,2302.0,9.079061685490878
2927600,10.0,238.0,4.201680672268908
2927630,223.0,2036.0,10.952848722986246
2927660,44.0,580.0,7.586206896551724
2927830,427.0,4985.0,8.565697091273822
2927870,154.0,795.0,19.371069182389938
2927900,108.0,1385.0,7.79783393501805
2927930,78.0,1203.0,6.483790523690773
2928080,4.0,42.0,9.523809523809524
2928110,50.0,718.0,6.963788300835655
2928140,4.0,298.0,1.342281879194631
2928170,4.0,183.0,2.185792349726776
2928200,14.0,148.0,9.45945945945946
2928260,310.0,3361.0,9.223445403153823
2928290,22.0,445.0,4.943820224719101
2928360,42.0,363.0,11.570247933884298
2928380,56.0,566.0,9.89399293286219
2928430,82.0,853.0,9.613130128956623
2928470,59.0,295.0,20.0
2928500,6.0,187.0,3.2085561497326207
2928530,40.0,592.0,6.756756756756757
2928560,103.0,1747.0,5.89582140812822
2928590,51.0,495.0,10.303030303030303
2928620,16.0,252.0,6.349206349206349
2928680,13.0,183.0,7.103825136612022
2928710,60.0,778.0,7.712082262210797
2928740,52.0,802.0,6.483790523690773
2928770,1.0,25.0,4.0
2928800,53.0,772.0,6.865284974093264
2928860,4093.0,25178.0,16.256255461116847
2928920,467.0,5011.0,9.319497106365995
2928950,1093.0,16743.0,6.528101296064026
2929100,232.0,2105.0,11.021377672209026
2929130,5.0,268.0,1.8656716417910446
2929170,195.0,2144.0,9.095149253731345
2929250,156.0,1835.0,8.501362397820165
2929280,3171.0,22372.0,14.173967459324155
2929340,23.0,325.0,7.076923076923077
2929370,119.0,1835.0,6.485013623978202
2929430,112.0,972.0,11.522633744855968
2929490,9.0,243.0,3.7037037037037033
2929520,116.0,977.0,11.87308085977482
2929580,48.0,434.0,11.059907834101383
2929610,90.0,737.0,12.211668928086839
2929640,81.0,1172.0,6.911262798634812
2929670,7.0,120.0,5.833333333333333
2929700,20.0,469.0,4.264392324093817
2929730,3.0,109.0,2.7522935779816518
2929760,243.0,2141.0,11.349836524988323
2929810,27.0,483.0,5.590062111801243
2929820,14.0,325.0,4.3076923076923075
2929850,6.0,67.0,8.955223880597014
2929880,32.0,422.0,7.5829383886255926
2929910,15.0,170.0,8.823529411764707
2929940,17.0,319.0,5.329153605015674
2930270,66.0,738.0,8.94308943089431
2930300,6.0,176.0,3.4090909090909087
2930330,47.0,617.0,7.6175040518638575
2930360,104.0,1210.0,8.59504132231405
2930390,15.0,410.0,3.6585365853658534
2930420,192.0,1325.0,14.49056603773585
2930450,610.0,6218.0,9.810228369250563
2930510,16.0,182.0,8.791208791208792
2930520,59.0,898.0,6.570155902004454
2930570,263.0,3094.0,8.50032320620556
2930600,10.0,151.0,6.622516556291391
2930660,436.0,2601.0,16.762783544790466
2930690,74.0,877.0,8.437856328392247
2930720,96.0,374.0,25.668449197860966
2930750,19.0,462.0,4.112554112554113
2930780,22.0,590.0,3.728813559322034
2930810,24.0,375.0,6.4
2930840,174.0,1364.0,12.756598240469208
2930870,64.0,444.0,14.414414414414415
2930900,11.0,238.0,4.621848739495799
2930990,20.0,255.0,7.8431372549019605
2931020,363.0,3294.0,11.020036429872496
2931050,401.0,3195.0,12.550860719874803
2931070,166.0,1213.0,13.68507831821929
2931110,317.0,3971.0,7.982875849911861
2931140,50.0,881.0,5.675368898978434
2931230,42.0,173.0,24.277456647398843
2931460,21.0,374.0,5.614973262032086
2931500,220.0,4292.0,5.125815470643056
2931530,328.0,4505.0,7.280799112097669
2931560,19.0,407.0,4.668304668304668
2931620,26.0,376.0,6.914893617021277
2931650,1458.0,16332.0,8.927259368111683
2931680,322.0,2439.0,13.202132021320212
2931710,64.0,654.0,9.785932721712538
2931800,47.0,466.0,10.085836909871244
2931830,34.0,734.0,4.632152588555858
2931860,48.0,537.0,8.938547486033519
2931890,1.0,119.0,0.8403361344537815
2931920,41.0,672.0,6.101190476190476
2931950,51.0,496.0,10.28225806451613
2932010,358.0,4596.0,7.789382071366406
2932070,132.0,1282.0,10.29641185647426
2932100,261.0,2992.0,8.723262032085561
2932110,85.0,712.0,11.938202247191011
2932190,169.0,1534.0,11.016949152542372
2932220,21.0,452.0,4.646017699115045
2932250,7.0,164.0,4.2682926829268295
2932300,20.0,316.0,6.329113924050633
2932310,256.0,1636.0,15.647921760391197
2932490,30.0,233.0,12.875536480686694
3000002,138.0,539.0,25.60296846011132
3000003,128.0,533.0,24.015009380863038
3000005,1153.0,5382.0,21.423262727610553
3000006,13.0,147.0,8.843537414965986
3000008,60.0,72.0,83.33333333333334
3000090,22.0,128.0,17.1875
3000093,1.0,20.0,5.0
3000094,15.0,63.0,23.809523809523807
3000096,13.0,124.0,10.483870967741936
3000097,7.0,51.0,13.725490196078432
3000098,22.0,150.0,14.666666666666666
3000100,11.0,34.0,32.35294117647059
3000101,6.0,51.0,11.76470588235294
3000102,27.0,97.0,27.835051546391753
3000654,64.0,395.0,16.20253164556962
3000932,20.0,134.0,14.925373134328357
3000933,2.0,60.0,3.3333333333333335
3001710,24.0,150.0,16.0
3001740,25.0,94.0,26.595744680851062
3001860,37.0,430.0,8.604651162790699
3001980,8.0,139.0,5.755395683453238
3002010,162.0,790.0,20.506329113924053
3002030,71.0,311.0,22.829581993569132
3002070,21.0,207.0,10.144927536231885
3002220,144.0,323.0,44.58204334365325
3002250,54.0,122.0,44.26229508196721
3002300,16.0,62.0,25.806451612903224
3002430,11.0,21.0,52.38095238095239
3002450,10.0,36.0,27.77777777777778
3002490,1.0,13.0,7.6923076923076925
3002570,1.0,5.0,20.0
3002640,18.0,152.0,11.842105263157894
3002730,97.0,439.0,22.095671981776764
3002820,2.0,16.0,12.5
3003090,68.0,309.0,22.006472491909385
3003270,12.0,77.0,15.584415584415584
3003290,401.0,2459.0,16.307442049613663
3003330,312.0,900.0,34.66666666666667
3003420,39.0,231.0,16.883116883116884
3003450,21.0,75.0,28.000000000000004
3003480,5.0,9.0,55.55555555555556
3003660,1.0,7.0,14.285714285714285
3003750,35.0,184.0,19.021739130434785
3003800,46.0,333.0,13.813813813813812
3003820,125.0,576.0,21.70138888888889
3003840,95.0,312.0,30.448717948717945
3003870,1814.0,11292.0,16.064470421537372
3003900,1354.0,5363.0,25.247063210889426
3004050,2.0,4.0,50.0
3004230,13.0,196.0,6.63265306122449
3004260,84.0,369.0,22.76422764227642
3004380,55.0,160.0,34.375
3004440,181.0,295.0,61.35593220338983
3004560,673.0,4741.0,14.195317443577304
3004590,384.0,2140.0,17.94392523364486
3004800,44.0,204.0,21.568627450980394
3004860,11.0,69.0,15.942028985507244
3004890,4.0,93.0,4.301075268817205
3004920,13.0,42.0,30.952380952380953
3004980,137.0,687.0,19.941775836972344
3005010,38.0,132.0,28.78787878787879
3005040,36.0,51.0,70.58823529411765
3005140,1090.0,1387.0,78.58687815428983
3005190,510.0,576.0,88.54166666666666
3005280,777.0,2974.0,26.126429051782114
3005310,583.0,1209.0,48.22167080231596
3005330,2.0,24.0,8.333333333333332
3005460,21.0,245.0,8.571428571428571
3005550,1.0,46.0,2.1739130434782608
3005760,6.0,9.0,66.66666666666666
3005850,42.0,165.0,25.454545454545453
3005880,20.0,148.0,13.513513513513514
3005910,22.0,89.0,24.719101123595504
3005990,50.0,247.0,20.242914979757085
3006030,2.0,13.0,15.384615384615385
3006110,107.0,491.0,21.792260692464357
3006260,15.0,263.0,5.7034220532319395
3006270,13.0,105.0,12.380952380952381
3006320,29.0,226.0,12.831858407079647
3006330,28.0,132.0,21.21212121212121
3006790,18.0,135.0,13.333333333333334
3006840,27.0,312.0,8.653846153846153
3006870,36.0,201.0,17.91044776119403
3007030,3.0,15.0,20.0
3007050,58.0,396.0,14.646464646464647
3007080,29.0,184.0,15.760869565217392
3007110,387.0,1462.0,26.47058823529412
3007140,182.0,622.0,29.260450160771708
3007190,60.0,664.0,9.036144578313253
3007200,18.0,222.0,8.108108108108109
3007320,51.0,144.0,35.41666666666667
3007330,73.0,358.0,20.391061452513966
3007350,2.0,5.0,40.0
3007410,270.0,931.0,29.001074113856067
3007500,4.0,18.0,22.22222222222222
3007710,21.0,87.0,24.137931034482758
3007830,41.0,235.0,17.4468085106383
3007860,20.0,72.0,27.77777777777778
3007930,148.0,529.0,27.977315689981097
3007980,4.0,58.0,6.896551724137931
3008010,1.0,2.0,50.0
3008130,8.0,82.0,9.75609756097561
3008190,41.0,150.0,27.333333333333332
3008280,126.0,383.0,32.89817232375979
3008340,79.0,374.0,21.12299465240642
3008400,1.0,12.0,8.333333333333332
3008670,87.0,441.0,19.727891156462583
3008700,10.0,134.0,7.462686567164178
3008730,1.0,15.0,6.666666666666667
3008850,8.0,20.0,40.0
3008860,9.0,31.0,29.03225806451613
3008880,27.0,157.0,17.197452229299362
3008910,115.0,732.0,15.710382513661203
3009000,2.0,5.0,40.0
3009030,37.0,58.0,63.793103448275865
3009120,37.0,86.0,43.02325581395349
3009180,18.0,89.0,20.224719101123593
3009210,13.0,73.0,17.80821917808219
3009510,53.0,74.0,71.62162162162163
3009560,197.0,1239.0,15.899919289749798
3009720,74.0,680.0,10.882352941176471
3009780,1.0,15.0,6.666666666666667
3009840,40.0,351.0,11.396011396011396
3009930,25.0,312.0,8.012820512820513
3010080,139.0,448.0,31.026785714285715
3010140,9.0,198.0,4.545454545454546
3010170,10.0,104.0,9.615384615384617
3010210,31.0,199.0,15.577889447236181
3010230,23.0,199.0,11.557788944723619
3010290,9.0,112.0,8.035714285714286
3010530,63.0,348.0,18.103448275862068
3010820,1.0,8.0,12.5
3010920,209.0,588.0,35.544217687074834
3010950,26.0,89.0,29.213483146067414
3011100,215.0,766.0,28.067885117493475
3011160,28.0,231.0,12.121212121212121
3011190,13.0,107.0,12.149532710280374
3011240,23.0,173.0,13.294797687861271
3011260,4.0,143.0,2.797202797202797
3011340,22.0,85.0,25.882352941176475
3011420,1.0,142.0,0.7042253521126761
3011520,261.0,1329.0,19.63882618510158
3011550,13.0,88.0,14.772727272727273
3011580,6.0,26.0,23.076923076923077
3011650,36.0,117.0,30.76923076923077
3011670,36.0,144.0,25.0
3011730,1.0,11.0,9.090909090909092
3011790,28.0,150.0,18.666666666666668
3011820,10.0,106.0,9.433962264150944
3011850,6.0,67.0,8.955223880597014
3012060,1.0,5.0,20.0
3012210,10.0,49.0,20.408163265306122
3012270,4.0,20.0,20.0
3012300,7.0,19.0,36.84210526315789
3012420,172.0,824.0,20.87378640776699
3012510,193.0,873.0,22.107674684994272
3012600,1.0,36.0,2.7777777777777777
3012840,35.0,217.0,16.129032258064516
3012900,1.0,3.0,33.33333333333333
3013040,1941.0,7346.0,26.42254288047917
3013050,1111.0,2894.0,38.38977194194886
3013110,6.0,88.0,6.8181818181818175
3013200,1.0,21.0,4.761904761904762
3013260,418.0,1472.0,28.396739130434785
3013280,6.0,12.0,50.0
3013310,532.0,1487.0,35.77673167451244
3013340,197.0,508.0,38.77952755905512
3013360,39.0,59.0,66.10169491525424
3013395,170.0,454.0,37.44493392070485
3013400,87.0,138.0,63.04347826086957
3013440,31.0,183.0,16.939890710382514
3013470,10.0,71.0,14.084507042253522
3013530,4.0,44.0,9.090909090909092
3013560,270.0,1263.0,21.377672209026127
3013590,117.0,541.0,21.626617375231053
3013660,124.0,244.0,50.81967213114754
3013800,66.0,240.0,27.500000000000004
3013830,753.0,2980.0,25.268456375838927
3013860,226.0,1475.0,15.322033898305085
3013890,2.0,14.0,14.285714285714285
3014070,19.0,99.0,19.19191919191919
3014340,7.0,38.0,18.421052631578945
3014370,4.0,22.0,18.181818181818183
3014430,29.0,97.0,29.896907216494846
3014700,119.0,819.0,14.529914529914532
3014760,9.0,50.0,18.0
3014820,32.0,298.0,10.738255033557047
3015120,86.0,255.0,33.72549019607843
3015200,33.0,255.0,12.941176470588237
3015260,18.0,109.0,16.51376146788991
3015340,4.0,91.0,4.395604395604396
3015360,1.0,23.0,4.3478260869565215
3015390,6.0,12.0,50.0
3015420,801.0,2734.0,29.297732260424286
3015450,679.0,3081.0,22.03829925348913
3015510,5.0,6.0,83.33333333333334
3015570,54.0,157.0,34.394904458598724
3015610,2.0,9.0,22.22222222222222
3015640,9.0,54.0,16.666666666666664
3015900,33.0,55.0,60.0
3016050,296.0,396.0,74.74747474747475
3016110,12.0,59.0,20.33898305084746
3016200,159.0,1429.0,11.12666200139958
3016230,131.0,641.0,20.436817472698905
3016290,29.0,63.0,46.03174603174603
3016490,124.0,831.0,14.921780986762936
3016530,331.0,1182.0,28.00338409475465
3016710,11.0,64.0,17.1875
3016770,43.0,290.0,14.827586206896552
3016810,30.0,124.0,24.193548387096776
3016880,148.0,697.0,21.233859397417504
3016950,151.0,1166.0,12.950257289879932
3017130,5.0,577.0,0.8665511265164645
3017190,39.0,210.0,18.571428571428573
3017340,1.0,43.0,2.3255813953488373
3017460,4.0,20.0,20.0
3017580,122.0,491.0,24.84725050916497
3017610,17.0,457.0,3.7199124726477026
3017640,21.0,256.0,8.203125
3017700,35.0,108.0,32.407407407407405
3018060,1.0,8.0,12.5
3018170,16.0,356.0,4.49438202247191
3018210,2.0,3.0,66.66666666666666
3018240,3.0,45.0,6.666666666666667
3018270,2.0,31.0,6.451612903225806
3018290,3.0,28.0,10.714285714285714
3018410,97.0,968.0,10.020661157024794
3018540,1207.0,3695.0,32.66576454668471
3018570,1091.0,5363.0,20.34309155323513
3018750,53.0,526.0,10.076045627376425
3018870,7.0,48.0,14.583333333333334
3018900,3.0,30.0,10.0
3018960,4.0,43.0,9.30232558139535
3019170,8.0,75.0,10.666666666666668
3019310,1.0,9.0,11.11111111111111
3019500,14.0,64.0,21.875
3019740,8.0,105.0,7.6190476190476195
3020040,21.0,210.0,10.0
3020070,21.0,93.0,22.58064516129032
3020100,23.0,449.0,5.122494432071269
3020240,1.0,16.0,6.25
3020670,6.0,38.0,15.789473684210526
3020690,2.0,8.0,25.0
3020790,6.0,49.0,12.244897959183673
3020850,113.0,434.0,26.036866359447004
3020880,3.0,3.0,100.0
3020960,43.0,344.0,12.5
3021000,5.0,74.0,6.756756756756757
3021060,451.0,1188.0,37.96296296296296
3021090,179.0,471.0,38.004246284501065
3021330,18.0,92.0,19.565217391304348
3021450,46.0,195.0,23.589743589743588
3021480,4.0,17.0,23.52941176470588
3021510,10.0,86.0,11.627906976744185
3021540,5.0,35.0,14.285714285714285
3021720,41.0,50.0,82.0
3021850,41.0,52.0,78.84615384615384
3022080,44.0,322.0,13.664596273291925
3022110,52.0,162.0,32.098765432098766
3022230,6.0,52.0,11.538461538461538
3022260,1.0,23.0,4.3478260869565215
3022290,7.0,22.0,31.818181818181817
3022410,22.0,28.0,78.57142857142857
3022710,19.0,128.0,14.84375
3022750,234.0,448.0,52.23214285714286
3022790,485.0,1117.0,43.41987466427932
3022800,155.0,348.0,44.54022988505747
3022920,17.0,87.0,19.54022988505747
3023040,64.0,388.0,16.49484536082474
3023070,35.0,166.0,21.084337349397593
3023160,1.0,14.0,7.142857142857142
3023340,12.0,54.0,22.22222222222222
3023370,3.0,25.0,12.0
3023400,1.0,19.0,5.263157894736842
3023520,1.0,58.0,1.7241379310344827
3023670,25.0,277.0,9.025270758122744
3023900,56.0,304.0,18.421052631578945
3023910,25.0,115.0,21.73913043478261
3023940,73.0,593.0,12.310286677908937
3023970,48.0,258.0,18.6046511627907
3024150,21.0,126.0,16.666666666666664
3024180,3.0,57.0,5.263157894736842
3024200,165.0,965.0,17.098445595854923
3024230,81.0,389.0,20.822622107969153
3024300,16.0,174.0,9.195402298850574
3024330,18.0,95.0,18.947368421052634
3024690,1.0,8.0,12.5
3024810,1.0,16.0,6.25
3024930,51.0,148.0,34.45945945945946
3024990,17.0,119.0,14.285714285714285
3025020,140.0,709.0,19.746121297602258
3025050,24.0,366.0,6.557377049180328
3025130,16.0,207.0,7.729468599033816
3025140,9.0,58.0,15.517241379310345
3025320,36.0,166.0,21.686746987951807
3025380,4.0,8.0,50.0
3025470,47.0,306.0,15.359477124183007
3025500,49.0,182.0,26.923076923076923
3025560,23.0,161.0,14.285714285714285
3025890,97.0,586.0,16.552901023890783
3025950,27.0,130.0,20.76923076923077
3026070,90.0,285.0,31.57894736842105
3026100,54.0,176.0,30.681818181818183
3026160,53.0,493.0,10.75050709939148
3026190,26.0,195.0,13.333333333333334
3026400,2.0,9.0,22.22222222222222
3026460,5.0,15.0,33.33333333333333
3026490,8.0,18.0,44.44444444444444
3026640,5.0,62.0,8.064516129032258
3026670,4.0,19.0,21.052631578947366
3026730,22.0,195.0,11.282051282051283
3026880,13.0,80.0,16.25
3027150,5.0,28.0,17.857142857142858
3027270,114.0,299.0,38.12709030100335
3027340,2.0,21.0,9.523809523809524
3027570,71.0,628.0,11.305732484076433
3027630,58.0,278.0,20.863309352517987
3027740,4.0,753.0,0.5312084993359893
3027790,3.0,506.0,0.592885375494071
3027930,6.0,46.0,13.043478260869565
3028020,11.0,80.0,13.750000000000002
3028140,11.0,55.0,20.0
3028170,2.0,5.0,40.0
3028380,26.0,110.0,23.636363636363637
3028500,1.0,7.0,14.285714285714285
3028550,1.0,9.0,11.11111111111111
3028590,206.0,584.0,35.273972602739725
3028620,118.0,222.0,53.153153153153156
3028650,4.0,28.0,14.285714285714285
3028770,44.0,210.0,20.952380952380953
3028800,25.0,134.0,18.65671641791045
3028830,3.0,11.0,27.27272727272727
3028860,14.0,29.0,48.275862068965516
3028910,5.0,23.0,21.73913043478261
3028911,131.0,134.0,97.76119402985076
3100002,54.0,605.0,8.925619834710744
3100003,19.0,308.0,6.1688311688311686
3100004,39.0,485.0,8.041237113402062
3100006,58.0,736.0,7.880434782608696
3100008,24.0,427.0,5.620608899297424
3100010,29.0,271.0,10.70110701107011
3100011,85.0,764.0,11.12565445026178
3100012,17.0,216.0,7.87037037037037
3100015,18.0,335.0,5.3731343283582085
3100016,1714.0,10070.0,17.02085402184707
3100018,33.0,259.0,12.741312741312742
3100020,7.0,149.0,4.697986577181208
3100021,102.0,2043.0,4.992657856093979
3100022,724.0,4185.0,17.299880525686977
3100023,51.0,284.0,17.95774647887324
3100024,27.0,499.0,5.410821643286573
3100025,25.0,399.0,6.265664160401002
3100029,62.0,421.0,14.726840855106888
3100034,67.0,914.0,7.330415754923414
3100041,56.0,420.0,13.333333333333334
3100046,3.0,206.0,1.4563106796116505
3100051,4.0,23.0,17.391304347826086
3100065,55.0,308.0,17.857142857142858
3100066,13.0,216.0,6.018518518518518
3100067,26.0,150.0,17.333333333333336
3100070,30.0,398.0,7.537688442211055
3100071,70.0,510.0,13.725490196078432
3100072,32.0,178.0,17.97752808988764
3100073,21.0,178.0,11.797752808988763
3100076,7.0,197.0,3.5532994923857872
3100077,52.0,321.0,16.1993769470405
3100080,16.0,337.0,4.747774480712167
3100082,5.0,175.0,2.857142857142857
3100085,52.0,649.0,8.012326656394453
3100088,157.0,2364.0,6.641285956006768
3100089,18.0,310.0,5.806451612903226
3100090,75.0,427.0,17.56440281030445
3100091,20.0,321.0,6.230529595015576
3100095,253.0,2084.0,12.140115163147792
3100096,14.0,255.0,5.490196078431373
3100097,93.0,356.0,26.12359550561798
3100098,194.0,1849.0,10.49215792320173
3100099,30.0,397.0,7.5566750629722925
3100105,97.0,463.0,20.950323974082075
3100109,70.0,395.0,17.72151898734177
3100110,21.0,184.0,11.41304347826087
3100111,38.0,157.0,24.203821656050955
3100112,105.0,864.0,12.152777777777777
3100114,66.0,548.0,12.043795620437956
3100115,30.0,640.0,4.6875
3100116,16.0,417.0,3.8369304556354913
3100117,20.0,325.0,6.153846153846154
3100118,38.0,571.0,6.654991243432574
3100119,20.0,395.0,5.063291139240507
3100120,36.0,302.0,11.920529801324504
3100121,28.0,466.0,6.008583690987124
3100122,58.0,601.0,9.650582362728786
3100123,21.0,240.0,8.75
3100124,12.0,187.0,6.417112299465241
3100125,8.0,242.0,3.3057851239669422
3100129,59.0,439.0,13.439635535307518
3100130,29.0,371.0,7.816711590296496
3100132,33.0,455.0,7.252747252747254
3100133,5.0,124.0,4.032258064516129
3100134,14.0,125.0,11.200000000000001
3100140,22.0,204.0,10.784313725490197
3100141,21.0,271.0,7.7490774907749085
3100157,25.0,368.0,6.7934782608695645
3100163,79.0,677.0,11.669128508124077
3100165,126.0,945.0,13.333333333333334
3100170,112.0,639.0,17.52738654147105
3100172,51.0,401.0,12.718204488778055
3100176,75.0,538.0,13.940520446096654
3100178,33.0,311.0,10.610932475884244
3100179,33.0,350.0,9.428571428571429
3100183,8.0,255.0,3.1372549019607843
3100184,17.0,177.0,9.6045197740113
3100185,22.0,272.0,8.088235294117647
3100187,22.0,331.0,6.646525679758309
3101992,50.0,465.0,10.75268817204301
3102770,55.0,864.0,6.365740740740741
3102790,23.0,429.0,5.361305361305361
3102820,48.0,541.0,8.872458410351202
3102880,15.0,178.0,8.426966292134832
3102910,345.0,1355.0,25.461254612546124
3103060,16.0,189.0,8.465608465608465
3103090,57.0,360.0,15.833333333333332
3103120,8.0,53.0,15.09433962264151
3103130,44.0,630.0,6.984126984126984
3103210,4.0,46.0,8.695652173913043
3103330,81.0,841.0,9.63139120095125
3103360,68.0,1190.0,5.714285714285714
3103420,22.0,274.0,8.02919708029197
3103440,43.0,292.0,14.726027397260275
3103540,14.0,443.0,3.160270880361174
3103600,356.0,1905.0,18.68766404199475
3103810,1294.0,9694.0,13.348462966783577
3103990,106.0,2598.0,4.080061585835258
3104020,24.0,259.0,9.266409266409266
3104100,131.0,2322.0,5.641688199827734
3104140,21.0,256.0,8.203125
3104200,20.0,326.0,6.134969325153374
3104290,29.0,171.0,16.95906432748538
3104640,21.0,308.0,6.8181818181818175
3104870,35.0,400.0,8.75
3104920,58.0,722.0,8.033240997229916
3104950,39.0,602.0,6.4784053156146175
3104980,115.0,889.0,12.935883014623172
3105010,3.0,52.0,5.769230769230769
3105160,3.0,290.0,1.0344827586206897
3105280,33.0,175.0,18.857142857142858
3105340,361.0,4053.0,8.906982482112017
3105460,107.0,890.0,12.022471910112358
3105520,32.0,226.0,14.15929203539823
3105550,73.0,300.0,24.333333333333336
3105630,6.0,301.0,1.9933554817275747
3105910,14.0,259.0,5.405405405405405
3105970,4.0,373.0,1.0723860589812333
3109120,47.0,113.0,41.5929203539823
3119560,383.0,517.0,74.08123791102514
3162950,44.0,458.0,9.606986899563319
3169840,10.0,171.0,5.847953216374268
3170020,15.0,108.0,13.88888888888889
3170050,9.0,340.0,2.6470588235294117
3170110,424.0,9001.0,4.710587712476391
3170140,41.0,367.0,11.1716621253406
3170220,18.0,227.0,7.929515418502203
3170440,121.0,925.0,13.08108108108108
3170530,110.0,891.0,12.345679012345679
3170650,37.0,724.0,5.110497237569061
3170710,791.0,4654.0,16.99613235926085
3170800,23.0,281.0,8.185053380782918
3170980,102.0,591.0,17.258883248730964
3171010,11.0,177.0,6.214689265536723
3171100,115.0,836.0,13.75598086124402
3171220,262.0,4872.0,5.377668308702791
3171370,3.0,79.0,3.79746835443038
3171520,40.0,364.0,10.989010989010989
3171550,33.0,267.0,12.359550561797752
3171580,527.0,3675.0,14.340136054421768
3171610,17.0,159.0,10.69182389937107
3171730,20.0,427.0,4.683840749414521
3171820,46.0,556.0,8.273381294964029
3171940,99.0,1088.0,9.099264705882353
3172000,49.0,367.0,13.35149863760218
3172150,21.0,240.0,8.75
3172210,23.0,160.0,14.374999999999998
3172335,20.0,343.0,5.830903790087463
3172390,733.0,5592.0,13.108011444921317
3172420,8.0,273.0,2.93040293040293
3172480,7.0,47.0,14.893617021276595
3172570,87.0,435.0,20.0
3172720,17.0,231.0,7.35930735930736
3172780,40.0,372.0,10.75268817204301
3172810,238.0,2791.0,8.52740953063418
3172840,6037.0,40386.0,14.948249393354132
3172910,11.0,117.0,9.401709401709402
3172990,12.0,220.0,5.454545454545454
3173050,34.0,624.0,5.448717948717949
3173090,29.0,360.0,8.055555555555555
3173120,3.0,29.0,10.344827586206897
3173210,18.0,544.0,3.308823529411765
3173230,72.0,464.0,15.517241379310345
3173290,31.0,550.0,5.636363636363637
3173440,21.0,250.0,8.4
3173470,191.0,1447.0,13.199723565998617
3173500,37.0,281.0,13.167259786476867
3173560,16.0,73.0,21.91780821917808
3173590,9.0,238.0,3.7815126050420167
3173600,19.0,233.0,8.15450643776824
3173660,30.0,234.0,12.82051282051282
3173710,53.0,752.0,7.047872340425531
3173740,2357.0,23746.0,9.925882253853281
3173800,51.0,193.0,26.42487046632124
3173830,64.0,804.0,7.960199004975125
3173890,72.0,682.0,10.557184750733137
3174040,17.0,155.0,10.967741935483872
3174160,237.0,1439.0,16.46977067407922
3174200,65.0,701.0,9.272467902995722
3174220,29.0,365.0,7.9452054794520555
3174340,8.0,189.0,4.232804232804233
3174370,30.0,92.0,32.608695652173914
3174430,423.0,4348.0,9.728610855565778
3174580,81.0,1118.0,7.2450805008944545
3174640,33.0,473.0,6.976744186046512
3174760,176.0,816.0,21.568627450980394
3174820,15075.0,50537.0,29.829629776203575
3174850,94.0,875.0,10.742857142857144
3174940,52.0,579.0,8.981001727115718
3175000,28.0,250.0,11.200000000000001
3175030,22.0,192.0,11.458333333333332
3175060,45.0,321.0,14.018691588785046
3175210,26.0,545.0,4.770642201834862
3175270,1217.0,11809.0,10.305699043102718
3175330,27.0,263.0,10.26615969581749
3175360,16.0,219.0,7.30593607305936
3175390,24.0,384.0,6.25
3175510,41.0,657.0,6.2404870624048705
3175570,28.0,309.0,9.06148867313916
3175630,73.0,1130.0,6.460176991150443
3175660,320.0,1530.0,20.915032679738562
3175690,42.0,300.0,14.000000000000002
3175770,20.0,469.0,4.264392324093817
3175810,32.0,170.0,18.823529411764707
3175900,553.0,3378.0,16.37063351095323
3175930,28.0,239.0,11.715481171548117
3175960,37.0,452.0,8.185840707964601
3175990,15.0,211.0,7.109004739336493
3176170,32.0,233.0,13.733905579399142
3176380,11.0,87.0,12.643678160919542
3176400,88.0,199.0,44.221105527638194
3176410,10.0,191.0,5.2356020942408374
3176450,316.0,1850.0,17.08108108108108
3176470,803.0,3405.0,23.582966226138034
3176560,108.0,1377.0,7.8431372549019605
3176590,23.0,393.0,5.852417302798982
3176620,20.0,289.0,6.920415224913495
3176650,2.0,58.0,3.4482758620689653
3176710,185.0,1298.0,14.252696456086285
3176800,9.0,88.0,10.227272727272728
3176860,460.0,3850.0,11.948051948051948
3176980,20.0,178.0,11.235955056179774
3177100,10.0,200.0,5.0
3177180,90.0,370.0,24.324324324324326
3177190,22.0,199.0,11.055276381909549
3177340,15.0,198.0,7.575757575757576
3177520,35.0,387.0,9.043927648578812
3177550,44.0,768.0,5.729166666666666
3177730,8.0,105.0,7.6190476190476195
3178020,50.0,555.0,9.00900900900901
3178210,90.0,1015.0,8.866995073891626
3178240,22.0,498.0,4.417670682730924
3178260,22.0,198.0,11.11111111111111
3178300,264.0,368.0,71.73913043478261
3178450,9.0,230.0,3.91304347826087
3178520,53.0,909.0,5.83058305830583
3178540,32.0,323.0,9.907120743034056
3178660,640.0,6024.0,10.624169986719787
3178670,6.0,91.0,6.593406593406594
3178720,30.0,600.0,5.0
3178810,301.0,608.0,49.506578947368425
3178840,14.0,215.0,6.511627906976744
3178940,42.0,550.0,7.636363636363637
3178990,6.0,171.0,3.508771929824561
3179050,93.0,1246.0,7.463884430176565
3179080,21.0,456.0,4.605263157894736
3200001,5121.0,36436.0,14.054780985838184
3200021,4.0,172.0,2.3255813953488373
3200022,355.0,1225.0,28.97959183673469
3200023,1.0,88.0,1.1363636363636365
3200030,841.0,3076.0,27.3407022106632
3200060,70153.0,328205.0,21.374750537011927
3200090,897.0,5836.0,15.370116518163126
3200120,1454.0,9793.0,14.84733993668947
3200150,22.0,75.0,29.333333333333332
3200180,31.0,285.0,10.87719298245614
3200210,957.0,3565.0,26.84431977559607
3200240,211.0,1027.0,20.545277507302824
3200270,112.0,924.0,12.121212121212121
3200300,1849.0,8748.0,21.13625971650663
3200330,59.0,576.0,10.243055555555555
3200360,1387.0,5309.0,26.125447353550573
3200390,1253.0,7864.0,15.933367243133265
3200420,133.0,672.0,19.791666666666664
3200450,119.0,431.0,27.610208816705335
3200480,12808.0,66773.0,19.181405657975528
3200510,499.0,1894.0,26.346356916578667
3300003,95.0,668.0,14.221556886227546
3300017,340.0,2965.0,11.467116357504215
3300030,41.0,99.0,41.41414141414141
3300031,62.0,300.0,20.666666666666668
3300035,42.0,384.0,10.9375
3300036,2.0,58.0,3.4482758620689653
3300039,15.0,91.0,16.483516483516482
3300040,29.0,503.0,5.7654075546719685
3300042,39.0,254.0,15.354330708661418
3300043,36.0,39.0,92.3076923076923
3300048,80.0,137.0,58.3941605839416
3300049,166.0,513.0,32.35867446393762
3300616,95.0,515.0,18.446601941747574
3301380,40.0,369.0,10.840108401084011
3301440,40.0,427.0,9.367681498829041
3301470,109.0,1324.0,8.23262839879154
3301500,30.0,237.0,12.658227848101266
3301560,30.0,159.0,18.867924528301888
3301590,38.0,607.0,6.260296540362438
3301620,38.0,492.0,7.723577235772358
3301650,80.0,937.0,8.537886872998932
3301680,27.0,185.0,14.594594594594595
3301710,9.0,77.0,11.688311688311687
3301740,215.0,4458.0,4.822790489008524
3301860,244.0,1144.0,21.328671328671327
3301890,28.0,157.0,17.8343949044586
3301950,136.0,1691.0,8.042578356002366
3302010,18.0,311.0,5.787781350482315
3302070,52.0,542.0,9.59409594095941
3302100,28.0,310.0,9.032258064516128
3302130,30.0,297.0,10.1010101010101
3302250,51.0,498.0,10.240963855421686
3302280,25.0,281.0,8.896797153024911
3302310,6.0,198.0,3.0303030303030303
3302340,512.0,1794.0,28.539576365663322
3302400,60.0,346.0,17.341040462427745
3302460,640.0,4543.0,14.08760730794629
3302480,353.0,2195.0,16.082004555808656
3302490,332.0,1782.0,18.6307519640853
3302520,15.0,90.0,16.666666666666664
3302580,39.0,515.0,7.572815533980583
3302610,402.0,3314.0,12.130356065178033
3302640,482.0,4046.0,11.913000494315373
3302670,33.0,1096.0,3.010948905109489
3302760,6.0,249.0,2.4096385542168677
3302790,11.0,147.0,7.482993197278912
3302880,180.0,994.0,18.10865191146881
3302910,39.0,430.0,9.069767441860465
3302970,93.0,987.0,9.422492401215806
3302990,255.0,1526.0,16.710353866317167
3303000,173.0,871.0,19.862227324913892
3303090,254.0,1016.0,25.0
3303120,24.0,86.0,27.906976744186046
3303150,22.0,411.0,5.35279805352798
3303180,133.0,1157.0,11.495246326707
3303210,30.0,404.0,7.425742574257425
3303240,458.0,2814.0,16.27576403695807
3303276,6.0,76.0,7.894736842105263
3303280,28.0,168.0,16.666666666666664
3303286,50.0,223.0,22.421524663677133
3303287,14.0,45.0,31.11111111111111
3303289,143.0,162.0,88.27160493827161
3303290,23.0,112.0,20.535714285714285
3303291,29.0,65.0,44.61538461538462
3303296,42.0,130.0,32.30769230769231
3303297,13.0,66.0,19.696969696969695
3303298,38.0,315.0,12.063492063492063
3303299,108.0,128.0,84.375
3303301,27.0,107.0,25.233644859813083
3303302,21.0,202.0,10.396039603960396
3303303,12.0,107.0,11.214953271028037
3303305,3.0,14.0,21.428571428571427
3303330,502.0,2328.0,21.563573883161514
3303360,10.0,205.0,4.878048780487805
3303420,18.0,415.0,4.337349397590361
3303480,48.0,879.0,5.460750853242321
3303510,82.0,1082.0,7.578558225508318
3303540,8.0,233.0,3.4334763948497855
3303600,22.0,455.0,4.835164835164836
3303630,7.0,52.0,13.461538461538462
3303660,121.0,687.0,17.612809315866084
3303690,62.0,415.0,14.93975903614458
3303720,15.0,68.0,22.058823529411764
3303750,240.0,1142.0,21.015761821366024
3303780,102.0,566.0,18.021201413427562
3303810,4.0,172.0,2.3255813953488373
3303840,47.0,652.0,7.208588957055214
3303850,206.0,1210.0,17.024793388429753
3303870,119.0,1302.0,9.13978494623656
3303900,60.0,983.0,6.1037639877924725
3303930,426.0,3409.0,12.496333235552948
3303960,207.0,1083.0,19.113573407202217
3303990,2.0,39.0,5.128205128205128
3304030,166.0,1405.0,11.814946619217082
3304040,66.0,1691.0,3.903015966883501
3304050,570.0,3335.0,17.09145427286357
3304080,7.0,109.0,6.422018348623854
3304140,368.0,1960.0,18.775510204081634
3304150,8.0,127.0,6.299212598425196
3304170,4.0,22.0,18.181818181818183
3304230,210.0,1673.0,12.552301255230125
3304260,41.0,258.0,15.891472868217054
3304290,72.0,340.0,21.176470588235293
3304350,132.0,1297.0,10.17733230531997
3304380,137.0,786.0,17.43002544529262
3304410,371.0,4332.0,8.564173591874424
3304500,17.0,207.0,8.212560386473431
3304560,9.0,136.0,6.61764705882353
3304590,3856.0,13485.0,28.594734890619204
3304620,22.0,178.0,12.359550561797752
3304650,4.0,35.0,11.428571428571429
3304670,184.0,1074.0,17.13221601489758
3304680,147.0,1174.0,12.52129471890971
3304740,445.0,3774.0,11.791202967673556
3304760,331.0,2442.0,13.554463554463556
3304770,13.0,133.0,9.774436090225564
3304800,11.0,134.0,8.208955223880597
3304830,312.0,2344.0,13.310580204778159
3304890,312.0,1642.0,19.00121802679659
3304920,17.0,85.0,20.0
3304950,17.0,184.0,9.239130434782608
3304960,69.0,497.0,13.883299798792756
3304980,2221.0,11217.0,19.800303111348846
3305010,10.0,70.0,14.285714285714285
3305040,43.0,555.0,7.747747747747748
3305070,4.0,55.0,7.2727272727272725
3305190,2.0,125.0,1.6
3305220,240.0,1204.0,19.93355481727575
3305250,2.0,49.0,4.081632653061225
3305280,77.0,1050.0,7.333333333333333
3305310,280.0,975.0,28.717948717948715
3305370,42.0,345.0,12.173913043478262
3305400,51.0,335.0,15.223880597014924
3305430,46.0,376.0,12.23404255319149
3305460,34.0,521.0,6.525911708253358
3305520,141.0,2148.0,6.564245810055866
3305550,366.0,1918.0,19.08237747653806
3305580,202.0,1499.0,13.475650433622416
3305670,4.0,63.0,6.349206349206349
3305700,24.0,105.0,22.857142857142858
3305730,145.0,564.0,25.70921985815603
3305760,13.0,204.0,6.372549019607843
3305790,42.0,396.0,10.606060606060606
3305820,283.0,2623.0,10.789172703011818
3305830,76.0,232.0,32.758620689655174
3305880,218.0,1312.0,16.615853658536587
3305940,580.0,4125.0,14.060606060606059
3305970,5.0,150.0,3.3333333333333335
3306000,8.0,108.0,7.4074074074074066
3306030,34.0,407.0,8.353808353808354
3306060,365.0,3540.0,10.310734463276836
3306080,141.0,1228.0,11.482084690553746
3306150,150.0,728.0,20.604395604395602
3306180,215.0,1316.0,16.337386018237083
3306240,317.0,1550.0,20.451612903225808
3306260,70.0,807.0,8.674101610904584
3306270,7.0,80.0,8.75
3306330,2.0,27.0,7.4074074074074066
3306360,11.0,75.0,14.666666666666666
3306390,9.0,75.0,12.0
3306420,17.0,416.0,4.086538461538462
3306450,3.0,68.0,4.411764705882353
3306480,34.0,543.0,6.261510128913445
3306540,21.0,409.0,5.134474327628362
3306600,43.0,194.0,22.164948453608247
3306660,25.0,206.0,12.135922330097088
3306720,396.0,3573.0,11.083123425692696
3306750,17.0,114.0,14.912280701754385
3306780,48.0,472.0,10.16949152542373
3306870,10.0,77.0,12.987012987012985
3306900,6.0,46.0,13.043478260869565
3306910,4.0,23.0,17.391304347826086
3306930,88.0,1006.0,8.747514910536779
3306990,6.0,59.0,10.16949152542373
3307020,7.0,142.0,4.929577464788732
3307050,240.0,1118.0,21.46690518783542
3307115,91.0,542.0,16.789667896678967
3307140,105.0,433.0,24.249422632794456
3307170,215.0,2965.0,7.251264755480608
3307230,268.0,1082.0,24.76894639556377
3307300,223.0,1447.0,15.411195577055977
3307330,47.0,713.0,6.5918653576437585
3307360,559.0,3287.0,17.006388804380894
3399965,62.0,647.0,9.582689335394127
3400004,162.0,4248.0,3.8135593220338984
3400008,38.0,687.0,5.531295487627365
3400009,125.0,1952.0,6.403688524590163
3400014,30.0,280.0,10.714285714285714
3400015,12.0,322.0,3.7267080745341614
3400019,88.0,357.0,24.649859943977592
3400020,18.0,112.0,16.071428571428573
3400021,41.0,488.0,8.401639344262295
3400022,435.0,1384.0,31.430635838150287
3400023,127.0,585.0,21.70940170940171
3400024,805.0,5462.0,14.738191138777005
3400025,32.0,682.0,4.69208211143695
3400026,10.0,554.0,1.8050541516245486
3400029,13.0,289.0,4.498269896193772
3400032,28.0,295.0,9.491525423728813
3400033,70.0,588.0,11.904761904761903
3400034,75.0,554.0,13.537906137184116
3400035,5.0,579.0,0.8635578583765112
3400036,9.0,240.0,3.75
3400041,3.0,92.0,3.260869565217391
3400042,0.0,295.0,0.0
3400043,22.0,400.0,5.5
3400046,8.0,360.0,2.2222222222222223
3400047,11.0,394.0,2.7918781725888326
3400048,27.0,185.0,14.594594594594595
3400049,6.0,200.0,3.0
3400050,2.0,133.0,1.5037593984962405
3400051,8.0,240.0,3.3333333333333335
3400052,1.0,116.0,0.8620689655172413
3400055,27.0,219.0,12.32876712328767
3400061,24.0,325.0,7.384615384615385
3400064,0.0,339.0,0.0
3400070,848.0,4037.0,21.00569729997523
3400073,7.0,438.0,1.5981735159817352
3400076,6.0,219.0,2.73972602739726
3400078,151.0,1540.0,9.805194805194805
3400079,36.0,169.0,21.301775147928996
3400080,151.0,902.0,16.74057649667406
3400082,8.0,126.0,6.349206349206349
3400083,21.0,386.0,5.4404145077720205
3400084,164.0,867.0,18.915801614763552
3400087,89.0,1347.0,6.607275426874535
3400090,7.0,618.0,1.132686084142395
3400660,59.0,871.0,6.77382319173364
3400690,22.0,492.0,4.471544715447155
3400715,7.0,438.0,1.5981735159817352
3400717,86.0,1037.0,8.293153326904532
3400718,454.0,891.0,50.953984287317624
3400719,6.0,287.0,2.0905923344947737
3400720,17.0,425.0,4.0
3400723,33.0,372.0,8.870967741935484
3400724,21.0,355.0,5.915492957746479
3400727,32.0,376.0,8.51063829787234
3400729,53.0,423.0,12.529550827423167
3400730,66.0,295.0,22.372881355932204
3400731,0.0,143.0,0.0
3400734,17.0,384.0,4.427083333333334
3400735,23.0,442.0,5.203619909502263
3400740,62.0,237.0,26.160337552742618
3400741,30.0,576.0,5.208333333333334
3400744,27.0,200.0,13.5
3400745,7.0,226.0,3.0973451327433628
3400746,9.0,474.0,1.89873417721519
3400748,2.0,272.0,0.7352941176470588
3400749,41.0,273.0,15.018315018315018
3400750,33.0,911.0,3.6223929747530184
3400751,246.0,1444.0,17.03601108033241
3400753,185.0,524.0,35.30534351145038
3400754,68.0,377.0,18.037135278514587
3400755,72.0,328.0,21.951219512195124
3400756,57.0,384.0,14.84375
3400759,70.0,960.0,7.291666666666667
3400763,52.0,206.0,25.24271844660194
3400764,9.0,425.0,2.1176470588235294
3400765,22.0,279.0,7.885304659498208
3400766,27.0,197.0,13.705583756345177
3400767,68.0,372.0,18.27956989247312
3400769,65.0,939.0,6.922257720979766
3400770,190.0,399.0,47.61904761904761
3400771,90.0,382.0,23.56020942408377
3400772,578.0,2141.0,26.996730499766464
3400773,21.0,288.0,7.291666666666667
3400776,145.0,400.0,36.25
3400777,252.0,1119.0,22.5201072386059
3400779,81.0,846.0,9.574468085106384
3400781,34.0,457.0,7.439824945295405
3400782,21.0,101.0,20.792079207920793
3400783,20.0,377.0,5.305039787798409
3400784,17.0,138.0,12.318840579710146
3400785,183.0,2089.0,8.760172331258975
3400786,3.0,156.0,1.9230769230769231
3400787,4.0,519.0,0.7707129094412332
3400788,88.0,121.0,72.72727272727273
3400789,71.0,146.0,48.63013698630137
3400791,7.0,168.0,4.166666666666666
3400792,18.0,62.0,29.03225806451613
3400793,46.0,302.0,15.2317880794702
3400810,27.0,303.0,8.91089108910891
3400840,20.0,208.0,9.615384615384617
3400870,16.0,148.0,10.81081081081081
3400900,41.0,472.0,8.686440677966102
3400930,376.0,1801.0,20.87729039422543
3400960,1403.0,6913.0,20.295096195573556
3400990,186.0,1555.0,11.961414790996784
3401020,20.0,318.0,6.289308176100629
3401050,162.0,1540.0,10.519480519480519
3401110,10.0,72.0,13.88888888888889
3401140,4.0,150.0,2.666666666666667
3401170,44.0,641.0,6.86427457098284
3401200,6.0,107.0,5.607476635514018
3401230,5.0,129.0,3.875968992248062
3401260,1427.0,9757.0,14.625397150763556
3401290,4.0,67.0,5.970149253731343
3401320,34.0,523.0,6.5009560229445515
3401350,793.0,4495.0,17.641824249165737
3401380,180.0,1217.0,14.790468364831552
3401410,27.0,517.0,5.222437137330754
3401440,59.0,727.0,8.11554332874828
3401470,45.0,1840.0,2.4456521739130435
3401500,89.0,3540.0,2.514124293785311
3401530,160.0,2604.0,6.1443932411674345
3401560,195.0,2153.0,9.057129586623317
3401590,49.0,821.0,5.9683313032886725
3401620,61.0,620.0,9.838709677419356
3401650,435.0,5414.0,8.034724787587736
3401710,18.0,372.0,4.838709677419355
3401740,20.0,296.0,6.756756756756757
3401770,470.0,3502.0,13.420902341519131
3401800,16.0,464.0,3.4482758620689653
3401830,679.0,6269.0,10.831073536449194
3401860,40.0,533.0,7.5046904315197
3401890,5.0,90.0,5.555555555555555
3401920,77.0,1093.0,7.044830741079597
3401950,119.0,1395.0,8.530465949820789
3401980,0.0,427.0,0.0
3402030,19.0,2608.0,0.7285276073619631
3402100,156.0,1883.0,8.284652150823154
3402130,22.0,322.0,6.832298136645963
3402160,66.0,1436.0,4.596100278551532
3402220,932.0,8687.0,10.728675031656499
3402250,626.0,5437.0,11.513702409416958
3402280,459.0,8524.0,5.384795870483341
3402310,18.0,531.0,3.389830508474576
3402340,75.0,580.0,12.931034482758621
3402370,35.0,303.0,11.55115511551155
3402400,323.0,1692.0,19.08983451536643
3402430,184.0,1667.0,11.037792441511698
3402460,343.0,3871.0,8.860759493670885
3402490,217.0,2012.0,10.785288270377734
3402520,83.0,1187.0,6.992417860151642
3402550,35.0,841.0,4.161712247324614
3402580,174.0,2624.0,6.63109756097561
3402610,7.0,90.0,7.777777777777778
3402640,2176.0,7656.0,28.422152560083596
3402670,299.0,2096.0,14.265267175572518
3402700,18.0,176.0,10.227272727272728
3402730,74.0,573.0,12.914485165794066
3402790,46.0,533.0,8.630393996247655
3402800,50.0,481.0,10.395010395010395
3402820,346.0,3858.0,8.968377397615344
3402850,61.0,1575.0,3.8730158730158735
3402880,100.0,958.0,10.438413361169102
3402910,380.0,2136.0,17.790262172284642
3403000,894.0,10693.0,8.36060974469279
3403060,53.0,1025.0,5.170731707317073
3403090,21.0,757.0,2.7741083223249667
3403120,193.0,2477.0,7.791683488090433
3403150,87.0,2273.0,3.827540695116586
3403180,59.0,1423.0,4.146170063246662
3403210,232.0,2332.0,9.948542024013722
3403240,82.0,432.0,18.98148148148148
3403270,269.0,3072.0,8.756510416666668
3403300,1645.0,10616.0,15.495478522984174
3403330,37.0,443.0,8.35214446952596
3403360,58.0,1229.0,4.719283970707893
3403390,50.0,1166.0,4.288164665523156
3403420,184.0,2001.0,9.195402298850574
3403450,98.0,959.0,10.218978102189782
3403480,83.0,529.0,15.689981096408317
3403540,21.0,464.0,4.525862068965517
3403570,94.0,3820.0,2.4607329842931938
3403600,55.0,1847.0,2.977801840822956
3403610,30.0,468.0,6.41025641025641
3403620,221.0,1122.0,19.696969696969695
3403630,21.0,168.0,12.5
3403660,26.0,320.0,8.125
3403690,31.0,362.0,8.56353591160221
3403720,34.0,388.0,8.762886597938143
3403750,42.0,797.0,5.269761606022585
3403780,221.0,2952.0,7.4864498644986455
3403810,25.0,685.0,3.64963503649635
3403840,60.0,551.0,10.88929219600726
3403870,78.0,1636.0,4.767726161369193
3403900,392.0,4134.0,9.482341557813257
3403930,158.0,3262.0,4.843654199877376
3403960,11.0,180.0,6.111111111111111
3403990,171.0,2491.0,6.864712966680048
3404020,101.0,1209.0,8.354011579818032
3404050,2.0,146.0,1.36986301369863
3404080,16.0,345.0,4.63768115942029
3404110,778.0,8065.0,9.646621202727838
3404140,34.0,1277.0,2.662490211433046
3404170,32.0,964.0,3.319502074688797
3404200,63.0,245.0,25.71428571428571
3404230,1529.0,8852.0,17.272932670582918
3404290,46.0,826.0,5.569007263922518
3404320,261.0,5145.0,5.072886297376093
3404350,87.0,564.0,15.425531914893616
3404380,240.0,1959.0,12.251148545176111
3404410,104.0,991.0,10.494450050454086
3404440,70.0,1029.0,6.802721088435375
3404470,85.0,875.0,9.714285714285714
3404500,971.0,15798.0,6.146347638941639
3404530,86.0,535.0,16.074766355140188
3404560,783.0,7376.0,10.615509761388287
3404590,3157.0,26223.0,12.039049689204134
3404620,52.0,377.0,13.793103448275861
3404660,349.0,2601.0,13.417916186082277
3404680,6.0,126.0,4.761904761904762
3404710,26.0,1125.0,2.311111111111111
3404740,369.0,3006.0,12.275449101796406
3404770,13.0,503.0,2.584493041749503
3404800,64.0,2279.0,2.808249232119351
3404830,9.0,228.0,3.9473684210526314
3404860,24.0,183.0,13.114754098360656
3404890,224.0,4427.0,5.059859950304947
3404920,260.0,3571.0,7.2808737048445815
3404950,13.0,994.0,1.30784708249497
3404980,292.0,4939.0,5.9121279611257345
3405010,31.0,683.0,4.538799414348463
3405040,36.0,513.0,7.017543859649122
3405070,200.0,1324.0,15.105740181268882
3405130,13.0,160.0,8.125
3405190,172.0,3054.0,5.631958087753765
3405220,198.0,1561.0,12.68417680973735
3405250,58.0,966.0,6.004140786749482
3405280,12.0,395.0,3.0379746835443036
3405310,267.0,3916.0,6.8181818181818175
3405340,25.0,517.0,4.835589941972921
3405400,47.0,428.0,10.981308411214954
3405430,97.0,1403.0,6.9137562366357805
3405460,9.0,294.0,3.061224489795918
3405490,615.0,7071.0,8.697496817988968
3405520,10.0,212.0,4.716981132075472
3405550,6.0,221.0,2.7149321266968327
3405580,94.0,1695.0,5.545722713864307
3405610,1785.0,10874.0,16.415302556556924
3405640,290.0,3644.0,7.958287596048298
3405670,7.0,140.0,5.0
3405700,9.0,122.0,7.377049180327869
3405730,252.0,3173.0,7.942010715411282
3405760,488.0,4390.0,11.116173120728929
3405790,38.0,366.0,10.382513661202186
3405820,239.0,911.0,26.23490669593853
3405850,17.0,263.0,6.4638783269961975
3405880,226.0,2023.0,11.171527434503213
3405940,55.0,1899.0,2.8962611901000526
3405970,108.0,2558.0,4.222048475371384
3406000,262.0,2146.0,12.208760484622553
3406030,660.0,6290.0,10.492845786963434
3406040,60.0,1389.0,4.319654427645788
3406060,605.0,3125.0,19.36
3406090,33.0,431.0,7.65661252900232
3406120,47.0,837.0,5.615292712066906
3406150,1.0,65.0,1.5384615384615385
3406180,18.0,425.0,4.235294117647059
3406210,28.0,704.0,3.977272727272727
3406240,102.0,982.0,10.386965376782078
3406270,646.0,5681.0,11.37123745819398
3406300,188.0,1928.0,9.751037344398341
3406330,60.0,1422.0,4.219409282700422
3406360,204.0,2056.0,9.922178988326849
3406390,120.0,2722.0,4.4085231447465105
3406420,45.0,608.0,7.401315789473683
3406450,113.0,1020.0,11.07843137254902
3406480,20.0,174.0,11.494252873563218
3406510,243.0,2935.0,8.2793867120954
3406540,1634.0,11278.0,14.488384465330734
3406570,509.0,3487.0,14.59707484944078
3406600,10.0,131.0,7.633587786259542
3406630,13.0,285.0,4.56140350877193
3406660,121.0,1505.0,8.039867109634551
3406690,64.0,1440.0,4.444444444444445
3406720,7.0,303.0,2.31023102310231
3406780,50.0,681.0,7.342143906020558
3406810,18.0,258.0,6.976744186046512
3406840,22.0,614.0,3.5830618892508146
3406870,75.0,2141.0,3.503035964502569
3406900,65.0,1365.0,4.761904761904762
3406930,78.0,1801.0,4.330927262631872
3406960,21.0,418.0,5.023923444976076
3406990,160.0,2513.0,6.366892160764028
3407050,45.0,322.0,13.975155279503104
3407110,26.0,352.0,7.386363636363637
3407140,107.0,918.0,11.655773420479303
3407170,172.0,1718.0,10.011641443538998
3407200,50.0,182.0,27.472527472527474
3407230,313.0,7338.0,4.265467429817389
3407260,59.0,1150.0,5.130434782608695
3407290,396.0,3087.0,12.82798833819242
3407320,26.0,597.0,4.355108877721943
3407350,158.0,1874.0,8.431163287086447
3407380,31.0,562.0,5.5160142348754455
3407410,247.0,2992.0,8.255347593582888
3407440,150.0,1533.0,9.784735812133071
3407470,9.0,145.0,6.206896551724138
3407500,28.0,479.0,5.845511482254697
3407530,389.0,3535.0,11.004243281471005
3407560,532.0,5762.0,9.232905241235683
3407570,229.0,2394.0,9.565580618212197
3407590,128.0,2968.0,4.31266846361186
3407680,1058.0,6571.0,16.101050068482728
3407710,8.0,124.0,6.451612903225806
3407740,1147.0,8200.0,13.987804878048781
3407770,38.0,700.0,5.428571428571429
3407800,201.0,3023.0,6.649024148197155
3407830,3681.0,26447.0,13.918402843422694
3407860,432.0,1349.0,32.02372127501853
3407890,559.0,5554.0,10.064818149081743
3407920,127.0,1459.0,8.70459218642906
3407950,179.0,1072.0,16.69776119402985
3407980,277.0,2708.0,10.228951255539142
3408010,15.0,336.0,4.464285714285714
3408040,107.0,1873.0,5.712760277629472
3408060,99.0,985.0,10.050761421319796
3408070,9.0,184.0,4.891304347826087
3408100,644.0,4027.0,15.99205363794388
3408130,9.0,230.0,3.91304347826087
3408160,43.0,337.0,12.759643916913946
3408190,121.0,949.0,12.750263435194942
3408220,785.0,5472.0,14.345760233918128
3408280,19.0,179.0,10.614525139664805
3408310,11.0,146.0,7.534246575342466
3408340,69.0,305.0,22.62295081967213
3408370,57.0,464.0,12.284482758620689
3408400,288.0,3844.0,7.492195629552549
3408430,0.0,107.0,0.0
3408460,29.0,593.0,4.8903878583473865
3408490,600.0,6743.0,8.898116565327006
3408500,51.0,691.0,7.380607814761215
3408520,147.0,1879.0,7.823310271420969
3408580,52.0,936.0,5.555555555555555
3408610,751.0,6070.0,12.372322899505766
3408640,341.0,2611.0,13.060130218307162
3408670,49.0,819.0,5.982905982905983
3408700,144.0,1199.0,12.01000834028357
3408730,32.0,872.0,3.669724770642202
3408760,77.0,440.0,17.5
3408790,24.0,853.0,2.813599062133646
3408820,126.0,6060.0,2.0792079207920793
3408850,348.0,3083.0,11.287706779111256
3408880,25.0,833.0,3.0012004801920766
3408910,20.0,233.0,8.583690987124463
3408940,693.0,5708.0,12.140854940434478
3409000,45.0,769.0,5.851755526657997
3409030,13.0,159.0,8.176100628930817
3409090,115.0,1401.0,8.20842255531763
3409120,160.0,1758.0,9.101251422070535
3409150,108.0,1675.0,6.447761194029851
3409180,78.0,1259.0,6.195393169181891
3409210,342.0,2522.0,13.560666137985725
3409240,193.0,2628.0,7.343987823439877
3409270,960.0,8650.0,11.098265895953757
3409300,44.0,420.0,10.476190476190476
3409330,221.0,2865.0,7.713787085514834
3409360,121.0,1265.0,9.565217391304348
3409390,362.0,4853.0,7.459303523593654
3409420,135.0,1524.0,8.858267716535433
3409450,309.0,2931.0,10.542476970317297
3409480,11.0,133.0,8.270676691729323
3409510,26.0,550.0,4.7272727272727275
3409540,39.0,616.0,6.331168831168831
3409550,210.0,803.0,26.1519302615193
3409600,71.0,1274.0,5.572998430141287
3409630,175.0,1460.0,11.986301369863012
3409660,271.0,2162.0,12.534690101757631
3409690,19.0,373.0,5.093833780160858
3409720,193.0,4870.0,3.963039014373717
3409750,347.0,3657.0,9.488651900464863
3409780,43.0,386.0,11.139896373056994
3409810,59.0,979.0,6.026557711950971
3409840,34.0,533.0,6.378986866791744
3409870,142.0,2705.0,5.249537892791127
3409900,7.0,514.0,1.3618677042801557
3409930,29.0,687.0,4.2212518195050945
3409950,31.0,220.0,14.09090909090909
3409960,22.0,406.0,5.41871921182266
3409990,73.0,2255.0,3.237250554323725
3410020,339.0,2366.0,14.327979712595095
3410050,180.0,2064.0,8.720930232558139
3410080,120.0,1963.0,6.113092205807438
3410110,442.0,9559.0,4.623914635422115
3410140,23.0,940.0,2.4468085106382977
3410170,5.0,74.0,6.756756756756757
3410200,319.0,4842.0,6.588186699710863
3410230,0.0,1125.0,0.0
3410290,38.0,749.0,5.07343124165554
3410320,936.0,5125.0,18.26341463414634
3410350,28.0,361.0,7.756232686980609
3410380,10.0,233.0,4.291845493562231
3410440,199.0,972.0,20.473251028806587
3410470,545.0,5873.0,9.279754810148136
3410500,323.0,7070.0,4.5685997171145685
3410530,30.0,242.0,12.396694214876034
3410560,659.0,6670.0,9.880059970014992
3410590,220.0,4717.0,4.663981344074624
3410620,38.0,1004.0,3.7848605577689245
3410650,108.0,3614.0,2.9883785279468733
3410680,23.0,328.0,7.01219512195122
3410710,210.0,3931.0,5.34215212414144
3410720,19.0,968.0,1.962809917355372
3410740,185.0,2966.0,6.237356709372892
3410770,19.0,569.0,3.3391915641476277
3410810,591.0,4997.0,11.827096257754652
3410860,24.0,358.0,6.70391061452514
3410890,60.0,366.0,16.39344262295082
3410920,103.0,1033.0,9.970958373668925
3410950,255.0,4254.0,5.994358251057828
3410980,303.0,4602.0,6.584093872229466
3411010,76.0,1567.0,4.850031908104659
3411040,58.0,740.0,7.837837837837839
3411070,46.0,719.0,6.397774687065369
3411100,21.0,271.0,7.7490774907749085
3411130,1.0,252.0,0.3968253968253968
3411160,856.0,3787.0,22.603644045418537
3411190,27.0,315.0,8.571428571428571
3411220,1077.0,8972.0,12.004012483281318
3411250,22.0,192.0,11.458333333333332
3411280,63.0,2008.0,3.137450199203187
3411310,84.0,2373.0,3.5398230088495577
3411340,11107.0,35808.0,31.018208221626452
3411400,188.0,1533.0,12.263535551206783
3411430,124.0,1756.0,7.061503416856492
3411460,556.0,7605.0,7.310979618671927
3411490,607.0,5972.0,10.164099129269927
3411520,32.0,684.0,4.678362573099415
3411550,23.0,646.0,3.560371517027864
3411580,92.0,1133.0,8.120035304501325
3411610,294.0,2790.0,10.53763440860215
3411640,247.0,3258.0,7.58133824432167
3411670,37.0,209.0,17.703349282296653
3411700,230.0,2103.0,10.936757013789824
3411730,109.0,1397.0,7.802433786685755
3411760,96.0,2239.0,4.287628405538187
3411790,41.0,911.0,4.500548847420418
3411820,27.0,534.0,5.056179775280898
3411850,37.0,593.0,6.239460370994941
3411880,440.0,4061.0,10.834769761142576
3411910,66.0,1376.0,4.796511627906977
3411940,34.0,362.0,9.392265193370166
3411970,221.0,2114.0,10.454115421002838
3411980,27.0,589.0,4.584040747028863
3412030,14.0,157.0,8.9171974522293
3412060,229.0,3631.0,6.306802533737263
3412090,60.0,479.0,12.526096033402922
3412120,24.0,578.0,4.1522491349480966
3412150,26.0,224.0,11.607142857142858
3412180,16.0,655.0,2.4427480916030535
3412210,14.0,247.0,5.668016194331984
3412240,32.0,742.0,4.31266846361186
3412260,95.0,1617.0,5.875077303648732
3412270,345.0,4909.0,7.027907924220819
3412300,9.0,276.0,3.260869565217391
3412360,199.0,1691.0,11.768184506209343
3412390,129.0,911.0,14.1602634467618
3412420,178.0,3695.0,4.817320703653586
3412450,54.0,1195.0,4.518828451882846
3412480,355.0,7022.0,5.055539732270009
3412510,92.0,2020.0,4.554455445544554
3412540,2069.0,13629.0,15.180864333406706
3412570,164.0,1352.0,12.1301775147929
3412600,127.0,885.0,14.350282485875706
3412630,0.0,3447.0,0.0
3412660,41.0,847.0,4.8406139315230226
3412690,6222.0,24332.0,25.571264178859117
3412720,249.0,1043.0,23.87344199424736
3412810,651.0,4275.0,15.228070175438596
3412840,358.0,2072.0,17.277992277992276
3412870,661.0,4577.0,14.441774087830456
3412900,103.0,2132.0,4.831144465290807
3412930,1139.0,9466.0,12.032537502641032
3412960,469.0,3848.0,12.188149688149688
3412990,168.0,1856.0,9.051724137931034
3413000,338.0,1578.0,21.419518377693283
3413050,469.0,7253.0,6.466289811112643
3413080,107.0,1386.0,7.72005772005772
3413110,93.0,1748.0,5.320366132723112
3413140,1197.0,7860.0,15.229007633587784
3413200,573.0,3279.0,17.47483989021043
3413230,112.0,1372.0,8.16326530612245
3413260,15.0,314.0,4.777070063694268
3413290,212.0,2753.0,7.700690156193243
3413320,94.0,820.0,11.463414634146343
3413350,49.0,1657.0,2.957151478575739
3413380,15.0,115.0,13.043478260869565
3413410,438.0,3947.0,11.097035723334178
3413470,81.0,997.0,8.124373119358076
3413500,21.0,325.0,6.461538461538462
3413530,662.0,3799.0,17.42563832587523
3413560,131.0,2291.0,5.718027062418158
3413590,130.0,2760.0,4.710144927536232
3413620,254.0,2111.0,12.032212221695879
3413650,453.0,4777.0,9.482939083106553
3413680,238.0,2843.0,8.371438621174814
3413710,64.0,1519.0,4.213298222514812
3413740,56.0,1400.0,4.0
3413750,98.0,1265.0,7.747035573122529
3413770,98.0,1665.0,5.885885885885886
3413800,199.0,2309.0,8.618449545257688
3413830,231.0,5617.0,4.112515577710521
3413860,52.0,1184.0,4.391891891891892
3413890,32.0,1188.0,2.6936026936026933
3413950,23.0,1136.0,2.024647887323944
3413980,9.0,336.0,2.6785714285714284
3414010,165.0,1384.0,11.921965317919076
3414040,12.0,298.0,4.026845637583892
3414070,36.0,492.0,7.317073170731707
3414100,40.0,581.0,6.884681583476763
3414130,122.0,2268.0,5.379188712522046
3414220,4.0,80.0,5.0
3414250,20.0,455.0,4.395604395604396
3414280,368.0,2801.0,13.138164941092468
3414310,128.0,2053.0,6.234778373112518
3414340,200.0,3596.0,5.561735261401557
3414370,31.0,1002.0,3.093812375249501
3414400,63.0,981.0,6.422018348623854
3414430,65.0,848.0,7.665094339622641
3414460,121.0,2586.0,4.679040989945863
3414490,151.0,1670.0,9.04191616766467
3414520,15.0,147.0,10.204081632653061
3414550,218.0,1221.0,17.854217854217854
3414580,69.0,815.0,8.466257668711656
3414610,4.0,138.0,2.898550724637681
3414640,626.0,6210.0,10.080515297906603
3414670,340.0,5494.0,6.188569348380051
3414730,9.0,138.0,6.521739130434782
3414790,44.0,231.0,19.047619047619047
3414850,136.0,2160.0,6.296296296296296
3414880,55.0,755.0,7.28476821192053
3414940,67.0,651.0,10.291858678955453
3414970,10.0,469.0,2.1321961620469083
3415000,28.0,486.0,5.761316872427984
3415030,95.0,815.0,11.65644171779141
3415060,10.0,331.0,3.0211480362537766
3415090,229.0,2362.0,9.695173581710414
3415120,78.0,1060.0,7.3584905660377355
3415180,55.0,479.0,11.482254697286013
3415210,511.0,8729.0,5.854049719326383
3415240,32.0,295.0,10.847457627118644
3415270,13.0,365.0,3.5616438356164384
3415330,573.0,6918.0,8.282740676496097
3415360,229.0,3353.0,6.829704742022069
3415390,269.0,2244.0,11.98752228163993
3415420,9.0,721.0,1.248266296809986
3415450,210.0,1600.0,13.125
3415480,425.0,2887.0,14.721163837894007
3415510,802.0,3186.0,25.17263025737602
3415540,170.0,1668.0,10.191846522781775
3415570,6.0,161.0,3.7267080745341614
3415600,12.0,337.0,3.5608308605341246
3415630,157.0,2253.0,6.968486462494451
3415660,17.0,193.0,8.808290155440414
3415690,206.0,2037.0,10.112911143838978
3415720,9.0,322.0,2.7950310559006213
3415750,19.0,271.0,7.011070110701106
3415810,20.0,91.0,21.978021978021978
3415840,9.0,111.0,8.108108108108109
3415870,83.0,833.0,9.963985594237695
3415900,304.0,4005.0,7.590511860174781
3415930,118.0,795.0,14.842767295597485
3415960,111.0,1003.0,11.06679960119641
3415990,55.0,1639.0,3.3557046979865772
3416020,48.0,692.0,6.9364161849710975
3416080,79.0,3570.0,2.212885154061625
3416110,131.0,3677.0,3.562686973075877
3416170,34.0,555.0,6.126126126126126
3416200,122.0,1525.0,8.0
3416230,1800.0,15563.0,11.565893465270193
3416260,42.0,1131.0,3.7135278514588856
3416290,3048.0,11819.0,25.788983839580336
3416320,25.0,295.0,8.47457627118644
3416350,9.0,624.0,1.4423076923076923
3416380,1869.0,12290.0,15.207485760781122
3416440,26.0,433.0,6.0046189376443415
3416470,442.0,3148.0,14.040660736975857
3416500,688.0,7187.0,9.572839849728677
3416530,75.0,934.0,8.029978586723768
3416560,174.0,2277.0,7.64163372859025
3416590,14.0,331.0,4.229607250755287
3416620,57.0,1163.0,4.901117798796217
3416650,128.0,1413.0,9.058740268931352
3416680,82.0,658.0,12.462006079027356
3416710,280.0,2517.0,11.124354390147001
3416740,129.0,2215.0,5.823927765237021
3416800,1968.0,9404.0,20.927264993619737
3416830,226.0,3009.0,7.510800930541708
3416860,97.0,1578.0,6.14702154626109
3416870,8.0,623.0,1.2841091492776886
3416890,324.0,3402.0,9.523809523809524
3416920,84.0,1275.0,6.588235294117648
3416950,36.0,903.0,3.9867109634551494
3416970,189.0,1806.0,10.465116279069768
3416980,92.0,1733.0,5.3087132140796305
3417010,39.0,469.0,8.315565031982942
3417070,395.0,7254.0,5.445271574303832
3417100,117.0,3153.0,3.7107516650808754
3417130,138.0,2048.0,6.73828125
3417160,31.0,451.0,6.873614190687362
3417190,55.0,682.0,8.064516129032258
3417220,161.0,2031.0,7.92712949286066
3417250,80.0,825.0,9.696969696969697
3417280,702.0,7994.0,8.781586189642232
3417310,189.0,1247.0,15.156375300721733
3417340,1.0,181.0,0.5524861878453038
3417400,9.0,103.0,8.737864077669903
3417430,263.0,2906.0,9.050240880935995
3417460,103.0,1668.0,6.175059952038369
3417490,47.0,574.0,8.188153310104529
3417500,73.0,1632.0,4.473039215686274
3417520,237.0,3326.0,7.125676488274204
3417550,148.0,2496.0,5.929487179487179
3417580,704.0,7392.0,9.523809523809524
3417610,553.0,6537.0,8.459538014379685
3417640,81.0,1081.0,7.493061979648474
3417700,504.0,9704.0,5.193734542456719
3417730,85.0,1006.0,8.449304174950298
3417760,217.0,6318.0,3.4346312124089904
3417790,34.0,362.0,9.392265193370166
3417820,181.0,2744.0,6.596209912536444
3417850,17.0,111.0,15.315315315315313
3417880,64.0,743.0,8.613728129205922
3417910,13.0,269.0,4.83271375464684
3417920,70.0,463.0,15.118790496760258
3417940,55.0,889.0,6.186726659167604
3417970,22.0,279.0,7.885304659498208
3418000,643.0,3443.0,18.675573627650305
3418030,3.0,126.0,2.380952380952381
3418040,54.0,1568.0,3.4438775510204076
3418060,290.0,4720.0,6.1440677966101696
3418090,23.0,217.0,10.599078341013826
3418120,1614.0,13641.0,11.831977127776556
3418150,196.0,1547.0,12.669683257918551
3418180,23.0,227.0,10.13215859030837
3418210,20.0,742.0,2.6954177897574128
3418240,21.0,132.0,15.909090909090908
3418270,47.0,363.0,12.947658402203857
3418300,78.0,1253.0,6.225059856344773
3418330,138.0,1486.0,9.286675639300135
3418360,87.0,1971.0,4.41400304414003
3500001,18.0,67.0,26.865671641791046
3500010,3698.0,17066.0,21.668815188093284
3500030,561.0,5973.0,9.392265193370166
3500060,5627.0,83214.0,6.762083303290312
3500090,14.0,161.0,8.695652173913043
3500106,125.0,495.0,25.252525252525253
3500107,7.0,502.0,1.394422310756972
3500108,377.0,697.0,54.08895265423242
3500109,10.0,247.0,4.048582995951417
3500110,265.0,354.0,74.85875706214689
3500111,87.0,157.0,55.4140127388535
3500112,70.0,486.0,14.40329218106996
3500118,19.0,201.0,9.45273631840796
3500119,37.0,221.0,16.7420814479638
3500120,1153.0,3861.0,29.862729862729864
3500121,3.0,153.0,1.9607843137254901
3500122,64.0,558.0,11.469534050179211
3500123,1.0,95.0,1.0526315789473684
3500124,65.0,279.0,23.297491039426525
3500125,0.0,203.0,0.0
3500126,40.0,513.0,7.797270955165692
3500127,10.0,165.0,6.0606060606060606
3500128,217.0,354.0,61.29943502824858
3500130,1.0,350.0,0.2857142857142857
3500131,20.0,288.0,6.944444444444445
3500134,8.0,387.0,2.0671834625323
3500135,7.0,421.0,1.66270783847981
3500136,22.0,190.0,11.578947368421053
3500137,111.0,260.0,42.69230769230769
3500138,21.0,166.0,12.650602409638553
3500141,0.0,200.0,0.0
3500142,78.0,166.0,46.98795180722892
3500143,24.0,87.0,27.586206896551722
3500148,101.0,1113.0,9.074573225516621
3500150,719.0,3109.0,23.126407204889034
3500151,69.0,263.0,26.23574144486692
3500152,63.0,482.0,13.070539419087138
3500153,97.0,509.0,19.05697445972495
3500154,52.0,244.0,21.311475409836063
3500155,0.0,102.0,0.0
3500156,157.0,221.0,71.04072398190046
3500158,0.0,46.0,0.0
3500160,761.0,1711.0,44.476914085330215
3500162,117.0,172.0,68.02325581395348
3500163,36.0,194.0,18.556701030927837
3500164,5.0,26.0,19.230769230769234
3500166,0.0,120.0,0.0
3500167,87.0,257.0,33.85214007782101
3500168,77.0,155.0,49.67741935483871
3500169,86.0,178.0,48.31460674157304
3500170,23.0,319.0,7.210031347962382
3500171,52.0,491.0,10.590631364562118
3500172,16.0,94.0,17.02127659574468
3500173,25.0,299.0,8.361204013377927
3500174,0.0,31.0,0.0
3500176,3.0,50.0,6.0
3500177,5.0,74.0,6.756756756756757
3500180,757.0,3915.0,19.33588761174968
3500210,901.0,2936.0,30.68801089918256
3500240,643.0,3005.0,21.397670549084857
3500270,57.0,507.0,11.242603550295858
3500300,765.0,7005.0,10.920770877944326
3500330,34.0,142.0,23.943661971830984
3500390,1336.0,5882.0,22.713362801768106
3500420,61.0,376.0,16.22340425531915
3500480,68.0,457.0,14.87964989059081
3500510,85.0,486.0,17.48971193415638
3500540,78.0,363.0,21.487603305785125
3500570,2128.0,8022.0,26.527050610820247
3500600,287.0,1254.0,22.88676236044657
3500630,16.0,63.0,25.396825396825395
3500660,141.0,547.0,25.776965265082268
3500690,1723.0,4314.0,39.939731108020396
3500720,25.0,93.0,26.881720430107524
3500750,46.0,963.0,4.7767393561786085
3500790,20.0,259.0,7.722007722007722
3500810,276.0,648.0,42.592592592592595
3500840,13.0,150.0,8.666666666666668
3500900,387.0,3609.0,10.723192019950124
3500930,142.0,609.0,23.316912972085387
3500960,86.0,830.0,10.361445783132531
3500990,2004.0,11317.0,17.707873111248563
3501020,56.0,212.0,26.41509433962264
3501050,36.0,297.0,12.121212121212121
3501080,2320.0,13123.0,17.678884401432597
3501110,4091.0,11488.0,35.611072423398326
3501140,8.0,204.0,3.9215686274509802
3501170,975.0,3559.0,27.39533576847429
3501200,57.0,439.0,12.984054669703873
3501230,271.0,1250.0,21.68
3501260,2103.0,10009.0,21.011090018982912
3501290,25.0,139.0,17.985611510791365
3501320,12.0,75.0,16.0
3501350,65.0,482.0,13.485477178423237
3501380,21.0,253.0,8.300395256916996
3501410,143.0,386.0,37.04663212435233
3501470,24.0,112.0,21.428571428571427
3501500,2709.0,24602.0,11.011299894317535
3501560,294.0,1497.0,19.639278557114228
3501590,22.0,265.0,8.30188679245283
3501620,103.0,504.0,20.436507936507937
3501650,669.0,3691.0,18.12516933080466
3501680,1450.0,8580.0,16.8997668997669
3501710,7.0,524.0,1.3358778625954197
3501740,575.0,3656.0,15.727571115973744
3501770,85.0,343.0,24.78134110787172
3501800,15.0,114.0,13.157894736842104
3501830,32.0,219.0,14.61187214611872
3501860,60.0,484.0,12.396694214876034
3501890,669.0,2397.0,27.909887359198997
3501920,4.0,36.0,11.11111111111111
3501950,67.0,220.0,30.454545454545457
3501980,64.0,257.0,24.90272373540856
3502010,88.0,953.0,9.233997901364113
3502040,61.0,355.0,17.183098591549296
3502070,515.0,1968.0,26.168699186991866
3502100,353.0,2768.0,12.752890173410405
3502130,42.0,144.0,29.166666666666668
3502190,446.0,939.0,47.49733759318424
3502220,31.0,131.0,23.66412213740458
3502250,1814.0,9967.0,18.200060198655564
3502280,7.0,110.0,6.363636363636363
3502310,604.0,2026.0,29.81243830207305
3502340,3.0,154.0,1.948051948051948
3502370,3509.0,11833.0,29.654356460745372
3502400,61.0,638.0,9.561128526645767
3502430,580.0,2573.0,22.541780023319085
3502460,272.0,1702.0,15.981198589894241
3502520,584.0,2684.0,21.758569299552907
3502550,15.0,333.0,4.504504504504505
3502580,54.0,570.0,9.473684210526317
3502610,408.0,1308.0,31.19266055045872
3502640,202.0,948.0,21.308016877637133
3502670,262.0,843.0,31.079478054567023
3502730,10.0,117.0,8.547008547008547
3502800,415.0,1236.0,33.57605177993527
3600002,122.0,1011.0,12.067260138476756
3600003,70.0,533.0,13.133208255159476
3600004,458.0,3046.0,15.036112934996718
3600005,345.0,1815.0,19.00826446280992
3600006,76.0,478.0,15.899581589958158
3600007,41.0,441.0,9.297052154195011
3600008,1225.0,4312.0,28.40909090909091
3600009,167.0,1501.0,11.12591605596269
3600010,261.0,1800.0,14.499999999999998
3600011,202.0,1446.0,13.96957123098202
3600012,224.0,736.0,30.434782608695656
3600013,416.0,2000.0,20.8
3600014,299.0,1568.0,19.068877551020407
3600015,142.0,1200.0,11.833333333333334
3600016,252.0,2873.0,8.771319178558997
3600017,152.0,507.0,29.980276134122285
3600018,118.0,797.0,14.805520702634881
3600019,150.0,814.0,18.42751842751843
3600020,118.0,886.0,13.31828442437923
3600021,105.0,1167.0,8.997429305912597
3600023,264.0,1090.0,24.220183486238533
3600024,154.0,891.0,17.28395061728395
3600025,309.0,2180.0,14.174311926605505
3600026,255.0,718.0,35.515320334261844
3600029,16.0,219.0,7.30593607305936
3600032,123.0,319.0,38.557993730407524
3600033,129.0,338.0,38.16568047337278
3600035,120.0,448.0,26.785714285714285
3600036,246.0,910.0,27.032967032967033
3600038,156.0,889.0,17.547806524184477
3600039,58.0,495.0,11.717171717171718
3600042,72.0,724.0,9.94475138121547
3600046,34.0,411.0,8.27250608272506
3600047,64.0,252.0,25.396825396825395
3600048,141.0,643.0,21.928460342146188
3600049,28.0,331.0,8.459214501510575
3600053,374.0,480.0,77.91666666666667
3600055,109.0,576.0,18.92361111111111
3600057,59.0,709.0,8.321579689703809
3600059,52.0,568.0,9.15492957746479
3600060,72.0,491.0,14.663951120162933
3600061,73.0,213.0,34.27230046948357
3600063,75.0,425.0,17.647058823529413
3600066,35.0,303.0,11.55115511551155
3600068,122.0,897.0,13.600891861761427
3600070,161.0,679.0,23.711340206185564
3600071,188.0,646.0,29.102167182662537
3600080,124.0,172.0,72.09302325581395
3600089,70.0,545.0,12.844036697247708
3600104,117.0,945.0,12.380952380952381
3600106,126.0,444.0,28.37837837837838
3600107,75.0,571.0,13.134851138353765
3600108,102.0,1154.0,8.838821490467938
3600109,108.0,399.0,27.06766917293233
3600110,34.0,423.0,8.037825059101655
3600111,140.0,644.0,21.73913043478261
3600112,140.0,523.0,26.76864244741874
3600113,22.0,801.0,2.746566791510612
3600115,404.0,928.0,43.53448275862069
3600116,146.0,634.0,23.02839116719243
3600118,45.0,338.0,13.313609467455622
3600124,144.0,1049.0,13.727359389895138
3600125,305.0,3358.0,9.08278737343657
3600128,46.0,314.0,14.64968152866242
3600133,1.0,52.0,1.9230769230769231
3600134,58.0,395.0,14.683544303797468
3600136,75.0,649.0,11.556240369799692
3600138,147.0,417.0,35.25179856115108
3600139,64.0,351.0,18.233618233618234
3600140,113.0,1002.0,11.27744510978044
3600141,146.0,151.0,96.68874172185431
3600144,117.0,426.0,27.464788732394368
3600146,26.0,440.0,5.909090909090909
3600150,119.0,244.0,48.77049180327869
3600154,15.0,63.0,23.809523809523807
3600155,85.0,698.0,12.177650429799428
3600157,44.0,533.0,8.25515947467167
3600158,71.0,664.0,10.692771084337348
3600159,10.0,474.0,2.109704641350211
3600160,49.0,421.0,11.63895486935867
3600161,28.0,483.0,5.797101449275362
3600162,197.0,681.0,28.928046989721
3600164,179.0,347.0,51.5850144092219
3600165,33.0,974.0,3.3880903490759757
3600167,98.0,753.0,13.014608233731739
3600173,207.0,1151.0,17.984361424847958
3600943,51.0,326.0,15.644171779141105
3600945,174.0,355.0,49.014084507042256
3600946,108.0,368.0,29.347826086956523
3600949,41.0,480.0,8.541666666666666
3600950,75.0,423.0,17.73049645390071
3600952,22.0,713.0,3.0855539971949506
3600954,1.0,704.0,0.14204545454545456
3600955,23.0,319.0,7.210031347962382
3600956,71.0,596.0,11.912751677852349
3600957,7.0,677.0,1.03397341211226
3600958,42.0,304.0,13.815789473684212
3600959,74.0,426.0,17.370892018779344
3600960,67.0,398.0,16.834170854271356
3600961,39.0,396.0,9.848484848484848
3600963,30.0,433.0,6.928406466512701
3600966,107.0,712.0,15.02808988764045
3600967,101.0,439.0,23.006833712984054
3600970,120.0,280.0,42.857142857142854
3600986,71.0,792.0,8.964646464646464
3600988,16.0,449.0,3.5634743875278394
3600989,105.0,697.0,15.064562410329984
3600990,76.0,151.0,50.331125827814574
3600992,152.0,582.0,26.11683848797251
3600994,49.0,531.0,9.227871939736348
3600995,49.0,321.0,15.264797507788161
3600996,143.0,697.0,20.516499282639884
3600997,142.0,1084.0,13.099630996309964
3600998,108.0,318.0,33.9622641509434
3601001,48.0,488.0,9.836065573770492
3601002,86.0,687.0,12.518195050946144
3601003,132.0,698.0,18.911174785100286
3601004,117.0,1010.0,11.584158415841586
3601006,212.0,361.0,58.72576177285319
3601008,165.0,366.0,45.08196721311475
3601010,124.0,790.0,15.69620253164557
3601014,29.0,296.0,9.797297297297296
3601015,134.0,652.0,20.552147239263803
3601017,30.0,526.0,5.7034220532319395
3601018,209.0,502.0,41.63346613545817
3601019,16.0,379.0,4.221635883905013
3601022,181.0,438.0,41.32420091324201
3601023,53.0,279.0,18.996415770609318
3601024,106.0,880.0,12.045454545454545
3601025,58.0,522.0,11.11111111111111
3601027,155.0,780.0,19.871794871794872
3601029,161.0,677.0,23.78138847858198
3601030,118.0,357.0,33.0532212885154
3601031,39.0,223.0,17.48878923766816
3601034,46.0,282.0,16.312056737588655
3601035,21.0,927.0,2.26537216828479
3601040,165.0,746.0,22.117962466487935
3601041,160.0,544.0,29.411764705882355
3601043,243.0,338.0,71.89349112426035
3601044,84.0,294.0,28.57142857142857
3601046,57.0,292.0,19.52054794520548
3601047,156.0,502.0,31.07569721115538
3601049,28.0,304.0,9.210526315789473
3601051,28.0,354.0,7.909604519774012
3601052,31.0,548.0,5.656934306569343
3601053,3.0,402.0,0.7462686567164178
3601055,45.0,399.0,11.278195488721805
3601056,20.0,212.0,9.433962264150944
3601057,104.0,172.0,60.46511627906976
3601058,82.0,515.0,15.922330097087379
3601059,38.0,298.0,12.751677852348994
3601061,154.0,268.0,57.46268656716418
3601064,89.0,366.0,24.316939890710383
3601065,218.0,266.0,81.95488721804512
3601067,138.0,186.0,74.19354838709677
3601069,15.0,324.0,4.62962962962963
3601070,91.0,484.0,18.801652892561986
3601071,45.0,255.0,17.647058823529413
3601072,135.0,544.0,24.816176470588236
3601073,184.0,489.0,37.627811860940696
3601074,86.0,287.0,29.965156794425084
3601078,75.0,429.0,17.482517482517483
3601080,158.0,351.0,45.01424501424501
3601082,29.0,375.0,7.733333333333333
3601084,36.0,448.0,8.035714285714286
3601085,1.0,183.0,0.546448087431694
3601087,544.0,2284.0,23.817863397548162
3601088,83.0,409.0,20.293398533007334
3601091,33.0,280.0,11.785714285714285
3601092,50.0,350.0,14.285714285714285
3601094,80.0,473.0,16.913319238900634
3601097,119.0,368.0,32.33695652173913
3601102,8.0,568.0,1.4084507042253522
3601103,102.0,330.0,30.909090909090907
3601107,192.0,788.0,24.36548223350254
3601113,77.0,370.0,20.81081081081081
3601114,19.0,419.0,4.534606205250596
3601115,35.0,336.0,10.416666666666668
3601119,31.0,344.0,9.011627906976743
3601121,48.0,261.0,18.39080459770115
3601125,72.0,252.0,28.57142857142857
3601126,123.0,364.0,33.791208791208796
3601127,28.0,225.0,12.444444444444445
3601128,2.0,303.0,0.6600660066006601
3601129,72.0,374.0,19.25133689839572
3601130,93.0,109.0,85.3211009174312
3601131,5.0,326.0,1.5337423312883436
3601134,68.0,285.0,23.859649122807017
3601135,112.0,221.0,50.678733031674206
3601136,63.0,376.0,16.75531914893617
3601138,70.0,423.0,16.548463356973993
3601139,23.0,203.0,11.330049261083744
3601142,6.0,175.0,3.428571428571429
3601145,14.0,66.0,21.21212121212121
3601149,19.0,271.0,7.011070110701106
3601153,24.0,174.0,13.793103448275861
3601157,19.0,149.0,12.751677852348994
3601158,6.0,128.0,4.6875
3601161,2.0,12.0,16.666666666666664
3601162,18.0,82.0,21.951219512195124
3601163,26.0,149.0,17.449664429530202
3601164,1.0,87.0,1.1494252873563218
3601166,58.0,126.0,46.03174603174603
3601168,44.0,189.0,23.28042328042328
3602310,29.0,160.0,18.125
3602340,280.0,2077.0,13.480982185844969
3602370,217.0,1180.0,18.389830508474574
3602400,142.0,535.0,26.542056074766357
3602430,169.0,1363.0,12.3991195891416
3602460,2438.0,9119.0,26.73538765215484
3602520,309.0,1812.0,17.052980132450333
3602550,220.0,1621.0,13.571869216533003
3602580,59.0,830.0,7.1084337349397595
3602670,103.0,590.0,17.457627118644066
3602700,56.0,654.0,8.56269113149847
3602730,181.0,1678.0,10.786650774731823
3602820,272.0,1226.0,22.185970636215334
3602880,26.0,90.0,28.888888888888886
3602920,286.0,2892.0,9.889349930843707
3602940,574.0,3069.0,18.70316063864451
3602970,1314.0,3662.0,35.88203167667941
3603000,15.0,82.0,18.29268292682927
3603030,76.0,291.0,26.11683848797251
3603060,48.0,381.0,12.598425196850393
3603180,102.0,2213.0,4.609127880704925
3603210,64.0,513.0,12.475633528265107
3603240,51.0,445.0,11.46067415730337
3603270,1229.0,8148.0,15.083456062837506
3603420,200.0,1213.0,16.488046166529266
3603480,987.0,4139.0,23.846339695578642
3603630,34.0,447.0,7.606263982102908
3603660,105.0,1002.0,10.479041916167663
3603720,187.0,1588.0,11.775818639798489
3603810,248.0,795.0,31.19496855345912
3603840,696.0,4540.0,15.330396475770925
3603870,678.0,5450.0,12.440366972477063
3603930,707.0,4653.0,15.194498173221577
3603960,136.0,771.0,17.639429312581065
3603990,505.0,2312.0,21.842560553633216
3604050,287.0,1096.0,26.186131386861316
3604080,375.0,5877.0,6.38080653394589
3604110,265.0,2161.0,12.262841277186489
3604140,543.0,2935.0,18.50085178875639
3604200,63.0,894.0,7.046979865771812
3604290,322.0,2041.0,15.7765801077903
3604350,18.0,352.0,5.113636363636364
3604370,44.0,469.0,9.381663113006397
3604410,74.0,1060.0,6.981132075471698
3604530,104.0,681.0,15.27165932452276
3604620,161.0,723.0,22.268326417704014
3604650,105.0,761.0,13.797634691195796
3604710,352.0,4513.0,7.799689785065366
3604740,159.0,2930.0,5.426621160409556
3604757,105.0,366.0,28.688524590163933
3604758,49.0,184.0,26.6304347826087
3604870,2086.0,5353.0,38.96880254063142
3604920,70.0,909.0,7.700770077007702
3605010,18.0,188.0,9.574468085106384
3605040,207.0,1350.0,15.333333333333332
3605220,57.0,263.0,21.673003802281368
3605280,3443.0,19073.0,18.05169611492686
3605310,337.0,3081.0,10.938007140538787
3605340,80.0,1435.0,5.574912891986063
3605370,38.0,211.0,18.009478672985782
3605460,262.0,3542.0,7.396950875211744
3605520,96.0,1195.0,8.03347280334728
3605580,485.0,3334.0,14.547090581883623
3605610,90.0,549.0,16.39344262295082
3605640,62.0,1646.0,3.766707168894289
3605670,47.0,235.0,20.0
3605820,164.0,818.0,20.048899755501225
3605850,15748.0,31066.0,50.692074937230416
3605940,260.0,3030.0,8.58085808580858
3606060,69.0,2350.0,2.9361702127659575
3606090,115.0,910.0,12.637362637362637
3606160,356.0,1195.0,29.7907949790795
3606180,101.0,831.0,12.154031287605296
3606210,93.0,867.0,10.726643598615917
3606240,374.0,2190.0,17.077625570776256
3606300,202.0,914.0,22.100656455142232
3606330,263.0,3502.0,7.509994288977727
3606360,23.0,261.0,8.812260536398467
3606390,222.0,1301.0,17.06379707916987
3606420,113.0,722.0,15.650969529085874
3606470,300.0,1333.0,22.50562640660165
3606500,172.0,1462.0,11.76470588235294
3606540,118.0,1431.0,8.24598183088749
3606570,349.0,4109.0,8.49355074227306
3606630,500.0,3204.0,15.605493133583021
3606660,176.0,873.0,20.16036655211913
3606690,164.0,940.0,17.4468085106383
3606720,386.0,1448.0,26.65745856353591
3606780,140.0,1435.0,9.75609756097561
3606840,181.0,1565.0,11.565495207667732
3606870,2464.0,7579.0,32.51088534107402
3606900,831.0,3854.0,21.56201349247535
3606990,175.0,3789.0,4.618632884666138
3607020,269.0,2909.0,9.247163973874184
3607050,53.0,379.0,13.984168865435356
3607080,34.0,545.0,6.238532110091743
3607110,233.0,1063.0,21.91909689557855
3607170,39.0,447.0,8.724832214765101
3607230,418.0,2182.0,19.156736938588452
3607260,211.0,1542.0,13.683527885862517
3607290,211.0,1701.0,12.404467960023515
3607320,161.0,1776.0,9.065315315315315
3607380,152.0,1047.0,14.51766953199618
3607440,68.0,186.0,36.55913978494624
3607470,291.0,1971.0,14.76407914764079
3607530,338.0,3858.0,8.761016070502851
3607560,101.0,542.0,18.634686346863468
3607590,408.0,4357.0,9.364241450539362
3607650,116.0,906.0,12.803532008830022
3607680,154.0,1262.0,12.202852614896988
3607710,60.0,317.0,18.92744479495268
3607770,145.0,1286.0,11.275272161741835
3607860,166.0,821.0,20.219244823386116
3607890,32.0,445.0,7.191011235955057
3607980,525.0,2092.0,25.095602294455066
3608010,140.0,1749.0,8.00457404230989
3608100,33.0,347.0,9.510086455331413
3608130,362.0,6138.0,5.897686542847834
3608160,550.0,5810.0,9.46643717728055
3608250,239.0,854.0,27.985948477751755
3608280,39.0,496.0,7.862903225806452
3608310,709.0,4959.0,14.29723734623916
3608340,104.0,927.0,11.21898597626753
3608370,210.0,1171.0,17.933390264731
3608400,864.0,4837.0,17.862311350010337
3608430,378.0,3151.0,11.996191685179308
3608460,510.0,2358.0,21.62849872773537
3608470,157.0,244.0,64.34426229508196
3608490,256.0,1328.0,19.27710843373494
3608580,68.0,1608.0,4.228855721393035
3608610,57.0,284.0,20.070422535211268
3608790,287.0,1515.0,18.943894389438945
3608850,46.0,343.0,13.411078717201166
3608880,678.0,4126.0,16.43238002908386
3608910,96.0,752.0,12.76595744680851
3608970,414.0,2441.0,16.96026218762802
3609030,286.0,1804.0,15.853658536585366
3609060,108.0,507.0,21.301775147928996
3609090,321.0,2812.0,11.415362731152205
3609120,122.0,1472.0,8.28804347826087
3609210,298.0,1338.0,22.27204783258595
3609240,31.0,226.0,13.716814159292035
3609330,182.0,1439.0,12.647671994440584
3609360,81.0,690.0,11.73913043478261
3609390,132.0,695.0,18.992805755395683
3609420,509.0,2073.0,24.553786782440906
3609540,109.0,1798.0,6.0622914349276975
3609630,473.0,4028.0,11.742800397219463
3609660,269.0,1820.0,14.780219780219781
3609690,513.0,3092.0,16.591203104786544
3609720,479.0,3740.0,12.807486631016044
3609840,799.0,7092.0,11.266215454032713
3609870,45.0,735.0,6.122448979591836
3609900,50.0,392.0,12.755102040816327
3609930,179.0,1057.0,16.93472090823084
3609960,88.0,1177.0,7.476635514018691
3609990,537.0,3429.0,15.660542432195976
3610050,96.0,1705.0,5.6304985337243405
3610080,226.0,3257.0,6.938900828983726
3610140,119.0,167.0,71.25748502994011
3610170,154.0,1375.0,11.200000000000001
3610200,77.0,2019.0,3.8137691926696387
3610230,19.0,85.0,22.35294117647059
3610260,39.0,403.0,9.67741935483871
3610380,44.0,409.0,10.757946210268948
3610410,136.0,555.0,24.504504504504503
3610440,67.0,247.0,27.125506072874494
3610500,558.0,1573.0,35.47361729179911
3610530,64.0,643.0,9.953343701399689
3610560,1931.0,6023.0,32.06043499916985
3610590,182.0,1188.0,15.31986531986532
3610620,501.0,3713.0,13.493132238082413
3610650,117.0,1010.0,11.584158415841586
3610680,205.0,2193.0,9.347925216598266
3610710,961.0,3787.0,25.37628729865329
3610860,44.0,617.0,7.13128038897893
3610890,474.0,5860.0,8.088737201365188
3610920,170.0,1179.0,14.41899915182358
3610950,444.0,1386.0,32.03463203463203
3610980,764.0,5608.0,13.623395149786019
3611070,67.0,679.0,9.867452135493373
3611100,9.0,70.0,12.857142857142856
3611160,107.0,1545.0,6.925566343042071
3611190,207.0,1358.0,15.243004418262151
3611250,71.0,455.0,15.604395604395604
3611280,74.0,480.0,15.416666666666668
3611310,110.0,512.0,21.484375
3611370,164.0,812.0,20.19704433497537
3611400,193.0,962.0,20.062370062370064
3611430,44.0,268.0,16.417910447761194
3611460,241.0,2032.0,11.86023622047244
3611490,120.0,699.0,17.167381974248926
3611520,171.0,1550.0,11.032258064516128
3611550,1479.0,6803.0,21.740408643245626
3611610,79.0,806.0,9.801488833746898
3611640,39.0,337.0,11.572700296735905
3611670,459.0,4782.0,9.598494353826851
3611700,972.0,3388.0,28.689492325855966
3611730,134.0,812.0,16.502463054187192
3611740,67.0,958.0,6.993736951983298
3611760,213.0,3881.0,5.488276217469725
3611860,28.0,212.0,13.20754716981132
3611880,535.0,4019.0,13.311769096790247
3611910,210.0,1458.0,14.40329218106996
3611940,119.0,853.0,13.95076201641266
3611970,514.0,2182.0,23.556370302474793
3612030,68.0,553.0,12.296564195298371
3612120,31.0,332.0,9.33734939759036
3612180,762.0,3187.0,23.90963288358958
3612240,358.0,2033.0,17.609444171175603
3612270,1134.0,2676.0,42.37668161434978
3612300,125.0,1255.0,9.9601593625498
3612330,334.0,2879.0,11.601250434178533
3612360,334.0,1612.0,20.719602977667495
3612390,190.0,1166.0,16.295025728987994
3612400,256.0,453.0,56.5121412803532
3612450,197.0,1066.0,18.48030018761726
3612510,419.0,6381.0,6.566368907694718
3612630,2064.0,10760.0,19.182156133828997
3612660,63.0,297.0,21.21212121212121
3612720,178.0,1118.0,15.92128801431127
3612750,114.0,939.0,12.140575079872203
3612840,93.0,684.0,13.596491228070176
3612870,256.0,1185.0,21.60337552742616
3612900,147.0,983.0,14.954221770091555
3612960,71.0,496.0,14.31451612903226
3612990,138.0,1715.0,8.0466472303207
3613020,123.0,857.0,14.352392065344224
3613080,449.0,4828.0,9.299917149958576
3613110,170.0,698.0,24.355300859598856
3613230,75.0,846.0,8.865248226950355
3613290,897.0,8189.0,10.953718402735376
3613350,275.0,3553.0,7.739938080495357
3613380,70.0,574.0,12.195121951219512
3613440,43.0,276.0,15.579710144927535
3613470,51.0,464.0,10.991379310344827
3613530,166.0,2101.0,7.900999524036173
3613560,67.0,326.0,20.552147239263803
3613590,433.0,1421.0,30.47149894440535
3613620,211.0,3103.0,6.799871092491137
3613710,188.0,750.0,25.066666666666666
3613740,171.0,3577.0,4.780542353927872
3613770,81.0,428.0,18.925233644859812
3613830,63.0,437.0,14.416475972540047
3613950,84.0,1626.0,5.166051660516605
3613980,280.0,3466.0,8.078476630121177
3614010,988.0,7896.0,12.512664640324214
3614130,3191.0,7672.0,41.59280500521376
3614190,206.0,2320.0,8.879310344827585
3614220,262.0,1087.0,24.103035878564857
3614250,50.0,407.0,12.285012285012286
3614280,138.0,3965.0,3.480453972257251
3614310,84.0,586.0,14.334470989761092
3614340,874.0,5351.0,16.33339562698561
3614400,292.0,1726.0,16.917728852838934
3614430,209.0,1050.0,19.904761904761905
3614460,4.0,1436.0,0.2785515320334262
3614490,45.0,404.0,11.138613861386139
3614550,96.0,983.0,9.766022380467955
3614580,217.0,1388.0,15.63400576368876
3614610,164.0,1000.0,16.400000000000002
3614640,195.0,1874.0,10.40554962646745
3614670,73.0,584.0,12.5
3614700,131.0,2160.0,6.064814814814815
3614730,114.0,922.0,12.364425162689804
3614760,175.0,1158.0,15.112262521588946
3614820,265.0,1627.0,16.28764597418562
3614850,535.0,4139.0,12.925827494563904
3614880,59.0,449.0,13.140311804008908
3614940,358.0,1754.0,20.410490307867732
3614970,556.0,2367.0,23.489649345162654
3615030,45.0,182.0,24.725274725274726
3615060,79.0,377.0,20.954907161803714
3615090,934.0,4512.0,20.70035460992908
3615180,834.0,3467.0,24.05537929045284
3615210,182.0,1734.0,10.4959630911188
3615270,19.0,113.0,16.8141592920354
3615300,764.0,3761.0,20.31374634405743
3615330,2.0,20.0,10.0
3615360,165.0,2197.0,7.510241238051889
3615390,410.0,3579.0,11.455713886560492
3615450,115.0,1744.0,6.594036697247706
3615480,71.0,757.0,9.379128137384413
3615510,152.0,2207.0,6.887177163570457
3615540,402.0,2813.0,14.29079274795592
3615570,894.0,5330.0,16.77298311444653
3615630,1813.0,4807.0,37.715831079675475
3615720,37.0,244.0,15.163934426229508
3615780,706.0,4072.0,17.337917485265226
3615810,221.0,3037.0,7.276918011195259
3615870,51.0,340.0,15.0
3615900,662.0,2438.0,27.15340442986054
3615980,460.0,1809.0,25.42841348811498
3615990,301.0,1333.0,22.58064516129032
3616080,138.0,2689.0,5.132019338043882
3616140,21.0,175.0,12.0
3616170,179.0,1252.0,14.297124600638977
3616200,74.0,682.0,10.850439882697946
3616230,835.0,6591.0,12.668790775299652
3616260,229.0,3156.0,7.256020278833968
3616290,1862.0,6275.0,29.673306772908365
3616380,101.0,571.0,17.68826619964974
3616410,175.0,862.0,20.301624129930396
3616440,755.0,1986.0,38.01611278952669
3616470,74.0,774.0,9.560723514211885
3616500,108.0,645.0,16.74418604651163
3616530,17.0,88.0,19.318181818181817
3616560,456.0,2304.0,19.791666666666664
3616620,342.0,5662.0,6.0402684563758395
3616680,324.0,5643.0,5.741626794258373
3616710,120.0,1190.0,10.084033613445378
3616740,936.0,2486.0,37.650844730490746
3616800,32.0,304.0,10.526315789473683
3616830,713.0,2546.0,28.00471327572663
3616950,153.0,1305.0,11.724137931034482
3616960,55.0,518.0,10.617760617760617
3616980,209.0,1201.0,17.402164862614487
3617130,88.0,934.0,9.421841541755889
3617160,428.0,7006.0,6.109049386240365
3617190,192.0,1970.0,9.746192893401014
3617220,612.0,1687.0,36.27741553052756
3617380,624.0,5691.0,10.964681075382183
3617400,43.0,110.0,39.09090909090909
3617430,53.0,606.0,8.745874587458747
3617460,192.0,1107.0,17.344173441734416
3617520,1119.0,7024.0,15.931093394077447
3617580,99.0,465.0,21.29032258064516
3617640,196.0,1501.0,13.057961359093936
3617670,922.0,4339.0,21.249135745563493
3617700,258.0,1653.0,15.60798548094374
3617730,662.0,3830.0,17.284595300261095
3617760,17.0,71.0,23.943661971830984
3617820,145.0,1353.0,10.716925351071692
3617880,16.0,350.0,4.571428571428571
3617910,183.0,2804.0,6.526390870185448
3617940,94.0,447.0,21.02908277404922
3617970,84.0,628.0,13.375796178343949
3618030,176.0,910.0,19.340659340659343
3618080,100.0,473.0,21.141649048625794
3618090,91.0,697.0,13.055954088952653
3618120,312.0,4137.0,7.541696881798404
3618150,362.0,2516.0,14.3879173290938
3618180,374.0,2359.0,15.854175498092413
3618210,250.0,2173.0,11.50483202945237
3618240,395.0,5589.0,7.067453927357309
3618270,155.0,3276.0,4.7313797313797314
3618330,301.0,4224.0,7.12594696969697
3618450,89.0,708.0,12.570621468926554
3618480,163.0,1595.0,10.219435736677115
3618510,58.0,365.0,15.890410958904111
3618540,118.0,790.0,14.936708860759493
3618570,382.0,1873.0,20.395088093966898
3618600,449.0,2260.0,19.86725663716814
3618630,742.0,6890.0,10.76923076923077
3618660,493.0,2625.0,18.78095238095238
3618690,2343.0,8708.0,26.906293063849336
3618750,113.0,939.0,12.034078807241746
3618840,98.0,552.0,17.753623188405797
3618900,255.0,1481.0,17.21809588116138
3618960,228.0,1531.0,14.892227302416721
3618990,54.0,263.0,20.53231939163498
3619020,538.0,5348.0,10.05983545250561
3619110,93.0,1487.0,6.254203093476798
3619170,431.0,2072.0,20.801158301158303
3619200,895.0,9428.0,9.492999575731863
3619230,1855.0,9144.0,20.28652668416448
3619260,95.0,739.0,12.855209742895804
3619320,1751.0,7242.0,24.178403755868544
3619350,55.0,371.0,14.824797843665769
3619380,118.0,915.0,12.896174863387976
3619410,239.0,2611.0,9.153581003446956
3619500,278.0,2859.0,9.723679608254635
3619530,25.0,97.0,25.773195876288657
3619560,618.0,3639.0,16.982687551525146
3619650,642.0,6735.0,9.53229398663697
3619680,709.0,4190.0,16.92124105011933
3619710,89.0,312.0,28.525641025641026
3619740,1004.0,2883.0,34.82483524106833
3619800,142.0,974.0,14.579055441478438
3619830,181.0,768.0,23.567708333333336
3619860,54.0,343.0,15.743440233236154
3619890,54.0,320.0,16.875
3619920,121.0,611.0,19.803600654664486
3619950,360.0,4044.0,8.902077151335313
3620010,146.0,601.0,24.292845257903494
3620040,245.0,2266.0,10.812003530450133
3620100,2211.0,7999.0,27.640955119389925
3620160,188.0,1991.0,9.442491210447011
3620170,117.0,117.0,100.0
3620190,196.0,2182.0,8.982584784601283
3620220,90.0,757.0,11.889035667107
3620340,1031.0,7996.0,12.893946973486745
3620370,194.0,2479.0,7.825736183945139
3620400,168.0,1714.0,9.801633605600934
3620430,96.0,429.0,22.377622377622377
3620460,382.0,2171.0,17.59557807461999
3620490,1910.0,10395.0,18.374218374218373
3620610,74.0,540.0,13.703703703703704
3620640,432.0,2145.0,20.13986013986014
3620670,168.0,1159.0,14.49525452976704
3620700,2489.0,11141.0,22.34090297100799
3620730,13.0,83.0,15.66265060240964
3620760,204.0,1507.0,13.536828135368282
3620790,121.0,784.0,15.433673469387754
3620820,3969.0,7017.0,56.56263360410432
3620850,530.0,3516.0,15.073947667804324
3620880,319.0,4304.0,7.41171003717472
3620910,789.0,4564.0,17.2874671340929
3620940,157.0,2100.0,7.476190476190476
3620970,95.0,604.0,15.728476821192054
3621000,469.0,5686.0,8.24832922968695
3621120,66.0,1196.0,5.518394648829431
3621180,71.0,1081.0,6.567992599444958
3621210,1506.0,8797.0,17.11947254745936
3621240,590.0,3353.0,17.59618252311363
3621250,208.0,1361.0,15.282880235121235
3621260,104.0,833.0,12.48499399759904
3621270,440.0,5338.0,8.242787560884226
3621300,93.0,482.0,19.294605809128633
3621330,318.0,1833.0,17.348608837970538
3621360,178.0,1022.0,17.416829745596868
3621450,96.0,674.0,14.243323442136498
3621480,389.0,2963.0,13.128585892676343
3621510,119.0,863.0,13.789107763615297
3621540,2.0,29.0,6.896551724137931
3621570,438.0,5586.0,7.841031149301826
3621630,126.0,782.0,16.11253196930946
3621660,344.0,1703.0,20.19964768056371
3621720,332.0,2072.0,16.023166023166024
3621780,311.0,1724.0,18.039443155452435
3621810,147.0,865.0,16.99421965317919
3621840,221.0,1256.0,17.595541401273884
3621900,351.0,4703.0,7.463321284286625
3621930,12.0,87.0,13.793103448275861
3621960,79.0,614.0,12.866449511400651
3622020,374.0,5052.0,7.403008709422012
3622050,990.0,3649.0,27.130720745409704
3622100,23.0,371.0,6.199460916442049
3622140,161.0,702.0,22.934472934472936
3622200,34.0,181.0,18.784530386740332
3622260,111.0,761.0,14.586070959264127
3622290,202.0,1567.0,12.890874282067646
3622380,248.0,1865.0,13.297587131367292
3622410,72.0,472.0,15.254237288135593
3622440,67.0,432.0,15.50925925925926
3622470,1291.0,7576.0,17.040654699049632
3622500,61.0,713.0,8.55539971949509
3622530,170.0,1152.0,14.756944444444445
3622560,123.0,2437.0,5.047189167008617
3622650,349.0,3455.0,10.101302460202605
3622680,144.0,2907.0,4.953560371517028
3622710,294.0,4522.0,6.5015479876160995
3622740,205.0,1349.0,15.196441808747222
3622770,98.0,801.0,12.234706616729088
3622830,339.0,1978.0,17.138523761375126
3622890,208.0,1511.0,13.765718067504965
3622920,440.0,1762.0,24.971623155505107
3623010,964.0,5095.0,18.920510304219825
3623040,162.0,927.0,17.475728155339805
3623070,184.0,527.0,34.9146110056926
3623160,330.0,5638.0,5.853139411138701
3623190,317.0,2981.0,10.634015431063402
3623220,176.0,4940.0,3.562753036437247
3623280,419.0,1847.0,22.685435841905793
3623310,110.0,1696.0,6.485849056603773
3623340,42.0,320.0,13.125
3623370,87.0,550.0,15.818181818181817
3623430,204.0,886.0,23.024830699774267
3623460,691.0,4622.0,14.950237992211163
3623490,66.0,1115.0,5.9192825112107625
3623520,732.0,2519.0,29.059150456530368
3623580,420.0,5470.0,7.678244972577697
3623640,121.0,1015.0,11.921182266009852
3623670,183.0,1482.0,12.348178137651821
3623760,1770.0,4264.0,41.510318949343336
3623790,39.0,364.0,10.714285714285714
3623880,213.0,1064.0,20.018796992481203
3623970,5.0,21.0,23.809523809523807
3624000,92.0,1613.0,5.7036577805331685
3624030,401.0,3273.0,12.251756798044608
3624060,11.0,105.0,10.476190476190476
3624090,160.0,946.0,16.913319238900634
3624150,344.0,1860.0,18.494623655913976
3624210,129.0,913.0,14.129244249726177
3624240,208.0,1911.0,10.884353741496598
3624270,118.0,827.0,14.268440145102781
3624360,62.0,412.0,15.048543689320388
3624420,8.0,155.0,5.161290322580645
3624450,295.0,1166.0,25.300171526586624
3624480,150.0,1031.0,14.54898157129001
3624570,58.0,439.0,13.211845102505695
3624630,57.0,1563.0,3.6468330134357005
3624660,54.0,165.0,32.72727272727273
3624690,1238.0,5482.0,22.582998905508937
3624750,13429.0,27330.0,49.136480058543725
3624780,358.0,3583.0,9.99162712810494
3624840,407.0,3050.0,13.344262295081968
3624900,1607.0,5595.0,28.722073279714028
3624930,62.0,428.0,14.485981308411214
3624960,493.0,1938.0,25.438596491228072
3624990,1097.0,3423.0,32.04791118901548
3625020,64.0,235.0,27.23404255319149
3625050,278.0,3145.0,8.839427662957075
3625110,52.0,282.0,18.439716312056735
3625140,147.0,1287.0,11.421911421911423
3625170,629.0,5212.0,12.068303914044511
3625260,216.0,3349.0,6.449686473574201
3625290,52.0,1603.0,3.2439176543980035
3625320,96.0,806.0,11.910669975186105
3625350,1259.0,13010.0,9.677171406610299
3625380,89.0,986.0,9.026369168356998
3625410,1.0,9.0,11.11111111111111
3625440,275.0,1187.0,23.16764953664701
3625470,114.0,574.0,19.860627177700348
3625500,481.0,1536.0,31.315104166666668
3625650,143.0,821.0,17.417783191230207
3625740,176.0,1188.0,14.814814814814813
3625770,912.0,6371.0,14.314864228535551
3625800,332.0,2525.0,13.14851485148515
3625920,232.0,2947.0,7.872412623006447
3625950,336.0,4768.0,7.046979865771812
3625980,215.0,1785.0,12.044817927170868
3626010,3470.0,9398.0,36.92274952117472
3626070,45.0,863.0,5.214368482039398
3626100,147.0,946.0,15.53911205073996
3626130,19.0,251.0,7.569721115537849
3626160,239.0,1597.0,14.96556042579837
3626190,14.0,353.0,3.9660056657223794
3626310,369.0,2504.0,14.736421725239618
3626370,309.0,2630.0,11.749049429657795
3626400,111.0,2232.0,4.973118279569892
3626430,216.0,1279.0,16.888193901485536
3626520,599.0,8237.0,7.272065072235037
3626580,29.0,247.0,11.740890688259109
3626640,28.0,220.0,12.727272727272727
3626670,734.0,9818.0,7.476064371562437
3626700,268.0,1335.0,20.074906367041198
3626730,135.0,413.0,32.68765133171913
3626760,280.0,1916.0,14.613778705636744
3626840,149.0,2174.0,6.853725850965961
3626850,127.0,1095.0,11.598173515981735
3626880,233.0,1048.0,22.232824427480917
3626940,121.0,1369.0,8.838568298027758
3627000,243.0,1323.0,18.367346938775512
3627060,1158.0,8874.0,13.049357674104126
3627120,213.0,1065.0,20.0
3627150,391.0,1471.0,26.580557443915705
3627180,158.0,3009.0,5.250913924891991
3627210,696.0,4837.0,14.389084143063883
3627240,432.0,3078.0,14.035087719298245
3627300,882.0,5926.0,14.883563955450557
3627330,40.0,373.0,10.723860589812332
3627360,182.0,1045.0,17.416267942583733
3627450,220.0,2994.0,7.348029392117568
3627540,110.0,998.0,11.022044088176353
3627570,96.0,674.0,14.243323442136498
3627620,124.0,764.0,16.230366492146597
3627660,159.0,1342.0,11.847988077496275
3627750,178.0,955.0,18.638743455497384
3627780,348.0,3640.0,9.56043956043956
3627810,1865.0,9052.0,20.60318161732214
3627900,37.0,794.0,4.659949622166247
3627960,176.0,1080.0,16.296296296296298
3627980,389.0,434.0,89.63133640552995
3627990,42.0,275.0,15.272727272727273
3628020,32.0,262.0,12.213740458015266
3628050,189.0,2783.0,6.791232482932087
3628110,192.0,1143.0,16.79790026246719
3628140,76.0,415.0,18.313253012048193
3628200,277.0,6132.0,4.517286366601435
3628320,742.0,4279.0,17.34050011684973
3628380,254.0,1597.0,15.904821540388228
3628500,630.0,3190.0,19.74921630094044
3628560,267.0,6466.0,4.129291679554593
3628590,8827.0,20914.0,42.20617768002295
3628620,402.0,1406.0,28.591749644381224
3628650,400.0,2701.0,14.80932987782303
3628680,238.0,797.0,29.86198243412798
3628710,145.0,967.0,14.99482936918304
3628740,310.0,1742.0,17.795637198622273
3628800,27.0,242.0,11.15702479338843
3628890,311.0,1076.0,28.903345724907066
3628950,1696.0,4002.0,42.37881059470265
3628980,177.0,1080.0,16.38888888888889
3629040,116.0,1170.0,9.914529914529915
3629070,37.0,343.0,10.787172011661808
3629130,102.0,829.0,12.30398069963812
3629160,60.0,755.0,7.9470198675496695
3629190,26.0,235.0,11.063829787234042
3629240,143.0,822.0,17.39659367396594
3629250,108.0,843.0,12.811387900355871
3629280,1701.0,6936.0,24.524221453287197
3629370,3369.0,10008.0,33.66306954436451
3629400,77.0,1437.0,5.358385525400139
3629430,247.0,2033.0,12.149532710280374
3629460,136.0,1082.0,12.56931608133087
3629490,163.0,1509.0,10.801855533465872
3629520,213.0,4495.0,4.738598442714126
3629610,417.0,3315.0,12.57918552036199
3629640,368.0,4447.0,8.2752417360018
3629670,62.0,1165.0,5.3218884120171674
3629760,2.0,24.0,8.333333333333332
3629790,611.0,2898.0,21.083505866114564
3629820,181.0,966.0,18.73706004140787
3629850,180.0,2849.0,6.318006318006318
3629880,1866.0,10825.0,17.2378752886836
3629910,98.0,743.0,13.189771197846568
3629940,90.0,878.0,10.250569476082005
3629970,456.0,3497.0,13.039748355733485
3630030,695.0,3981.0,17.45792514443607
3630060,144.0,818.0,17.6039119804401
3630120,1106.0,4014.0,27.553562531141008
3630160,112.0,736.0,15.217391304347828
3630210,298.0,1331.0,22.389181066867017
3630240,167.0,1143.0,14.610673665791776
3630270,388.0,1565.0,24.792332268370608
3630330,237.0,2197.0,10.787437414656349
3630360,682.0,8406.0,8.113252438734238
3630390,187.0,699.0,26.75250357653791
3630420,77.0,847.0,9.090909090909092
3630450,38.0,152.0,25.0
3630480,148.0,1251.0,11.830535571542766
3630540,431.0,3843.0,11.2151964610981
3630600,98.0,713.0,13.744740532959327
3630630,568.0,4546.0,12.49450065992081
3630660,281.0,1887.0,14.89136195018548
3630690,218.0,4208.0,5.180608365019011
3630780,1190.0,6538.0,18.201284796573873
3630900,18.0,215.0,8.372093023255815
3630930,171.0,1076.0,15.892193308550187
3630960,867.0,5293.0,16.38012469299074
3630990,158.0,687.0,22.99854439592431
3631020,139.0,1779.0,7.813378302417089
3631050,112.0,883.0,12.684031710079275
3631080,32.0,227.0,14.096916299559473
3631170,83.0,676.0,12.278106508875739
3631200,19.0,121.0,15.702479338842975
3631260,1124.0,7096.0,15.839909808342728
3631290,168.0,730.0,23.013698630136986
3631320,382.0,3145.0,12.146263910969793
3631350,7.0,201.0,3.482587064676617
3631380,268.0,1392.0,19.25287356321839
3631440,148.0,1098.0,13.479052823315119
3631470,591.0,9962.0,5.932543665930536
3631500,32.0,273.0,11.72161172161172
3631560,184.0,1126.0,16.341030195381883
3631590,39.0,298.0,13.087248322147651
3631710,290.0,3023.0,9.59311941779689
3631740,111.0,346.0,32.080924855491325
3631800,1011.0,2793.0,36.19763694951665
3631830,25.0,382.0,6.544502617801047
3631860,8.0,114.0,7.017543859649122
3631920,6236.0,26465.0,23.563196674853582
3631950,68.0,746.0,9.115281501340483
3631980,224.0,3442.0,6.5078442765833815
3632010,136.0,811.0,16.769420468557335
3700011,9229.0,50780.0,18.174478141000392
3700012,3121.0,23986.0,13.011756858167264
3700017,6.0,176.0,3.4090909090909087
3700020,35.0,556.0,6.294964028776978
3700021,47.0,188.0,25.0
3700022,60.0,649.0,9.244992295839753
3700023,124.0,365.0,33.97260273972603
3700025,143.0,544.0,26.286764705882355
3700027,67.0,421.0,15.914489311163896
3700029,31.0,241.0,12.863070539419086
3700030,4555.0,23092.0,19.725446041919277
3700031,48.0,189.0,25.396825396825395
3700033,23.0,341.0,6.744868035190615
3700034,115.0,1235.0,9.31174089068826
3700035,45.0,530.0,8.49056603773585
3700038,106.0,567.0,18.69488536155203
3700040,10.0,116.0,8.620689655172415
3700043,25.0,420.0,5.952380952380952
3700045,8.0,407.0,1.9656019656019657
3700046,38.0,723.0,5.255878284923928
3700049,139.0,999.0,13.913913913913914
3700050,34.0,795.0,4.276729559748428
3700052,24.0,206.0,11.650485436893204
3700053,36.0,513.0,7.017543859649122
3700054,60.0,254.0,23.62204724409449
3700055,18.0,566.0,3.180212014134275
3700062,90.0,2054.0,4.381694255111976
3700064,88.0,1905.0,4.619422572178477
3700068,51.0,381.0,13.385826771653544
3700069,89.0,1628.0,5.466830466830467
3700070,77.0,1172.0,6.5699658703071675
3700074,82.0,273.0,30.036630036630036
3700077,6.0,118.0,5.084745762711865
3700078,20.0,441.0,4.535147392290249
3700081,55.0,703.0,7.823613086770982
3700083,82.0,718.0,11.420612813370473
3700084,40.0,754.0,5.305039787798409
3700085,6.0,199.0,3.015075376884422
3700086,44.0,548.0,8.02919708029197
3700089,209.0,1594.0,13.111668757841906
3700090,474.0,5014.0,9.453530115676106
3700091,49.0,504.0,9.722222222222223
3700093,63.0,1291.0,4.8799380325329205
3700096,26.0,729.0,3.5665294924554183
3700097,86.0,565.0,15.221238938053098
3700098,160.0,525.0,30.476190476190478
3700101,49.0,407.0,12.039312039312039
3700102,68.0,934.0,7.28051391862955
3700103,234.0,837.0,27.956989247311824
3700105,156.0,950.0,16.42105263157895
3700106,1.0,93.0,1.0752688172043012
3700107,44.0,374.0,11.76470588235294
3700108,32.0,407.0,7.862407862407863
3700109,11.0,400.0,2.75
3700110,51.0,361.0,14.127423822714682
3700111,26.0,839.0,3.098927294398093
3700112,122.0,1702.0,7.1680376028202115
3700113,148.0,585.0,25.299145299145298
3700114,5.0,605.0,0.8264462809917356
3700115,31.0,136.0,22.794117647058822
3700116,52.0,650.0,8.0
3700117,36.0,399.0,9.022556390977442
3700118,28.0,281.0,9.9644128113879
3700119,3.0,219.0,1.36986301369863
3700120,208.0,1440.0,14.444444444444443
3700121,26.0,253.0,10.276679841897234
3700123,136.0,1231.0,11.047928513403736
3700124,29.0,121.0,23.96694214876033
3700126,49.0,518.0,9.45945945945946
3700127,154.0,1271.0,12.116443745082613
3700128,15.0,829.0,1.8094089264173705
3700129,42.0,180.0,23.333333333333332
3700130,51.0,597.0,8.542713567839195
3700131,26.0,508.0,5.118110236220472
3700132,20.0,316.0,6.329113924050633
3700133,84.0,921.0,9.120521172638437
3700135,59.0,1365.0,4.322344322344322
3700137,28.0,686.0,4.081632653061225
3700138,24.0,174.0,13.793103448275861
3700139,75.0,1347.0,5.56792873051225
3700140,89.0,765.0,11.633986928104575
3700142,138.0,712.0,19.382022471910112
3700143,53.0,369.0,14.363143631436316
3700144,70.0,930.0,7.526881720430108
3700145,63.0,1859.0,3.388918773534158
3700175,29.0,713.0,4.067321178120617
3700180,918.0,3347.0,27.427547057066032
3700210,293.0,3050.0,9.60655737704918
3700240,418.0,4608.0,9.071180555555555
3700270,676.0,4605.0,14.679695982627578
3700300,351.0,2075.0,16.91566265060241
3700314,11.0,511.0,2.152641878669276
3700315,141.0,1232.0,11.444805194805195
3700316,30.0,205.0,14.634146341463413
3700317,155.0,1409.0,11.00070972320795
3700318,80.0,464.0,17.24137931034483
3700319,90.0,991.0,9.081735620585267
3700320,38.0,189.0,20.105820105820104
3700321,16.0,231.0,6.926406926406926
3700322,50.0,406.0,12.31527093596059
3700323,138.0,902.0,15.299334811529933
3700324,65.0,866.0,7.505773672055427
3700325,69.0,610.0,11.311475409836065
3700327,55.0,822.0,6.690997566909976
3700328,98.0,1074.0,9.124767225325884
3700329,3.0,35.0,8.571428571428571
3700330,1149.0,6770.0,16.971935007385525
3700331,131.0,1608.0,8.14676616915423
3700332,2.0,204.0,0.9803921568627451
3700333,79.0,508.0,15.551181102362206
3700334,69.0,1006.0,6.858846918489066
3700336,64.0,954.0,6.708595387840671
3700337,48.0,330.0,14.545454545454545
3700338,19.0,387.0,4.909560723514212
3700339,39.0,202.0,19.306930693069308
3700340,26.0,178.0,14.606741573033707
3700341,25.0,208.0,12.01923076923077
3700343,28.0,752.0,3.723404255319149
3700344,92.0,757.0,12.15323645970938
3700346,11.0,215.0,5.116279069767442
3700347,117.0,953.0,12.277019937040922
3700348,14.0,175.0,8.0
3700349,18.0,100.0,18.0
3700350,37.0,121.0,30.57851239669421
3700351,38.0,174.0,21.839080459770116
3700352,98.0,288.0,34.02777777777778
3700353,31.0,731.0,4.240766073871409
3700354,12.0,334.0,3.592814371257485
3700356,81.0,1134.0,7.142857142857142
3700357,69.0,271.0,25.461254612546124
3700358,82.0,887.0,9.244644870349493
3700359,59.0,278.0,21.223021582733814
3700360,405.0,2301.0,17.60104302477184
3700361,70.0,477.0,14.675052410901468
3700362,38.0,667.0,5.697151424287856
3700363,46.0,271.0,16.974169741697416
3700364,37.0,758.0,4.881266490765172
3700365,50.0,183.0,27.322404371584703
3700367,17.0,210.0,8.095238095238095
3700369,82.0,862.0,9.51276102088167
3700370,86.0,447.0,19.23937360178971
3700371,19.0,127.0,14.960629921259844
3700372,27.0,422.0,6.398104265402843
3700375,118.0,411.0,28.710462287104622
3700377,59.0,556.0,10.611510791366907
3700378,45.0,338.0,13.313609467455622
3700379,46.0,689.0,6.676342525399129
3700381,18.0,245.0,7.346938775510205
3700384,25.0,483.0,5.175983436853002
3700385,65.0,259.0,25.096525096525095
3700387,17.0,262.0,6.488549618320611
3700388,91.0,408.0,22.30392156862745
3700389,61.0,396.0,15.404040404040403
3700390,669.0,4490.0,14.89977728285078
3700391,40.0,535.0,7.476635514018691
3700392,58.0,510.0,11.372549019607844
3700393,25.0,177.0,14.124293785310735
3700394,35.0,346.0,10.115606936416185
3700395,68.0,258.0,26.356589147286826
3700396,60.0,596.0,10.06711409395973
3700397,78.0,318.0,24.528301886792452
3700399,56.0,515.0,10.87378640776699
3700400,109.0,510.0,21.372549019607842
3700401,91.0,822.0,11.070559610705596
3700403,7.0,419.0,1.6706443914081146
3700404,31.0,224.0,13.839285714285715
3700405,75.0,679.0,11.045655375552283
3700407,30.0,200.0,15.0
3700408,84.0,588.0,14.285714285714285
3700409,3.0,106.0,2.8301886792452833
3700410,40.0,645.0,6.2015503875969
3700411,53.0,292.0,18.15068493150685
3700412,59.0,513.0,11.500974658869396
3700416,53.0,173.0,30.63583815028902
3700417,23.0,509.0,4.518664047151278
3700419,1.0,72.0,1.3888888888888888
3700420,2302.0,12600.0,18.26984126984127
3700421,12.0,57.0,21.052631578947366
3700450,3183.0,24008.0,13.258080639786737
3700480,1289.0,12357.0,10.431334466294407
3700530,3648.0,32462.0,11.23775491343725
3700580,1922.0,11810.0,16.274343776460626
3700600,225.0,1867.0,12.05141938939475
3700630,1201.0,8362.0,14.362592681176753
3700660,558.0,2681.0,20.81312942931742
3700690,2130.0,16362.0,13.017968463513018
3700720,1203.0,11896.0,10.11264290517821
3700750,806.0,9025.0,8.930747922437673
3700780,589.0,3367.0,17.49331749331749
3700840,273.0,2026.0,13.47482724580454
3700870,181.0,1346.0,13.447251114413076
3700900,2343.0,15076.0,15.541257628018043
3700930,352.0,3091.0,11.387900355871885
3700960,1060.0,5929.0,17.878225670433462
3701080,490.0,4078.0,12.015693967631192
3701110,1012.0,5279.0,19.170297404811517
3701140,1516.0,19156.0,7.9139695134683645
3701170,692.0,6149.0,11.253862416653114
3701200,1408.0,9955.0,14.14364640883978
3701260,6150.0,33562.0,18.3242953340087
3701320,1259.0,6101.0,20.63596131781675
3701380,68.0,1189.0,5.719091673675358
3701500,11124.0,55634.0,19.9949671064457
3701530,1367.0,8236.0,16.59786304031083
3701620,5533.0,32049.0,17.26418921027177
3701680,339.0,1679.0,20.190589636688504
3701770,263.0,1205.0,21.82572614107884
3701800,1153.0,7654.0,15.064018813692186
3701830,413.0,3074.0,13.43526350032531
3701920,13002.0,73220.0,17.757443321496858
3701950,673.0,2627.0,25.618576322801673
3702010,3200.0,20675.0,15.4776299879081
3702040,709.0,7295.0,9.71898560657985
3702100,1513.0,13521.0,11.190000739590268
3702160,778.0,2932.0,26.534788540245568
3702190,791.0,4234.0,18.682097307510627
3702250,1413.0,8933.0,15.817754393820666
3702280,100.0,609.0,16.420361247947454
3702310,2641.0,20482.0,12.894248608534323
3702340,834.0,3606.0,23.128119800332776
3702370,4410.0,36339.0,12.135721951622223
3702400,251.0,1139.0,22.036874451273047
3702430,1096.0,5410.0,20.258780036968577
3702560,1167.0,10174.0,11.470414782779633
3702610,1512.0,8742.0,17.295813315030887
3702640,502.0,3167.0,15.850963056520367
3702680,1464.0,11463.0,12.771525778591991
3702760,667.0,4440.0,15.022522522522522
3702820,352.0,2280.0,15.43859649122807
3702880,535.0,3146.0,17.005721551176098
3702940,953.0,6074.0,15.689825485676653
3702970,21935.0,149688.0,14.653813264924375
3703000,185.0,1857.0,9.96230479267636
3703060,678.0,4049.0,16.744875277846383
3703090,1576.0,12748.0,12.362723564480703
3703120,626.0,6089.0,10.280834291345048
3703210,228.0,1656.0,13.768115942028986
3703270,2861.0,15328.0,18.665187891440503
3703310,2210.0,14062.0,15.716114350732472
3703330,3843.0,26324.0,14.598845160309985
3703360,477.0,3089.0,15.441890579475558
3703420,495.0,1740.0,28.448275862068968
3703450,4052.0,26657.0,15.200510184942043
3703480,959.0,7472.0,12.83458244111349
3703510,253.0,1278.0,19.796557120500783
3703540,685.0,3246.0,21.102895871842268
3703570,1765.0,9518.0,18.54381172515234
3703600,321.0,1634.0,19.645042839657282
3703630,705.0,4483.0,15.726076288199867
3703720,258.0,2246.0,11.487088156723063
3703780,2046.0,16886.0,12.116546251332466
3703870,999.0,7363.0,13.5678391959799
3703900,537.0,3011.0,17.834606443042176
3703930,5739.0,22853.0,25.112676672646916
3703990,2482.0,12245.0,20.26949775418538
3704050,3558.0,19076.0,18.65170895365905
3704080,1516.0,8277.0,18.315814908783377
3704140,1358.0,8012.0,16.949575636545184
3704200,1086.0,5691.0,19.08276225619399
3704320,1055.0,8317.0,12.684862330167126
3704380,1004.0,6009.0,16.70827092694292
3704410,1129.0,8045.0,14.03356121814792
3704440,474.0,2074.0,22.854387656702023
3704500,399.0,2371.0,16.828342471531
3704530,572.0,3436.0,16.647264260768335
3704590,78.0,630.0,12.380952380952381
3704620,3737.0,41686.0,8.96464040685122
3704650,1543.0,6195.0,24.90718321226796
3704720,18745.0,162339.0,11.546824854163201
3704740,641.0,2135.0,30.02341920374707
3704800,222.0,1496.0,14.83957219251337
3704830,499.0,4622.0,10.796192124621376
3704880,3416.0,18717.0,18.250788053641077
3704890,189.0,917.0,20.610687022900763
3704920,439.0,2305.0,19.045553145336225
3704950,1076.0,9766.0,11.017816915830432
3705020,1618.0,11609.0,13.937462313722113
3705040,611.0,5227.0,11.68930552898412
3705070,395.0,2234.0,17.68128916741271
3800006,1.0,10.0,10.0
3800014,1071.0,12653.0,8.464395795463526
3800015,3.0,8.0,37.5
3800016,8.0,67.0,11.940298507462686
3800017,7.0,271.0,2.5830258302583027
3800018,29.0,455.0,6.373626373626373
3800021,153.0,2145.0,7.1328671328671325
3800023,3.0,88.0,3.4090909090909087
3800024,7.0,204.0,3.431372549019608
3800025,40.0,781.0,5.121638924455826
3800027,42.0,284.0,14.788732394366196
3800029,19.0,82.0,23.170731707317074
3800031,53.0,568.0,9.330985915492958
3800032,66.0,725.0,9.10344827586207
3800036,12.0,292.0,4.10958904109589
3800038,372.0,3581.0,10.388159731918458
3800039,49.0,448.0,10.9375
3800040,34.0,286.0,11.888111888111888
3800041,43.0,468.0,9.18803418803419
3800042,12.0,179.0,6.70391061452514
3800043,8.0,107.0,7.476635514018691
3800044,32.0,648.0,4.938271604938271
3800045,20.0,175.0,11.428571428571429
3800046,23.0,212.0,10.849056603773585
3800047,14.0,346.0,4.046242774566474
3800048,41.0,272.0,15.073529411764705
3800049,12.0,188.0,6.382978723404255
3800050,13.0,335.0,3.880597014925373
3800052,13.0,241.0,5.394190871369295
3800053,30.0,501.0,5.9880239520958085
3800054,42.0,338.0,12.42603550295858
3800056,4.0,39.0,10.256410256410255
3800057,5.0,125.0,4.0
3800058,48.0,370.0,12.972972972972974
3800059,37.0,291.0,12.714776632302405
3800060,20.0,420.0,4.761904761904762
3800061,42.0,301.0,13.953488372093023
3800389,27.0,388.0,6.958762886597938
3800390,28.0,267.0,10.486891385767791
3800392,13.0,347.0,3.7463976945244957
3800397,9.0,184.0,4.891304347826087
3800401,33.0,441.0,7.482993197278912
3800825,5.0,33.0,15.151515151515152
3801760,29.0,275.0,10.545454545454545
3801950,9.0,103.0,8.737864077669903
3802014,1.0,51.0,1.9607843137254901
3802170,9.0,147.0,6.122448979591836
3802380,78.0,310.0,25.161290322580644
3802530,489.0,1749.0,27.958833619210978
3802840,1.0,37.0,2.7027027027027026
3803060,65.0,668.0,9.73053892215569
3803090,5.0,72.0,6.944444444444445
3803200,38.0,425.0,8.941176470588236
3803590,16.0,102.0,15.686274509803921
3804090,53.0,897.0,5.908584169453734
3804140,10.0,213.0,4.694835680751173
3804560,16.0,248.0,6.451612903225806
3805040,257.0,1674.0,15.352449223416965
3805160,45.0,397.0,11.335012594458437
3805340,12.0,223.0,5.381165919282512
3805460,156.0,528.0,29.545454545454547
3805850,9.0,206.0,4.368932038834951
3805950,7.0,56.0,12.5
3806010,62.0,293.0,21.160409556313994
3806090,16.0,293.0,5.460750853242321
3806210,26.0,261.0,9.961685823754788
3806360,15.0,121.0,12.396694214876034
3806690,12.0,93.0,12.903225806451612
3806780,1486.0,11969.0,12.415406466705656
3806910,5.0,79.0,6.329113924050633
3806930,12.0,218.0,5.5045871559633035
3807170,80.0,149.0,53.691275167785236
3807200,69.0,235.0,29.361702127659573
3807590,40.0,383.0,10.443864229765012
3807830,14.0,134.0,10.44776119402985
3807850,18.0,266.0,6.7669172932330826
3808060,171.0,895.0,19.106145251396647
3808130,1132.0,7641.0,14.814814814814813
3808460,8.0,161.0,4.968944099378882
3808610,7.0,31.0,22.58064516129032
3808710,27.0,278.0,9.712230215827338
3808890,12.0,415.0,2.891566265060241
3809000,16.0,191.0,8.37696335078534
3809130,5.0,55.0,9.090909090909092
3809180,19.0,180.0,10.555555555555555
3809410,28.0,340.0,8.235294117647058
3809570,56.0,489.0,11.451942740286299
3809710,18.0,62.0,29.03225806451613
3810180,13.0,281.0,4.6263345195729535
3810260,1.0,43.0,2.3255813953488373
3810270,106.0,503.0,21.07355864811133
3810500,7.0,137.0,5.109489051094891
3810600,16.0,160.0,10.0
3810740,15.0,268.0,5.597014925373134
3810810,22.0,392.0,5.612244897959184
3810860,34.0,416.0,8.173076923076923
3810980,9.0,118.0,7.627118644067797
3811140,24.0,188.0,12.76595744680851
3811430,31.0,592.0,5.236486486486487
3811700,9.0,128.0,7.03125
3811820,446.0,3667.0,12.16253067902918
3811850,129.0,300.0,43.0
3812000,13.0,171.0,7.602339181286549
3812020,13.0,217.0,5.990783410138248
3812030,7.0,112.0,6.25
3812120,1.0,14.0,7.142857142857142
3812350,27.0,205.0,13.170731707317074
3812430,15.0,97.0,15.463917525773196
3812540,454.0,3718.0,12.210866057019903
3812660,13.0,166.0,7.83132530120482
3812720,1.0,45.0,2.2222222222222223
3812920,24.0,177.0,13.559322033898304
3812930,14.0,224.0,6.25
3812990,55.0,266.0,20.676691729323306
3813030,872.0,7419.0,11.753605607224692
3813050,22.0,256.0,8.59375
3813200,20.0,247.0,8.097165991902834
3813230,13.0,124.0,10.483870967741936
3813400,22.0,273.0,8.058608058608058
3813440,7.0,111.0,6.306306306306306
3813510,14.0,249.0,5.622489959839357
3813660,66.0,263.0,25.09505703422053
3813710,41.0,335.0,12.238805970149254
3813760,224.0,481.0,46.56964656964657
3813920,144.0,944.0,15.254237288135593
3814290,19.0,211.0,9.004739336492891
3814340,13.0,300.0,4.333333333333334
3814500,23.0,479.0,4.801670146137787
3814520,39.0,59.0,66.10169491525424
3814730,4.0,112.0,3.571428571428571
3814940,93.0,284.0,32.74647887323944
3815150,5.0,146.0,3.4246575342465753
3816050,30.0,191.0,15.706806282722512
3816090,2.0,51.0,3.9215686274509802
3816130,34.0,615.0,5.528455284552845
3816430,19.0,190.0,10.0
3816470,2.0,31.0,6.451612903225806
3816510,46.0,95.0,48.421052631578945
3816980,91.0,193.0,47.15025906735752
3817040,20.0,474.0,4.219409282700422
3817130,27.0,345.0,7.82608695652174
3817170,60.0,155.0,38.70967741935484
3817460,35.0,384.0,9.114583333333332
3817520,14.0,57.0,24.561403508771928
3817570,105.0,690.0,15.217391304347828
3817670,5.0,78.0,6.41025641025641
3817910,23.0,409.0,5.623471882640587
3818280,5.0,524.0,0.9541984732824428
3818500,13.0,173.0,7.514450867052023
3818600,9.0,43.0,20.930232558139537
3818660,20.0,230.0,8.695652173913043
3818730,65.0,664.0,9.789156626506024
3818850,62.0,1083.0,5.724838411819022
3819020,154.0,1190.0,12.941176470588237
3819260,102.0,236.0,43.22033898305085
3819290,11.0,330.0,3.3333333333333335
3819410,728.0,10555.0,6.89720511605874
3819470,9.0,126.0,7.142857142857142
3819680,74.0,168.0,44.047619047619044
3819880,867.0,4055.0,21.381011097410603
3820130,5.0,93.0,5.376344086021505
3820190,13.0,175.0,7.428571428571429
3820230,5.0,66.0,7.575757575757576
3820310,20.0,235.0,8.51063829787234
3820340,15.0,83.0,18.072289156626507
3820400,2.0,18.0,11.11111111111111
3900017,76.0,354.0,21.468926553672315
3900019,58.0,339.0,17.10914454277286
3900022,44.0,115.0,38.26086956521739
3900023,127.0,148.0,85.8108108108108
3900025,67.0,200.0,33.5
3900027,93.0,242.0,38.429752066115704
3900029,87.0,151.0,57.615894039735096
3900031,303.0,603.0,50.24875621890548
3900032,152.0,403.0,37.71712158808933
3900033,86.0,243.0,35.390946502057616
3900036,184.0,588.0,31.292517006802722
3900038,62.0,144.0,43.05555555555556
3900040,134.0,440.0,30.454545454545457
3900042,77.0,497.0,15.492957746478872
3900043,198.0,281.0,70.46263345195729
3900047,11.0,54.0,20.37037037037037
3900056,32.0,691.0,4.630969609261939
3900057,56.0,176.0,31.818181818181817
3900065,35.0,251.0,13.94422310756972
3900068,248.0,301.0,82.39202657807309
3900071,53.0,143.0,37.06293706293706
3900072,76.0,445.0,17.078651685393258
3900073,16.0,111.0,14.414414414414415
3900080,104.0,246.0,42.27642276422765
3900081,47.0,729.0,6.447187928669409
3900083,71.0,248.0,28.62903225806452
3900094,289.0,2758.0,10.478607686729514
3900096,20.0,90.0,22.22222222222222
3900097,70.0,194.0,36.08247422680412
3900098,35.0,70.0,50.0
3900102,44.0,200.0,22.0
3900103,56.0,489.0,11.451942740286299
3900104,113.0,125.0,90.4
3900105,58.0,305.0,19.01639344262295
3900107,91.0,215.0,42.32558139534884
3900109,40.0,125.0,32.0
3900113,245.0,497.0,49.29577464788733
3900117,26.0,55.0,47.27272727272727
3900119,89.0,233.0,38.197424892703864
3900120,105.0,151.0,69.5364238410596
3900121,12.0,617.0,1.9448946515397085
3900123,109.0,387.0,28.165374677002585
3900129,169.0,765.0,22.091503267973856
3900130,226.0,565.0,40.0
3900138,80.0,355.0,22.535211267605636
3900145,81.0,133.0,60.902255639097746
3900146,107.0,127.0,84.25196850393701
3900151,119.0,652.0,18.25153374233129
3900155,5.0,135.0,3.7037037037037033
3900179,58.0,443.0,13.092550790067719
3900180,1815.0,9287.0,19.54344783030042
3900181,142.0,267.0,53.18352059925093
3900190,47.0,250.0,18.8
3900192,213.0,763.0,27.916120576671034
3900193,85.0,324.0,26.234567901234566
3900194,58.0,263.0,22.0532319391635
3900203,830.0,1068.0,77.71535580524345
3900211,27.0,188.0,14.361702127659576
3900212,95.0,275.0,34.54545454545455
3900216,219.0,627.0,34.92822966507177
3900219,47.0,229.0,20.52401746724891
3900220,20.0,140.0,14.285714285714285
3900223,147.0,400.0,36.75
3900228,59.0,61.0,96.72131147540983
3900233,260.0,349.0,74.49856733524355
3900237,295.0,356.0,82.86516853932584
3900241,71.0,109.0,65.13761467889908
3900250,1159.0,4558.0,25.427819218955683
3900252,422.0,487.0,86.652977412731
3900263,9.0,100.0,9.0
3900276,52.0,61.0,85.24590163934425
3900291,17.0,150.0,11.333333333333332
3900299,233.0,752.0,30.984042553191486
3900302,159.0,512.0,31.0546875
3900304,130.0,547.0,23.76599634369287
3900305,241.0,632.0,38.13291139240506
3900306,223.0,577.0,38.64818024263432
3900307,90.0,748.0,12.032085561497325
3900308,431.0,586.0,73.54948805460751
3900309,132.0,539.0,24.489795918367346
3900313,145.0,239.0,60.66945606694561
3900314,30.0,121.0,24.793388429752067
3900315,242.0,625.0,38.72
3900331,22.0,29.0,75.86206896551724
3900337,28.0,81.0,34.5679012345679
3900338,90.0,149.0,60.40268456375839
3900339,28.0,68.0,41.17647058823529
3900341,54.0,267.0,20.224719101123593
3900342,33.0,65.0,50.76923076923077
3900344,55.0,90.0,61.111111111111114
3900348,85.0,174.0,48.85057471264368
3900350,106.0,210.0,50.476190476190474
3900356,40.0,87.0,45.97701149425287
3900361,71.0,139.0,51.07913669064749
3900382,90.0,123.0,73.17073170731707
3900383,45.0,77.0,58.44155844155844
3900396,74.0,578.0,12.802768166089965
3900399,42.0,140.0,30.0
3900400,21.0,75.0,28.000000000000004
3900428,230.0,297.0,77.44107744107744
3900434,35.0,103.0,33.980582524271846
3900435,23.0,116.0,19.82758620689655
3900441,128.0,229.0,55.895196506550214
3900444,70.0,173.0,40.46242774566474
3900451,141.0,328.0,42.98780487804878
3900454,103.0,276.0,37.31884057971014
3900457,188.0,716.0,26.256983240223462
3900467,174.0,387.0,44.96124031007752
3900470,141.0,372.0,37.903225806451616
3900474,23.0,183.0,12.568306010928962
3900488,61.0,254.0,24.015748031496063
3900490,8.0,182.0,4.395604395604396
3900492,35.0,80.0,43.75
3900493,63.0,134.0,47.01492537313433
3900494,36.0,81.0,44.44444444444444
3900495,23.0,83.0,27.710843373493976
3900496,47.0,140.0,33.57142857142857
3900497,76.0,185.0,41.08108108108108
3900498,108.0,235.0,45.95744680851064
3900500,61.0,119.0,51.26050420168067
3900501,89.0,146.0,60.95890410958904
3900502,54.0,136.0,39.705882352941174
3900503,31.0,218.0,14.220183486238533
3900505,81.0,416.0,19.471153846153847
3900506,78.0,291.0,26.804123711340207
3900507,36.0,123.0,29.268292682926827
3900508,56.0,269.0,20.817843866171003
3900510,123.0,536.0,22.94776119402985
3900530,204.0,657.0,31.05022831050228
3900537,143.0,707.0,20.226308345120223
3900550,74.0,305.0,24.262295081967213
3900551,29.0,152.0,19.078947368421055
3900552,80.0,282.0,28.368794326241137
3900557,89.0,325.0,27.384615384615387
3900564,37.0,91.0,40.65934065934066
3900567,42.0,146.0,28.767123287671232
3900568,80.0,102.0,78.43137254901961
3900573,49.0,207.0,23.67149758454106
3900574,74.0,401.0,18.453865336658353
3900575,71.0,259.0,27.413127413127413
3900580,55.0,130.0,42.30769230769231
3900584,96.0,260.0,36.92307692307693
3900586,139.0,336.0,41.36904761904761
3900587,215.0,516.0,41.66666666666667
3900594,42.0,117.0,35.8974358974359
3900640,190.0,813.0,23.370233702337025
3900641,89.0,328.0,27.134146341463417
3900644,51.0,203.0,25.12315270935961
3900645,71.0,345.0,20.579710144927535
3900646,51.0,426.0,11.971830985915492
3901296,236.0,444.0,53.153153153153156
3901298,109.0,163.0,66.87116564417178
3901301,99.0,395.0,25.063291139240505
3901302,19.0,335.0,5.6716417910447765
3901305,85.0,236.0,36.016949152542374
3901313,39.0,122.0,31.967213114754102
3901319,123.0,257.0,47.85992217898833
3901322,96.0,501.0,19.16167664670659
3901326,111.0,412.0,26.941747572815533
3901329,81.0,103.0,78.64077669902912
3901330,277.0,1193.0,23.21877619446773
3901333,66.0,129.0,51.162790697674424
3901335,79.0,316.0,25.0
3901337,89.0,340.0,26.176470588235297
3901339,58.0,333.0,17.417417417417415
3901344,154.0,372.0,41.39784946236559
3901345,224.0,247.0,90.68825910931174
3901346,237.0,523.0,45.31548757170172
3901347,213.0,419.0,50.83532219570406
3901353,65.0,671.0,9.687034277198212
3901354,104.0,165.0,63.030303030303024
3901363,2.0,68.0,2.941176470588235
3901365,156.0,680.0,22.941176470588236
3901366,139.0,332.0,41.86746987951807
3901368,156.0,414.0,37.68115942028986
3901369,15.0,144.0,10.416666666666668
3901370,137.0,317.0,43.217665615141954
3901374,29.0,660.0,4.393939393939394
3901375,45.0,269.0,16.728624535315987
3901376,238.0,504.0,47.22222222222222
3901377,19.0,56.0,33.92857142857143
3901381,17.0,298.0,5.704697986577181
3901382,189.0,435.0,43.44827586206896
3901383,60.0,223.0,26.905829596412556
3901389,108.0,411.0,26.277372262773724
3901396,15.0,280.0,5.357142857142857
3901397,166.0,289.0,57.43944636678201
3901398,37.0,209.0,17.703349282296653
3901403,26.0,68.0,38.23529411764706
3901405,49.0,237.0,20.675105485232066
3901406,112.0,305.0,36.721311475409834
3901407,13.0,29.0,44.827586206896555
3901417,56.0,547.0,10.23765996343693
3901420,57.0,93.0,61.29032258064516
3901427,105.0,147.0,71.42857142857143
3901428,50.0,121.0,41.32231404958678
3901429,30.0,69.0,43.47826086956522
3901430,101.0,119.0,84.87394957983193
3901432,47.0,124.0,37.903225806451616
3901434,59.0,152.0,38.81578947368421
3901444,68.0,284.0,23.943661971830984
3901447,48.0,164.0,29.268292682926827
3901449,50.0,140.0,35.714285714285715
3901450,741.0,873.0,84.87972508591065
3901453,36.0,120.0,30.0
3901454,78.0,190.0,41.05263157894737
3901457,198.0,378.0,52.38095238095239
3901463,2.0,66.0,3.0303030303030303
3901465,12.0,162.0,7.4074074074074066
3901470,109.0,186.0,58.602150537634415
3901472,136.0,155.0,87.74193548387098
3901475,124.0,319.0,38.87147335423197
3901478,103.0,245.0,42.04081632653061
3901479,90.0,95.0,94.73684210526315
3901480,46.0,119.0,38.655462184873954
3901482,62.0,171.0,36.25730994152047
3901486,164.0,471.0,34.81953290870488
3901487,178.0,288.0,61.80555555555556
3901488,37.0,128.0,28.90625
3901490,134.0,943.0,14.209968186638388
3901496,89.0,105.0,84.76190476190476
3901498,120.0,258.0,46.51162790697674
3901499,153.0,240.0,63.74999999999999
3901502,63.0,116.0,54.310344827586206
3901503,87.0,168.0,51.78571428571429
3901505,135.0,437.0,30.892448512585812
3901508,156.0,921.0,16.938110749185668
3901511,58.0,155.0,37.41935483870968
3901512,38.0,260.0,14.615384615384617
3901514,113.0,213.0,53.051643192488264
3901516,112.0,229.0,48.90829694323144
3901520,13.0,66.0,19.696969696969695
3901521,72.0,245.0,29.38775510204082
3901524,221.0,388.0,56.95876288659794
3901526,192.0,284.0,67.6056338028169
3901527,136.0,259.0,52.509652509652504
3901529,98.0,273.0,35.8974358974359
3901530,32.0,35.0,91.42857142857143
3901533,151.0,178.0,84.8314606741573
3901535,76.0,523.0,14.531548757170173
3901536,49.0,93.0,52.68817204301075
3901539,113.0,219.0,51.598173515981735
3901543,147.0,199.0,73.86934673366834
3901545,115.0,320.0,35.9375
3901549,56.0,191.0,29.31937172774869
3901550,60.0,154.0,38.961038961038966
3901554,63.0,198.0,31.818181818181817
3901555,41.0,96.0,42.70833333333333
3901556,134.0,202.0,66.33663366336634
3901560,165.0,240.0,68.75
3901562,121.0,184.0,65.76086956521739
3901563,78.0,196.0,39.795918367346935
3901564,28.0,203.0,13.793103448275861
3901565,46.0,193.0,23.83419689119171
3901566,44.0,61.0,72.1311475409836
3901567,55.0,90.0,61.111111111111114
3901569,61.0,103.0,59.22330097087378
3901570,80.0,375.0,21.333333333333336
3901571,31.0,177.0,17.51412429378531
3901575,24.0,140.0,17.142857142857142
3901576,19.0,202.0,9.405940594059405
3901577,7.0,58.0,12.068965517241379
3901581,46.0,182.0,25.274725274725274
3901582,70.0,99.0,70.70707070707071
3901583,14.0,206.0,6.796116504854369
3901584,77.0,125.0,61.6
3901585,54.0,158.0,34.177215189873415
3901586,74.0,171.0,43.27485380116959
3901588,32.0,136.0,23.52941176470588
3901590,135.0,231.0,58.44155844155844
3901591,7.0,52.0,13.461538461538462
3901592,112.0,152.0,73.68421052631578
3901593,27.0,45.0,60.0
3901594,7.0,67.0,10.44776119402985
3901595,121.0,170.0,71.17647058823529
3901596,49.0,94.0,52.12765957446809
3901597,25.0,141.0,17.73049645390071
3904348,5526.0,19944.0,27.707581227436823
3904349,615.0,3144.0,19.561068702290076
3904350,437.0,3208.0,13.62219451371571
3904351,874.0,3316.0,26.357056694813032
3904352,509.0,2621.0,19.420068676077832
3904353,1098.0,3780.0,29.04761904761905
3904354,123.0,2431.0,5.059646236116825
3904355,141.0,1506.0,9.362549800796813
3904357,326.0,1225.0,26.612244897959187
3904358,376.0,2323.0,16.18596642272923
3904359,216.0,1998.0,10.81081081081081
3904360,938.0,6115.0,15.339329517579722
3904361,210.0,985.0,21.31979695431472
3904362,262.0,2380.0,11.008403361344538
3904363,161.0,2813.0,5.723426946320654
3904364,250.0,3784.0,6.60676532769556
3904365,255.0,1293.0,19.721577726218097
3904366,541.0,6760.0,8.002958579881657
3904367,307.0,2164.0,14.186691312384472
3904368,259.0,1325.0,19.547169811320757
3904369,336.0,1459.0,23.029472241261136
3904370,363.0,1003.0,36.191425722831504
3904371,2239.0,8361.0,26.779093409879202
3904373,706.0,8175.0,8.636085626911315
3904374,876.0,2861.0,30.618664802516605
3904375,12957.0,35042.0,36.97562924490611
3904376,481.0,2177.0,22.094625631603122
3904377,307.0,1878.0,16.347177848775292
3904378,14202.0,37933.0,37.43969630664593
3904379,1478.0,5166.0,28.61014324428959
3904380,23721.0,49946.0,47.49329275617667
3904381,336.0,1687.0,19.91701244813278
3904382,188.0,1544.0,12.176165803108809
3904383,786.0,4834.0,16.259826230864707
3904384,4737.0,12833.0,36.912647081742385
3904385,240.0,1255.0,19.12350597609562
3904386,368.0,3064.0,12.010443864229766
3904387,719.0,5674.0,12.671836446951005
3904388,107.0,978.0,10.940695296523517
3904389,232.0,2720.0,8.529411764705882
3904390,1134.0,2181.0,51.99449793672627
3904391,602.0,2158.0,27.89620018535681
3904392,214.0,1128.0,18.97163120567376
3904393,224.0,1985.0,11.28463476070529
3904394,1571.0,6253.0,25.123940508555894
3904395,2030.0,4980.0,40.76305220883534
3904396,949.0,4159.0,22.81798509257033
3904397,136.0,1794.0,7.58082497212932
3904399,348.0,1850.0,18.81081081081081
3904400,476.0,2893.0,16.453508468717594
3904401,710.0,3958.0,17.938352703385547
3904402,274.0,1738.0,15.765247410817032
3904403,295.0,2014.0,14.64746772591857
3904404,1258.0,3651.0,34.456313338811285
3904405,537.0,2410.0,22.28215767634855
3904406,429.0,1717.0,24.98543972044263
3904407,85.0,1096.0,7.755474452554745
3904408,951.0,3621.0,26.26346313173157
3904409,318.0,2519.0,12.624057165541883
3904410,2515.0,9932.0,25.322190898107127
3904411,278.0,1720.0,16.162790697674417
3904412,443.0,2390.0,18.535564853556487
3904413,113.0,1326.0,8.521870286576169
3904414,235.0,1395.0,16.845878136200717
3904415,505.0,2424.0,20.833333333333336
3904416,538.0,3134.0,17.166560306317805
3904418,603.0,7717.0,7.813917325385512
3904419,505.0,5052.0,9.996041171813143
3904420,1217.0,6342.0,19.189530116682434
3904421,401.0,5535.0,7.244805781391148
3904422,1181.0,3762.0,31.392876129718232
3904423,162.0,490.0,33.06122448979592
3904424,730.0,3913.0,18.655762841809352
3904425,463.0,2136.0,21.676029962546817
3904426,3124.0,6567.0,47.571189279731996
3904427,400.0,4500.0,8.88888888888889
3904428,57.0,1565.0,3.642172523961661
3904429,1008.0,3415.0,29.51683748169839
3904430,1449.0,3524.0,41.11804767309875
3904431,148.0,1682.0,8.799048751486325
3904433,1199.0,4415.0,27.157417893544732
3904434,330.0,1456.0,22.664835164835164
3904435,942.0,3775.0,24.953642384105958
3904436,195.0,2363.0,8.252221752010156
3904437,559.0,3826.0,14.610559330893885
3904438,796.0,6738.0,11.813594538438705
3904439,633.0,5077.0,12.467992909198346
3904440,1793.0,6353.0,28.22288682512199
3904441,906.0,3223.0,28.11045609680422
3904443,154.0,2267.0,6.793118659020732
3904444,239.0,1229.0,19.446704637917005
3904445,1522.0,6266.0,24.289818065751675
3904446,72.0,437.0,16.475972540045767
3904447,334.0,1752.0,19.06392694063927
3904448,436.0,3086.0,14.128321451717435
3904449,680.0,2307.0,29.475509319462507
3904450,345.0,4217.0,8.18117144889732
3904451,562.0,1633.0,34.41518677281078
3904452,501.0,3804.0,13.170347003154575
3904453,474.0,3950.0,12.0
3904454,307.0,4091.0,7.504277682718162
3904455,358.0,2535.0,14.122287968441816
3904456,392.0,2687.0,14.588760699665054
3904457,561.0,1980.0,28.333333333333332
3904458,92.0,2087.0,4.408241494968855
3904459,167.0,1002.0,16.666666666666664
3904460,461.0,3708.0,12.432578209277239
3904461,179.0,1502.0,11.917443408788282
3904463,2284.0,11279.0,20.250022165085557
3904464,516.0,2501.0,20.631747301079567
3904465,227.0,1714.0,13.243873978996499
3904467,1306.0,5919.0,22.064537928704173
3904468,504.0,2718.0,18.543046357615893
3904469,370.0,1596.0,23.182957393483708
3904470,121.0,2623.0,4.613038505528022
3904471,246.0,949.0,25.922023182297156
3904472,151.0,2001.0,7.546226886556721
3904474,720.0,3262.0,22.072348252605764
3904475,685.0,4936.0,13.877633711507292
3904476,212.0,1668.0,12.709832134292565
3904479,532.0,3346.0,15.899581589958158
3904480,5191.0,22110.0,23.478064224332883
3904481,2369.0,7281.0,32.53673945886554
3904482,260.0,2534.0,10.260457774269929
3904483,679.0,5288.0,12.840393343419063
3904484,511.0,5331.0,9.58544363158882
3904485,353.0,1860.0,18.978494623655916
3904486,389.0,5425.0,7.170506912442397
3904487,708.0,7723.0,9.167421986274764
3904488,271.0,2371.0,11.429776465626318
3904489,344.0,2704.0,12.721893491124261
3904490,5943.0,22444.0,26.479237212618074
3904491,158.0,935.0,16.898395721925134
3904492,534.0,4357.0,12.25613954555887
3904493,505.0,6088.0,8.295006570302235
3904494,354.0,1995.0,17.74436090225564
3904495,247.0,3039.0,8.127673576834486
3904498,415.0,3122.0,13.292761050608584
3904499,1784.0,5041.0,35.389803610394765
3904500,582.0,1680.0,34.64285714285714
3904502,365.0,1403.0,26.01568068424804
3904503,143.0,765.0,18.69281045751634
3904504,1856.0,14865.0,12.485704675412041
3904505,633.0,3644.0,17.371020856201977
3904506,275.0,3499.0,7.859388396684768
3904507,861.0,3509.0,24.536905101168426
3904508,196.0,1306.0,15.007656967840735
3904509,266.0,1546.0,17.205692108667527
3904510,1129.0,7663.0,14.733133237635391
3904511,364.0,2818.0,12.916962384669977
3904513,963.0,9846.0,9.780621572212066
3904514,151.0,1953.0,7.731694828469022
3904515,874.0,4279.0,20.425333021734048
3904516,2324.0,5299.0,43.85733157199472
3904517,760.0,3142.0,24.188415022278804
3904518,97.0,804.0,12.064676616915424
3904519,408.0,3693.0,11.047928513403736
3904520,154.0,1368.0,11.257309941520468
3904521,72.0,1155.0,6.233766233766234
3904522,44.0,481.0,9.147609147609149
3904523,140.0,761.0,18.396846254927727
3904524,298.0,1454.0,20.495185694635488
3904525,172.0,814.0,21.13022113022113
3904526,62.0,825.0,7.515151515151515
3904527,306.0,1916.0,15.970772442588727
3904528,152.0,2022.0,7.51730959446093
3904529,344.0,1333.0,25.806451612903224
3904531,52.0,1379.0,3.770848440899202
3904532,130.0,1036.0,12.548262548262548
3904533,54.0,788.0,6.852791878172589
3904535,168.0,1119.0,15.013404825737265
3904536,134.0,747.0,17.938420348058905
3904537,200.0,1021.0,19.58863858961802
3904538,68.0,909.0,7.48074807480748
3904539,191.0,2489.0,7.673764564081961
3904540,206.0,1913.0,10.76842655514898
3904541,39.0,539.0,7.235621521335807
3904542,247.0,1933.0,12.778065183652354
3904543,130.0,2027.0,6.413418845584608
3904545,200.0,852.0,23.474178403755868
3904546,110.0,1060.0,10.377358490566039
3904547,627.0,5144.0,12.188958009331259
3904548,73.0,890.0,8.202247191011235
3904549,820.0,7700.0,10.649350649350648
3904550,622.0,6417.0,9.69300296088515
3904551,188.0,1487.0,12.642905178211164
3904552,129.0,868.0,14.861751152073733
3904553,169.0,1245.0,13.574297188755018
3904554,117.0,1006.0,11.630218687872764
3904555,333.0,2365.0,14.080338266384778
3904556,257.0,1010.0,25.445544554455445
3904557,128.0,1449.0,8.83367839889579
3904558,381.0,5261.0,7.241969207375024
3904560,220.0,1604.0,13.715710723192021
3904561,177.0,2390.0,7.405857740585773
3904563,28.0,1310.0,2.1374045801526718
3904564,176.0,2007.0,8.769307424015944
3904565,141.0,1101.0,12.806539509536785
3904566,119.0,544.0,21.875
3904567,125.0,736.0,16.983695652173914
3904575,137.0,1108.0,12.364620938628159
3904576,185.0,1856.0,9.967672413793103
3904577,382.0,2447.0,15.610952186350632
3904578,130.0,785.0,16.560509554140125
3904579,236.0,2425.0,9.731958762886599
3904580,43.0,953.0,4.512067156348373
3904582,47.0,844.0,5.568720379146919
3904583,99.0,951.0,10.410094637223976
3904585,308.0,1770.0,17.401129943502823
3904586,147.0,1137.0,12.928759894459102
3904587,217.0,1557.0,13.937058445728967
3904588,175.0,1124.0,15.569395017793594
3904590,233.0,1595.0,14.608150470219435
3904591,239.0,1053.0,22.697056030389366
3904592,215.0,846.0,25.413711583924346
3904594,20.0,858.0,2.331002331002331
3904595,19.0,774.0,2.454780361757106
3904596,17.0,410.0,4.146341463414634
3904597,54.0,508.0,10.62992125984252
3904599,208.0,1753.0,11.865373645179691
3904600,111.0,834.0,13.309352517985612
3904601,260.0,1445.0,17.99307958477509
3904603,99.0,1300.0,7.615384615384616
3904604,108.0,846.0,12.76595744680851
3904606,408.0,3092.0,13.195342820181114
3904607,209.0,830.0,25.180722891566266
3904609,712.0,3667.0,19.416416689391873
3904610,1460.0,9779.0,14.929951937825953
3904611,1195.0,16071.0,7.435753842324684
3904612,196.0,1504.0,13.031914893617023
3904613,217.0,645.0,33.64341085271318
3904614,264.0,2841.0,9.292502639915522
3904615,350.0,2991.0,11.70177198261451
3904617,76.0,637.0,11.930926216640502
3904619,196.0,1853.0,10.577441985968699
3904620,141.0,887.0,15.89627959413754
3904621,75.0,1197.0,6.265664160401002
3904623,273.0,1613.0,16.924984500929945
3904624,417.0,2855.0,14.605954465849388
3904625,447.0,3192.0,14.003759398496241
3904626,179.0,1531.0,11.691704768125408
3904627,65.0,731.0,8.891928864569083
3904628,307.0,1865.0,16.46112600536193
3904630,421.0,2239.0,18.803037070120592
3904631,200.0,1462.0,13.679890560875513
3904632,274.0,1375.0,19.927272727272726
3904633,195.0,797.0,24.466750313676286
3904634,532.0,2783.0,19.11606180380884
3904635,1503.0,8269.0,18.176321199661384
3904636,139.0,1017.0,13.667649950835791
3904638,183.0,1494.0,12.248995983935743
3904639,172.0,1778.0,9.67379077615298
3904640,188.0,1291.0,14.562354763749033
3904642,332.0,1858.0,17.868675995694293
3904643,176.0,1283.0,13.717848791894
3904644,176.0,874.0,20.137299771167047
3904645,162.0,1231.0,13.160032493907392
3904647,93.0,1225.0,7.591836734693877
3904648,157.0,1967.0,7.981698017285206
3904650,69.0,639.0,10.7981220657277
3904651,39.0,949.0,4.10958904109589
3904652,95.0,1131.0,8.399646330680813
3904655,23.0,752.0,3.0585106382978724
3904656,85.0,1074.0,7.9143389199255125
3904657,324.0,3657.0,8.859721082854799
3904659,171.0,691.0,24.746743849493487
3904660,170.0,4442.0,3.8271049076992343
3904662,28.0,715.0,3.9160839160839163
3904663,72.0,1072.0,6.7164179104477615
3904664,24.0,668.0,3.592814371257485
3904667,95.0,660.0,14.393939393939394
3904668,67.0,796.0,8.417085427135678
3904670,57.0,864.0,6.597222222222222
3904671,94.0,1102.0,8.52994555353902
3904672,83.0,1303.0,6.36991557943208
3904674,273.0,3666.0,7.446808510638298
3904675,277.0,2263.0,12.240388864339373
3904676,1236.0,20806.0,5.9405940594059405
3904678,132.0,1619.0,8.153180975911056
3904680,82.0,1121.0,7.314897413024085
3904681,136.0,1854.0,7.335490830636461
3904682,343.0,1897.0,18.081180811808117
3904684,231.0,1367.0,16.898317483540602
3904685,80.0,813.0,9.84009840098401
3904686,156.0,2033.0,7.6733890801770785
3904687,277.0,1946.0,14.23432682425488
3904688,134.0,1281.0,10.460577673692429
3904689,1310.0,10489.0,12.489274478024596
3904690,100.0,563.0,17.761989342806395
3904694,515.0,3773.0,13.649615690432018
3904695,567.0,3020.0,18.774834437086092
3904696,762.0,7854.0,9.702062643239113
3904697,1498.0,5545.0,27.015329125338145
3904699,303.0,4953.0,6.1175045427013925
3904700,1559.0,7509.0,20.761752563590356
3904701,1364.0,15513.0,8.792625539869785
3904702,1567.0,16156.0,9.699182966080713
3904704,68.0,1372.0,4.956268221574344
3904705,36.0,887.0,4.058624577226606
3904706,66.0,475.0,13.894736842105262
3904707,32.0,510.0,6.2745098039215685
3904708,134.0,1489.0,8.999328408327736
3904709,170.0,1324.0,12.83987915407855
3904716,135.0,1258.0,10.731319554848968
3904717,107.0,639.0,16.74491392801252
3904718,311.0,2851.0,10.9084531743248
3904719,142.0,2809.0,5.055179779280882
3904721,62.0,372.0,16.666666666666664
3904722,186.0,1803.0,10.316139767054908
3904724,652.0,7517.0,8.673673007848876
3904725,61.0,592.0,10.304054054054054
3904726,172.0,1312.0,13.109756097560975
3904727,152.0,2579.0,5.8937572702597905
3904730,388.0,1650.0,23.515151515151516
3904733,254.0,1411.0,18.001417434443656
3904734,512.0,7441.0,6.880795591990324
3904736,1592.0,8576.0,18.563432835820894
3904737,1133.0,7690.0,14.733420026007801
3904738,617.0,3944.0,15.644016227180527
3904739,301.0,2104.0,14.306083650190113
3904742,22.0,580.0,3.793103448275862
3904743,53.0,577.0,9.185441941074524
3904744,63.0,1422.0,4.430379746835443
3904745,76.0,724.0,10.497237569060774
3904747,6.0,211.0,2.843601895734597
3904749,37.0,407.0,9.090909090909092
3904750,64.0,507.0,12.6232741617357
3904751,80.0,1032.0,7.751937984496124
3904752,102.0,449.0,22.717149220489976
3904754,62.0,409.0,15.158924205378973
3904757,12.0,533.0,2.25140712945591
3904758,74.0,1133.0,6.531332744924978
3904759,56.0,966.0,5.797101449275362
3904761,72.0,709.0,10.155148095909732
3904762,84.0,895.0,9.385474860335195
3904763,102.0,1144.0,8.916083916083917
3904768,78.0,1455.0,5.360824742268041
3904769,205.0,2216.0,9.250902527075812
3904771,28.0,618.0,4.53074433656958
3904772,93.0,938.0,9.914712153518124
3904773,77.0,774.0,9.948320413436692
3904774,113.0,1068.0,10.580524344569287
3904776,196.0,1199.0,16.34695579649708
3904778,446.0,1704.0,26.173708920187792
3904779,200.0,1543.0,12.961762799740765
3904780,663.0,2208.0,30.027173913043477
3904782,127.0,1152.0,11.024305555555555
3904783,66.0,638.0,10.344827586206897
3904785,143.0,1288.0,11.102484472049689
3904787,58.0,1180.0,4.915254237288136
3904788,446.0,2980.0,14.966442953020135
3904790,148.0,1698.0,8.716136631330977
3904792,206.0,1107.0,18.60885275519422
3904793,162.0,1573.0,10.298792116973935
3904794,321.0,1475.0,21.762711864406782
3904795,290.0,1621.0,17.890191239975323
3904796,121.0,788.0,15.355329949238577
3904798,204.0,1602.0,12.734082397003746
3904799,357.0,1870.0,19.090909090909093
3904800,614.0,4467.0,13.74524289232147
3904801,229.0,2033.0,11.264141662567633
3904802,217.0,1609.0,13.48663766314481
3904803,135.0,1165.0,11.587982832618025
3904804,493.0,3938.0,12.519045200609447
3904807,134.0,1691.0,7.924305144884683
3904808,122.0,1525.0,8.0
3904809,73.0,708.0,10.310734463276836
3904811,233.0,4378.0,5.3220648698035635
3904812,228.0,3849.0,5.9236165237724085
3904813,406.0,1668.0,24.34052757793765
3904814,83.0,892.0,9.304932735426009
3904815,138.0,1716.0,8.041958041958042
3904816,194.0,1580.0,12.278481012658228
3904817,480.0,3100.0,15.483870967741936
3904820,291.0,4503.0,6.4623584277148565
3904821,28.0,982.0,2.8513238289205702
3904822,524.0,3995.0,13.11639549436796
3904823,1357.0,7043.0,19.26735766008803
3904825,177.0,1223.0,14.472608340147177
3904826,144.0,2194.0,6.563354603463993
3904827,161.0,1124.0,14.323843416370108
3904829,755.0,4538.0,16.63728514764213
3904830,433.0,4065.0,10.651906519065191
3904831,238.0,2488.0,9.565916398713826
3904832,108.0,722.0,14.958448753462603
3904833,83.0,520.0,15.96153846153846
3904834,250.0,1852.0,13.498920086393088
3904835,71.0,477.0,14.884696016771489
3904836,76.0,1276.0,5.956112852664576
3904837,101.0,1037.0,9.73963355834137
3904838,200.0,2048.0,9.765625
3904839,52.0,670.0,7.761194029850746
3904841,169.0,1034.0,16.344294003868473
3904842,124.0,1216.0,10.197368421052632
3904843,115.0,696.0,16.522988505747126
3904844,193.0,2014.0,9.582919563058589
3904846,114.0,1135.0,10.044052863436123
3904847,144.0,2259.0,6.374501992031872
3904848,275.0,2313.0,11.889321227842627
3904849,195.0,3202.0,6.089943785134292
3904851,159.0,822.0,19.34306569343066
3904852,474.0,1717.0,27.606290040768783
3904853,151.0,768.0,19.661458333333336
3904857,84.0,1026.0,8.187134502923977
3904858,23.0,1037.0,2.2179363548698166
3904859,10.0,1010.0,0.9900990099009901
3904861,108.0,1466.0,7.3669849931787175
3904862,36.0,1304.0,2.7607361963190185
3904863,37.0,629.0,5.88235294117647
3904865,363.0,2182.0,16.636113657195235
3904867,85.0,1492.0,5.697050938337802
3904868,100.0,369.0,27.100271002710024
3904869,709.0,2589.0,27.385090768636537
3904870,782.0,3751.0,20.84777392695281
3904871,183.0,1169.0,15.654405474764758
3904872,459.0,4901.0,9.365435625382574
3904873,599.0,1441.0,41.568355308813324
3904874,179.0,1845.0,9.70189701897019
3904875,1063.0,5529.0,19.225899801049014
3904877,271.0,1800.0,15.055555555555555
3904879,134.0,1072.0,12.5
3904880,188.0,1850.0,10.162162162162163
3904881,154.0,1060.0,14.528301886792452
3904883,210.0,1941.0,10.819165378670787
3904884,283.0,1959.0,14.446145992853495
3904885,352.0,2207.0,15.949252378794743
3904887,344.0,3087.0,11.143505021056042
3904888,238.0,1400.0,17.0
3904890,136.0,878.0,15.489749430523919
3904892,81.0,1492.0,5.428954423592494
3904893,53.0,546.0,9.706959706959708
3904894,119.0,1338.0,8.89387144992526
3904897,7.0,77.0,9.090909090909092
3904899,53.0,724.0,7.320441988950275
3904900,92.0,824.0,11.165048543689322
3904903,71.0,986.0,7.200811359026369
3904905,293.0,2392.0,12.249163879598662
3904906,161.0,699.0,23.032904148783977
3904908,185.0,1790.0,10.335195530726256
3904909,568.0,4017.0,14.139905402041325
3904910,52.0,601.0,8.652246256239602
3904912,148.0,846.0,17.494089834515368
3904913,226.0,1233.0,18.329278183292782
3904914,307.0,1819.0,16.877405167674546
3904915,106.0,756.0,14.02116402116402
3904917,126.0,2914.0,4.323953328757722
3904918,354.0,1693.0,20.90962787950384
3904919,250.0,2012.0,12.42544731610338
3904920,199.0,1413.0,14.08351026185421
3904921,169.0,1152.0,14.67013888888889
3904922,323.0,1605.0,20.12461059190031
3904923,250.0,2212.0,11.301989150090415
3904924,195.0,1068.0,18.258426966292134
3904926,103.0,824.0,12.5
3904927,113.0,979.0,11.542390194075587
3904928,182.0,1383.0,13.159797541576285
3904931,47.0,841.0,5.58858501783591
3904932,23.0,481.0,4.781704781704782
3904933,6.0,362.0,1.6574585635359116
3904934,9.0,590.0,1.5254237288135595
3904935,66.0,638.0,10.344827586206897
3904936,5.0,462.0,1.0822510822510822
3904937,70.0,1530.0,4.57516339869281
3904938,13.0,444.0,2.9279279279279278
3904939,21.0,523.0,4.015296367112811
3904941,174.0,1649.0,10.55184960582171
3904942,105.0,1070.0,9.813084112149532
3904943,189.0,2397.0,7.88485607008761
3904944,35.0,510.0,6.862745098039216
3904945,43.0,3015.0,1.4262023217247097
3904946,82.0,701.0,11.697574893009985
3904947,157.0,1950.0,8.051282051282051
3904949,185.0,1189.0,15.559293523969723
3904950,158.0,1049.0,15.061963775023832
3904951,140.0,888.0,15.765765765765765
3904952,236.0,1092.0,21.611721611721613
3904953,394.0,2154.0,18.29155060352832
3904954,228.0,1427.0,15.977575332866154
3904956,103.0,1112.0,9.262589928057553
3904957,84.0,973.0,8.633093525179856
3904959,95.0,879.0,10.80773606370876
3904961,155.0,554.0,27.978339350180505
3904962,194.0,1442.0,13.453536754507628
3904963,298.0,1440.0,20.694444444444443
3904964,200.0,1024.0,19.53125
3904965,159.0,1486.0,10.699865410497981
3904966,171.0,1618.0,10.568603213844252
3904968,62.0,923.0,6.717226435536294
3904970,58.0,848.0,6.839622641509433
3904971,23.0,398.0,5.778894472361809
3904976,43.0,647.0,6.646058732612056
3904977,44.0,665.0,6.616541353383458
3904978,8.0,741.0,1.0796221322537112
3904979,78.0,847.0,9.208972845336481
3904981,5.0,402.0,1.2437810945273633
3904983,239.0,2150.0,11.116279069767442
3904984,205.0,1510.0,13.57615894039735
3904985,320.0,6218.0,5.146349308459311
3904986,123.0,3344.0,3.67822966507177
3904987,346.0,2746.0,12.60014566642389
3904988,744.0,2477.0,30.036334275333065
3904989,170.0,2093.0,8.122312470138557
3904990,189.0,2004.0,9.431137724550897
3904991,99.0,836.0,11.842105263157894
3904992,550.0,4672.0,11.772260273972602
3904993,683.0,5991.0,11.400433984309798
3904994,148.0,1295.0,11.428571428571429
3904995,144.0,1460.0,9.863013698630137
3904997,229.0,1971.0,11.618467782851344
3904998,176.0,2848.0,6.179775280898876
3904999,274.0,1945.0,14.087403598971724
3905000,139.0,1306.0,10.643185298621747
3905001,344.0,4080.0,8.431372549019608
3905002,238.0,4641.0,5.128205128205128
3905003,78.0,808.0,9.653465346534654
3905004,301.0,3704.0,8.12634989200864
3905005,143.0,2739.0,5.220883534136546
3905006,506.0,2181.0,23.20036680421825
3905007,308.0,4140.0,7.439613526570048
3905009,39.0,243.0,16.049382716049383
3905011,60.0,571.0,10.507880910683012
3905012,156.0,1007.0,15.491559086395235
3905013,155.0,1372.0,11.29737609329446
3905015,102.0,654.0,15.59633027522936
3905016,429.0,2667.0,16.085489313835772
3905017,95.0,739.0,12.855209742895804
3905018,177.0,1606.0,11.021170610211705
3905019,302.0,1169.0,25.83404619332763
3905020,81.0,495.0,16.363636363636363
3905021,62.0,725.0,8.551724137931034
3905022,72.0,782.0,9.207161125319693
3905023,52.0,492.0,10.569105691056912
3905024,171.0,1110.0,15.405405405405407
3905025,129.0,1049.0,12.297426120114395
3905027,46.0,1169.0,3.9349871685201028
3905028,214.0,1725.0,12.405797101449275
3905029,39.0,561.0,6.951871657754011
3905030,66.0,1350.0,4.888888888888889
3905032,64.0,1098.0,5.828779599271402
3905033,223.0,1537.0,14.508783344176967
3905035,32.0,867.0,3.690888119953864
3905039,358.0,2052.0,17.446393762183234
3905041,132.0,1600.0,8.25
3905042,220.0,6107.0,3.6024234485017197
3905043,456.0,4380.0,10.41095890410959
3905044,385.0,4759.0,8.08993486026476
3905045,604.0,10790.0,5.597775718257646
3905046,91.0,1438.0,6.328233657858136
3905048,88.0,1033.0,8.518877057115198
3905049,95.0,586.0,16.21160409556314
3905051,75.0,586.0,12.798634812286688
3905053,131.0,1247.0,10.505212510024057
3905054,53.0,848.0,6.25
3905055,78.0,1111.0,7.020702070207021
3905056,112.0,1434.0,7.810320781032078
3905058,123.0,1414.0,8.698727015558699
3905059,112.0,1610.0,6.956521739130435
3905061,57.0,713.0,7.994389901823282
3905062,62.0,554.0,11.191335740072201
3905063,67.0,547.0,12.248628884826324
3905064,47.0,612.0,7.6797385620915035
3905065,39.0,395.0,9.873417721518987
3905067,97.0,1419.0,6.8357998590556734
3905068,100.0,1235.0,8.097165991902834
3905069,173.0,1709.0,10.122878876535985
3905070,52.0,667.0,7.796101949025487
3905071,125.0,982.0,12.729124236252545
3905072,93.0,1678.0,5.542312276519666
3905074,55.0,931.0,5.907626208378089
3905077,407.0,677.0,60.118168389955684
3905079,92.0,357.0,25.770308123249297
3905085,225.0,388.0,57.98969072164949
3905090,156.0,425.0,36.705882352941174
3905096,403.0,1079.0,37.34939759036144
3905100,229.0,1070.0,21.401869158878505
3905102,155.0,863.0,17.96060254924681
3905104,551.0,629.0,87.5993640699523
3905106,931.0,2613.0,35.62954458476846
3905112,166.0,328.0,50.609756097560975
3905120,137.0,618.0,22.168284789644012
3905124,217.0,698.0,31.088825214899714
3905128,338.0,1732.0,19.51501154734411
3905130,222.0,1071.0,20.72829131652661
3905133,215.0,473.0,45.45454545454545
3905135,605.0,1542.0,39.23476005188068
3905137,265.0,435.0,60.91954022988506
3905139,185.0,659.0,28.072837632776938
3905141,259.0,1140.0,22.719298245614038
3905143,355.0,675.0,52.59259259259259
3905145,189.0,347.0,54.46685878962536
3905147,479.0,717.0,66.80613668061368
3905149,307.0,550.0,55.81818181818182
3905153,126.0,392.0,32.142857142857146
3905160,131.0,459.0,28.540305010893245
3905163,160.0,915.0,17.48633879781421
3905165,299.0,927.0,32.25458468176915
3905167,91.0,417.0,21.822541966426858
3905169,114.0,476.0,23.949579831932773
3906190,668.0,3740.0,17.860962566844922
3906202,185.0,528.0,35.03787878787879
3906206,259.0,480.0,53.95833333333333
3906212,235.0,859.0,27.357392316647267
3906280,81.0,313.0,25.878594249201274
3906351,245.0,644.0,38.04347826086957
3906522,35.0,210.0,16.666666666666664
3906568,435.0,2284.0,19.045534150612962
3906968,217.0,1027.0,21.12950340798442
3910000,678.0,5231.0,12.961192888549034
3910001,36.0,1104.0,3.260869565217391
3910002,33.0,600.0,5.5
3910003,620.0,3278.0,18.913971934106165
3910004,54.0,1167.0,4.627249357326478
3910005,50.0,556.0,8.992805755395683
3910006,483.0,2132.0,22.654784240150093
3910007,171.0,691.0,24.746743849493487
3910008,148.0,552.0,26.811594202898554
3910009,149.0,1783.0,8.356702187324734
3910010,451.0,2623.0,17.194052611513534
3910011,419.0,2280.0,18.37719298245614
3910012,545.0,3721.0,14.646600376242947
3910013,129.0,956.0,13.493723849372385
3910014,456.0,4524.0,10.079575596816976
3910015,710.0,2780.0,25.539568345323744
3910016,159.0,1915.0,8.302872062663186
3910017,659.0,3197.0,20.613074757585238
3910018,206.0,2107.0,9.776934029425725
3910019,505.0,2672.0,18.899700598802397
3910020,286.0,2179.0,13.12528682882056
3910021,51.0,668.0,7.634730538922156
3910022,55.0,870.0,6.321839080459771
3910023,128.0,2060.0,6.213592233009709
3910024,132.0,1587.0,8.31758034026465
3910025,337.0,1851.0,18.206374932468936
3910026,92.0,723.0,12.72475795297372
3910027,448.0,1775.0,25.239436619718308
3910028,76.0,1012.0,7.5098814229249005
3910029,294.0,4518.0,6.507304116865869
3910030,280.0,2600.0,10.76923076923077
3910031,13.0,855.0,1.5204678362573099
3910032,460.0,3413.0,13.477878699091708
3910033,115.0,1302.0,8.832565284178187
4000013,55.0,285.0,19.298245614035086
4000014,117.0,619.0,18.901453957996768
4000015,29.0,508.0,5.708661417322835
4000020,57.0,380.0,15.0
4000021,36.0,654.0,5.5045871559633035
4000032,42.0,427.0,9.836065573770492
4000033,85.0,803.0,10.585305105853053
4000076,19.0,84.0,22.61904761904762
4000751,54.0,267.0,20.224719101123593
4000753,175.0,1028.0,17.023346303501945
4000755,16.0,115.0,13.91304347826087
4000766,25.0,397.0,6.297229219143577
4000769,23.0,597.0,3.8525963149078724
4000772,21.0,120.0,17.5
4000773,16.0,386.0,4.145077720207254
4000774,125.0,450.0,27.77777777777778
4000775,31.0,331.0,9.365558912386707
4000777,2086.0,8060.0,25.880893300248136
4000778,273.0,2233.0,12.225705329153605
4000780,40.0,321.0,12.461059190031152
4000781,4.0,326.0,1.2269938650306749
4000782,74.0,189.0,39.15343915343915
4000783,20.0,922.0,2.1691973969631237
4000784,68.0,472.0,14.40677966101695
4000785,89.0,394.0,22.588832487309645
4000786,49.0,1400.0,3.5000000000000004
4000787,19.0,531.0,3.5781544256120528
4000789,10.0,223.0,4.484304932735426
4000791,18.0,286.0,6.293706293706294
4000792,17.0,307.0,5.537459283387622
4000793,12.0,202.0,5.9405940594059405
4000795,16.0,84.0,19.047619047619047
4000796,395.0,3212.0,12.29763387297634
4000797,75.0,196.0,38.265306122448976
4000798,12.0,45.0,26.666666666666668
4000799,26.0,804.0,3.233830845771144
4000800,1005.0,5099.0,19.709747009217494
4002370,47.0,360.0,13.055555555555557
4002430,431.0,2613.0,16.494450822809032
4002460,91.0,1071.0,8.49673202614379
4002520,82.0,559.0,14.669051878354203
4002550,67.0,328.0,20.426829268292682
4002580,25.0,62.0,40.32258064516129
4002670,34.0,315.0,10.793650793650794
4002720,14.0,144.0,9.722222222222223
4002760,67.0,516.0,12.984496124031008
4002790,74.0,333.0,22.22222222222222
4002850,540.0,3397.0,15.89637915808066
4002880,139.0,1049.0,13.250714966634892
4002910,70.0,509.0,13.7524557956778
4003000,224.0,1684.0,13.30166270783848
4003010,26.0,288.0,9.027777777777777
4003060,193.0,1011.0,19.090009891196836
4003120,20.0,472.0,4.23728813559322
4003180,797.0,2847.0,27.994380049174573
4003210,115.0,403.0,28.53598014888337
4003240,22.0,177.0,12.429378531073446
4003300,64.0,307.0,20.846905537459286
4003360,241.0,878.0,27.44874715261959
4003450,28.0,90.0,31.11111111111111
4003510,12.0,163.0,7.361963190184049
4003540,17.0,228.0,7.456140350877193
4003570,86.0,418.0,20.574162679425836
4003630,1105.0,5985.0,18.462823725981618
4003660,43.0,269.0,15.985130111524162
4003690,20.0,150.0,13.333333333333334
4003750,47.0,347.0,13.544668587896252
4003810,144.0,1077.0,13.370473537604457
4003840,66.0,194.0,34.02061855670103
4003930,40.0,357.0,11.204481792717088
4004020,129.0,1241.0,10.394842868654312
4004110,136.0,1655.0,8.217522658610273
4004230,140.0,1258.0,11.128775834658187
4004350,27.0,172.0,15.69767441860465
4004360,17.0,73.0,23.28767123287671
4004470,83.0,569.0,14.586994727592268
4004500,711.0,6423.0,11.069593647828118
4004630,244.0,1288.0,18.944099378881987
4004650,38.0,290.0,13.10344827586207
4004680,253.0,2043.0,12.383749388154675
4004830,30.0,221.0,13.574660633484163
4004860,31.0,271.0,11.439114391143912
4004950,44.0,201.0,21.890547263681594
4005010,81.0,583.0,13.893653516295027
4005040,63.0,359.0,17.548746518105848
4005130,103.0,273.0,37.72893772893773
4005280,14.0,152.0,9.210526315789473
4005340,47.0,320.0,14.6875
4005400,209.0,1603.0,13.038053649407361
4005430,77.0,462.0,16.666666666666664
4005460,326.0,1755.0,18.575498575498575
4005490,3708.0,19084.0,19.429888912177738
4005520,354.0,1638.0,21.611721611721613
4005580,16.0,418.0,3.827751196172249
4005760,19.0,291.0,6.529209621993128
4005820,23.0,146.0,15.753424657534246
4005910,12.0,158.0,7.59493670886076
4006000,72.0,227.0,31.718061674008812
4006060,268.0,1847.0,14.510016242555496
4006120,192.0,1992.0,9.63855421686747
4006150,23.0,507.0,4.536489151873767
4006180,105.0,771.0,13.618677042801556
4006240,29.0,261.0,11.11111111111111
4006270,39.0,162.0,24.074074074074073
4006330,23.0,267.0,8.614232209737828
4006390,92.0,449.0,20.489977728285076
4006420,42.0,236.0,17.796610169491526
4006480,48.0,358.0,13.40782122905028
4006510,11.0,420.0,2.619047619047619
4006630,101.0,582.0,17.353951890034363
4006690,53.0,249.0,21.285140562248998
4006810,42.0,543.0,7.734806629834254
4006850,175.0,827.0,21.16082224909311
4006870,367.0,2136.0,17.181647940074907
4006930,125.0,212.0,58.9622641509434
4006960,23.0,239.0,9.623430962343097
4007140,51.0,488.0,10.450819672131148
4007170,43.0,397.0,10.831234256926953
4007290,207.0,1202.0,17.221297836938437
4007320,36.0,227.0,15.859030837004406
4007350,387.0,1434.0,26.98744769874477
4007380,166.0,847.0,19.59858323494687
4007410,29.0,400.0,7.249999999999999
4007500,18.0,357.0,5.042016806722689
4007560,568.0,2355.0,24.118895966029726
4007620,1332.0,5835.0,22.82776349614396
4007670,178.0,805.0,22.111801242236027
4007710,29.0,264.0,10.984848484848484
4007740,691.0,3858.0,17.910834629341625
4007800,46.0,324.0,14.19753086419753
4008010,13.0,130.0,10.0
4008040,390.0,1722.0,22.64808362369338
4008070,414.0,2226.0,18.598382749326145
4008130,75.0,654.0,11.46788990825688
4008220,140.0,829.0,16.887816646562122
4008250,160.0,553.0,28.933092224231466
4008310,13.0,176.0,7.386363636363637
4008370,276.0,2773.0,9.95311936530833
4008460,218.0,978.0,22.290388548057262
4008490,158.0,870.0,18.160919540229887
4008610,26.0,216.0,12.037037037037036
4008640,114.0,672.0,16.964285714285715
4008730,46.0,180.0,25.555555555555554
4008790,30.0,286.0,10.48951048951049
4008850,538.0,3305.0,16.278366111951588
4008940,34.0,339.0,10.029498525073747
4009060,90.0,1203.0,7.4812967581047385
4009090,102.0,422.0,24.170616113744074
4009150,135.0,345.0,39.130434782608695
4009240,350.0,1852.0,18.898488120950326
4009300,42.0,361.0,11.634349030470915
4009360,36.0,152.0,23.684210526315788
4009390,58.0,818.0,7.090464547677261
4009420,27.0,250.0,10.8
4009450,50.0,376.0,13.297872340425531
4009510,103.0,1081.0,9.528214616096207
4009570,470.0,6235.0,7.538091419406576
4009720,23.0,302.0,7.6158940397351
4009750,47.0,384.0,12.239583333333332
4009780,42.0,308.0,13.636363636363635
4009810,276.0,1273.0,21.681068342498037
4009870,102.0,690.0,14.782608695652174
4009910,249.0,1359.0,18.322295805739515
4010050,21.0,150.0,14.000000000000002
4010170,25.0,342.0,7.309941520467836
4010200,114.0,566.0,20.141342756183743
4010260,17.0,178.0,9.550561797752808
4010290,1040.0,3486.0,29.83362019506598
4010350,522.0,3651.0,14.2974527526705
4010440,21.0,152.0,13.815789473684212
4010500,54.0,275.0,19.636363636363637
4010560,23.0,122.0,18.852459016393443
4010590,2976.0,24918.0,11.94317360943896
4010650,387.0,2714.0,14.25939572586588
4010710,389.0,2350.0,16.5531914893617
4010740,352.0,2110.0,16.682464454976305
4010860,71.0,508.0,13.976377952755906
4010890,73.0,540.0,13.518518518518519
4010920,1639.0,7864.0,20.84181078331638
4011040,38.0,253.0,15.019762845849801
4011160,219.0,1153.0,18.99392888117953
4011250,95.0,618.0,15.372168284789645
4011280,66.0,803.0,8.21917808219178
4011400,9.0,89.0,10.112359550561797
4011430,26.0,235.0,11.063829787234042
4011580,5.0,86.0,5.813953488372093
4011700,59.0,451.0,13.082039911308204
4011760,30.0,345.0,8.695652173913043
4011850,18.0,167.0,10.778443113772456
4011880,24.0,150.0,16.0
4011970,273.0,1780.0,15.337078651685394
4012000,11.0,130.0,8.461538461538462
4012060,15.0,305.0,4.918032786885246
4012090,98.0,515.0,19.02912621359223
4012150,110.0,868.0,12.672811059907835
4012180,12.0,66.0,18.181818181818183
4012210,28.0,270.0,10.37037037037037
4012240,40.0,453.0,8.830022075055188
4012300,61.0,330.0,18.484848484848484
4012390,69.0,421.0,16.389548693586697
4012420,60.0,362.0,16.574585635359114
4012570,74.0,336.0,22.023809523809522
4012630,33.0,333.0,9.90990990990991
4012690,51.0,329.0,15.501519756838904
4012720,510.0,2783.0,18.325547969816743
4012750,14.0,76.0,18.421052631578945
4012870,36.0,255.0,14.117647058823529
4012900,78.0,516.0,15.11627906976744
4013080,37.0,175.0,21.142857142857142
4013200,41.0,195.0,21.025641025641026
4013230,101.0,574.0,17.59581881533101
4013260,8.0,146.0,5.47945205479452
4013290,15.0,235.0,6.382978723404255
4013380,14.0,125.0,11.200000000000001
4013500,39.0,521.0,7.485604606525912
4013530,622.0,2537.0,24.517146235711472
4013560,752.0,3412.0,22.039859320046894
4013590,330.0,3087.0,10.689990281827017
4013600,8.0,87.0,9.195402298850574
4013620,55.0,298.0,18.456375838926174
4013650,53.0,243.0,21.810699588477366
4013680,24.0,91.0,26.373626373626376
4013740,8.0,97.0,8.24742268041237
4013830,38.0,235.0,16.170212765957448
4013890,342.0,2226.0,15.363881401617252
4013920,172.0,797.0,21.580928481806776
4013950,117.0,789.0,14.82889733840304
4014080,51.0,533.0,9.568480300187618
4014100,7.0,113.0,6.1946902654867255
4014130,66.0,499.0,13.226452905811623
4014160,217.0,990.0,21.91919191919192
4014340,99.0,899.0,11.012235817575084
4014370,234.0,1208.0,19.370860927152318
4014520,184.0,1783.0,10.319685922602355
4014610,63.0,734.0,8.583106267029974
4014670,28.0,223.0,12.556053811659194
4014700,121.0,808.0,14.975247524752474
4014730,43.0,262.0,16.412213740458014
4014790,250.0,1076.0,23.234200743494423
4014850,60.0,563.0,10.657193605683837
4014890,30.0,247.0,12.145748987854251
4014970,87.0,580.0,15.0
4015090,45.0,766.0,5.87467362924282
4015120,147.0,618.0,23.78640776699029
4015210,257.0,1235.0,20.809716599190285
4015240,107.0,566.0,18.90459363957597
4015370,273.0,1244.0,21.94533762057878
4015420,22.0,197.0,11.16751269035533
4015480,147.0,1311.0,11.212814645308924
4015690,462.0,1636.0,28.23960880195599
4015720,1713.0,12286.0,13.942699006999836
4015750,20.0,215.0,9.30232558139535
4015840,210.0,1132.0,18.551236749116608
4015900,40.0,171.0,23.391812865497073
4015930,70.0,521.0,13.43570057581574
4015990,247.0,902.0,27.383592017738362
4016170,206.0,957.0,21.525600835945664
4016320,18.0,80.0,22.5
4016350,45.0,410.0,10.975609756097562
4016380,44.0,586.0,7.508532423208192
4016470,68.0,291.0,23.367697594501717
4016500,99.0,869.0,11.39240506329114
4016530,2.0,88.0,2.272727272727273
4016560,120.0,1498.0,8.01068090787717
4016590,295.0,1305.0,22.60536398467433
4016620,18.0,204.0,8.823529411764707
4016650,45.0,301.0,14.950166112956811
4016710,134.0,663.0,20.211161387631975
4016720,87.0,442.0,19.683257918552037
4016740,7.0,295.0,2.3728813559322033
4017020,16.0,183.0,8.743169398907105
4017040,42.0,273.0,15.384615384615385
4017190,85.0,905.0,9.392265193370166
4017220,29.0,486.0,5.967078189300412
4017250,3296.0,14063.0,23.437388892839365
4017280,18.0,150.0,12.0
4017310,29.0,129.0,22.48062015503876
4017370,14.0,232.0,6.0344827586206895
4017580,159.0,999.0,15.915915915915916
4017700,54.0,338.0,15.976331360946746
4017760,63.0,528.0,11.931818181818182
4017850,211.0,1230.0,17.154471544715445
4017880,341.0,1316.0,25.91185410334346
4018000,273.0,1432.0,19.064245810055866
4018090,255.0,1482.0,17.20647773279352
4018240,155.0,922.0,16.811279826464208
4018270,25.0,114.0,21.929824561403507
4018390,15.0,246.0,6.097560975609756
4018480,21.0,148.0,14.18918918918919
4018570,57.0,390.0,14.615384615384617
4018630,160.0,834.0,19.18465227817746
4018660,52.0,285.0,18.24561403508772
4018700,307.0,1789.0,17.160424818334267
4018780,112.0,752.0,14.893617021276595
4018840,336.0,1502.0,22.37017310252996
4018870,22.0,103.0,21.35922330097087
4018900,7.0,167.0,4.191616766467066
4018960,23.0,93.0,24.731182795698924
4018990,116.0,1110.0,10.45045045045045
4019080,187.0,1429.0,13.086074177746676
4019200,93.0,652.0,14.263803680981596
4019260,70.0,277.0,25.27075812274368
4019290,76.0,332.0,22.89156626506024
4019380,51.0,315.0,16.19047619047619
4019410,86.0,239.0,35.98326359832636
4019440,621.0,2995.0,20.734557595993323
4019500,57.0,351.0,16.23931623931624
4019560,382.0,1780.0,21.460674157303373
4019620,35.0,272.0,12.867647058823529
4019680,126.0,847.0,14.87603305785124
4019800,90.0,807.0,11.152416356877323
4019860,536.0,2183.0,24.553366926248284
4019890,20.0,208.0,9.615384615384617
4019950,2913.0,14379.0,20.258710619653662
4019980,35.0,222.0,15.765765765765765
4020040,12.0,171.0,7.017543859649122
4020080,167.0,876.0,19.06392694063927
4020100,77.0,610.0,12.622950819672132
4020160,27.0,369.0,7.317073170731707
4020190,2.0,106.0,1.8867924528301887
4020250,4161.0,24682.0,16.858439348513084
4020280,40.0,540.0,7.4074074074074066
4020310,177.0,1026.0,17.251461988304094
4020340,47.0,619.0,7.592891760904685
4020430,76.0,238.0,31.932773109243694
4020460,25.0,289.0,8.650519031141869
4020550,80.0,609.0,13.136288998357964
4020640,48.0,195.0,24.615384615384617
4020880,112.0,1422.0,7.876230661040788
4020910,26.0,240.0,10.833333333333334
4020970,1527.0,5859.0,26.06246799795187
4021000,2033.0,11818.0,17.20257234726688
4021030,28.0,269.0,10.408921933085502
4021180,65.0,520.0,12.5
4021360,67.0,309.0,21.68284789644013
4021510,334.0,2210.0,15.113122171945701
4021540,86.0,834.0,10.311750599520384
4021600,83.0,538.0,15.427509293680297
4021630,760.0,2863.0,26.545581557806496
4021720,2970.0,15892.0,18.688648376541657
4021780,74.0,1163.0,6.362854686156492
4021840,87.0,618.0,14.077669902912621
4021870,33.0,73.0,45.20547945205479
4021900,14.0,146.0,9.58904109589041
4021930,169.0,860.0,19.651162790697676
4022160,34.0,172.0,19.767441860465116
4022350,41.0,673.0,6.092124814264487
4022410,62.0,223.0,27.802690582959645
4022560,62.0,272.0,22.794117647058822
4022590,15.0,362.0,4.143646408839778
4022620,93.0,376.0,24.73404255319149
4022650,53.0,337.0,15.727002967359049
4022770,11078.0,37270.0,29.723638314998656
4022800,315.0,1371.0,22.975929978118163
4022830,135.0,746.0,18.096514745308312
4022860,98.0,349.0,28.08022922636103
4022950,2.0,184.0,1.0869565217391304
4023040,215.0,1738.0,12.37054085155351
4023070,4.0,59.0,6.779661016949152
4023190,24.0,126.0,19.047619047619047
4023220,20.0,170.0,11.76470588235294
4023280,1015.0,9731.0,10.430582673928681
4023340,42.0,253.0,16.600790513833992
4023370,50.0,727.0,6.87757909215956
4023400,60.0,115.0,52.17391304347826
4023430,38.0,245.0,15.510204081632653
4023550,150.0,1381.0,10.861694424330196
4023580,84.0,737.0,11.397557666214382
4023610,68.0,694.0,9.798270893371757
4023700,6.0,89.0,6.741573033707865
4023730,41.0,232.0,17.67241379310345
4023800,304.0,1541.0,19.72744970798183
4023850,160.0,1108.0,14.440433212996389
4023970,446.0,4084.0,10.920666013712047
4024150,44.0,413.0,10.653753026634384
4024180,7.0,125.0,5.6000000000000005
4024240,186.0,1525.0,12.19672131147541
4024330,36.0,233.0,15.450643776824036
4024510,59.0,535.0,11.02803738317757
4024630,107.0,869.0,12.31300345224396
4024690,925.0,4927.0,18.774101887558352
4024720,23.0,316.0,7.2784810126582276
4024840,71.0,504.0,14.087301587301587
4024870,450.0,2469.0,18.226002430133658
4024930,142.0,1038.0,13.680154142581888
4025050,57.0,557.0,10.23339317773788
4025080,60.0,289.0,20.761245674740483
4025170,109.0,330.0,33.03030303030303
4025200,687.0,2739.0,25.08214676889376
4025230,222.0,1402.0,15.834522111269614
4025290,4151.0,19515.0,21.27081732001025
4025320,87.0,618.0,14.077669902912621
4025410,101.0,441.0,22.90249433106576
4025470,172.0,824.0,20.87378640776699
4025500,44.0,512.0,8.59375
4025530,9.0,79.0,11.39240506329114
4025590,20.0,300.0,6.666666666666667
4025800,10.0,131.0,7.633587786259542
4025860,84.0,404.0,20.792079207920793
4025920,18.0,385.0,4.675324675324675
4025950,88.0,477.0,18.448637316561843
4026010,23.0,177.0,12.994350282485875
4026100,62.0,337.0,18.397626112759642
4026250,33.0,187.0,17.647058823529413
4026280,26.0,317.0,8.201892744479496
4026310,220.0,948.0,23.20675105485232
4026550,75.0,544.0,13.786764705882353
4026580,36.0,86.0,41.86046511627907
4026610,38.0,245.0,15.510204081632653
4026730,118.0,808.0,14.603960396039604
4026790,539.0,2145.0,25.128205128205128
4026880,883.0,5124.0,17.23263075722092
4026910,917.0,3820.0,24.005235602094242
4026940,42.0,195.0,21.53846153846154
4027000,55.0,398.0,13.819095477386934
4027060,74.0,734.0,10.08174386920981
4027090,26.0,153.0,16.99346405228758
4027240,33.0,452.0,7.300884955752212
4027300,418.0,1644.0,25.42579075425791
4027330,28.0,318.0,8.80503144654088
4027390,112.0,1348.0,8.30860534124629
4027420,4.0,161.0,2.484472049689441
4027450,71.0,165.0,43.03030303030303
4027540,39.0,375.0,10.4
4027570,1148.0,4002.0,28.68565717141429
4027630,31.0,247.0,12.550607287449392
4027640,142.0,914.0,15.536105032822759
4027750,263.0,2534.0,10.378847671665351
4027840,51.0,298.0,17.114093959731544
4027930,73.0,452.0,16.150442477876105
4027960,21.0,372.0,5.64516129032258
4027990,36.0,406.0,8.866995073891626
4028170,263.0,1151.0,22.849695916594264
4028200,296.0,1065.0,27.793427230046948
4028350,51.0,240.0,21.25
4028590,35.0,393.0,8.9058524173028
4028620,4.0,102.0,3.9215686274509802
4028650,221.0,1337.0,16.529543754674645
4028680,925.0,6333.0,14.6060318964156
4028710,368.0,1277.0,28.817541111981203
4028800,122.0,464.0,26.29310344827586
4028920,3.0,43.0,6.976744186046512
4028980,75.0,642.0,11.682242990654206
4029010,24.0,225.0,10.666666666666668
4029040,79.0,425.0,18.58823529411765
4029070,103.0,790.0,13.037974683544304
4029100,40.0,286.0,13.986013986013987
4029160,203.0,1514.0,13.408190224570674
4029310,27.0,129.0,20.930232558139537
4029340,24.0,142.0,16.901408450704224
4029380,750.0,3573.0,20.990764063811923
4029400,62.0,578.0,10.726643598615917
4029430,25.0,105.0,23.809523809523807
4029520,27.0,144.0,18.75
4029610,366.0,2163.0,16.920943134535367
4029640,37.0,189.0,19.576719576719576
4029670,59.0,301.0,19.601328903654487
4029820,19.0,307.0,6.188925081433225
4029850,86.0,328.0,26.21951219512195
4029886,44.0,237.0,18.565400843881857
4030030,40.0,285.0,14.035087719298245
4030060,192.0,919.0,20.89227421109902
4030120,153.0,783.0,19.54022988505747
4030197,91.0,515.0,17.66990291262136
4030240,12321.0,36171.0,34.06319980094551
4030270,54.0,251.0,21.51394422310757
4030290,28.0,107.0,26.168224299065418
4030300,53.0,327.0,16.207951070336392
4030330,49.0,435.0,11.264367816091953
4030360,27.0,443.0,6.094808126410835
4030390,9.0,80.0,11.25
4030420,322.0,1948.0,16.529774127310063
4030450,66.0,342.0,19.298245614035086
4030480,50.0,232.0,21.551724137931032
4030600,2914.0,15768.0,18.480466768138
4030630,37.0,320.0,11.5625
4030870,170.0,871.0,19.517795637198624
4030960,102.0,584.0,17.465753424657535
4030990,45.0,314.0,14.331210191082802
4031020,67.0,448.0,14.955357142857142
4031080,39.0,271.0,14.391143911439114
4031110,180.0,1332.0,13.513513513513514
4031140,121.0,947.0,12.777191129883844
4031170,62.0,331.0,18.731117824773413
4031290,330.0,1428.0,23.10924369747899
4031350,423.0,2379.0,17.78058007566204
4031380,19.0,100.0,19.0
4031470,91.0,635.0,14.330708661417324
4031500,41.0,152.0,26.973684210526315
4031590,50.0,253.0,19.76284584980237
4031650,90.0,815.0,11.042944785276074
4031710,73.0,1056.0,6.912878787878787
4031770,112.0,756.0,14.814814814814813
4031860,52.0,281.0,18.505338078291814
4031950,35.0,551.0,6.352087114337568
4031980,111.0,431.0,25.754060324825982
4032010,64.0,514.0,12.45136186770428
4032040,18.0,236.0,7.627118644067797
4032070,255.0,2267.0,11.248345831495369
4032130,52.0,280.0,18.571428571428573
4032190,45.0,327.0,13.761467889908257
4032220,127.0,426.0,29.812206572769952
4032280,91.0,591.0,15.397631133671744
4032370,1351.0,3507.0,38.522954091816366
4032400,249.0,1131.0,22.015915119363395
4032430,105.0,434.0,24.193548387096776
4032460,213.0,667.0,31.93403298350825
4032610,13.0,45.0,28.888888888888886
4032640,49.0,103.0,47.57281553398058
4032670,50.0,393.0,12.72264631043257
4032700,27.0,162.0,16.666666666666664
4032730,33.0,228.0,14.473684210526317
4032760,52.0,91.0,57.14285714285714
4032790,68.0,868.0,7.834101382488479
4032880,65.0,233.0,27.896995708154503
4032940,47.0,402.0,11.691542288557214
4032970,121.0,478.0,25.313807531380757
4033090,69.0,493.0,13.995943204868155
4033180,425.0,2832.0,15.007062146892656
4033210,56.0,476.0,11.76470588235294
4033240,147.0,795.0,18.49056603773585
4033300,121.0,688.0,17.587209302325583
4033330,15.0,107.0,14.018691588785046
4033360,109.0,408.0,26.715686274509803
4033390,5.0,86.0,5.813953488372093
4033480,1234.0,8779.0,14.056270645859437
4033540,5.0,303.0,1.65016501650165
4033600,26.0,344.0,7.55813953488372
4033601,27.0,488.0,5.532786885245901
4033602,36.0,314.0,11.464968152866243
4033603,56.0,339.0,16.519174041297934
4100003,91.0,207.0,43.96135265700483
4100009,181.0,1066.0,16.97936210131332
4100014,224.0,899.0,24.916573971078975
4100015,292.0,1312.0,22.25609756097561
4100016,186.0,1044.0,17.81609195402299
4100019,218.0,851.0,25.616921269095183
4100020,704.0,2263.0,31.109147149801146
4100021,86.0,243.0,35.390946502057616
4100023,3945.0,20359.0,19.377179625718355
4100040,123.0,501.0,24.550898203592812
4100043,1.0,83.0,1.2048192771084338
4100047,47.0,171.0,27.485380116959064
4100048,775.0,2997.0,25.859192525859193
4100640,206.0,586.0,35.153583617747444
4100990,3.0,6.0,50.0
4101020,55.0,329.0,16.717325227963524
4101120,2487.0,9421.0,26.39847149984078
4101200,76.0,166.0,45.78313253012048
4101230,253.0,878.0,28.815489749430522
4101350,23.0,83.0,27.710843373493976
4101470,46.0,155.0,29.677419354838708
4101500,2.0,15.0,13.333333333333334
4101560,647.0,2723.0,23.760558207858978
4101590,1.0,6.0,16.666666666666664
4101620,397.0,1923.0,20.64482579303172
4101660,143.0,575.0,24.869565217391305
4101710,519.0,3168.0,16.382575757575758
4101740,9.0,37.0,24.324324324324326
4101800,226.0,692.0,32.65895953757225
4101830,208.0,1137.0,18.293755496921722
4101920,7572.0,43130.0,17.556225365175052
4101980,4713.0,17978.0,26.21537434642341
4102040,1117.0,5468.0,20.42794440380395
4102160,59.0,231.0,25.541125541125542
4102190,11.0,34.0,32.35294117647059
4102310,658.0,1544.0,42.61658031088083
4102490,208.0,862.0,24.129930394431554
4102580,111.0,236.0,47.03389830508475
4102610,20.0,220.0,9.090909090909092
4102640,969.0,4657.0,20.807386729654283
4102780,487.0,2285.0,21.312910284463896
4102800,2078.0,6035.0,34.43247721623861
4102840,837.0,3315.0,25.248868778280542
4102910,183.0,644.0,28.416149068322984
4102940,1207.0,4778.0,25.261615738802845
4103260,282.0,732.0,38.52459016393443
4103265,270.0,936.0,28.846153846153843
4103270,129.0,604.0,21.357615894039736
4103330,24.0,125.0,19.2
4103390,419.0,1120.0,37.410714285714285
4103420,251.0,1260.0,19.92063492063492
4103480,1646.0,6787.0,24.252246942684543
4103540,50.0,272.0,18.38235294117647
4103600,23.0,88.0,26.136363636363637
4103630,15.0,54.0,27.77777777777778
4103660,1123.0,3244.0,34.61775585696671
4103690,270.0,1233.0,21.897810218978105
4103720,682.0,2900.0,23.517241379310345
4103780,67.0,231.0,29.004329004329005
4103840,152.0,669.0,22.720478325859492
4103860,691.0,3114.0,22.190109184328836
4103940,2656.0,10575.0,25.115839243498815
4103960,67.0,192.0,34.89583333333333
4103990,313.0,997.0,31.39418254764293
4104020,12.0,57.0,21.052631578947366
4104170,1.0,8.0,12.5
4104290,1.0,3.0,33.33333333333333
4104350,89.0,314.0,28.343949044585987
4104410,91.0,318.0,28.61635220125786
4104500,911.0,4596.0,19.82158398607485
4104530,52.0,295.0,17.627118644067796
4104590,125.0,419.0,29.832935560859188
4104620,85.0,273.0,31.135531135531135
4104700,419.0,1677.0,24.985092426952892
4104740,4592.0,17105.0,26.845951476176555
4104950,428.0,1457.0,29.375428963623882
4105020,3.0,14.0,21.428571428571427
4105080,99.0,404.0,24.504950495049506
4105100,360.0,1345.0,26.765799256505574
4105160,1443.0,6135.0,23.52078239608802
4105250,63.0,618.0,10.194174757281553
4105310,16.0,399.0,4.010025062656641
4105430,140.0,556.0,25.179856115107913
4105610,489.0,2045.0,23.9119804400978
4105670,200.0,748.0,26.737967914438503
4105760,139.0,475.0,29.263157894736842
4105910,1373.0,6131.0,22.394389169792856
4106000,3269.0,11798.0,27.708086116290897
4106120,25.0,114.0,21.929824561403507
4106270,31.0,184.0,16.847826086956523
4106300,1383.0,5688.0,24.314345991561183
4106510,633.0,4075.0,15.533742331288344
4106600,10.0,95.0,10.526315789473683
4106630,32.0,309.0,10.355987055016183
4106710,237.0,856.0,27.686915887850468
4106740,925.0,2976.0,31.081989247311824
4106750,18.0,166.0,10.843373493975903
4106780,169.0,614.0,27.524429967426713
4106820,4.0,57.0,7.017543859649122
4106870,40.0,249.0,16.06425702811245
4106900,1348.0,4934.0,27.32063234698014
4106930,338.0,1680.0,20.11904761904762
4107020,1489.0,6463.0,23.038836453659293
4107080,993.0,3002.0,33.077948034643576
4107200,550.0,2523.0,21.79944510503369
4107230,781.0,7006.0,11.147587781901228
4107280,248.0,771.0,32.16601815823606
4107380,1306.0,4264.0,30.628517823639772
4107500,1874.0,5515.0,33.98005439709882
4107590,158.0,933.0,16.934619506966776
4107710,50.0,168.0,29.761904761904763
4107740,66.0,270.0,24.444444444444443
4107980,79.0,198.0,39.8989898989899
4108010,1286.0,6813.0,18.87567884925877
4108040,3557.0,14232.0,24.992973580663293
4108100,3448.0,4460.0,77.30941704035874
4108160,455.0,1739.0,26.164462334675097
4108310,794.0,2735.0,29.031078610603288
4108430,143.0,436.0,32.798165137614674
4108460,2.0,52.0,3.8461538461538463
4108520,525.0,2202.0,23.841961852861036
4108550,183.0,751.0,24.36750998668442
4108650,209.0,779.0,26.82926829268293
4108700,130.0,475.0,27.368421052631582
4108720,1058.0,5031.0,21.02961637845359
4108820,1339.0,4314.0,31.03847936949467
4108830,3315.0,17106.0,19.379165205191164
4108880,409.0,1901.0,21.5149921094161
4108940,43.0,296.0,14.527027027027026
4109000,346.0,1214.0,28.500823723228997
4109120,184.0,629.0,29.252782193958666
4109150,117.0,548.0,21.350364963503647
4109270,399.0,2365.0,16.871035940803385
4109330,1806.0,7562.0,23.88257074847924
4109430,29.0,223.0,13.004484304932735
4109480,967.0,3206.0,30.1621958827199
4109510,807.0,3166.0,25.48957675300063
4109530,96.0,170.0,56.470588235294116
4109600,330.0,1634.0,20.195838433292536
4109630,749.0,2594.0,28.87432536622976
4109660,110.0,336.0,32.73809523809524
4109720,56.0,192.0,29.166666666666668
4109750,7.0,17.0,41.17647058823529
4109870,251.0,1012.0,24.802371541501977
4109960,2.0,7.0,28.57142857142857
4110020,73.0,277.0,26.353790613718413
4110040,10180.0,46933.0,21.69049496090171
4110080,49.0,111.0,44.14414414414414
4110110,33.0,141.0,23.404255319148938
4110200,81.0,228.0,35.526315789473685
4110350,2318.0,7394.0,31.34974303489316
4110410,272.0,645.0,42.17054263565891
4110520,3915.0,11159.0,35.08378886997043
4110530,163.0,395.0,41.265822784810126
4110560,66.0,657.0,10.045662100456621
4110680,265.0,953.0,27.806925498426022
4110710,1731.0,6004.0,28.830779480346436
4110820,13860.0,41779.0,33.17456138251275
4110890,1034.0,4395.0,23.52673492605233
4110980,433.0,2344.0,18.47269624573379
4111040,259.0,790.0,32.78481012658228
4111100,492.0,1585.0,31.041009463722396
4111220,311.0,978.0,31.79959100204499
4111250,62.0,252.0,24.6031746031746
4111290,783.0,5341.0,14.660175997004307
4111400,71.0,212.0,33.490566037735846
4111450,861.0,3997.0,21.541155866900176
4111490,248.0,1062.0,23.35216572504708
4111580,582.0,2188.0,26.599634369287017
4111610,515.0,1484.0,34.703504043126685
4111640,5.0,55.0,9.090909090909092
4111670,3272.0,10623.0,30.801091970253225
4111720,842.0,3013.0,27.94556920013276
4111760,11.0,117.0,9.401709401709402
4111790,124.0,471.0,26.326963906581742
4111910,4.0,13.0,30.76923076923077
4111940,359.0,1309.0,27.42551566080978
4111970,724.0,2316.0,31.26079447322971
4112240,3017.0,12810.0,23.55191256830601
4112320,494.0,2166.0,22.807017543859647
4112540,11.0,36.0,30.555555555555557
4112600,379.0,1346.0,28.157503714710252
4112690,102.0,337.0,30.267062314540063
4112930,192.0,532.0,36.09022556390977
4112990,34.0,175.0,19.428571428571427
4113080,222.0,1042.0,21.30518234165067
4113170,1881.0,9933.0,18.93687707641196
4113350,290.0,889.0,32.62092238470191
4113490,480.0,1408.0,34.090909090909086
4113530,1657.0,5642.0,29.369018078695497
4113650,36.0,257.0,14.007782101167315
4180180,153.0,186.0,82.25806451612904
4200011,107.0,192.0,55.729166666666664
4200012,7.0,108.0,6.481481481481481
4200013,281.0,1220.0,23.0327868852459
4200014,76.0,537.0,14.152700186219738
4200016,230.0,262.0,87.78625954198473
4200017,36.0,367.0,9.809264305177113
4200018,104.0,344.0,30.23255813953488
4200019,74.0,275.0,26.90909090909091
4200020,99.0,421.0,23.51543942992874
4200021,53.0,168.0,31.547619047619047
4200023,11.0,92.0,11.956521739130435
4200026,72.0,199.0,36.18090452261307
4200027,35.0,219.0,15.981735159817351
4200028,41.0,72.0,56.94444444444444
4200030,90.0,1248.0,7.211538461538461
4200035,2172.0,4196.0,51.76358436606292
4200036,164.0,610.0,26.885245901639344
4200038,176.0,595.0,29.57983193277311
4200039,95.0,467.0,20.342612419700217
4200040,64.0,291.0,21.993127147766323
4200041,22.0,1075.0,2.0465116279069764
4200042,17.0,223.0,7.623318385650224
4200043,60.0,501.0,11.976047904191617
4200048,78.0,94.0,82.97872340425532
4200050,213.0,2898.0,7.349896480331262
4200051,47.0,1354.0,3.471196454948301
4200052,47.0,859.0,5.471478463329453
4200053,264.0,619.0,42.64943457189014
4200055,45.0,626.0,7.188498402555911
4200056,185.0,992.0,18.649193548387096
4200058,40.0,275.0,14.545454545454545
4200060,158.0,983.0,16.073245167853507
4200061,122.0,712.0,17.134831460674157
4200062,335.0,1245.0,26.907630522088354
4200063,131.0,478.0,27.405857740585777
4200064,13.0,33.0,39.39393939393939
4200065,120.0,660.0,18.181818181818183
4200067,47.0,1063.0,4.421448730009407
4200068,40.0,618.0,6.472491909385113
4200069,9.0,196.0,4.591836734693878
4200070,2.0,231.0,0.8658008658008658
4200071,1710.0,9676.0,17.67259198015709
4200073,127.0,697.0,18.220946915351508
4200074,394.0,2430.0,16.213991769547327
4200075,93.0,709.0,13.117066290550069
4200076,371.0,1558.0,23.812580231065468
4200077,61.0,1168.0,5.222602739726027
4200079,288.0,1162.0,24.78485370051635
4200084,162.0,586.0,27.64505119453925
4200085,88.0,545.0,16.14678899082569
4200086,214.0,486.0,44.03292181069959
4200087,42.0,814.0,5.159705159705159
4200088,93.0,2154.0,4.3175487465181055
4200091,11.0,1041.0,1.0566762728146013
4200092,88.0,568.0,15.492957746478872
4200093,349.0,1817.0,19.207484865162357
4200094,99.0,580.0,17.06896551724138
4200095,104.0,170.0,61.1764705882353
4200096,28.0,166.0,16.867469879518072
4200098,89.0,1721.0,5.171411969785009
4200099,183.0,627.0,29.1866028708134
4200100,76.0,142.0,53.52112676056338
4200101,126.0,1722.0,7.317073170731707
4200104,11.0,693.0,1.5873015873015872
4200105,231.0,690.0,33.47826086956522
4200106,54.0,939.0,5.7507987220447285
4200107,330.0,621.0,53.14009661835749
4200108,177.0,881.0,20.090805902383654
4200111,159.0,386.0,41.19170984455959
4200114,106.0,164.0,64.63414634146342
4200115,265.0,556.0,47.66187050359712
4200118,6.0,210.0,2.857142857142857
4200119,1010.0,8592.0,11.75512104283054
4200121,93.0,741.0,12.550607287449392
4200122,104.0,859.0,12.107101280558789
4200123,88.0,817.0,10.771113831089352
4200124,39.0,523.0,7.45697896749522
4200125,178.0,847.0,21.01534828807556
4200126,36.0,468.0,7.6923076923076925
4200127,222.0,2594.0,8.558211256746338
4200128,178.0,447.0,39.821029082774054
4200129,50.0,590.0,8.47457627118644
4200130,11.0,184.0,5.978260869565218
4200131,26.0,402.0,6.467661691542288
4200134,88.0,399.0,22.05513784461153
4200135,42.0,353.0,11.89801699716714
4200136,51.0,296.0,17.22972972972973
4200137,28.0,393.0,7.124681933842239
4200139,60.0,790.0,7.59493670886076
4200140,2277.0,6022.0,37.81135835270674
4200141,21.0,505.0,4.158415841584159
4200143,211.0,731.0,28.864569083447332
4200144,310.0,1310.0,23.66412213740458
4200145,175.0,775.0,22.58064516129032
4200749,15.0,99.0,15.151515151515152
4200752,144.0,393.0,36.6412213740458
4200753,74.0,424.0,17.452830188679243
4200758,51.0,502.0,10.159362549800797
4200760,123.0,826.0,14.891041162227603
4200761,353.0,872.0,40.481651376146786
4200762,84.0,728.0,11.538461538461538
4200810,69.0,745.0,9.261744966442953
4200812,50.0,636.0,7.861635220125786
4200813,91.0,697.0,13.055954088952653
4200814,11.0,251.0,4.382470119521913
4200815,70.0,361.0,19.390581717451525
4200816,145.0,658.0,22.036474164133736
4200817,31.0,936.0,3.311965811965812
4200818,18.0,311.0,5.787781350482315
4200819,92.0,757.0,12.15323645970938
4200821,271.0,1103.0,24.56935630099728
4200822,26.0,313.0,8.30670926517572
4200824,252.0,2351.0,10.718843045512548
4200827,110.0,692.0,15.895953757225435
4200828,184.0,844.0,21.80094786729858
4200829,175.0,749.0,23.364485981308412
4200830,316.0,756.0,41.7989417989418
4200831,112.0,566.0,19.78798586572438
4200832,73.0,461.0,15.835140997830802
4200833,239.0,379.0,63.06068601583114
4200834,125.0,519.0,24.084778420038536
4200835,79.0,262.0,30.15267175572519
4200836,28.0,203.0,13.793103448275861
4200839,333.0,984.0,33.84146341463415
4200840,195.0,586.0,33.27645051194539
4200841,73.0,221.0,33.03167420814479
4200843,1447.0,1984.0,72.93346774193549
4200844,7.0,79.0,8.860759493670885
4200845,45.0,322.0,13.975155279503104
4200846,25.0,675.0,3.7037037037037033
4200847,74.0,295.0,25.08474576271186
4200848,270.0,439.0,61.50341685649203
4200849,92.0,396.0,23.232323232323232
4200850,148.0,721.0,20.527045769764214
4200851,527.0,1507.0,34.9701393497014
4200852,75.0,231.0,32.467532467532465
4200853,88.0,397.0,22.16624685138539
4200854,205.0,431.0,47.56380510440835
4200855,96.0,371.0,25.87601078167116
4200856,332.0,608.0,54.60526315789473
4200857,96.0,583.0,16.466552315608922
4200858,84.0,226.0,37.16814159292036
4200859,88.0,361.0,24.37673130193906
4200860,68.0,376.0,18.085106382978726
4200861,38.0,568.0,6.690140845070422
4200862,153.0,758.0,20.184696569920842
4200863,228.0,1012.0,22.529644268774703
4200866,107.0,732.0,14.617486338797814
4200867,38.0,258.0,14.728682170542637
4200868,70.0,89.0,78.65168539325843
4200870,280.0,809.0,34.610630407911
4200872,22.0,629.0,3.4976152623211445
4200873,18.0,211.0,8.530805687203792
4200874,175.0,589.0,29.711375212224105
4200875,15.0,332.0,4.518072289156627
4200876,61.0,199.0,30.65326633165829
4200879,172.0,1190.0,14.453781512605044
4200880,97.0,298.0,32.5503355704698
4200882,124.0,136.0,91.17647058823529
4200883,149.0,410.0,36.34146341463415
4200884,54.0,172.0,31.3953488372093
4200885,10.0,272.0,3.6764705882352944
4200886,124.0,526.0,23.574144486692013
4200887,249.0,1929.0,12.908242612752721
4200888,21.0,193.0,10.880829015544041
4200889,257.0,513.0,50.097465886939574
4200890,19.0,131.0,14.50381679389313
4200891,51.0,504.0,10.119047619047619
4200892,191.0,574.0,33.27526132404181
4200893,72.0,401.0,17.955112219451372
4200894,147.0,401.0,36.65835411471321
4200895,151.0,413.0,36.56174334140436
4200896,35.0,110.0,31.818181818181817
4200897,46.0,336.0,13.690476190476192
4200898,143.0,481.0,29.72972972972973
4202010,304.0,3370.0,9.020771513353115
4202040,899.0,8158.0,11.019857808286345
4202100,878.0,3563.0,24.6421554869492
4202130,286.0,1038.0,27.552986512524086
4202190,179.0,920.0,19.456521739130434
4202280,3795.0,15910.0,23.85292269013199
4202310,108.0,702.0,15.384615384615385
4202340,1075.0,7608.0,14.129863301787593
4202400,156.0,4561.0,3.4203025652269234
4202440,437.0,2405.0,18.170478170478173
4202480,146.0,1132.0,12.897526501766784
4202490,130.0,1438.0,9.040333796940194
4202550,185.0,1193.0,15.50712489522213
4202590,805.0,5064.0,15.89652448657188
4202600,95.0,337.0,28.18991097922849
4202670,263.0,2059.0,12.773190869354057
4202700,16.0,195.0,8.205128205128204
4202760,64.0,541.0,11.829944547134936
4202790,408.0,5019.0,8.12910938433951
4202820,101.0,1684.0,5.997624703087886
4202850,239.0,4575.0,5.224043715846995
4202900,111.0,185.0,60.0
4202910,109.0,1637.0,6.658521686010996
4202970,296.0,4180.0,7.081339712918661
4203000,268.0,2813.0,9.527195165303946
4203120,164.0,2019.0,8.122833085685983
4203180,242.0,1763.0,13.726602382302893
4203210,632.0,2427.0,26.040379068809226
4203240,226.0,2697.0,8.379681127178348
4203300,123.0,1270.0,9.68503937007874
4203330,1130.0,6505.0,17.371252882398156
4203360,178.0,1137.0,15.655233069481088
4203390,75.0,662.0,11.329305135951662
4203420,61.0,708.0,8.615819209039548
4203450,143.0,1947.0,7.344632768361582
4203480,579.0,2810.0,20.604982206405694
4203510,201.0,4010.0,5.012468827930175
4203570,1703.0,13620.0,12.50367107195301
4203600,229.0,1159.0,19.75841242450388
4203630,396.0,1701.0,23.28042328042328
4203660,197.0,2538.0,7.762017336485422
4203688,227.0,2365.0,9.59830866807611
4203690,119.0,657.0,18.11263318112633
4203750,256.0,1514.0,16.90885072655218
4203840,144.0,1505.0,9.56810631229236
4203870,249.0,2591.0,9.610189116171362
4203900,108.0,998.0,10.821643286573146
4203960,462.0,6881.0,6.714140386571719
4204020,402.0,2551.0,15.758526068208544
4204050,79.0,1397.0,5.654974946313529
4204080,523.0,1572.0,33.26972010178117
4204140,157.0,1201.0,13.072439633638636
4204200,249.0,1254.0,19.85645933014354
4204230,732.0,6838.0,10.704884469143023
4204260,66.0,950.0,6.947368421052631
4204320,118.0,1485.0,7.9461279461279455
4204500,177.0,1109.0,15.960324616771867
4204530,189.0,1802.0,10.48834628190899
4204590,1087.0,6250.0,17.392
4204710,196.0,896.0,21.875
4204740,119.0,1350.0,8.814814814814815
4204830,75.0,550.0,13.636363636363635
4204860,64.0,1296.0,4.938271604938271
4204890,445.0,5262.0,8.45686050931205
4204920,103.0,915.0,11.256830601092895
4204980,422.0,1581.0,26.691967109424414
4205010,524.0,5007.0,10.465348512083084
4205040,156.0,1345.0,11.598513011152416
4205070,257.0,1070.0,24.018691588785046
4205160,192.0,1494.0,12.851405622489958
4205190,487.0,5479.0,8.88848329987224
4205310,1110.0,18701.0,5.935511469974868
4205340,218.0,1650.0,13.212121212121211
4205370,99.0,1751.0,5.653912050256996
4205400,1413.0,11343.0,12.457021951864586
4205430,441.0,1717.0,25.684333139196276
4205460,290.0,2805.0,10.338680926916222
4205490,502.0,5695.0,8.814749780509219
4205550,1061.0,9157.0,11.586764224090858
4205640,276.0,1508.0,18.30238726790451
4205700,204.0,3293.0,6.194959003947767
4205730,182.0,1156.0,15.7439446366782
4205760,540.0,4550.0,11.868131868131867
4205860,1675.0,3048.0,54.95406824146981
4205880,232.0,1432.0,16.201117318435752
4205910,561.0,3197.0,17.547700969659054
4206030,276.0,793.0,34.80453972257251
4206060,77.0,815.0,9.447852760736195
4206090,122.0,896.0,13.616071428571427
4206120,88.0,801.0,10.986267166042447
4206150,334.0,2217.0,15.065403698691926
4206240,2825.0,6023.0,46.903536443632746
4206270,213.0,3073.0,6.931337455255451
4206360,272.0,1285.0,21.167315175097276
4206365,86.0,646.0,13.312693498452013
4206390,50.0,449.0,11.1358574610245
4206420,86.0,959.0,8.967674661105319
4206430,117.0,744.0,15.725806451612904
4206480,315.0,4214.0,7.475083056478406
4206550,326.0,3834.0,8.502869066249348
4206590,144.0,1673.0,8.607292289300657
4206660,1148.0,4078.0,28.151054438450217
4206780,230.0,2608.0,8.819018404907975
4206810,129.0,643.0,20.06220839813375
4206840,408.0,4797.0,8.505315822388994
4206860,271.0,2005.0,13.516209476309227
4206930,91.0,782.0,11.636828644501279
4206960,893.0,10977.0,8.135191764598707
4207050,113.0,1164.0,9.70790378006873
4207080,630.0,3604.0,17.48057713651498
4207110,656.0,8937.0,7.3402707843795465
4207140,159.0,1075.0,14.790697674418604
4207200,799.0,2625.0,30.438095238095237
4207230,552.0,6271.0,8.802423855844363
4207290,742.0,3362.0,22.070196311719215
4207320,133.0,2287.0,5.815478793178837
4207385,266.0,1068.0,24.9063670411985
4207530,467.0,4574.0,10.209881941407959
4207540,213.0,1912.0,11.140167364016737
4207560,264.0,1981.0,13.326602725896011
4207590,284.0,3391.0,8.375110586847539
4207650,342.0,2994.0,11.422845691382765
4207680,326.0,3296.0,9.890776699029127
4207710,2282.0,12791.0,17.840669220545696
4207830,438.0,3490.0,12.550143266475644
4207980,285.0,1512.0,18.849206349206348
4208010,81.0,329.0,24.620060790273556
4208060,466.0,1566.0,29.757343550446997
4208280,58.0,436.0,13.302752293577983
4208460,180.0,2425.0,7.422680412371134
4208490,128.0,1661.0,7.706201083684528
4208550,613.0,7965.0,7.696170747018205
4208580,255.0,2637.0,9.670079635949943
4208670,1177.0,6635.0,17.739261492087415
4208790,101.0,2506.0,4.030327214684756
4208820,268.0,3125.0,8.576
4208850,800.0,8537.0,9.37097340986295
4209090,321.0,2317.0,13.854121709106604
4209120,354.0,3798.0,9.320695102685624
4209150,207.0,1159.0,17.860224331320104
4209240,296.0,1663.0,17.799158147925436
4209270,362.0,4144.0,8.735521235521237
4209300,2977.0,10832.0,27.48338257016248
4209360,195.0,1252.0,15.575079872204473
4209480,340.0,3912.0,8.69120654396728
4209540,116.0,987.0,11.752786220871327
4209570,84.0,1691.0,4.967474866942637
4209600,184.0,1423.0,12.9304286718201
4209660,64.0,495.0,12.929292929292929
4209690,162.0,705.0,22.97872340425532
4209750,90.0,690.0,13.043478260869565
4209780,202.0,2469.0,8.181449979748887
4209870,43.0,358.0,12.011173184357542
4209930,146.0,788.0,18.527918781725887
4209940,213.0,1817.0,11.722619702806824
4209960,154.0,1064.0,14.473684210526317
4209990,214.0,2151.0,9.9488609948861
4210070,409.0,4001.0,10.222444388902774
4210110,252.0,1965.0,12.82442748091603
4210115,111.0,1121.0,9.901873327386262
4210200,265.0,1946.0,13.617677286742037
4210230,113.0,3430.0,3.2944606413994166
4210350,223.0,1196.0,18.645484949832774
4210380,180.0,1355.0,13.284132841328415
4210440,149.0,1878.0,7.933972310969116
4210530,52.0,362.0,14.3646408839779
4210590,168.0,4727.0,3.5540511952612652
4210620,403.0,3284.0,12.271619975639464
4210650,190.0,2159.0,8.800370541917554
4210710,297.0,2996.0,9.913217623497998
4210740,171.0,1660.0,10.301204819277109
4210830,133.0,760.0,17.5
4210860,426.0,4189.0,10.16949152542373
4210870,178.0,4172.0,4.266538830297219
4210920,358.0,2731.0,13.108751373123399
4210950,581.0,1455.0,39.93127147766323
4210980,452.0,3772.0,11.983032873807
4211010,342.0,3052.0,11.205766710353867
4211160,206.0,1303.0,15.809669992325404
4211190,85.0,749.0,11.348464619492656
4211220,354.0,2251.0,15.72634384717903
4211310,129.0,1019.0,12.659470068694798
4211340,177.0,2133.0,8.29817158931083
4211400,189.0,2841.0,6.652587117212249
4211420,579.0,1981.0,29.227662796567387
4211450,225.0,2054.0,10.954235637779941
4211490,167.0,2141.0,7.800093414292386
4211520,37.0,274.0,13.503649635036496
4211580,2818.0,6366.0,44.266415331448314
4211610,518.0,4766.0,10.868652958455728
4211670,321.0,6145.0,5.223759153783564
4211700,2501.0,11947.0,20.934125721938564
4211730,155.0,2171.0,7.139567019806541
4211760,590.0,5613.0,10.511313023338678
4211790,424.0,6548.0,6.475259621258401
4211820,227.0,2065.0,10.99273607748184
4211880,664.0,2527.0,26.27621685793431
4211940,411.0,3402.0,12.081128747795415
4212030,301.0,2150.0,14.000000000000002
4212090,144.0,1898.0,7.586933614330875
4212150,344.0,2851.0,12.065941774815855
4212170,453.0,3360.0,13.482142857142856
4212210,156.0,1190.0,13.109243697478993
4212300,41.0,455.0,9.010989010989011
4212330,188.0,974.0,19.301848049281315
4212335,84.0,373.0,22.5201072386059
4212390,212.0,745.0,28.456375838926174
4212420,42.0,693.0,6.0606060606060606
4212480,222.0,2409.0,9.21544209215442
4212540,375.0,2019.0,18.573551263001487
4212570,88.0,582.0,15.120274914089347
4212600,252.0,2783.0,9.05497664390945
4212630,113.0,720.0,15.694444444444445
4212660,98.0,1139.0,8.604038630377524
4212690,303.0,4175.0,7.25748502994012
4212720,183.0,1002.0,18.263473053892216
4212725,917.0,3994.0,22.959439158738107
4212750,167.0,1849.0,9.031909140075717
4212840,351.0,3457.0,10.153312120335551
4212930,76.0,1303.0,5.832693783576362
4212990,159.0,1024.0,15.52734375
4213020,271.0,1789.0,15.148127445500279
4213050,424.0,1475.0,28.74576271186441
4213080,138.0,1044.0,13.218390804597702
4213110,195.0,3034.0,6.427158866183256
4213140,2557.0,11058.0,23.12353047567372
4213290,81.0,866.0,9.353348729792147
4213320,945.0,2981.0,31.700771553170075
4213380,101.0,1104.0,9.148550724637682
4213390,137.0,382.0,35.86387434554974
4213440,971.0,5122.0,18.957438500585706
4213470,40.0,753.0,5.3120849933598935
4213500,211.0,2345.0,8.997867803837952
4213590,109.0,1995.0,5.463659147869674
4213710,210.0,1577.0,13.316423589093215
4213770,147.0,1648.0,8.91990291262136
4213980,255.0,2030.0,12.561576354679804
4214100,372.0,3771.0,9.86475735879077
4214160,509.0,8583.0,5.930327391355004
4214190,88.0,2277.0,3.864734299516908
4214250,254.0,4752.0,5.345117845117845
4214310,188.0,1532.0,12.27154046997389
4214430,230.0,1040.0,22.115384615384613
4214460,175.0,1121.0,15.611061552185548
4214550,192.0,2987.0,6.427854034147974
4214580,294.0,5778.0,5.088265835929388
4214730,185.0,1309.0,14.132925897631779
4214760,61.0,2879.0,2.1187912469607504
4214790,208.0,3310.0,6.283987915407856
4214850,142.0,616.0,23.051948051948052
4214880,289.0,1569.0,18.419375398342893
4214940,1292.0,3304.0,39.10411622276029
4215030,273.0,4128.0,6.613372093023257
4215120,142.0,1180.0,12.033898305084746
4215150,90.0,826.0,10.895883777239709
4215170,268.0,1812.0,14.79028697571744
4215210,220.0,2119.0,10.382255781028787
4215240,290.0,2338.0,12.403763900769889
4215270,46.0,281.0,16.370106761565836
4215290,712.0,4938.0,14.41879303361685
4215330,433.0,6563.0,6.597592564376048
4215360,90.0,794.0,11.335012594458437
4215450,52.0,646.0,8.04953560371517
4215480,184.0,2045.0,8.99755501222494
4215510,228.0,1134.0,20.105820105820104
4215540,192.0,1458.0,13.168724279835391
4215600,200.0,714.0,28.011204481792717
4215660,74.0,953.0,7.76495278069255
4215720,369.0,2881.0,12.808052759458521
4215750,227.0,1997.0,11.367050575863797
4215810,247.0,1341.0,18.419090231170767
4215830,335.0,3824.0,8.760460251046025
4215900,142.0,847.0,16.76505312868949
4215960,147.0,805.0,18.26086956521739
4215990,354.0,1551.0,22.823984526112184
4216020,352.0,1393.0,25.269203158650395
4216050,152.0,936.0,16.23931623931624
4216110,391.0,5497.0,7.112970711297072
4216170,230.0,1956.0,11.758691206543967
4216200,316.0,3761.0,8.402020739165115
4216230,101.0,1066.0,9.47467166979362
4216290,511.0,2309.0,22.13079255088783
4216380,418.0,4746.0,8.807416772018541
4216410,1241.0,9075.0,13.674931129476583
4216440,137.0,1212.0,11.303630363036303
4216500,1338.0,3461.0,38.65934700953482
4216530,232.0,1379.0,16.823785351704135
4216620,976.0,3025.0,32.264462809917354
4216740,387.0,1930.0,20.05181347150259
4216860,59.0,1428.0,4.131652661064425
4216890,46.0,1052.0,4.3726235741444865
4216980,1252.0,7473.0,16.75364646059146
4217010,495.0,8324.0,5.9466602594906295
4217100,174.0,1281.0,13.583138173302109
4217130,58.0,658.0,8.814589665653495
4217160,160.0,1660.0,9.63855421686747
4217220,214.0,4393.0,4.871386296380606
4217280,1022.0,12603.0,8.109180353883996
4217310,484.0,2981.0,16.236162361623617
4217370,485.0,5481.0,8.848750228060572
4217430,140.0,1471.0,9.517335146159075
4217460,70.0,815.0,8.588957055214724
4217520,305.0,3812.0,8.001049317943338
4217580,53.0,983.0,5.391658189216684
4217610,82.0,1057.0,7.757805108798486
4217640,218.0,2260.0,9.646017699115045
4217670,190.0,1568.0,12.11734693877551
4217700,94.0,534.0,17.60299625468165
4217730,273.0,2129.0,12.822921559417566
4217760,305.0,3188.0,9.567126725219573
4217770,219.0,1040.0,21.057692307692307
4217790,146.0,1035.0,14.106280193236714
4217850,113.0,2099.0,5.383515959980943
4217880,242.0,1399.0,17.29807005003574
4217940,404.0,5289.0,7.638494989601059
4218030,248.0,2327.0,10.65749892565535
4218090,243.0,1985.0,12.241813602015112
4218120,73.0,971.0,7.518022657054583
4218150,115.0,1635.0,7.033639143730887
4218210,90.0,407.0,22.11302211302211
4218240,80.0,649.0,12.326656394453005
4218270,297.0,5422.0,5.477683511619329
4218300,547.0,3738.0,14.633493846976995
4218330,86.0,1516.0,5.672823218997362
4218360,145.0,1695.0,8.55457227138643
4218390,339.0,3570.0,9.495798319327731
4218450,348.0,1686.0,20.640569395017792
4218510,691.0,9420.0,7.335456475583864
4218570,172.0,1628.0,10.565110565110565
4218580,298.0,3422.0,8.708357685563998
4218590,759.0,3199.0,23.726164426383246
4218630,521.0,5266.0,9.893657424990506
4218660,357.0,3829.0,9.323583180987203
4218740,277.0,2777.0,9.974792942023766
4218750,580.0,7182.0,8.07574491785018
4218780,98.0,819.0,11.965811965811966
4218810,173.0,1520.0,11.381578947368421
4218840,968.0,10034.0,9.64719952162647
4218900,125.0,1487.0,8.406186953597848
4218930,250.0,5510.0,4.537205081669692
4218960,372.0,4045.0,9.19653893695921
4218990,31398.0,130231.0,24.109467023980464
4219020,403.0,1729.0,23.308270676691727
4219050,273.0,3918.0,6.967840735068913
4219140,174.0,1702.0,10.223266745005875
4219170,8325.0,23142.0,35.97355457609541
4219200,1079.0,3287.0,32.826285366595684
4219290,897.0,4598.0,19.508481948673335
4219350,392.0,3724.0,10.526315789473683
4219470,240.0,4984.0,4.815409309791333
4219500,2716.0,8903.0,30.506570818825114
4219530,110.0,891.0,12.345679012345679
4219560,90.0,929.0,9.68783638320775
4219650,363.0,3195.0,11.36150234741784
4219680,720.0,3188.0,22.58469259723965
4219710,649.0,2632.0,24.658054711246198
4219800,336.0,2093.0,16.05351170568562
4219830,153.0,853.0,17.936694021101992
4219860,108.0,1912.0,5.648535564853557
4219890,562.0,5153.0,10.906268193285465
4219920,293.0,3661.0,8.003277792952746
4220040,4036.0,17462.0,23.113045470163783
4220100,457.0,5177.0,8.827506277767046
4220130,73.0,1092.0,6.684981684981685
4220220,173.0,1105.0,15.656108597285067
4220250,98.0,1536.0,6.380208333333333
4220310,44.0,783.0,5.61941251596424
4220370,747.0,5456.0,13.691348973607036
4220400,752.0,2825.0,26.61946902654867
4220430,151.0,978.0,15.439672801635993
4220460,111.0,682.0,16.27565982404692
4220520,76.0,700.0,10.857142857142858
4220550,223.0,3870.0,5.762273901808785
4220580,180.0,3240.0,5.555555555555555
4220640,191.0,2045.0,9.339853300733497
4220730,120.0,1571.0,7.638446849140674
4220760,44.0,265.0,16.60377358490566
4220850,145.0,1096.0,13.229927007299269
4220910,97.0,1185.0,8.185654008438819
4220970,104.0,2062.0,5.04364694471387
4221090,3296.0,9870.0,33.394123606889565
4221120,176.0,2550.0,6.901960784313725
4221150,433.0,1912.0,22.64644351464435
4221180,64.0,421.0,15.201900237529692
4221200,389.0,4311.0,9.02342843887729
4221240,878.0,2283.0,38.45816907577749
4221270,18.0,330.0,5.454545454545454
4221330,487.0,2019.0,24.120851906884596
4221420,75.0,1199.0,6.255212677231025
4221490,237.0,1113.0,21.293800539083556
4221510,137.0,1104.0,12.409420289855072
4221540,502.0,3019.0,16.628022524014575
4221570,396.0,3329.0,11.895464103334334
4221660,257.0,1933.0,13.295395757889292
4221690,143.0,823.0,17.375455650060754
4221810,393.0,3550.0,11.070422535211268
4221840,361.0,2090.0,17.272727272727273
4221870,729.0,6486.0,11.23959296947271
4221910,241.0,1533.0,15.720808871493801
4221930,254.0,2273.0,11.17465904091509
4222050,137.0,2145.0,6.386946386946386
4222060,161.0,1799.0,8.949416342412452
4222140,114.0,1156.0,9.86159169550173
4222170,190.0,2522.0,7.53370340999207
4222200,188.0,588.0,31.97278911564626
4222230,197.0,1017.0,19.37069813176008
4222260,62.0,1355.0,4.575645756457565
4222290,82.0,758.0,10.817941952506596
4222320,147.0,1121.0,13.113291703835861
4222350,186.0,3169.0,5.869359419375197
4222370,166.0,1814.0,9.151047409040794
4222380,231.0,3049.0,7.576254509675303
4222400,1761.0,4283.0,41.11604015876722
4222410,231.0,1865.0,12.386058981233244
4222440,615.0,7172.0,8.575013943112102
4222470,255.0,4107.0,6.20891161431702
4222530,140.0,1804.0,7.760532150776053
4222560,680.0,7988.0,8.512769153730595
4222590,339.0,3782.0,8.963511369645689
4222600,231.0,4062.0,5.68685376661743
4222620,123.0,2493.0,4.9338146811071
4222710,89.0,533.0,16.69793621013133
4222740,269.0,2486.0,10.82059533386967
4222770,635.0,6801.0,9.336862226143214
4222790,392.0,1424.0,27.52808988764045
4222800,526.0,1332.0,39.489489489489486
4222830,417.0,882.0,47.27891156462585
4222860,640.0,4971.0,12.874673104003218
4222920,65.0,618.0,10.517799352750808
4222980,44.0,836.0,5.263157894736842
4223010,420.0,2772.0,15.151515151515152
4223040,248.0,1780.0,13.93258426966292
4223220,255.0,2098.0,12.154432793136321
4223250,168.0,1603.0,10.480349344978166
4223490,203.0,1988.0,10.211267605633804
4223550,225.0,1552.0,14.497422680412372
4223640,604.0,6900.0,8.753623188405797
4223700,105.0,987.0,10.638297872340425
4223760,435.0,3139.0,13.857916533928002
4223790,152.0,1452.0,10.46831955922865
4223820,183.0,1434.0,12.761506276150628
4223850,257.0,2296.0,11.193379790940766
4223880,115.0,349.0,32.95128939828081
4223970,198.0,941.0,21.04144527098831
4224000,357.0,3608.0,9.894678492239468
4224030,194.0,1785.0,10.868347338935575
4224060,19.0,735.0,2.585034013605442
4224090,190.0,1119.0,16.979445933869528
4224120,87.0,558.0,15.591397849462366
4224150,673.0,2737.0,24.588966021191087
4224210,111.0,3994.0,2.7791687531296945
4224240,190.0,1030.0,18.446601941747574
4224300,171.0,1691.0,10.112359550561797
4224320,2200.0,12180.0,18.0623973727422
4224360,122.0,1143.0,10.673665791776028
4224390,179.0,4109.0,4.356291068386469
4224480,284.0,3913.0,7.257858420649119
4224510,196.0,3098.0,6.326662362814719
4224540,282.0,3126.0,9.021113243761997
4224570,158.0,4004.0,3.9460539460539463
4224630,118.0,864.0,13.657407407407407
4224650,474.0,2404.0,19.717138103161396
4224750,563.0,2945.0,19.117147707979626
4224790,167.0,3682.0,4.535578489951114
4224820,712.0,4308.0,16.527390900649955
4224870,121.0,1524.0,7.939632545931759
4224960,342.0,4076.0,8.390578999018645
4224970,367.0,2512.0,14.609872611464969
4224990,347.0,1466.0,23.669849931787176
4225080,131.0,1333.0,9.827456864216053
4225110,513.0,4241.0,12.09620372553643
4225140,54.0,658.0,8.206686930091186
4225170,105.0,1511.0,6.949040370615486
4225200,305.0,3401.0,8.967950602763892
4225230,157.0,1020.0,15.392156862745098
4225290,668.0,11925.0,5.60167714884696
4225440,129.0,674.0,19.13946587537092
4225590,161.0,2913.0,5.526948163405424
4225650,80.0,714.0,11.204481792717088
4225680,686.0,2835.0,24.19753086419753
4225740,338.0,2411.0,14.019079220240563
4225830,912.0,7736.0,11.789038262668045
4225870,221.0,524.0,42.17557251908397
4225950,1399.0,4498.0,31.10271231658515
4225980,269.0,2895.0,9.291882556131261
4226010,256.0,2120.0,12.075471698113208
4226040,122.0,633.0,19.273301737756714
4226070,316.0,1894.0,16.68426610348469
4226130,101.0,1434.0,7.043235704323571
4226250,435.0,4275.0,10.175438596491228
4226300,1935.0,7061.0,27.40405041778785
4226370,194.0,561.0,34.58110516934047
4226390,1524.0,5018.0,30.370665603826225
4226400,156.0,1010.0,15.445544554455445
4226430,43.0,494.0,8.704453441295547
4226460,955.0,5002.0,19.09236305477809
4226520,237.0,1146.0,20.680628272251308
4226550,258.0,2239.0,11.523001339883878
4226580,460.0,6068.0,7.580751483190508
4226610,176.0,1212.0,14.521452145214523
4226700,189.0,1303.0,14.504988488104376
4226730,642.0,2269.0,28.294402820625823
4226760,121.0,1923.0,6.292251690067603
4226810,316.0,1677.0,18.843172331544427
4226820,1340.0,5694.0,23.53354408148929
4226850,262.0,2997.0,8.742075408742075
4280090,218.0,1373.0,15.877640203932994
4280130,72.0,406.0,17.733990147783253
4280220,258.0,549.0,46.994535519125684
4280270,361.0,1393.0,25.915290739411347
4280420,33.0,231.0,14.285714285714285
4280440,115.0,382.0,30.104712041884817
4280491,115.0,177.0,64.97175141242938
4280500,217.0,592.0,36.6554054054054
4400001,22.0,71.0,30.985915492957744
4400003,220.0,780.0,28.205128205128204
4400004,158.0,820.0,19.26829268292683
4400005,85.0,133.0,63.90977443609023
4400006,75.0,573.0,13.089005235602095
4400008,31.0,367.0,8.446866485013624
4400009,0.0,305.0,0.0
4400014,9.0,229.0,3.9301310043668125
4400015,171.0,1884.0,9.076433121019107
4400017,19.0,202.0,9.405940594059405
4400018,64.0,212.0,30.18867924528302
4400019,142.0,262.0,54.19847328244275
4400021,45.0,916.0,4.912663755458515
4400025,4.0,229.0,1.7467248908296942
4400027,10.0,143.0,6.993006993006993
4400028,1.0,96.0,1.0416666666666665
4400029,18.0,161.0,11.180124223602485
4400030,195.0,3343.0,5.833084056236913
4400031,158.0,536.0,29.47761194029851
4400032,89.0,186.0,47.8494623655914
4400033,9.0,266.0,3.3834586466165413
4400034,43.0,367.0,11.716621253405995
4400035,15.0,174.0,8.620689655172415
4400036,80.0,356.0,22.47191011235955
4400065,582.0,3184.0,18.27889447236181
4400090,284.0,2241.0,12.672913877733155
4400120,922.0,2665.0,34.59662288930582
4400150,344.0,3194.0,10.770194113963683
4400210,689.0,4722.0,14.59127488352393
4400240,2261.0,10177.0,22.216763289771052
4400270,502.0,4600.0,10.91304347826087
4400300,91.0,2482.0,3.6663980660757454
4400330,1124.0,5335.0,21.068416119962514
4400360,142.0,1662.0,8.543922984356197
4400390,19.0,291.0,6.529209621993128
4400420,192.0,1266.0,15.165876777251185
4400450,37.0,539.0,6.8645640074211505
4400510,29.0,487.0,5.95482546201232
4400540,722.0,3215.0,22.457231726283048
4400570,511.0,3054.0,16.73215455140799
4400600,19.0,247.0,7.6923076923076925
4400630,263.0,2230.0,11.79372197309417
4400660,144.0,1309.0,11.000763941940413
4400690,20.0,122.0,16.39344262295082
4400720,640.0,2208.0,28.985507246376812
4400750,432.0,3923.0,11.01198062707112
4400780,595.0,3563.0,16.699410609037326
4400810,179.0,1716.0,10.431235431235432
4400840,2248.0,7966.0,28.219934722570926
4400870,245.0,2422.0,10.115606936416185
4400900,10387.0,23914.0,43.43480806222297
4400960,157.0,1270.0,12.36220472440945
4400990,172.0,2407.0,7.145824678022435
4401020,321.0,3091.0,10.384988676803623
4401050,314.0,1880.0,16.70212765957447
4401110,1751.0,8718.0,20.084881853636155
4401140,822.0,3552.0,23.14189189189189
4401170,398.0,3218.0,12.367930391547546
4401200,2124.0,5199.0,40.85401038661281
4500002,289.0,2335.0,12.376873661670237
4500004,43.0,200.0,21.5
4500690,439.0,2970.0,14.78114478114478
4500720,4478.0,24372.0,18.373543410471033
4500750,304.0,1183.0,25.697379543533387
4500780,1155.0,10085.0,11.45265245413981
4500810,209.0,1955.0,10.690537084398976
4500840,472.0,2581.0,18.28748547074777
4500870,356.0,2874.0,12.386917188587335
4500900,2389.0,12851.0,18.589992996653955
4500930,227.0,1371.0,16.557257476294676
4500960,101.0,674.0,14.985163204747776
4501020,93.0,613.0,15.171288743882544
4501050,173.0,900.0,19.22222222222222
4501080,380.0,2236.0,16.99463327370304
4501110,2493.0,20914.0,11.920244812087596
4501170,5294.0,34933.0,15.154724758824035
4501250,163.0,1785.0,9.131652661064425
4501440,6749.0,48514.0,13.911448241744651
4501500,1634.0,8843.0,18.477892118059483
4501530,922.0,5253.0,17.55187511897963
4501560,1241.0,7148.0,17.361499720201454
4501740,97.0,748.0,12.967914438502673
4501770,418.0,2030.0,20.591133004926107
4501800,142.0,1274.0,11.145996860282574
4501830,1240.0,5701.0,21.75057007542536
4501860,1583.0,9952.0,15.906350482315112
4501920,948.0,4134.0,22.93178519593614
4501950,128.0,1686.0,7.591933570581258
4502010,3801.0,26301.0,14.451921980152846
4502070,443.0,3464.0,12.78868360277136
4502100,383.0,2759.0,13.88184124682856
4502130,3116.0,15933.0,19.556894495700746
4502160,110.0,1161.0,9.474590869939707
4502190,656.0,3478.0,18.861414606095458
4502220,68.0,669.0,10.164424514200299
4502250,176.0,1231.0,14.297319252640131
4502280,1039.0,9391.0,11.063784474496858
4502310,8947.0,73117.0,12.236552374960679
4502340,1455.0,8801.0,16.532212248608115
4502370,137.0,956.0,14.330543933054393
4502400,140.0,1554.0,9.00900900900901
4502430,407.0,2261.0,18.000884564352056
4502460,103.0,696.0,14.798850574712644
4502490,6887.0,43179.0,15.949883044998725
4502520,749.0,2631.0,28.468263017863933
4502550,1516.0,10740.0,14.115456238361265
4502580,1691.0,13162.0,12.847591551435952
4502610,902.0,5726.0,15.75270695075096
4502640,597.0,3045.0,19.60591133004926
4502670,362.0,1962.0,18.450560652395513
4502700,3367.0,26419.0,12.744615617547977
4502730,1899.0,8846.0,21.467329866606374
4502760,201.0,2061.0,9.75254730713246
4502790,907.0,3485.0,26.025824964131992
4502820,1560.0,17196.0,9.071877180739707
4502970,843.0,3972.0,21.22356495468278
4503000,69.0,743.0,9.286675639300135
4503030,991.0,6018.0,16.467264872050517
4503060,1571.0,10410.0,15.091258405379444
4503150,375.0,2078.0,18.046198267564968
4503180,538.0,3625.0,14.841379310344827
4503210,971.0,6517.0,14.899493632039281
4503330,2501.0,16349.0,15.297571716924582
4503360,4286.0,24017.0,17.845692634383976
4503390,2690.0,26993.0,9.965546623198607
4503460,320.0,2333.0,13.716245177882556
4503480,726.0,5144.0,14.11353032659409
4503510,1111.0,10112.0,10.986946202531646
4503540,493.0,2874.0,17.153792623521223
4503570,554.0,2922.0,18.9596167008898
4503600,878.0,8470.0,10.365997638724911
4503630,1757.0,11436.0,15.363763553690102
4503660,1628.0,7419.0,21.943658174956195
4503750,607.0,4043.0,15.013603759584468
4503780,688.0,3967.0,17.34308041341064
4503810,840.0,5309.0,15.822188736108494
4503840,809.0,7870.0,10.279542566709022
4503870,2134.0,17399.0,12.265072705327892
4503900,854.0,15010.0,5.689540306462358
4503901,1680.0,17128.0,9.808500700607192
4503902,3474.0,16670.0,20.839832033593282
4503907,4.0,269.0,1.486988847583643
4503908,910.0,4518.0,20.14165559982293
4600002,56.0,1003.0,5.583250249252243
4600003,24.0,239.0,10.0418410041841
4600025,29.0,339.0,8.55457227138643
4600028,38.0,364.0,10.43956043956044
4600029,2.0,23.0,8.695652173913043
4600036,45.0,507.0,8.875739644970414
4600041,35.0,378.0,9.25925925925926
4600042,23.0,274.0,8.394160583941606
4600045,72.0,594.0,12.121212121212121
4600046,2.0,83.0,2.4096385542168677
4600052,77.0,1840.0,4.184782608695652
4600053,26.0,899.0,2.8921023359288096
4601026,28.0,346.0,8.092485549132949
4601027,4.0,52.0,7.6923076923076925
4601028,14.0,190.0,7.368421052631578
4602070,592.0,4521.0,13.09444813094448
4602640,26.0,217.0,11.981566820276496
4603720,12.0,264.0,4.545454545454546
4603780,5.0,180.0,2.7777777777777777
4603932,18.0,174.0,10.344827586206897
4604270,9.0,233.0,3.862660944206009
4604680,13.0,570.0,2.280701754385965
4605610,163.0,1385.0,11.768953068592056
4606240,156.0,495.0,31.515151515151512
4606360,76.0,704.0,10.795454545454545
4606960,4.0,95.0,4.2105263157894735
4607050,13.0,158.0,8.227848101265822
4607400,35.0,473.0,7.399577167019028
4607670,17.0,108.0,15.74074074074074
4607800,3.0,91.0,3.296703296703297
4607950,315.0,3945.0,7.984790874524715
4608520,446.0,3507.0,12.717422298260622
4609300,4.0,189.0,2.1164021164021163
4609512,15.0,238.0,6.302521008403361
4610320,30.0,229.0,13.100436681222707
4610560,62.0,888.0,6.981981981981981
4611280,14.0,236.0,5.932203389830509
4611760,31.0,267.0,11.610486891385769
4612000,165.0,902.0,18.29268292682927
4612300,10.0,251.0,3.9840637450199203
4612940,10.0,325.0,3.076923076923077
4614100,14.0,290.0,4.827586206896552
4614130,36.0,235.0,15.319148936170212
4616950,98.0,960.0,10.208333333333334
4617850,22.0,171.0,12.865497076023392
4618120,60.0,943.0,6.362672322375397
4619170,16.0,134.0,11.940298507462686
4619410,360.0,1922.0,18.730489073881373
4619450,132.0,1251.0,10.551558752997602
4619580,21.0,185.0,11.351351351351353
4620850,25.0,175.0,14.285714285714285
4621300,4.0,14.0,28.57142857142857
4621340,39.0,702.0,5.555555555555555
4621390,21.0,342.0,6.140350877192982
4621400,20.0,142.0,14.084507042253522
4621420,44.0,335.0,13.134328358208954
4622410,26.0,288.0,9.027777777777777
4622500,12.0,268.0,4.477611940298507
4622560,16.0,168.0,9.523809523809524
4622940,6.0,141.0,4.25531914893617
4624030,4.0,212.0,1.8867924528301887
4624390,119.0,687.0,17.321688500727802
4624540,28.0,272.0,10.294117647058822
4624850,43.0,411.0,10.46228710462287
4625500,27.0,312.0,8.653846153846153
4626370,20.0,503.0,3.9761431411530817
4626490,38.0,361.0,10.526315789473683
4626970,20.0,255.0,7.8431372549019605
4629880,33.0,316.0,10.443037974683545
4630490,13.0,307.0,4.234527687296417
4630800,40.0,819.0,4.884004884004884
4631350,220.0,4602.0,4.780530204259017
4631710,64.0,1359.0,4.7093451066961
4632340,19.0,116.0,16.379310344827587
4632430,20.0,115.0,17.391304347826086
4633360,44.0,462.0,9.523809523809524
4634440,14.0,166.0,8.433734939759036
4634480,116.0,826.0,14.043583535108958
4634600,9.0,92.0,9.782608695652174
4635480,437.0,2562.0,17.056986729117877
4636060,33.0,378.0,8.73015873015873
4636150,37.0,218.0,16.972477064220186
4636990,105.0,1374.0,7.641921397379912
4638220,12.0,304.0,3.9473684210526314
4639540,71.0,318.0,22.32704402515723
4639600,86.0,1211.0,7.101568951279933
4639990,6.0,78.0,7.6923076923076925
4640860,19.0,184.0,10.326086956521738
4641300,141.0,830.0,16.987951807228914
4641520,13.0,252.0,5.158730158730158
4641550,70.0,994.0,7.042253521126761
4641640,17.0,122.0,13.934426229508196
4644770,72.0,380.0,18.947368421052634
4644940,56.0,943.0,5.938494167550371
4645450,25.0,177.0,14.124293785310735
4646260,19.0,194.0,9.793814432989691
4646380,237.0,479.0,49.478079331941544
4647100,12.0,208.0,5.769230769230769
4647942,34.0,479.0,7.09812108559499
4648390,341.0,2842.0,11.998592540464461
4649650,26.0,241.0,10.78838174273859
4650670,31.0,237.0,13.080168776371309
4650850,14.0,312.0,4.487179487179487
4651750,25.0,137.0,18.248175182481752
4652770,91.0,110.0,82.72727272727273
4654270,39.0,445.0,8.764044943820224
4654300,30.0,478.0,6.2761506276150625
4655260,342.0,2767.0,12.359956631731118
4655710,26.0,291.0,8.934707903780069
4659820,2814.0,13810.0,20.376538740043447
4660450,87.0,607.0,14.332784184514002
4663360,27.0,239.0,11.297071129707113
4664140,4.0,127.0,3.149606299212598
4665180,31.0,271.0,11.439114391143912
4665460,449.0,1353.0,33.18551367331855
4666270,4507.0,24813.0,18.163865715552333
4666300,59.0,711.0,8.29817158931083
4666930,249.0,2360.0,10.55084745762712
4669930,362.0,2663.0,13.593691325572662
4670140,21.0,173.0,12.138728323699421
4671880,22.0,364.0,6.043956043956044
4672090,1524.0,1887.0,80.7631160572337
4672450,21.0,147.0,14.285714285714285
4674370,191.0,1280.0,14.921875000000002
4674520,50.0,370.0,13.513513513513514
4675420,182.0,957.0,19.017763845350053
4675600,55.0,219.0,25.11415525114155
4675660,36.0,252.0,14.285714285714285
4676020,5.0,315.0,1.5873015873015872
4676620,391.0,4086.0,9.569260890846794
4676680,43.0,173.0,24.85549132947977
4676740,17.0,261.0,6.513409961685824
4676990,45.0,563.0,7.992895204262878
4677460,23.0,321.0,7.165109034267912
4678300,12.0,310.0,3.870967741935484
4678510,8.0,131.0,6.106870229007633
4678570,88.0,413.0,21.307506053268767
4679350,12.0,206.0,5.825242718446602
4679710,152.0,723.0,21.023513139695712
4680100,20.0,361.0,5.540166204986149
4680190,18.0,240.0,7.5
4680430,183.0,2871.0,6.374085684430512
4680437,65.0,324.0,20.061728395061728
4680438,23.0,455.0,5.054945054945055
4680439,5.0,278.0,1.7985611510791366
4680440,23.0,252.0,9.126984126984127
4680441,67.0,639.0,10.485133020344287
4680445,7.0,294.0,2.380952380952381
4700001,111.0,9567.0,1.1602383192223267
4700030,36.0,608.0,5.921052631578947
4700060,195.0,2045.0,9.535452322738386
4700090,1165.0,6554.0,17.775404333231613
4700120,134.0,1741.0,7.696726019529006
4700143,9.0,40.0,22.5
4700144,79.0,523.0,15.105162523900573
4700146,33.0,135.0,24.444444444444443
4700148,14889.0,107528.0,13.846625995089651
4700149,607.0,8528.0,7.117729831144465
4700150,466.0,2632.0,17.705167173252278
4700151,397.0,6120.0,6.486928104575164
4700152,220.0,4645.0,4.736275565123789
4700153,821.0,8481.0,9.68046220964509
4700154,96.0,1596.0,6.015037593984962
4700155,41.0,155.0,26.451612903225808
4700180,1353.0,8778.0,15.413533834586465
4700210,21.0,420.0,5.0
4700240,248.0,2133.0,11.626816690107828
4700270,266.0,1781.0,14.93542953396968
4700300,1043.0,10804.0,9.653831914105886
4700330,1517.0,9900.0,15.323232323232322
4700360,553.0,4141.0,13.354262255493843
4700420,1298.0,5684.0,22.83603096410978
4700450,219.0,1896.0,11.550632911392405
4700480,4.0,165.0,2.4242424242424243
4700510,1350.0,5012.0,26.93535514764565
4700570,1056.0,6274.0,16.831367548613326
4700600,403.0,2878.0,14.002779708130648
4700630,1103.0,4149.0,26.58471920944806
4700660,89.0,1130.0,7.876106194690266
4700690,747.0,5787.0,12.908242612752721
4700720,97.0,918.0,10.56644880174292
4700750,875.0,4867.0,17.978220669817134
4700780,430.0,4391.0,9.792757913914826
4700850,129.0,1992.0,6.475903614457831
4700900,1043.0,7426.0,14.045246431457043
4700930,87.0,847.0,10.271546635182998
4700960,248.0,1539.0,16.114359974009098
4700990,417.0,3024.0,13.789682539682541
4701020,1246.0,8837.0,14.099807627022745
4701050,574.0,3895.0,14.736842105263156
4701080,352.0,2666.0,13.203300825206302
4701110,314.0,2600.0,12.076923076923077
4701140,6.0,375.0,1.6
4701170,477.0,3569.0,13.365088260016812
4701200,191.0,1428.0,13.375350140056023
4701230,277.0,2200.0,12.590909090909092
4701260,187.0,3702.0,5.051323608860075
4701290,902.0,5307.0,16.996419822875446
4701390,35.0,574.0,6.097560975609756
4701400,319.0,4109.0,7.763446093940131
4701410,440.0,3841.0,11.455350169226763
4701440,594.0,3474.0,17.098445595854923
4701470,607.0,6775.0,8.959409594095941
4701500,222.0,2884.0,7.69764216366158
4701530,205.0,2040.0,10.049019607843137
4701590,7044.0,44204.0,15.935209483304677
4701620,176.0,958.0,18.37160751565762
4701650,550.0,3692.0,14.897074756229687
4701680,666.0,3599.0,18.505140316754655
4701740,1096.0,6701.0,16.355767795851364
4701770,519.0,2961.0,17.52786220871327
4701800,465.0,3988.0,11.659979939819458
4701830,324.0,2851.0,11.364433532094003
4701860,446.0,3256.0,13.697788697788699
4701890,51.0,674.0,7.566765578635016
4701920,285.0,1388.0,20.533141210374637
4701950,142.0,1197.0,11.86299081035923
4701980,433.0,3020.0,14.33774834437086
4702010,76.0,1224.0,6.209150326797386
4702070,159.0,1374.0,11.572052401746726
4702100,1032.0,7298.0,14.140860509728693
4702130,978.0,7793.0,12.54972411138201
4702160,210.0,2013.0,10.432190760059612
4702190,1306.0,7521.0,17.364712139343172
4702220,10715.0,60700.0,17.652388797364086
4702280,180.0,762.0,23.62204724409449
4702310,560.0,3959.0,14.14498610760293
4702340,724.0,6995.0,10.35025017869907
4702370,390.0,3776.0,10.328389830508474
4702400,299.0,2300.0,13.0
4702430,286.0,1702.0,16.803760282021152
4702460,90.0,804.0,11.194029850746269
4702490,526.0,3780.0,13.915343915343914
4702520,414.0,4893.0,8.461066830165542
4702550,524.0,4005.0,13.083645443196005
4702580,3008.0,12371.0,24.314930078409184
4702610,170.0,1390.0,12.23021582733813
4702640,729.0,4074.0,17.8939617083947
4702670,845.0,5578.0,15.148798852635354
4702700,191.0,5331.0,3.5828174826486583
4702760,1920.0,12878.0,14.909147383134028
4702790,56.0,1357.0,4.126750184229919
4702820,869.0,5684.0,15.288529204785362
4702880,439.0,4284.0,10.247432306255835
4702910,173.0,1776.0,9.74099099099099
4702970,146.0,1993.0,7.325639739086803
4703000,1040.0,5230.0,19.88527724665392
4703030,3754.0,34812.0,10.783637826037
4703060,112.0,846.0,13.238770685579196
4703090,196.0,2925.0,6.700854700854701
4703150,765.0,8862.0,8.632362897765741
4703180,15935.0,84572.0,18.841933500449322
4703210,81.0,672.0,12.053571428571429
4703240,705.0,4317.0,16.330785267546908
4703270,501.0,3347.0,14.968628622647145
4703300,130.0,1254.0,10.36682615629984
4703330,428.0,3144.0,13.61323155216285
4703360,234.0,1710.0,13.684210526315791
4703390,105.0,1080.0,9.722222222222223
4703420,98.0,689.0,14.223512336719885
4703450,401.0,2387.0,16.79932970255551
4703480,1546.0,11370.0,13.597185576077397
4703510,460.0,4321.0,10.64568386947466
4703540,41.0,256.0,16.015625
4703590,864.0,6626.0,13.0395412013281
4703600,1379.0,11251.0,12.256688294373834
4703660,87.0,672.0,12.946428571428573
4703690,4642.0,45329.0,10.240684771338437
4703720,289.0,2988.0,9.67202141900937
4703750,366.0,2225.0,16.44943820224719
4703780,2896.0,14631.0,19.79358895495865
4703870,273.0,3086.0,8.846403110823072
4703900,22.0,382.0,5.7591623036649215
4703960,253.0,2066.0,12.245885769603097
4703990,1644.0,9601.0,17.123216331632122
4704020,3006.0,29434.0,10.212679214513827
4704050,156.0,1503.0,10.379241516966067
4704080,1116.0,11103.0,10.051337476357741
4704100,134.0,1359.0,9.86019131714496
4704170,138.0,1265.0,10.909090909090908
4704200,602.0,3479.0,17.303822937625753
4704230,515.0,2406.0,21.404821280133003
4704260,106.0,1668.0,6.3549160671462825
4704290,630.0,3930.0,16.030534351145036
4704320,56.0,762.0,7.349081364829396
4704350,994.0,6569.0,15.131679098797383
4704380,1218.0,8430.0,14.448398576512457
4704440,477.0,2311.0,20.640415404586758
4704470,547.0,4197.0,13.033118894448414
4704490,77.0,896.0,8.59375
4704500,361.0,4004.0,9.015984015984015
4704530,2208.0,39330.0,5.614035087719298
4704550,2556.0,18407.0,13.886021622208942
4800001,67.0,365.0,18.356164383561644
4800002,14.0,261.0,5.363984674329502
4800003,34.0,313.0,10.86261980830671
4800005,12.0,158.0,7.59493670886076
4800006,14.0,458.0,3.056768558951965
4800007,26.0,174.0,14.942528735632186
4800008,544.0,6414.0,8.481446835048331
4800009,137.0,2439.0,5.617056170561706
4800010,2298.0,19830.0,11.588502269288956
4800011,446.0,3706.0,12.034538586076632
4800012,76.0,951.0,7.991587802313354
4800014,179.0,1389.0,12.8869690424766
4800016,4501.0,5810.0,77.46987951807229
4800018,30.0,1110.0,2.7027027027027026
4800019,54.0,857.0,6.301050175029172
4800020,235.0,915.0,25.683060109289617
4800022,123.0,1287.0,9.557109557109557
4800024,12.0,217.0,5.529953917050691
4800025,33.0,168.0,19.642857142857142
4800029,79.0,669.0,11.80866965620329
4800030,1194.0,17277.0,6.910922035075534
4800031,7.0,126.0,5.555555555555555
4800032,16.0,714.0,2.2408963585434174
4800034,159.0,1779.0,8.937605396290051
4800035,5.0,279.0,1.7921146953405016
4800037,52.0,824.0,6.310679611650485
4800041,186.0,1666.0,11.164465786314526
4800042,49.0,819.0,5.982905982905983
4800044,296.0,2115.0,13.995271867612294
4800049,60.0,363.0,16.528925619834713
4800053,155.0,681.0,22.760646108663728
4800054,628.0,14409.0,4.358387119161635
4800055,245.0,5662.0,4.327092900035323
4800058,67.0,996.0,6.7269076305220885
4800061,106.0,714.0,14.84593837535014
4800062,133.0,674.0,19.73293768545994
4800063,298.0,884.0,33.710407239819006
4800064,54.0,380.0,14.210526315789473
4800065,81.0,1237.0,6.548100242522231
4800066,60.0,341.0,17.595307917888565
4800068,13.0,381.0,3.4120734908136483
4800069,8.0,525.0,1.5238095238095237
4800070,120.0,2162.0,5.550416281221091
4800071,507.0,556.0,91.18705035971223
4800072,16.0,182.0,8.791208791208792
4800073,210.0,1457.0,14.41317776252574
4800074,69.0,1020.0,6.764705882352941
4800076,145.0,960.0,15.104166666666666
4800077,70.0,373.0,18.766756032171582
4800080,61.0,508.0,12.007874015748031
4800086,34.0,395.0,8.60759493670886
4800089,37.0,198.0,18.68686868686869
4800090,50.0,432.0,11.574074074074074
4800093,231.0,519.0,44.50867052023121
4800095,191.0,2141.0,8.921064922933208
4800098,12.0,195.0,6.153846153846154
4800105,265.0,2445.0,10.838445807770961
4800106,189.0,217.0,87.09677419354838
4800108,49.0,1151.0,4.25716768027802
4800109,18.0,141.0,12.76595744680851
4800113,1.0,514.0,0.19455252918287938
4800115,21.0,194.0,10.824742268041238
4800118,112.0,2263.0,4.949182501104729
4800124,15.0,313.0,4.792332268370607
4800125,216.0,1647.0,13.114754098360656
4800127,16.0,75.0,21.333333333333336
4800132,82.0,162.0,50.617283950617285
4800133,312.0,384.0,81.25
4800139,36.0,495.0,7.2727272727272725
4800141,7.0,307.0,2.2801302931596092
4800148,1.0,415.0,0.24096385542168677
4800151,137.0,504.0,27.18253968253968
4800158,30.0,1535.0,1.9543973941368076
4800159,55.0,115.0,47.82608695652174
4800163,997.0,10812.0,9.221235664076952
4800171,25.0,101.0,24.752475247524753
4800177,30.0,458.0,6.550218340611353
4800179,649.0,5650.0,11.486725663716815
4800184,56.0,755.0,7.417218543046358
4800186,69.0,544.0,12.683823529411764
4800187,63.0,526.0,11.977186311787072
4800190,18.0,445.0,4.044943820224719
4800192,4.0,262.0,1.5267175572519083
4800194,43.0,248.0,17.338709677419356
4800195,104.0,3283.0,3.1678342978982634
4800201,33.0,543.0,6.077348066298343
4800203,80.0,1352.0,5.9171597633136095
4800204,73.0,1320.0,5.53030303030303
4800209,852.0,10859.0,7.846026337600147
4800210,230.0,3410.0,6.744868035190615
4800211,912.0,35497.0,2.5692312026368427
4800213,33.0,145.0,22.758620689655174
4800221,10.0,387.0,2.5839793281653747
4800227,91.0,235.0,38.72340425531915
4800231,45.0,785.0,5.7324840764331215
4800232,29.0,504.0,5.753968253968254
4800235,168.0,1658.0,10.132689987937274
4800237,41.0,1289.0,3.180760279286268
4800240,84.0,808.0,10.396039603960396
4800241,340.0,3929.0,8.653601425299058
4800246,58.0,288.0,20.13888888888889
4800248,8.0,335.0,2.3880597014925375
4800251,9.0,294.0,3.061224489795918
4800253,115.0,477.0,24.10901467505241
4800254,16.0,853.0,1.875732708089097
4800255,24.0,377.0,6.36604774535809
4800257,466.0,3407.0,13.677722336366305
4800258,142.0,1580.0,8.987341772151899
4800259,36.0,242.0,14.87603305785124
4800260,373.0,2355.0,15.83864118895966
4800262,23.0,250.0,9.2
4800263,6.0,515.0,1.1650485436893203
4800264,280.0,5171.0,5.414813382324502
4800265,87.0,524.0,16.603053435114504
4800266,542.0,4307.0,12.58416531228233
4800268,611.0,2905.0,21.032702237521512
4800270,23.0,1088.0,2.1139705882352944
4800271,22.0,582.0,3.7800687285223367
4800272,262.0,3479.0,7.530899683817188
4800274,306.0,4942.0,6.191825171995144
4800275,16.0,470.0,3.404255319148936
4800278,68.0,109.0,62.38532110091744
4800279,16.0,147.0,10.884353741496598
4800283,112.0,1182.0,9.475465313028765
4800284,22.0,308.0,7.142857142857142
4800286,12.0,249.0,4.819277108433735
4800287,25.0,346.0,7.225433526011561
4800288,36.0,733.0,4.911323328785812
4800289,48.0,488.0,9.836065573770492
4800292,844.0,9623.0,8.770653642315287
4801394,9.0,338.0,2.6627218934911245
4801400,252.0,1693.0,14.884819846426462
4801404,21.0,139.0,15.107913669064748
4801405,214.0,3407.0,6.281185793953625
4801407,31.0,509.0,6.090373280943026
4801409,287.0,2784.0,10.308908045977011
4801410,37.0,976.0,3.790983606557377
4801412,40.0,137.0,29.1970802919708
4801414,68.0,763.0,8.91218872870249
4801415,113.0,825.0,13.696969696969695
4801416,92.0,636.0,14.465408805031446
4801417,68.0,1029.0,6.608357628765791
4801418,30.0,233.0,12.875536480686694
4801420,71.0,1098.0,6.4663023679417115
4801421,196.0,2713.0,7.224474751197936
4801422,65.0,1593.0,4.080351537978657
4801425,64.0,783.0,8.173690932311622
4801427,24.0,703.0,3.4139402560455197
4801428,170.0,1397.0,12.168933428775947
4801429,65.0,1340.0,4.850746268656716
4801431,34.0,809.0,4.202719406674907
4801432,1.0,246.0,0.40650406504065045
4801433,34.0,231.0,14.71861471861472
4801434,60.0,412.0,14.563106796116504
4801435,22.0,320.0,6.875000000000001
4801436,58.0,921.0,6.297502714440825
4801438,172.0,2422.0,7.101568951279933
4801439,27.0,192.0,14.0625
4801440,1610.0,16132.0,9.980163649888421
4801441,133.0,2756.0,4.825834542815675
4801442,5.0,545.0,0.9174311926605505
4801443,69.0,653.0,10.566615620214396
4801445,96.0,319.0,30.094043887147336
4801446,38.0,549.0,6.9216757741347905
4801447,9.0,179.0,5.027932960893855
4801449,19.0,321.0,5.919003115264798
4801450,86.0,966.0,8.902691511387163
4801451,37.0,289.0,12.802768166089965
4801452,18.0,111.0,16.216216216216218
4801453,12.0,156.0,7.6923076923076925
4801454,29.0,140.0,20.714285714285715
4801455,66.0,91.0,72.52747252747253
4801456,24.0,524.0,4.580152671755725
4801457,18.0,90.0,20.0
4801458,49.0,300.0,16.333333333333332
4807350,1002.0,13570.0,7.383935151068534
4807380,2.0,291.0,0.6872852233676976
4807410,57.0,768.0,7.421875
4807440,2767.0,15865.0,17.440907658367475
4807470,165.0,1588.0,10.390428211586903
4807500,7.0,120.0,5.833333333333333
4807530,63.0,303.0,20.792079207920793
4807590,367.0,4843.0,7.577947553169523
4807650,122.0,884.0,13.800904977375566
4807680,44.0,508.0,8.661417322834646
4807710,12585.0,63933.0,19.684669888789827
4807780,282.0,5719.0,4.93093198111558
4807800,1018.0,5066.0,20.09474930911962
4807830,7528.0,45803.0,16.43560465471694
4807890,990.0,21148.0,4.6812937393606955
4807950,97.0,1073.0,9.040074557315938
4807980,77.0,670.0,11.492537313432836
4808090,2296.0,24824.0,9.24911376087657
4808100,65.0,710.0,9.15492957746479
4808130,4204.0,32936.0,12.764148651931018
4808160,18.0,164.0,10.975609756097562
4808190,127.0,1324.0,9.592145015105741
4808230,83.0,860.0,9.651162790697674
4808280,299.0,4025.0,7.428571428571429
4808310,818.0,6801.0,12.0276429936774
4808340,353.0,3456.0,10.21412037037037
4808400,70.0,771.0,9.07911802853437
4808430,63.0,850.0,7.411764705882352
4808460,29.0,235.0,12.340425531914894
4808490,8.0,197.0,4.060913705583756
4808520,22.0,322.0,6.832298136645963
4808550,528.0,2545.0,20.74656188605108
4808580,286.0,1472.0,19.429347826086957
4808610,37.0,474.0,7.805907172995781
4808670,114.0,2716.0,4.197349042709867
4808700,9488.0,60328.0,15.727357114441057
4808730,79.0,900.0,8.777777777777777
4808870,334.0,3116.0,10.718870346598203
4808880,178.0,1688.0,10.545023696682465
4808910,178.0,2495.0,7.134268537074148
4808940,12162.0,80480.0,15.11182902584493
4809000,17.0,135.0,12.592592592592592
4809030,45.0,399.0,11.278195488721805
4809060,42.0,359.0,11.699164345403899
4809090,25.0,126.0,19.841269841269842
4809150,43.0,793.0,5.422446406052964
4809200,811.0,6495.0,12.486528098537336
4809280,41.0,305.0,13.442622950819672
4809300,110.0,898.0,12.24944320712695
4809330,30.0,177.0,16.94915254237288
4809360,310.0,2280.0,13.596491228070176
4809390,113.0,958.0,11.795407098121085
4809410,99.0,929.0,10.656620021528525
4809450,381.0,5391.0,7.0673344462993875
4809540,51.0,344.0,14.825581395348838
4809570,1748.0,10896.0,16.04258443465492
4809630,716.0,3571.0,20.050406048725847
4809670,4173.0,18041.0,23.13064685993016
4809690,48.0,665.0,7.218045112781955
4809720,811.0,3313.0,24.479323875641413
4809750,8.0,126.0,6.349206349206349
4809780,45.0,822.0,5.474452554744526
4809810,147.0,2263.0,6.495802032699956
4809860,1256.0,11102.0,11.313276887047378
4809870,153.0,553.0,27.66726943942134
4809980,16.0,110.0,14.545454545454545
4810140,124.0,715.0,17.34265734265734
4810170,47.0,504.0,9.325396825396826
4810200,802.0,3844.0,20.863683662851194
4810230,2827.0,23663.0,11.946921354012593
4810260,154.0,1474.0,10.44776119402985
4810320,88.0,1028.0,8.560311284046692
4810350,33.0,708.0,4.661016949152542
4810380,6.0,183.0,3.278688524590164
4810440,45.0,277.0,16.24548736462094
4810470,129.0,947.0,13.621964097148892
4810500,335.0,866.0,38.68360277136259
4810590,59.0,825.0,7.151515151515151
4810620,18.0,189.0,9.523809523809524
4810650,18.0,353.0,5.099150141643059
4810710,674.0,8690.0,7.756041426927503
4810740,43.0,543.0,7.918968692449356
4810780,93.0,1122.0,8.288770053475936
4810800,173.0,1690.0,10.236686390532544
4810830,20.0,390.0,5.128205128205128
4810860,20.0,233.0,8.583690987124463
4810890,349.0,2729.0,12.788567240747525
4810910,37.0,711.0,5.20393811533052
4810950,37.0,517.0,7.156673114119923
4810990,204.0,1697.0,12.02121390689452
4811010,134.0,1335.0,10.037453183520599
4811040,25.0,250.0,10.0
4811070,60.0,583.0,10.291595197255575
4811110,136.0,1180.0,11.525423728813559
4811190,2022.0,12345.0,16.37910085054678
4811220,208.0,1498.0,13.885180240320427
4811250,76.0,487.0,15.605749486652979
4811280,531.0,4763.0,11.148435859752256
4811310,272.0,2985.0,9.112227805695143
4811340,151.0,2037.0,7.41286205203731
4811400,10.0,135.0,7.4074074074074066
4811430,92.0,409.0,22.493887530562347
4811460,56.0,1371.0,4.084609773887673
4811490,30.0,247.0,12.145748987854251
4811520,50.0,411.0,12.165450121654501
4811550,18.0,125.0,14.399999999999999
4811580,255.0,1588.0,16.05793450881612
4811610,372.0,1751.0,21.245002855511135
4811640,342.0,2704.0,12.647928994082841
4811680,5819.0,45553.0,12.774131231752026
4811700,411.0,3692.0,11.132177681473456
4811730,91.0,690.0,13.18840579710145
4811790,2160.0,16132.0,13.389536325316143
4811820,21.0,261.0,8.045977011494253
4811850,36.0,145.0,24.82758620689655
4811910,23.0,244.0,9.426229508196721
4811990,90.0,945.0,9.523809523809524
4812060,192.0,2554.0,7.517619420516837
4812090,224.0,1531.0,14.630960156760286
4812120,555.0,3227.0,17.198636504493336
4812150,36.0,258.0,13.953488372093023
4812180,1205.0,12219.0,9.861690809395204
4812220,368.0,3202.0,11.492816989381636
4812240,47.0,456.0,10.307017543859649
4812360,8.0,179.0,4.4692737430167595
4812390,90.0,1735.0,5.187319884726225
4812420,455.0,4061.0,11.204136912090618
4812460,171.0,1802.0,9.489456159822419
4812480,590.0,3912.0,15.081799591002046
4812510,97.0,1154.0,8.405545927209705
4812540,30.0,164.0,18.29268292682927
4812640,266.0,1854.0,14.347357065803667
4812660,44.0,334.0,13.17365269461078
4812700,26.0,930.0,2.795698924731183
4812750,134.0,2184.0,6.135531135531135
4812780,463.0,6201.0,7.466537655216901
4812810,920.0,9945.0,9.250879839115134
4812870,62.0,636.0,9.748427672955975
4812990,462.0,2211.0,20.8955223880597
4813020,363.0,8357.0,4.343663994256312
4813050,3232.0,25173.0,12.83915306081913
4813110,379.0,2685.0,14.115456238361265
4813170,610.0,3912.0,15.593047034764826
4813200,41.0,574.0,7.142857142857142
4813230,944.0,7851.0,12.023945994140874
4813260,29.0,488.0,5.942622950819672
4813290,161.0,2576.0,6.25
4813320,273.0,2670.0,10.224719101123595
4813350,54.0,575.0,9.391304347826086
4813380,11.0,105.0,10.476190476190476
4813410,73.0,684.0,10.67251461988304
4813440,59.0,1133.0,5.207413945278023
4813500,172.0,1513.0,11.368142762723068
4813530,470.0,3998.0,11.755877938969485
4813590,1580.0,9285.0,17.016693591814754
4813620,10.0,181.0,5.524861878453039
4813650,365.0,3559.0,10.25568980050576
4813680,80.0,1056.0,7.575757575757576
4813710,60.0,493.0,12.170385395537526
4813740,3.0,114.0,2.631578947368421
4813770,25.0,204.0,12.254901960784313
4813800,62.0,606.0,10.231023102310232
4813860,100.0,1113.0,8.984725965858042
4813890,15.0,220.0,6.8181818181818175
4813920,33.0,506.0,6.521739130434782
4813960,190.0,2754.0,6.899055918663762
4813980,40.0,393.0,10.178117048346055
4814010,40.0,515.0,7.766990291262135
4814070,93.0,855.0,10.87719298245614
4814130,112.0,1057.0,10.596026490066226
4814160,37.0,473.0,7.822410147991543
4814190,76.0,543.0,13.996316758747698
4814250,25.0,371.0,6.738544474393531
4814280,4523.0,41874.0,10.801451974972537
4814310,1159.0,6722.0,17.24189229396013
4814370,1227.0,5574.0,22.01291711517761
4814400,74.0,1000.0,7.3999999999999995
4814430,997.0,11515.0,8.658271819366044
4814450,132.0,1434.0,9.205020920502092
4814490,102.0,915.0,11.147540983606557
4814520,246.0,1535.0,16.026058631921824
4814550,106.0,885.0,11.977401129943503
4814580,53.0,544.0,9.742647058823529
4814600,95.0,475.0,20.0
4814640,158.0,988.0,15.991902834008098
4814670,572.0,3132.0,18.26309067688378
4814700,175.0,1536.0,11.393229166666668
4814730,2604.0,23089.0,11.278097795487028
4814760,110.0,1259.0,8.737092930897537
4814790,97.0,1102.0,8.802177858439201
4814820,177.0,1514.0,11.690885072655217
4814850,189.0,2259.0,8.366533864541832
4814880,67.0,746.0,8.981233243967829
4814920,19.0,212.0,8.962264150943396
4814970,346.0,2335.0,14.817987152034263
4815000,5511.0,61522.0,8.957771203797016
4815120,24.0,307.0,7.81758957654723
4815150,87.0,822.0,10.583941605839415
4815180,428.0,6286.0,6.808781419026408
4815210,617.0,12622.0,4.8882902868008244
4815240,1259.0,7584.0,16.60073839662447
4815270,7713.0,38022.0,20.285624112356004
4815300,70.0,890.0,7.865168539325842
4815330,726.0,5633.0,12.888336587963783
4815360,26.0,117.0,22.22222222222222
4815400,178.0,1383.0,12.8705712219812
4815420,6.0,166.0,3.614457831325301
4815480,27.0,286.0,9.44055944055944
4815510,332.0,4045.0,8.207663782447467
4815540,148.0,1158.0,12.780656303972366
4815570,13.0,149.0,8.724832214765101
4815600,26.0,547.0,4.753199268738574
4815690,62.0,758.0,8.179419525065963
4815720,202.0,1331.0,15.17655897821187
4815750,800.0,6118.0,13.076168682576006
4815810,24.0,376.0,6.382978723404255
4815840,66.0,544.0,12.132352941176471
4815870,16.0,216.0,7.4074074074074066
4815910,2338.0,15194.0,15.387653020929315
4815930,398.0,1967.0,20.23385866802237
4815960,254.0,1480.0,17.16216216216216
4815990,100.0,390.0,25.64102564102564
4816020,50.0,390.0,12.82051282051282
4816080,63.0,558.0,11.29032258064516
4816110,11584.0,116349.0,9.956252309860849
4816140,46.0,381.0,12.073490813648293
4816180,137.0,1026.0,13.352826510721247
4816200,191.0,1773.0,10.772701635645799
4816230,20865.0,153815.0,13.564996911874655
4816260,24.0,210.0,11.428571428571429
4816290,59.0,733.0,8.049113233287859
4816320,4.0,116.0,3.4482758620689653
4816350,21.0,130.0,16.153846153846153
4816380,38.0,485.0,7.835051546391752
4816410,762.0,5181.0,14.707585408222352
4816440,51.0,728.0,7.0054945054945055
4816500,252.0,3330.0,7.567567567567568
4816530,1422.0,12620.0,11.267828843106182
4816570,127.0,831.0,15.282791817087846
4816620,2300.0,11151.0,20.62595282934266
4816650,6.0,78.0,7.6923076923076925
4816710,691.0,4661.0,14.825144818708432
4816740,2648.0,28622.0,9.251624624414786
4816770,119.0,1683.0,7.07070707070707
4816860,1421.0,9230.0,15.395449620801733
4816890,41.0,521.0,7.869481765834934
4816920,9.0,175.0,5.142857142857142
4816950,219.0,2008.0,10.906374501992032
4816980,9.0,155.0,5.806451612903226
4817010,87.0,585.0,14.871794871794872
4817040,261.0,1692.0,15.425531914893616
4817070,1635.0,10829.0,15.098347031120142
4817100,123.0,980.0,12.551020408163266
4817130,18.0,165.0,10.909090909090908
4817160,123.0,1232.0,9.983766233766234
4817190,2.0,18.0,11.11111111111111
4817280,14.0,375.0,3.733333333333334
4817390,2794.0,14757.0,18.933387544893947
4817400,6.0,25.0,24.0
4817460,44.0,480.0,9.166666666666666
4817550,15.0,318.0,4.716981132075472
4817580,103.0,1190.0,8.655462184873949
4817610,357.0,4319.0,8.26580226904376
4817640,2627.0,12862.0,20.424506297620898
4817700,2340.0,18845.0,12.417086760413904
4817730,2743.0,14415.0,19.028789455428374
4817760,449.0,8057.0,5.57279384386248
4817790,67.0,1190.0,5.630252100840337
4817830,38.0,954.0,3.9832285115303985
4817850,2044.0,9979.0,20.483014330093198
4817880,116.0,1519.0,7.636603028308098
4817960,176.0,1184.0,14.864864864864865
4818000,6872.0,31017.0,22.15559209465777
4818030,26.0,233.0,11.158798283261802
4818060,887.0,5189.0,17.093852380034686
4818070,21.0,222.0,9.45945945945946
4818120,72.0,988.0,7.28744939271255
4818150,2633.0,9400.0,28.010638297872344
4818180,4452.0,33187.0,13.414891373128032
4818210,255.0,1578.0,16.159695817490494
4818280,453.0,3674.0,12.329885683179096
4818300,8447.0,58251.0,14.501038608779249
4818330,30.0,409.0,7.334963325183375
4818360,686.0,4318.0,15.886984715145902
4818390,79.0,1234.0,6.40194489465154
4818480,92.0,881.0,10.442678774120317
4818540,684.0,5832.0,11.728395061728394
4818600,19.0,479.0,3.966597077244259
4818660,18.0,148.0,12.162162162162163
4818690,28.0,414.0,6.763285024154589
4818720,109.0,1557.0,7.000642260757868
4818750,67.0,488.0,13.729508196721312
4818780,13.0,233.0,5.579399141630901
4818810,808.0,5834.0,13.849845731916352
4818840,12.0,95.0,12.631578947368421
4818890,5.0,101.0,4.9504950495049505
4818900,268.0,2281.0,11.749232792634809
4818940,150.0,1815.0,8.264462809917356
4819020,2.0,404.0,0.49504950495049505
4819050,25.0,167.0,14.97005988023952
4819080,108.0,1639.0,6.589383770591824
4819110,27.0,539.0,5.009276437847866
4819140,12.0,258.0,4.651162790697675
4819170,261.0,2709.0,9.634551495016613
4819280,28.0,546.0,5.128205128205128
4819320,141.0,1048.0,13.454198473282442
4819350,558.0,4021.0,13.877144988808753
4819380,849.0,5904.0,14.380081300813007
4819440,112.0,763.0,14.678899082568808
4819500,6.0,146.0,4.10958904109589
4819530,28.0,188.0,14.893617021276595
4819560,852.0,10057.0,8.47171124589838
4819620,60.0,742.0,8.086253369272237
4819650,4917.0,75177.0,6.540564268326748
4819700,15463.0,85795.0,18.023194824873244
4819740,124.0,1253.0,9.896249002394255
4819770,88.0,873.0,10.080183276059564
4819820,139.0,815.0,17.05521472392638
4819830,968.0,9688.0,9.991742361684558
4819840,352.0,3271.0,10.761235096300826
4819950,391.0,6071.0,6.44045462032614
4819980,104.0,1120.0,9.285714285714286
4820010,2979.0,57657.0,5.166762058379729
4820040,31.0,413.0,7.506053268765134
4820070,67.0,449.0,14.92204899777283
4820100,24.0,226.0,10.619469026548673
4820130,11.0,409.0,2.689486552567237
4820160,102.0,1608.0,6.343283582089552
4820190,618.0,2481.0,24.9093107617896
4820220,425.0,3081.0,13.79422265498215
4820250,2313.0,22596.0,10.236325013276685
4820280,1499.0,6897.0,21.73408728432652
4820310,40.0,766.0,5.221932114882506
4820340,5847.0,55245.0,10.58376323649199
4820370,7.0,196.0,3.571428571428571
4820400,72.0,724.0,9.94475138121547
4820460,60.0,471.0,12.738853503184714
4820500,454.0,2789.0,16.2782359268555
4820520,11.0,184.0,5.978260869565218
4820550,175.0,1103.0,15.86582048957389
4820600,1280.0,11527.0,11.104363667910123
4820610,28.0,258.0,10.852713178294573
4820640,191.0,1905.0,10.026246719160104
4820700,304.0,2446.0,12.428454619787408
4820760,267.0,1785.0,14.957983193277311
4820790,17.0,311.0,5.466237942122187
4820850,88.0,1806.0,4.87264673311185
4820960,225.0,2010.0,11.194029850746269
4820970,23.0,108.0,21.296296296296298
4821000,56.0,574.0,9.75609756097561
4821030,124.0,1341.0,9.246830723340791
4821060,340.0,2847.0,11.94239550403934
4821090,38.0,240.0,15.833333333333332
4821150,3704.0,23648.0,15.663058186738837
4821180,12.0,181.0,6.629834254143646
4821270,34.0,306.0,11.11111111111111
4821300,11.0,252.0,4.365079365079365
4821330,32.0,352.0,9.090909090909092
4821360,266.0,2368.0,11.233108108108109
4821390,1209.0,7135.0,16.944639103013316
4821420,4873.0,28391.0,17.163889965129794
4821450,140.0,1092.0,12.82051282051282
4821480,24.0,162.0,14.814814814814813
4821540,58.0,1206.0,4.809286898839138
4821560,1.0,50.0,2.0
4821590,46.0,447.0,10.290827740492169
4821600,179.0,1135.0,15.770925110132158
4821630,36.0,506.0,7.114624505928854
4821660,835.0,13300.0,6.2781954887218046
4821720,798.0,5117.0,15.595075239398085
4821750,357.0,2705.0,13.197781885397411
4821780,1136.0,4834.0,23.500206868018203
4821810,250.0,1828.0,13.676148796498905
4821840,9.0,148.0,6.081081081081082
4821900,108.0,769.0,14.044213263979193
4821930,7.0,286.0,2.4475524475524475
4821960,56.0,932.0,6.008583690987124
4821990,12.0,141.0,8.51063829787234
4822020,5.0,104.0,4.807692307692308
4822050,71.0,612.0,11.601307189542483
4822120,91.0,1122.0,8.110516934046345
4822140,4.0,171.0,2.3391812865497075
4822170,457.0,4933.0,9.264139468883032
4822230,93.0,850.0,10.941176470588236
4822260,26.0,397.0,6.54911838790932
4822320,243.0,1932.0,12.577639751552795
4822350,13.0,263.0,4.942965779467681
4822380,271.0,1408.0,19.24715909090909
4822410,182.0,2248.0,8.09608540925267
4822470,2882.0,14388.0,20.03058103975535
4822500,69.0,749.0,9.212283044058744
4822530,2248.0,18358.0,12.245342629916113
4822560,85.0,1075.0,7.906976744186046
4822590,36.0,592.0,6.081081081081082
4822620,5.0,114.0,4.385964912280701
4822650,27.0,207.0,13.043478260869565
4822680,13.0,241.0,5.394190871369295
4822710,18.0,604.0,2.980132450331126
4822740,61.0,553.0,11.030741410488245
4822770,85.0,690.0,12.318840579710146
4822800,57.0,736.0,7.744565217391304
4822830,134.0,860.0,15.58139534883721
4822850,17.0,104.0,16.346153846153847
4822890,147.0,896.0,16.40625
4822920,202.0,1606.0,12.577833125778332
4822970,285.0,3392.0,8.402122641509434
4822980,64.0,958.0,6.6805845511482245
4823010,547.0,3899.0,14.029238266222107
4823040,29.0,252.0,11.507936507936508
4823070,45.0,627.0,7.177033492822966
4823100,246.0,3180.0,7.735849056603773
4823140,17.0,129.0,13.178294573643413
4823160,20.0,142.0,14.084507042253522
4823190,8.0,233.0,3.4334763948497855
4823250,279.0,6964.0,4.006318207926479
4823280,241.0,1848.0,13.041125541125542
4823310,268.0,1437.0,18.649965205288797
4823370,31.0,679.0,4.565537555228277
4823400,38.0,1007.0,3.7735849056603774
4823430,280.0,1996.0,14.02805611222445
4823460,47.0,620.0,7.580645161290322
4823490,109.0,914.0,11.925601750547047
4823640,29231.0,211178.0,13.841877468296888
4823670,114.0,1161.0,9.819121447028424
4823700,10.0,91.0,10.989010989010989
4823730,39.0,400.0,9.75
4823760,18.0,238.0,7.563025210084033
4823790,229.0,2888.0,7.929362880886427
4823820,395.0,3524.0,11.208853575482406
4823850,106.0,1273.0,8.326787117046347
4823880,83.0,478.0,17.364016736401673
4823910,4008.0,41941.0,9.556281442979424
4823970,2.0,194.0,1.0309278350515463
4824000,276.0,1718.0,16.065192083818395
4824030,822.0,5850.0,14.051282051282051
4824060,1943.0,23405.0,8.301644947660757
4824100,537.0,7230.0,7.427385892116183
4824120,69.0,1004.0,6.872509960159362
4824150,99.0,1177.0,8.411214953271028
4824180,377.0,2343.0,16.090482287665388
4824210,92.0,1107.0,8.310749774164409
4824240,33.0,498.0,6.626506024096386
4824260,106.0,1820.0,5.824175824175824
4824300,7.0,256.0,2.734375
4824330,33.0,424.0,7.783018867924528
4824360,9.0,141.0,6.382978723404255
4824420,3395.0,32214.0,10.53889613211647
4824450,46.0,628.0,7.32484076433121
4824480,57.0,690.0,8.26086956521739
4824530,80.0,1040.0,7.6923076923076925
4824590,580.0,4974.0,11.660635303578609
4824600,91.0,1687.0,5.394190871369295
4824630,379.0,2484.0,15.257648953301128
4824660,15.0,154.0,9.740259740259742
4824730,254.0,1273.0,19.9528672427337
4824750,218.0,1151.0,18.94005212858384
4824780,92.0,1217.0,7.559572719802794
4824810,129.0,716.0,18.01675977653631
4824840,55.0,658.0,8.358662613981762
4824900,18.0,315.0,5.714285714285714
4824930,500.0,5507.0,9.079353550027237
4824960,156.0,1614.0,9.66542750929368
4824990,3845.0,23007.0,16.71230495066719
4825020,70.0,615.0,11.38211382113821
4825110,8.0,145.0,5.517241379310345
4825140,167.0,1134.0,14.726631393298058
4825170,4580.0,77432.0,5.91486723835107
4825200,433.0,3935.0,11.003811944091487
4825230,119.0,1053.0,11.301044634377968
4825260,3155.0,34251.0,9.211409885842748
4825290,14.0,84.0,16.666666666666664
4825320,243.0,1618.0,15.018541409147096
4825410,2.0,79.0,2.5316455696202533
4825440,145.0,825.0,17.575757575757574
4825470,45.0,278.0,16.18705035971223
4825500,282.0,3126.0,9.021113243761997
4825530,57.0,592.0,9.628378378378379
4825560,304.0,1417.0,21.45377558221595
4825590,531.0,4741.0,11.20016874077199
4825620,442.0,4079.0,10.835989213042414
4825660,8534.0,44277.0,19.274115229125734
4825680,633.0,3373.0,18.766676549066112
4825710,173.0,1503.0,11.510312707917498
4825740,5897.0,52487.0,11.23516299274106
4825790,6.0,246.0,2.4390243902439024
4825800,21.0,455.0,4.615384615384616
4825870,36.0,279.0,12.903225806451612
4825890,38.0,233.0,16.30901287553648
4825920,189.0,1160.0,16.29310344827586
4825950,30.0,250.0,12.0
4825980,170.0,2124.0,8.00376647834275
4826040,320.0,3289.0,9.729401033748859
4826070,13.0,132.0,9.848484848484848
4826100,189.0,1967.0,9.608540925266903
4826130,5488.0,28299.0,19.392911410297184
4826190,1163.0,7573.0,15.357190017166248
4826220,24.0,453.0,5.298013245033113
4826250,67.0,468.0,14.316239316239315
4826280,368.0,3098.0,11.878631375080698
4826310,410.0,3373.0,12.155351319300326
4826340,115.0,579.0,19.86183074265976
4826370,73.0,1053.0,6.932573599240266
4826400,107.0,1477.0,7.244414353419093
4826430,357.0,3938.0,9.065515490096496
4826470,1103.0,10410.0,10.595581171950048
4826490,707.0,3339.0,21.17400419287212
4826580,3238.0,31506.0,10.27740747794071
4826610,356.0,1935.0,18.39793281653747
4826640,429.0,3338.0,12.852007189934092
4826670,729.0,7364.0,9.89951113525258
4826700,6.0,181.0,3.314917127071823
4826790,2587.0,23932.0,10.809794417516295
4826850,50.0,439.0,11.389521640091116
4826910,52.0,483.0,10.766045548654244
4826970,9.0,200.0,4.5
4827000,32.0,290.0,11.03448275862069
4827030,3063.0,39002.0,7.853443413158299
4827060,9.0,100.0,9.0
4827090,17.0,155.0,10.967741935483872
4827120,18.0,179.0,10.05586592178771
4827180,88.0,759.0,11.594202898550725
4827210,97.0,920.0,10.543478260869566
4827240,361.0,2999.0,12.037345781927309
4827270,21.0,259.0,8.108108108108109
4827300,3909.0,46776.0,8.35684966649564
4827330,83.0,1024.0,8.10546875
4827390,408.0,2503.0,16.300439472632842
4827420,250.0,4019.0,6.220452848967405
4827450,271.0,2106.0,12.867996201329534
4827510,284.0,4082.0,6.957373836354728
4827540,62.0,699.0,8.869814020028613
4827570,18.0,494.0,3.643724696356275
4827600,12.0,276.0,4.3478260869565215
4827630,26.0,390.0,6.666666666666667
4827690,547.0,3138.0,17.431485022307204
4827720,681.0,7518.0,9.058260175578612
4827750,123.0,1345.0,9.144981412639405
4827780,464.0,4068.0,11.406096361848574
4827810,238.0,1794.0,13.26644370122631
4827870,1103.0,5671.0,19.44983248104391
4827890,41.0,458.0,8.951965065502183
4827930,17.0,107.0,15.887850467289718
4827960,41.0,282.0,14.539007092198581
4827990,54.0,1045.0,5.167464114832536
4828020,83.0,1044.0,7.950191570881227
4828110,771.0,8556.0,9.011220196353436
4828140,15.0,155.0,9.67741935483871
4828170,16.0,159.0,10.062893081761008
4828200,87.0,1763.0,4.934770277935337
4828230,50.0,259.0,19.305019305019304
4828290,1210.0,10767.0,11.238042165877218
4828350,65.0,523.0,12.4282982791587
4828380,197.0,4264.0,4.620075046904315
4828410,23.0,550.0,4.181818181818182
4828500,3956.0,28052.0,14.102381291886495
4828530,15.0,106.0,14.150943396226415
4828550,958.0,7423.0,12.90583322106965
4828590,137.0,1431.0,9.57372466806429
4828620,232.0,1551.0,14.958091553836233
4828650,255.0,1693.0,15.062020082693445
4828680,320.0,3514.0,9.10643141718839
4828710,212.0,2356.0,8.998302207130731
4828740,1347.0,12989.0,10.370313342058665
4828780,173.0,1391.0,12.437095614665708
4828800,11.0,158.0,6.962025316455696
4828830,3.0,187.0,1.6042780748663104
4828890,1437.0,9091.0,15.806841931580685
4828920,2611.0,34862.0,7.489530147438472
4828980,1.0,63.0,1.5873015873015872
4829010,423.0,4230.0,10.0
4829040,67.0,319.0,21.003134796238246
4829100,179.0,1470.0,12.176870748299319
4829130,162.0,835.0,19.40119760479042
4829160,975.0,5126.0,19.020678891923527
4829190,41.0,518.0,7.915057915057915
4829220,20.0,529.0,3.780718336483932
4829250,23.0,397.0,5.793450881612091
4829280,41.0,729.0,5.6241426611796985
4829370,8.0,157.0,5.095541401273886
4829400,356.0,1654.0,21.5235792019347
4829460,43.0,488.0,8.811475409836065
4829520,30.0,296.0,10.135135135135135
4829580,71.0,1241.0,5.72119258662369
4829670,2850.0,23291.0,12.23648619638487
4829700,134.0,554.0,24.187725631768952
4829760,19.0,325.0,5.846153846153846
4829820,85.0,1451.0,5.85802894555479
4829850,2231.0,24304.0,9.17955892034233
4829880,24.0,250.0,9.6
4829910,33.0,381.0,8.661417322834646
4829940,8.0,258.0,3.10077519379845
4830000,29.0,282.0,10.28368794326241
4830030,42.0,322.0,13.043478260869565
4830060,544.0,5084.0,10.700236034618412
4830120,111.0,2791.0,3.977069150841992
4830180,43.0,498.0,8.634538152610443
4830210,26.0,301.0,8.637873754152823
4830250,970.0,5530.0,17.540687160940323
4830300,35.0,474.0,7.383966244725738
4830340,209.0,1169.0,17.87852865697177
4830360,25.0,277.0,9.025270758122744
4830390,3260.0,40998.0,7.951607395482707
4830420,280.0,1799.0,15.56420233463035
4830450,9.0,120.0,7.5
4830480,9.0,219.0,4.10958904109589
4830570,4496.0,25708.0,17.488719464758052
4830600,584.0,8870.0,6.5839909808342725
4830640,463.0,8073.0,5.735166604731822
4830660,12.0,137.0,8.75912408759124
4830690,36.0,452.0,7.964601769911504
4830720,74.0,741.0,9.986504723346828
4830750,28.0,439.0,6.378132118451026
4830780,25.0,274.0,9.124087591240876
4830810,17.0,329.0,5.167173252279635
4830870,98.0,974.0,10.061601642710473
4830930,154.0,1628.0,9.45945945945946
4830950,531.0,3280.0,16.189024390243905
4831040,2916.0,15469.0,18.8506044346758
4831170,426.0,2327.0,18.306832831972496
4831200,8.0,159.0,5.031446540880504
4831230,171.0,1135.0,15.066079295154186
4831260,981.0,8736.0,11.229395604395604
4831290,66.0,649.0,10.16949152542373
4831320,29.0,129.0,22.48062015503876
4831380,16.0,134.0,11.940298507462686
4831410,1.0,124.0,0.8064516129032258
4831470,61.0,393.0,15.521628498727736
4831500,15.0,172.0,8.720930232558139
4831560,24.0,278.0,8.633093525179856
4831620,22.0,196.0,11.224489795918368
4831650,52.0,413.0,12.590799031477
4831760,632.0,5326.0,11.866316184754037
4831770,144.0,1625.0,8.86153846153846
4831860,6.0,510.0,1.1764705882352942
4831890,144.0,1438.0,10.013908205841446
4831920,97.0,305.0,31.80327868852459
4831950,9.0,616.0,1.461038961038961
4831970,22.0,386.0,5.699481865284974
4832010,17.0,166.0,10.240963855421686
4832090,793.0,6243.0,12.702226493672914
4832130,154.0,1102.0,13.974591651542651
4832160,142.0,1911.0,7.430664573521717
4832190,332.0,3055.0,10.867430441898527
4832220,3.0,248.0,1.2096774193548387
4832250,26.0,360.0,7.222222222222221
4832280,673.0,5387.0,12.49303879710414
4832310,249.0,3228.0,7.713754646840148
4832340,161.0,1337.0,12.041884816753926
4832370,1077.0,8626.0,12.485508926501275
4832400,2450.0,15034.0,16.29639483836637
4832430,50.0,751.0,6.657789613848203
4832460,67.0,1099.0,6.096451319381256
4832490,18.0,449.0,4.008908685968819
4832610,37.0,544.0,6.8014705882352935
4832640,83.0,1069.0,7.764265668849392
4832700,15.0,231.0,6.493506493506493
4832730,189.0,1026.0,18.421052631578945
4832740,131.0,1077.0,12.163416898792944
4832790,56.0,780.0,7.179487179487179
4832880,5.0,157.0,3.1847133757961785
4832910,72.0,608.0,11.842105263157894
4832940,9157.0,65811.0,13.914087310631961
4832970,41.0,518.0,7.915057915057915
4833010,171.0,2595.0,6.589595375722543
4833030,65.0,353.0,18.413597733711047
4833090,8.0,214.0,3.7383177570093453
4833120,16253.0,106006.0,15.332151010320171
4833180,1880.0,23124.0,8.130081300813007
4833240,19.0,275.0,6.909090909090909
4833270,10.0,116.0,8.620689655172415
4833340,14.0,200.0,7.000000000000001
4833360,137.0,989.0,13.852376137512639
4833390,16.0,322.0,4.968944099378882
4833420,24.0,158.0,15.18987341772152
4833570,16.0,102.0,15.686274509803921
4833630,80.0,675.0,11.851851851851853
4833660,43.0,615.0,6.991869918699186
4833690,91.0,1110.0,8.198198198198197
4833720,311.0,1877.0,16.56899307405434
4833780,200.0,1789.0,11.179429849077698
4833840,124.0,941.0,13.177470775770455
4833870,52.0,529.0,9.829867674858223
4833900,20.0,228.0,8.771929824561402
4833960,15.0,132.0,11.363636363636363
4833980,42.0,248.0,16.93548387096774
4834020,104.0,1425.0,7.298245614035087
4834050,401.0,3231.0,12.411018260600432
4834110,78.0,1217.0,6.4092029580936725
4834140,10.0,112.0,8.928571428571429
4834170,393.0,3574.0,10.996082820369333
4834230,60.0,726.0,8.264462809917356
4834260,79.0,1192.0,6.62751677852349
4834290,502.0,3498.0,14.351057747284163
4834320,9042.0,54630.0,16.551345414607358
4834380,3.0,96.0,3.125
4834410,8.0,300.0,2.666666666666667
4834440,1179.0,21629.0,5.4510148411854455
4834470,344.0,2287.0,15.041539134236992
4834500,81.0,1171.0,6.917164816396243
4834550,551.0,2688.0,20.498511904761905
4834560,19.0,237.0,8.016877637130802
4834630,32.0,341.0,9.3841642228739
4834650,181.0,2223.0,8.142150247413406
4834680,24.0,273.0,8.791208791208792
4834710,84.0,516.0,16.27906976744186
4834770,57.0,427.0,13.348946135831383
4834800,118.0,891.0,13.243546576879911
4834830,2626.0,25289.0,10.383961406144964
4834860,3913.0,31899.0,12.266842220759273
4834920,116.0,1401.0,8.279800142755175
4834980,679.0,4680.0,14.50854700854701
4835010,258.0,2344.0,11.006825938566553
4835040,70.0,448.0,15.625
4835070,695.0,5505.0,12.62488646684832
4835100,4065.0,52601.0,7.727989962168019
4835130,189.0,2106.0,8.974358974358974
4835190,574.0,3581.0,16.02904216699246
4835250,188.0,2427.0,7.746188710341986
4835310,103.0,1419.0,7.258632840028188
4835340,82.0,518.0,15.83011583011583
4835370,57.0,439.0,12.984054669703873
4835400,1734.0,7733.0,22.42338031811716
4835430,438.0,5006.0,8.749500599280863
4835490,119.0,871.0,13.662456946039036
4835520,334.0,1737.0,19.228554979850315
4835550,24.0,835.0,2.874251497005988
4835560,71.0,861.0,8.246225319396052
4835570,82.0,1458.0,5.6241426611796985
4835580,140.0,1416.0,9.887005649717514
4835700,40.0,199.0,20.100502512562816
4835730,12.0,151.0,7.9470198675496695
4835740,71.0,1150.0,6.173913043478261
4835760,166.0,595.0,27.899159663865547
4835800,246.0,1317.0,18.678815489749432
4835820,10.0,111.0,9.00900900900901
4835850,468.0,4381.0,10.682492581602373
4835890,12.0,127.0,9.448818897637794
4835910,283.0,1905.0,14.855643044619423
4836000,615.0,12030.0,5.112219451371571
4836180,54.0,531.0,10.16949152542373
4836210,127.0,1039.0,12.223291626564004
4836240,405.0,2630.0,15.399239543726237
4836300,87.0,1121.0,7.760927743086529
4836360,259.0,1688.0,15.343601895734595
4836390,68.0,524.0,12.977099236641221
4836420,4.0,33.0,12.121212121212121
4836450,54.0,1561.0,3.459320948110186
4836480,79.0,345.0,22.89855072463768
4836510,43.0,310.0,13.870967741935484
4836540,429.0,2039.0,21.039725355566453
4836570,120.0,862.0,13.921113689095128
4836630,11.0,510.0,2.156862745098039
4836660,414.0,5806.0,7.13055459869101
4836750,84.0,1119.0,7.506702412868632
4836780,93.0,704.0,13.210227272727273
4836930,36.0,687.0,5.240174672489083
4836960,88.0,897.0,9.810479375696767
4836970,178.0,1361.0,13.07861866274798
4836990,19.0,160.0,11.875
4837020,4685.0,39003.0,12.011896520780454
4837080,24.0,123.0,19.51219512195122
4837110,69.0,645.0,10.69767441860465
4837140,1252.0,10456.0,11.97398622800306
4837150,307.0,4245.0,7.232037691401649
4837170,256.0,1949.0,13.134940995382246
4837200,99.0,732.0,13.524590163934427
4837230,18.0,154.0,11.688311688311687
4837260,170.0,1273.0,13.35428122545169
4837320,48.0,421.0,11.401425178147269
4837380,30.0,282.0,10.638297872340425
4837410,150.0,2352.0,6.377551020408164
4837440,689.0,2785.0,24.73967684021544
4837470,20.0,302.0,6.622516556291391
4837500,18.0,185.0,9.72972972972973
4837590,191.0,1536.0,12.434895833333332
4837650,943.0,16161.0,5.835034960707877
4837710,86.0,895.0,9.608938547486034
4837740,902.0,6380.0,14.13793103448276
4837800,112.0,1095.0,10.228310502283106
4837830,33.0,443.0,7.44920993227991
4837860,60.0,622.0,9.646302250803858
4837900,96.0,636.0,15.09433962264151
4838040,30.0,258.0,11.627906976744185
4838080,4911.0,49065.0,10.009171507184348
4838100,4.0,266.0,1.5037593984962405
4838160,22.0,160.0,13.750000000000002
4838190,278.0,2412.0,11.5257048092869
4838220,554.0,5700.0,9.719298245614034
4838280,10.0,142.0,7.042253521126761
4838310,62.0,277.0,22.382671480144403
4838360,253.0,2132.0,11.866791744840526
4838400,81.0,918.0,8.823529411764707
4838430,79.0,554.0,14.259927797833935
4838460,110.0,1466.0,7.503410641200546
4838490,40.0,372.0,10.75268817204301
4838520,18.0,283.0,6.36042402826855
4838580,159.0,1863.0,8.53462157809984
4838610,3.0,270.0,1.1111111111111112
4838640,55.0,1089.0,5.05050505050505
4838700,2208.0,14477.0,15.251778683428888
4838730,11304.0,48940.0,23.09767061708214
4838760,93.0,763.0,12.18872870249017
4838790,1945.0,10467.0,18.582210757619183
4838820,357.0,1467.0,24.335378323108383
4838850,472.0,3795.0,12.437417654808959
4838900,1492.0,10047.0,14.850204041007267
4838910,16.0,237.0,6.751054852320674
4838970,1513.0,7750.0,19.52258064516129
4839000,40.0,261.0,15.32567049808429
4839030,80.0,722.0,11.080332409972298
4839120,21.0,247.0,8.502024291497975
4839150,72.0,738.0,9.75609756097561
4839180,299.0,2724.0,10.976505139500734
4839210,14.0,264.0,5.303030303030303
4839270,719.0,4791.0,15.007305364224589
4839300,18.0,751.0,2.396804260985353
4839330,63.0,686.0,9.183673469387756
4839360,107.0,1123.0,9.528049866429207
4839390,24.0,461.0,5.206073752711497
4839450,20.0,317.0,6.309148264984227
4839480,1515.0,15652.0,9.679274214157935
4839510,19.0,555.0,3.423423423423423
4839540,63.0,760.0,8.289473684210526
4839570,86.0,1029.0,8.35762876579203
4839600,69.0,544.0,12.683823529411764
4839630,293.0,2831.0,10.349699752737548
4839690,1737.0,6907.0,25.14840017373679
4839750,337.0,2894.0,11.644782308223911
4839780,53.0,579.0,9.153713298791018
4839870,97.0,1643.0,5.9038344491783326
4839900,76.0,427.0,17.798594847775178
4839930,506.0,10147.0,4.986695575046811
4839960,78.0,778.0,10.025706940874036
4839990,1595.0,9103.0,17.52169614412831
4840020,312.0,2020.0,15.445544554455445
4840080,1176.0,7140.0,16.470588235294116
4840110,28.0,655.0,4.2748091603053435
4840170,7.0,128.0,5.46875
4840200,6.0,114.0,5.263157894736842
4840230,365.0,2931.0,12.45308768338451
4840290,18.0,207.0,8.695652173913043
4840320,48.0,498.0,9.63855421686747
4840350,302.0,2323.0,13.00043047783039
4840380,10.0,69.0,14.492753623188406
4840410,104.0,837.0,12.425328554360812
4840440,159.0,1273.0,12.49018067556952
4840470,19.0,259.0,7.335907335907336
4840500,13.0,423.0,3.0732860520094563
4840550,227.0,1788.0,12.695749440715884
4840590,33.0,431.0,7.65661252900232
4840620,35.0,501.0,6.986027944111776
4840650,488.0,2685.0,18.175046554934823
4840680,1973.0,9169.0,21.518159014069145
4840710,4470.0,46517.0,9.609390115441666
4840740,758.0,4213.0,17.991929741276998
4840770,103.0,1127.0,9.139307897071872
4840800,52.0,817.0,6.364749082007344
4840890,9.0,132.0,6.8181818181818175
4840920,1207.0,5651.0,21.359051495310563
4840950,2762.0,13882.0,19.896268549200403
4841010,30.0,881.0,3.40522133938706
4841070,534.0,4016.0,13.296812749003983
4841100,4192.0,33429.0,12.540010170809776
4841130,2.0,102.0,1.9607843137254901
4841190,161.0,1976.0,8.147773279352228
4841220,7349.0,36115.0,20.348885504637963
4841250,47.0,367.0,12.806539509536785
4841280,466.0,3580.0,13.016759776536313
4841340,76.0,393.0,19.338422391857506
4841350,368.0,3606.0,10.205213533000554
4841400,70.0,672.0,10.416666666666668
4841430,145.0,1012.0,14.32806324110672
4841520,356.0,3638.0,9.785596481583287
4841550,25.0,326.0,7.668711656441718
4841580,51.0,691.0,7.380607814761215
4841610,77.0,827.0,9.310761789600967
4841670,31.0,590.0,5.2542372881355925
4841700,16.0,178.0,8.98876404494382
4841760,21.0,468.0,4.487179487179487
4841790,25.0,218.0,11.46788990825688
4841820,456.0,4258.0,10.709253170502583
4841850,10.0,627.0,1.5948963317384368
4841880,45.0,1813.0,2.4820739106453393
4841910,50.0,550.0,9.090909090909092
4841970,221.0,1967.0,11.235383833248601
4842000,4.0,156.0,2.564102564102564
4842030,319.0,2056.0,15.51556420233463
4842060,211.0,1106.0,19.077757685352623
4842090,64.0,622.0,10.289389067524116
4842120,66.0,691.0,9.55137481910275
4842210,180.0,1828.0,9.846827133479213
4842240,154.0,1576.0,9.771573604060913
4842280,316.0,3196.0,9.887359198998748
4842300,188.0,1223.0,15.372035977105478
4842330,1758.0,8101.0,21.701024564868536
4842360,44.0,579.0,7.599309153713299
4842390,24.0,115.0,20.869565217391305
4842420,20.0,144.0,13.88888888888889
4842450,681.0,4241.0,16.057533600565904
4842480,1012.0,6845.0,14.784514243973703
4842510,2539.0,8600.0,29.523255813953487
4842540,13.0,192.0,6.770833333333333
4842570,8.0,191.0,4.18848167539267
4842630,47.0,567.0,8.289241622574956
4842660,59.0,697.0,8.464849354375897
4842690,79.0,685.0,11.532846715328466
4842720,11.0,142.0,7.746478873239436
4842780,10.0,138.0,7.246376811594203
4842810,95.0,930.0,10.21505376344086
4842840,72.0,626.0,11.501597444089457
4842870,40.0,605.0,6.6115702479338845
4842900,71.0,787.0,9.021601016518424
4842930,103.0,667.0,15.442278860569717
4842960,995.0,15927.0,6.247253092233315
4842990,98.0,1102.0,8.892921960072595
4843110,16.0,165.0,9.696969696969697
4843140,62.0,568.0,10.915492957746478
4843170,39.0,174.0,22.413793103448278
4843200,308.0,1216.0,25.32894736842105
4843230,86.0,1084.0,7.9335793357933575
4843260,117.0,1535.0,7.62214983713355
4843290,180.0,1564.0,11.508951406649617
4843320,91.0,1097.0,8.295350957155879
4843350,613.0,3849.0,15.926214601195115
4843400,20.0,201.0,9.950248756218906
4843470,2130.0,17894.0,11.903431317760143
4843530,36.0,740.0,4.864864864864865
4843560,55.0,376.0,14.627659574468085
4843650,4452.0,43264.0,10.290310650887575
4843680,36.0,238.0,15.126050420168067
4843720,1079.0,4482.0,24.074074074074073
4843740,1.0,33.0,3.0303030303030303
4843760,64.0,642.0,9.968847352024921
4843800,368.0,4480.0,8.214285714285714
4843860,72.0,809.0,8.899876390605685
4843890,106.0,1599.0,6.629143214509068
4843920,340.0,2423.0,14.032191498142799
4843950,87.0,1047.0,8.30945558739255
4843980,10.0,255.0,3.9215686274509802
4844010,133.0,2130.0,6.244131455399061
4844040,32.0,270.0,11.851851851851853
4844110,297.0,2016.0,14.732142857142858
4844150,2527.0,14290.0,17.68369489153254
4844160,772.0,4619.0,16.713574366746048
4844250,6.0,121.0,4.958677685950414
4844280,2907.0,14797.0,19.645874163681828
4844310,57.0,325.0,17.53846153846154
4844370,1.0,124.0,0.8064516129032258
4844410,16.0,1139.0,1.404741000877963
4844430,655.0,7150.0,9.160839160839162
4844470,81.0,806.0,10.049627791563276
4844490,7.0,77.0,9.090909090909092
4844520,32.0,177.0,18.07909604519774
4844580,215.0,1302.0,16.513056835637478
4844670,102.0,920.0,11.08695652173913
4844710,30.0,355.0,8.450704225352112
4844730,918.0,8319.0,11.034980165885324
4844800,1107.0,8091.0,13.681868743047831
4844810,31.0,271.0,11.439114391143912
4844820,20.0,673.0,2.9717682020802374
4844890,28.0,588.0,4.761904761904762
4844910,18.0,313.0,5.7507987220447285
4844940,36.0,282.0,12.76595744680851
4844960,2052.0,16782.0,12.227386485520201
4845000,152.0,564.0,26.95035460992908
4845040,102.0,1333.0,7.651912978244561
4845090,514.0,2124.0,24.199623352165727
4845120,459.0,2104.0,21.815589353612168
4845150,107.0,1178.0,9.083191850594227
4845180,105.0,666.0,15.765765765765765
4845210,36.0,251.0,14.342629482071715
4845240,1.0,82.0,1.2195121951219512
4845330,3.0,156.0,1.9230769230769231
4845380,263.0,2097.0,12.541726275631854
4845420,23.0,455.0,5.054945054945055
4845450,21.0,369.0,5.691056910569105
4845480,122.0,1495.0,8.160535117056856
4845540,1007.0,6821.0,14.763231197771587
4845570,7.0,324.0,2.1604938271604937
4845600,411.0,4678.0,8.785805899957246
4845630,153.0,1585.0,9.652996845425868
4845670,95.0,856.0,11.098130841121495
4845690,10.0,184.0,5.434782608695652
4845720,263.0,1520.0,17.30263157894737
4845780,1505.0,13475.0,11.168831168831169
4845840,2.0,146.0,1.36986301369863
4845900,1181.0,7290.0,16.200274348422496
4845950,302.0,2405.0,12.557172557172558
4845990,36.0,129.0,27.906976744186046
4846080,11.0,290.0,3.793103448275862
4846170,82.0,429.0,19.114219114219114
4846200,105.0,1521.0,6.903353057199212
4846230,176.0,986.0,17.849898580121703
4846260,61.0,546.0,11.172161172161173
4846320,52.0,746.0,6.970509383378016
4846350,29.0,673.0,4.3090638930163445
4846380,39.0,450.0,8.666666666666668
4846410,18.0,162.0,11.11111111111111
4846440,130.0,1339.0,9.70873786407767
4846470,73.0,512.0,14.2578125
4846500,282.0,4410.0,6.394557823129252
4846530,946.0,15712.0,6.020875763747454
4846590,45.0,393.0,11.450381679389313
4846620,243.0,1617.0,15.0278293135436
4846650,50.0,535.0,9.345794392523365
4846680,4592.0,40143.0,11.439105198913884
4846710,869.0,3521.0,24.680488497585912
4846740,89.0,368.0,24.184782608695652
4846770,22.0,202.0,10.891089108910892
4899130,73.0,340.0,21.470588235294116
4900005,317.0,4722.0,6.713257094451504
4900008,134.0,448.0,29.910714285714285
4900009,34.0,178.0,19.101123595505616
4900011,92.0,317.0,29.02208201892745
4900012,60.0,379.0,15.8311345646438
4900013,21.0,72.0,29.166666666666668
4900014,11.0,188.0,5.851063829787234
4900015,115.0,1299.0,8.852963818321786
4900016,57.0,476.0,11.974789915966387
4900017,42.0,482.0,8.71369294605809
4900018,5.0,392.0,1.2755102040816326
4900019,161.0,236.0,68.22033898305084
4900020,2.0,504.0,0.3968253968253968
4900021,25.0,458.0,5.458515283842795
4900022,75.0,855.0,8.771929824561402
4900023,47.0,307.0,15.309446254071663
4900024,48.0,422.0,11.374407582938389
4900025,24.0,523.0,4.588910133843212
4900030,9258.0,67536.0,13.708244491826582
4900032,96.0,682.0,14.076246334310852
4900033,291.0,1765.0,16.48725212464589
4900034,48.0,484.0,9.917355371900827
4900035,36.0,111.0,32.432432432432435
4900036,173.0,362.0,47.790055248618785
4900037,1.0,212.0,0.4716981132075472
4900038,78.0,755.0,10.331125827814569
4900039,31.0,171.0,18.128654970760234
4900040,64.0,649.0,9.861325115562405
4900041,99.0,1055.0,9.383886255924171
4900042,232.0,1158.0,20.03454231433506
4900043,118.0,1022.0,11.545988258317024
4900044,194.0,1770.0,10.96045197740113
4900045,203.0,1108.0,18.32129963898917
4900046,56.0,1016.0,5.511811023622047
4900048,119.0,559.0,21.288014311270125
4900049,100.0,769.0,13.003901170351106
4900050,4.0,278.0,1.4388489208633095
4900051,151.0,760.0,19.86842105263158
4900052,157.0,536.0,29.291044776119403
4900056,35.0,641.0,5.46021840873635
4900058,104.0,1084.0,9.59409594095941
4900060,126.0,1586.0,7.944514501891551
4900061,73.0,446.0,16.367713004484305
4900062,103.0,1557.0,6.61528580603725
4900063,21.0,761.0,2.759526938239159
4900064,55.0,373.0,14.745308310991955
4900065,138.0,1187.0,11.625947767481044
4900066,282.0,2482.0,11.36180499597099
4900067,61.0,403.0,15.136476426799009
4900068,105.0,1021.0,10.28403525954946
4900069,49.0,300.0,16.333333333333332
4900070,34.0,356.0,9.550561797752808
4900071,25.0,504.0,4.9603174603174605
4900072,51.0,303.0,16.831683168316832
4900073,74.0,492.0,15.040650406504067
4900074,93.0,321.0,28.971962616822427
4900090,1662.0,11629.0,14.291856565482844
4900118,74.0,371.0,19.946091644204852
4900120,1.0,1328.0,0.07530120481927711
4900122,133.0,676.0,19.674556213017752
4900123,31.0,409.0,7.579462102689487
4900124,65.0,2104.0,3.0893536121673004
4900125,164.0,433.0,37.87528868360277
4900130,34.0,2069.0,1.6433059449009184
4900131,121.0,405.0,29.876543209876544
4900132,145.0,977.0,14.841351074718526
4900133,67.0,803.0,8.34371108343711
4900136,46.0,701.0,6.562054208273895
4900137,234.0,1444.0,16.20498614958449
4900138,50.0,685.0,7.2992700729927
4900139,80.0,578.0,13.84083044982699
4900140,129.0,1002.0,12.874251497005988
4900141,154.0,908.0,16.96035242290749
4900142,3948.0,31888.0,12.380832915203213
4900143,51.0,631.0,8.082408874801903
4900144,204.0,644.0,31.67701863354037
4900145,28.0,598.0,4.682274247491638
4900146,21.0,166.0,12.650602409638553
4900147,49.0,555.0,8.82882882882883
4900148,26.0,609.0,4.269293924466338
4900150,1133.0,3508.0,32.29760547320411
4900151,40.0,1039.0,3.849855630413859
4900155,109.0,498.0,21.88755020080321
4900156,72.0,674.0,10.682492581602373
4900157,122.0,460.0,26.521739130434785
4900158,76.0,350.0,21.714285714285715
4900159,114.0,402.0,28.35820895522388
4900160,33.0,536.0,6.156716417910448
4900161,125.0,504.0,24.801587301587304
4900162,185.0,845.0,21.893491124260358
4900165,60.0,320.0,18.75
4900166,45.0,242.0,18.59504132231405
4900167,6.0,32.0,18.75
4900168,12.0,114.0,10.526315789473683
4900169,146.0,410.0,35.609756097560975
4900170,60.0,540.0,11.11111111111111
4900171,1.0,166.0,0.6024096385542169
4900172,126.0,1358.0,9.278350515463918
4900174,345.0,1923.0,17.94071762870515
4900175,98.0,490.0,20.0
4900176,155.0,782.0,19.82097186700767
4900177,80.0,359.0,22.284122562674096
4900178,126.0,182.0,69.23076923076923
4900179,166.0,624.0,26.602564102564102
4900180,30.0,193.0,15.544041450777202
4900181,147.0,529.0,27.788279773156898
4900182,5.0,519.0,0.9633911368015413
4900183,32.0,440.0,7.2727272727272725
4900184,134.0,567.0,23.633156966490297
4900185,114.0,554.0,20.577617328519857
4900186,72.0,313.0,23.003194888178914
4900187,66.0,498.0,13.253012048192772
4900188,36.0,202.0,17.82178217821782
4900189,123.0,874.0,14.073226544622425
4900192,136.0,433.0,31.40877598152425
4900193,67.0,348.0,19.25287356321839
4900195,42.0,627.0,6.698564593301436
4900196,84.0,268.0,31.343283582089555
4900197,30.0,246.0,12.195121951219512
4900210,7373.0,73839.0,9.985238153279433
4900240,1017.0,5247.0,19.382504288164665
4900270,490.0,2295.0,21.350762527233115
4900300,202.0,975.0,20.717948717948715
4900330,140.0,1449.0,9.66183574879227
4900360,8839.0,68097.0,12.980013803838641
4900390,1049.0,9205.0,11.395980445410103
4900420,6315.0,54368.0,11.615288404944085
4900450,387.0,2548.0,15.188383045525903
4900480,259.0,1253.0,20.670391061452513
4900510,985.0,5881.0,16.748852236014283
4900540,298.0,2986.0,9.979906229068987
4900570,79.0,3107.0,2.5426456388799488
4900600,860.0,6408.0,13.420724094881397
4900630,5457.0,33545.0,16.267700104337457
4900660,182.0,2602.0,6.994619523443505
4900690,114.0,1085.0,10.506912442396313
4900720,2531.0,12976.0,19.505240443896422
4900750,446.0,4822.0,9.249274160099544
4900780,29.0,293.0,9.897610921501707
4900810,1934.0,14320.0,13.50558659217877
4900840,75.0,495.0,15.151515151515152
4900870,4222.0,23393.0,18.048134057196595
4900900,651.0,3209.0,20.286693674041757
4900930,601.0,4657.0,12.905303843676187
4900960,341.0,3393.0,10.05010315355143
4900990,98.0,1680.0,5.833333333333333
4901020,46.0,251.0,18.326693227091635
4901050,2463.0,16433.0,14.988133633542263
4901080,1451.0,7192.0,20.17519466073415
4901110,928.0,7036.0,13.18931210915293
4901140,4269.0,30059.0,14.202069263781231
4901170,100.0,452.0,22.123893805309734
4901200,3363.0,32191.0,10.447019353235376
5100058,13.0,84.0,15.476190476190476
5100060,467.0,5209.0,8.965252447686696
5100070,0.0,119.0,0.0
5100090,1011.0,13915.0,7.265540783327344
5100120,1231.0,15802.0,7.790153145171496
5100152,353.0,2186.0,16.148215919487647
5100180,320.0,1793.0,17.84718349135527
5100210,533.0,4048.0,13.166996047430828
5100240,228.0,2281.0,9.995615957913195
5100270,1785.0,25828.0,6.911104227969646
5100300,1020.0,10256.0,9.945397815912637
5100330,64.0,559.0,11.449016100178891
5100360,912.0,9798.0,9.30802204531537
5100390,94.0,730.0,12.876712328767123
5100420,288.0,4648.0,6.196213425129088
5100450,453.0,2271.0,19.947159841479525
5100480,306.0,1632.0,18.75
5100510,707.0,2841.0,24.885603660682857
5100540,266.0,1976.0,13.461538461538462
5100560,120.0,955.0,12.56544502617801
5100600,713.0,7742.0,9.209506587445105
5100660,1021.0,4252.0,24.012229539040455
5100690,272.0,3797.0,7.163550171187779
5100720,94.0,650.0,14.461538461538462
5100750,392.0,1881.0,20.83997873471558
5100780,286.0,4510.0,6.341463414634147
5100810,2771.0,40185.0,6.895607813860893
5100840,5721.0,61291.0,9.334159990863258
5100870,208.0,1980.0,10.505050505050505
5100930,3.0,637.0,0.47095761381475665
5100960,369.0,2843.0,12.979247274006331
5100990,165.0,1051.0,15.699333967649856
5101020,50.0,617.0,8.103727714748784
5101050,1007.0,8189.0,12.296983758700696
5101080,223.0,1339.0,16.654219566840926
5101110,1008.0,5587.0,18.041882942545197
5101140,542.0,2141.0,25.31527323680523
5101170,760.0,4334.0,17.53576372865713
5101200,137.0,1407.0,9.737029140014215
5101260,15124.0,185956.0,8.133106756437007
5101290,108.0,2611.0,4.136346227499042
5101320,744.0,11108.0,6.697875405113432
5101350,171.0,2038.0,8.390578999018645
5101380,696.0,3590.0,19.38718662952646
5101410,240.0,1119.0,21.447721179624665
5101440,675.0,7224.0,9.343853820598007
5101470,1723.0,13527.0,12.737487986988985
5101510,336.0,3442.0,9.761766414875073
5101560,94.0,1241.0,7.574536663980661
5101590,290.0,2493.0,11.632571199358203
5101620,606.0,5438.0,11.143802868701728
5101650,378.0,2636.0,14.33990895295903
5101690,197.0,1589.0,12.397734424166142
5101710,507.0,3122.0,16.23959000640615
5101740,433.0,2391.0,18.10957758260142
5101770,776.0,4914.0,15.791615791615794
5101800,2998.0,18553.0,16.15911173395138
5101830,818.0,17850.0,4.582633053221288
5101860,673.0,6295.0,10.69102462271644
5101890,5198.0,51196.0,10.153136963825299
5101920,857.0,7466.0,11.478703455665684
5101950,33.0,210.0,15.714285714285714
5101980,672.0,4007.0,16.77065136011979
5102010,532.0,5494.0,9.683290862759373
5102070,135.0,834.0,16.18705035971223
5102100,627.0,4535.0,13.8257993384785
5102120,310.0,2198.0,14.103730664240219
5102160,166.0,1159.0,14.322691975841243
5102190,764.0,3269.0,23.37106148669318
5102220,37.0,522.0,7.088122605363985
5102250,5932.0,80122.0,7.403709343251541
5102280,442.0,4913.0,8.996539792387544
5102310,221.0,1530.0,14.444444444444443
5102340,1179.0,8049.0,14.647782333209095
5102360,1260.0,7786.0,16.18289237092217
5102370,145.0,1777.0,8.159819921215531
5102390,391.0,3726.0,10.493827160493826
5102400,230.0,1904.0,12.079831932773109
5102430,166.0,1093.0,15.187557182067705
5102460,660.0,4322.0,15.270708005552985
5102490,175.0,1284.0,13.629283489096572
5102520,957.0,9900.0,9.666666666666666
5102580,218.0,1884.0,11.571125265392782
5102610,315.0,3244.0,9.71023427866831
5102640,4077.0,27314.0,14.926411364135609
5102670,4583.0,29705.0,15.42837906076418
5102710,197.0,1653.0,11.91772534785239
5102730,181.0,1318.0,13.732928679817904
5102760,179.0,798.0,22.431077694235587
5102790,311.0,2058.0,15.111758989310008
5102820,619.0,4837.0,12.797188339880092
5102850,411.0,3358.0,12.239428231089935
5102880,315.0,2715.0,11.602209944751381
5102910,1035.0,3648.0,28.37171052631579
5102940,1269.0,8758.0,14.48960949988582
5102980,146.0,2139.0,6.825619448340346
5103000,2505.0,13716.0,18.26334208223972
5103030,267.0,4331.0,6.164858000461787
5103060,350.0,2065.0,16.94915254237288
5103090,724.0,6345.0,11.41055949566588
5103130,10839.0,89569.0,12.101285042816153
5103150,616.0,4221.0,14.593698175787729
5103180,161.0,1612.0,9.987593052109181
5103210,131.0,853.0,15.357561547479484
5103240,4198.0,23707.0,17.707850002109083
5103270,125.0,1322.0,9.4553706505295
5103300,2322.0,13609.0,17.06223822470424
5103330,950.0,14131.0,6.722808010756492
5103370,548.0,2829.0,19.37080240367621
5103390,813.0,11837.0,6.868294331333953
5103420,628.0,3828.0,16.405433646812956
5103460,383.0,3954.0,9.686393525543753
5103480,429.0,3620.0,11.850828729281767
5103510,784.0,6162.0,12.723141837065889
5103520,630.0,4443.0,14.179608372721134
5103600,341.0,2807.0,12.14820092625579
5103640,3007.0,23767.0,12.651996465687718
5103660,2684.0,29145.0,9.209126779893635
5103690,326.0,2641.0,12.34380916319576
5103710,1390.0,14362.0,9.678317783038574
5103750,64.0,793.0,8.07061790668348
5103780,216.0,1132.0,19.081272084805654
5103810,1312.0,5793.0,22.6480234766097
5103840,5751.0,68306.0,8.419465347114457
5103870,1064.0,5423.0,19.620136455836253
5103900,1184.0,7262.0,16.304048471495456
5103930,374.0,3005.0,12.445923460898504
5103950,91.0,810.0,11.234567901234568
5103980,282.0,1611.0,17.50465549348231
5104020,1239.0,11947.0,10.370804386038337
5104050,616.0,4409.0,13.971422091177137
5104080,906.0,5719.0,15.841930407413884
5104110,601.0,4161.0,14.443643354962749
5104150,912.0,12844.0,7.100591715976331
5300001,773.0,4046.0,19.105289174493326
5300002,95.0,227.0,41.85022026431718
5300003,1242.0,5146.0,24.135250680139915
5300005,19.0,29.0,65.51724137931035
5300015,14.0,94.0,14.893617021276595
5300030,884.0,3437.0,25.720104742508
5300060,77.0,647.0,11.901081916537867
5300090,10.0,113.0,8.849557522123893
5300150,427.0,2827.0,15.104350902016272
5300240,1144.0,5505.0,20.781108083560397
5300280,81.0,653.0,12.404287901990811
5300300,4487.0,16779.0,26.741760534000836
5300318,7.0,39.0,17.94871794871795
5300330,631.0,3916.0,16.11338100102145
5300332,32.0,161.0,19.875776397515526
5300333,74.0,165.0,44.84848484848485
5300334,127.0,296.0,42.9054054054054
5300335,51.0,335.0,15.223880597014924
5300336,82.0,181.0,45.30386740331492
5300337,30.0,358.0,8.379888268156424
5300338,114.0,281.0,40.569395017793596
5300339,138.0,397.0,34.76070528967254
5300342,22.0,110.0,20.0
5300343,75.0,181.0,41.43646408839779
5300380,3034.0,13520.0,22.440828402366865
5300390,1736.0,21428.0,8.101549374649991
5300420,2327.0,11536.0,20.171636615811373
5300450,4.0,14.0,28.57142857142857
5300480,4260.0,19262.0,22.116083480427783
5300510,10.0,123.0,8.130081300813007
5300570,531.0,2180.0,24.357798165137616
5300630,15.0,104.0,14.423076923076922
5300660,1278.0,4858.0,26.30712227254014
5300690,192.0,884.0,21.71945701357466
5300720,160.0,906.0,17.660044150110377
5300750,5.0,77.0,6.493506493506493
5300780,1013.0,3625.0,27.944827586206895
5300810,967.0,7117.0,13.587185611915134
5300840,166.0,495.0,33.535353535353536
5300870,11.0,176.0,6.25
5300950,172.0,1070.0,16.074766355140188
5300960,151.0,1660.0,9.096385542168676
5300990,273.0,1337.0,20.418848167539267
5301050,11.0,95.0,11.578947368421053
5301080,2412.0,10920.0,22.087912087912088
5301110,3588.0,13994.0,25.639559811347723
5301140,846.0,3560.0,23.764044943820224
5301170,654.0,3053.0,21.4215525712414
5301200,254.0,1360.0,18.676470588235293
5301230,1136.0,4773.0,23.80054473077729
5301260,191.0,707.0,27.015558698727016
5301290,226.0,918.0,24.618736383442265
5301320,777.0,2639.0,29.44297082228117
5301350,257.0,891.0,28.84399551066218
5301380,8.0,15.0,53.333333333333336
5301410,3419.0,13297.0,25.712566744378428
5301440,65.0,586.0,11.092150170648464
5301470,327.0,1453.0,22.50516173434274
5301500,23.0,161.0,14.285714285714285
5301560,39.0,132.0,29.545454545454547
5301590,169.0,779.0,21.694480102695763
5301630,537.0,1832.0,29.312227074235807
5301660,157.0,537.0,29.236499068901306
5301680,39.0,421.0,9.263657957244655
5301710,18.0,169.0,10.650887573964498
5301800,190.0,941.0,20.191285866099896
5301830,60.0,218.0,27.522935779816514
5301860,19.0,90.0,21.11111111111111
5301890,64.0,192.0,33.33333333333333
5301920,68.0,260.0,26.153846153846157
5301980,88.0,432.0,20.37037037037037
5302010,140.0,619.0,22.617124394184167
5302040,101.0,429.0,23.543123543123542
5302070,423.0,2071.0,20.42491549975857
5302130,138.0,1504.0,9.175531914893616
5302280,946.0,4165.0,22.71308523409364
5302310,1184.0,6278.0,18.85950939789742
5302340,28.0,110.0,25.454545454545453
5302370,453.0,1879.0,24.108568387440126
5302400,3642.0,20069.0,18.14739149932732
5302460,836.0,3306.0,25.287356321839084
5302490,344.0,1500.0,22.933333333333334
5302520,20.0,111.0,18.01801801801802
5302550,40.0,349.0,11.461318051575931
5302610,590.0,2570.0,22.957198443579767
5302640,10.0,48.0,20.833333333333336
5302670,3809.0,20395.0,18.67614611424369
5302700,7998.0,25583.0,31.26294805144041
5302730,5.0,33.0,15.151515151515152
5302820,6365.0,22500.0,28.28888888888889
5302850,1160.0,4723.0,24.56066059707813
5302880,653.0,3830.0,17.049608355091383
5302910,221.0,921.0,23.995656894679694
5302940,1754.0,7962.0,22.029640793770408
5302970,41.0,882.0,4.648526077097506
5303000,21.0,126.0,16.666666666666664
5303030,26.0,74.0,35.13513513513514
5303090,308.0,978.0,31.492842535787318
5303130,269.0,715.0,37.62237762237762
5303150,689.0,3769.0,18.28071106394269
5303180,193.0,1548.0,12.467700258397933
5303210,490.0,2007.0,24.41454907822621
5303240,14.0,199.0,7.035175879396985
5303270,10.0,57.0,17.543859649122805
5303300,22.0,163.0,13.496932515337424
5303330,61.0,664.0,9.186746987951807
5303360,52.0,213.0,24.413145539906104
5303440,14.0,185.0,7.567567567567568
5303510,249.0,1183.0,21.048182586644128
5303540,6245.0,19471.0,32.073339838734526
5303570,459.0,1948.0,23.562628336755647
5303600,109.0,320.0,34.0625
5303660,390.0,1651.0,23.62204724409449
5303720,10.0,36.0,27.77777777777778
5303750,2601.0,20852.0,12.473623633224632
5303780,14.0,49.0,28.57142857142857
5303810,101.0,495.0,20.404040404040405
5303870,12.0,33.0,36.36363636363637
5303930,4005.0,18981.0,21.10004741583689
5303960,6381.0,27607.0,23.11370304632883
5303990,183.0,759.0,24.110671936758894
5304020,378.0,1465.0,25.802047781569964
5304050,131.0,625.0,20.96
5304080,15.0,72.0,20.833333333333336
5304110,174.0,561.0,31.016042780748666
5304150,38.0,57.0,66.66666666666666
5304170,280.0,1709.0,16.38385020479813
5304200,1398.0,8808.0,15.871934604904633
5304230,3233.0,29921.0,10.805120149727616
5304260,688.0,2477.0,27.775534921275735
5304290,10.0,40.0,25.0
5304380,108.0,518.0,20.84942084942085
5304410,81.0,217.0,37.327188940092164
5304470,2145.0,6711.0,31.962449709432278
5304500,25.0,133.0,18.796992481203006
5304530,108.0,203.0,53.20197044334976
5304560,403.0,3392.0,11.880896226415095
5304590,124.0,151.0,82.11920529801324
5304620,367.0,3189.0,11.508309814989024
5304650,251.0,903.0,27.796234772978963
5304710,22.0,89.0,24.719101123595504
5304740,122.0,654.0,18.654434250764528
5304800,60.0,154.0,38.961038961038966
5304830,209.0,506.0,41.30434782608695
5304860,3441.0,11097.0,31.008380643417137
5304890,38.0,348.0,10.919540229885058
5304920,1351.0,10375.0,13.021686746987951
5304950,320.0,1966.0,16.276703967446593
5304980,392.0,4538.0,8.638166593212869
5305010,305.0,1527.0,19.97380484610347
5305020,253.0,661.0,38.27534039334342
5305040,4.0,21.0,19.047619047619047
5305130,1123.0,5493.0,20.44420171126889
5305160,203.0,1428.0,14.215686274509803
5305190,93.0,316.0,29.430379746835445
5305220,2853.0,8702.0,32.785566536428405
5305250,97.0,517.0,18.762088974854933
5305280,431.0,949.0,45.41622760800843
5305310,431.0,1863.0,23.13472893183038
5305340,9.0,67.0,13.432835820895523
5305370,568.0,3243.0,17.51464693185322
5305400,1614.0,5785.0,27.89974070872947
5305430,3074.0,15628.0,19.66982339390837
5305460,259.0,1234.0,20.98865478119935
5305490,109.0,843.0,12.930011862396205
5305520,75.0,354.0,21.1864406779661
5305550,81.0,138.0,58.69565217391305
5305610,352.0,1069.0,32.92797006548176
5305640,198.0,1413.0,14.012738853503185
5305670,280.0,1791.0,15.633724176437743
5305700,317.0,742.0,42.722371967654986
5305730,341.0,2160.0,15.787037037037038
5305760,1134.0,5996.0,18.912608405603738
5305790,425.0,2209.0,19.23947487550928
5305820,11.0,73.0,15.068493150684931
5305850,3025.0,15256.0,19.828264289459884
5305880,47.0,170.0,27.647058823529413
5305910,2298.0,22628.0,10.15555948382535
5305940,1338.0,5683.0,23.543902868203414
5305970,9.0,204.0,4.411764705882353
5306000,110.0,241.0,45.643153526970956
5306060,339.0,1030.0,32.9126213592233
5306090,115.0,602.0,19.102990033222593
5306120,39.0,260.0,15.0
5306150,259.0,1126.0,23.00177619893428
5306180,1742.0,9410.0,18.51222104144527
5306220,682.0,1581.0,43.13725490196079
5306240,176.0,852.0,20.657276995305164
5306270,19.0,31.0,61.29032258064516
5306300,102.0,400.0,25.5
5306330,4.0,68.0,5.88235294117647
5306360,1.0,41.0,2.4390243902439024
5306390,46.0,207.0,22.22222222222222
5306420,194.0,600.0,32.33333333333333
5306450,529.0,2674.0,19.783096484667166
5306480,806.0,4189.0,19.24086894246837
5306510,1.0,24.0,4.166666666666666
5306540,27.0,208.0,12.980769230769232
5306570,3562.0,18522.0,19.231184537306987
5306600,47.0,320.0,14.6875
5306660,67.0,270.0,24.814814814814813
5306690,1433.0,9256.0,15.481849611063096
5306750,229.0,809.0,28.30655129789864
5306780,98.0,371.0,26.41509433962264
5306820,973.0,3823.0,25.451216322260006
5306840,294.0,1119.0,26.273458445040216
5306870,62.0,254.0,24.409448818897637
5306900,564.0,2741.0,20.576431959139
5306930,443.0,2921.0,15.16603902773023
5306960,5294.0,22742.0,23.27851552194178
5306990,30.0,180.0,16.666666666666664
5307020,284.0,2965.0,9.578414839797638
5307050,82.0,165.0,49.696969696969695
5307080,726.0,3003.0,24.175824175824175
5307110,130.0,912.0,14.25438596491228
5307140,87.0,580.0,15.0
5307210,116.0,632.0,18.354430379746837
5307230,3805.0,15931.0,23.884250831711757
5307260,132.0,316.0,41.77215189873418
5307320,2452.0,13414.0,18.279409572088863
5307350,563.0,3073.0,18.320859095346567
5307380,71.0,392.0,18.112244897959183
5307440,229.0,1328.0,17.24397590361446
5307470,450.0,2325.0,19.35483870967742
5307530,10.0,25.0,40.0
5307560,45.0,193.0,23.316062176165804
5307620,304.0,1762.0,17.253121452894437
5307650,280.0,703.0,39.82930298719772
5307680,3.0,69.0,4.3478260869565215
5307710,9090.0,54759.0,16.600010957102942
5307740,1313.0,4236.0,30.99622285174693
5307770,819.0,3766.0,21.74721189591078
5307800,48.0,249.0,19.27710843373494
5307830,574.0,2824.0,20.325779036827196
5307860,2.0,11.0,18.181818181818183
5307900,1411.0,4277.0,32.990413841477675
5307920,1421.0,9655.0,14.717762817193163
5307950,19.0,87.0,21.839080459770116
5307980,21.0,61.0,34.42622950819672
5308020,1930.0,10009.0,19.28264561894295
5308040,915.0,7021.0,13.032331576698475
5308070,165.0,510.0,32.35294117647059
5308100,126.0,634.0,19.873817034700316
5308130,763.0,3048.0,25.03280839895013
5308160,2075.0,9538.0,21.75508492346404
5308190,532.0,1385.0,38.411552346570396
5308220,37.0,194.0,19.072164948453608
5308250,7103.0,31184.0,22.777706516162137
5308280,21.0,81.0,25.925925925925924
5308310,45.0,159.0,28.30188679245283
5308340,1031.0,4439.0,23.225951790943906
5308400,11.0,36.0,30.555555555555557
5308460,537.0,3291.0,16.317228805834095
5308490,4.0,43.0,9.30232558139535
5308520,294.0,921.0,31.921824104234524
5308550,302.0,1962.0,15.392456676860347
5308580,21.0,88.0,23.863636363636363
5308610,1762.0,9874.0,17.844845047599758
5308670,1750.0,6868.0,25.48048922539313
5308700,8917.0,29121.0,30.620514405411903
5308730,96.0,175.0,54.85714285714286
5308760,957.0,8578.0,11.15644672417813
5308790,23.0,93.0,24.731182795698924
5308820,347.0,1169.0,29.683490162532078
5308850,27.0,192.0,14.0625
5308910,150.0,767.0,19.556714471968707
5308940,265.0,1169.0,22.668947818648416
5308970,1015.0,4075.0,24.9079754601227
5309000,39.0,199.0,19.597989949748744
5309030,182.0,693.0,26.262626262626267
5309060,36.0,242.0,14.87603305785124
5309100,1658.0,7186.0,23.072641246868912
5309150,101.0,607.0,16.639209225700164
5309180,851.0,5721.0,14.875021849327041
5309240,105.0,267.0,39.325842696629216
5309270,6815.0,23214.0,29.35728439734643
5309300,362.0,1536.0,23.567708333333336
5309330,97.0,455.0,21.318681318681318
5309360,496.0,2465.0,20.121703853955374
5309390,85.0,286.0,29.72027972027972
5309450,1547.0,5808.0,26.635674931129476
5309480,946.0,2851.0,33.1813398807436
5309510,278.0,1006.0,27.634194831013914
5309540,770.0,3225.0,23.875968992248062
5309570,31.0,48.0,64.58333333333334
5309600,53.0,394.0,13.451776649746192
5309630,97.0,339.0,28.613569321533923
5309660,1796.0,7146.0,25.132941505737477
5309690,1187.0,3659.0,32.44055752937961
5309720,1208.0,5242.0,23.04463945059138
5309750,147.0,448.0,32.8125
5309780,848.0,3903.0,21.726876761465537
5309810,384.0,1295.0,29.65250965250965
5309840,55.0,256.0,21.484375
5309870,69.0,408.0,16.911764705882355
5309900,44.0,140.0,31.428571428571427
5309930,136.0,761.0,17.871222076215506
5309990,35.0,144.0,24.305555555555554
5310020,23.0,75.0,30.666666666666664
5310050,426.0,2323.0,18.338355574687903
5310110,4856.0,16136.0,30.09419930589985
5310140,1145.0,5709.0,20.056051847959363
5310170,245.0,1331.0,18.407212622088657
5400030,519.0,2295.0,22.61437908496732
5400060,3890.0,19316.0,20.138745081797474
5400090,1669.0,3987.0,41.8610484073238
5400120,445.0,2023.0,21.99703410776075
5400150,537.0,2931.0,18.321392016376663
5400180,3064.0,12759.0,24.014421192883457
5400210,244.0,1235.0,19.757085020242915
5400240,346.0,1857.0,18.632202477113623
5400270,190.0,1117.0,17.00984780662489
5400300,1157.0,6464.0,17.89913366336634
5400330,85.0,800.0,10.625
5400360,252.0,1680.0,15.0
5400390,1149.0,4686.0,24.519846350832267
5400420,641.0,3171.0,20.21444339325134
5400450,688.0,4104.0,16.764132553606238
5400480,408.0,2356.0,17.31748726655348
5400510,1813.0,10725.0,16.904428904428904
5400540,932.0,4649.0,20.0473220047322
5400570,1195.0,9158.0,13.048700589648396
5400600,4410.0,25796.0,17.095673747867888
5400630,479.0,2586.0,18.522815158546017
5400660,1324.0,3460.0,38.26589595375722
5400690,2798.0,5882.0,47.568854131247875
5400720,1320.0,8081.0,16.33461205296374
5400750,903.0,4697.0,19.225037257824145
5400780,752.0,4081.0,18.426856162705217
5400810,1311.0,3090.0,42.42718446601942
5400840,2175.0,9023.0,24.105064834312312
5400870,631.0,4137.0,15.252598501329464
5400900,1322.0,3966.0,33.33333333333333
5400930,1368.0,11637.0,11.755607115235886
5400960,409.0,1804.0,22.671840354767184
5400990,360.0,2365.0,15.221987315010571
5401020,637.0,3752.0,16.977611940298505
5401050,709.0,5268.0,13.458618071374337
5401080,130.0,939.0,13.844515441959532
5401110,206.0,1145.0,17.99126637554585
5401140,237.0,1033.0,22.94288480154889
5401170,819.0,4517.0,18.131503210095197
5401200,2021.0,9661.0,20.91915950729738
5401230,2688.0,12049.0,22.308905303344677
5401260,446.0,4045.0,11.025957972805934
5401290,290.0,1452.0,19.97245179063361
5401320,489.0,2241.0,21.82061579651941
5401350,353.0,1540.0,22.92207792207792
5401380,396.0,2385.0,16.60377358490566
5401410,218.0,1008.0,21.626984126984127
5401440,209.0,1365.0,15.311355311355312
5401470,538.0,3759.0,14.312317105613195
5401500,2240.0,7000.0,32.0
5401530,153.0,1362.0,11.233480176211454
5401560,539.0,2550.0,21.137254901960784
5401590,227.0,1034.0,21.953578336557058
5401620,2458.0,12679.0,19.386386939033045
5401650,1434.0,3992.0,35.921843687374746
5500013,19.0,517.0,3.67504835589942
5500016,87.0,570.0,15.263157894736842
5500017,46.0,569.0,8.084358523725834
5500018,43.0,191.0,22.5130890052356
5500021,64.0,188.0,34.04255319148936
5500030,38.0,703.0,5.405405405405405
5500036,10.0,36.0,27.77777777777778
5500037,45.0,154.0,29.22077922077922
5500039,16.0,285.0,5.614035087719298
5500041,82.0,413.0,19.854721549636803
5500042,334.0,1064.0,31.390977443609025
5500043,34.0,81.0,41.9753086419753
5500045,101.0,533.0,18.94934333958724
5500047,95.0,286.0,33.21678321678322
5500052,32.0,535.0,5.981308411214954
5500056,61.0,300.0,20.333333333333332
5500058,70.0,763.0,9.174311926605505
5500059,48.0,1289.0,3.7238169123351437
5500060,385.0,1572.0,24.491094147582697
5500061,136.0,927.0,14.670981661272922
5500065,200.0,616.0,32.467532467532465
5500066,100.0,287.0,34.84320557491289
5500067,112.0,330.0,33.939393939393945
5500069,31.0,109.0,28.440366972477065
5500070,30.0,273.0,10.989010989010989
5500071,91.0,530.0,17.169811320754715
5500073,39.0,144.0,27.083333333333332
5500074,156.0,916.0,17.03056768558952
5500075,4.0,344.0,1.1627906976744187
5500077,15.0,114.0,13.157894736842104
5500078,18.0,109.0,16.51376146788991
5500079,48.0,81.0,59.25925925925925
5500113,17.0,336.0,5.059523809523809
5500114,88.0,256.0,34.375
5500120,36.0,336.0,10.714285714285714
5500150,69.0,718.0,9.610027855153204
5500180,30.0,245.0,12.244897959183673
5500210,33.0,625.0,5.28
5500240,67.0,396.0,16.91919191919192
5500270,166.0,1623.0,10.227972889710413
5500300,173.0,1530.0,11.30718954248366
5500330,118.0,1120.0,10.535714285714286
5500360,308.0,2253.0,13.670661340434975
5500390,1399.0,14907.0,9.384852753739855
5500420,111.0,1299.0,8.545034642032332
5500450,24.0,304.0,7.894736842105263
5500510,597.0,2057.0,29.022848808945067
5500540,285.0,3267.0,8.723599632690542
5500570,20.0,418.0,4.784688995215311
5500600,39.0,862.0,4.524361948955916
5500630,73.0,550.0,13.272727272727272
5500720,119.0,1731.0,6.874638937030618
5500750,138.0,946.0,14.587737843551796
5500780,42.0,598.0,7.023411371237458
5500810,443.0,3032.0,14.610817941952506
5500840,12.0,450.0,2.666666666666667
5500870,129.0,1373.0,9.395484340859433
5500900,136.0,377.0,36.07427055702917
5500960,619.0,3484.0,17.766934557979333
5500990,88.0,762.0,11.548556430446194
5501020,36.0,387.0,9.30232558139535
5501050,1577.0,6690.0,23.572496263079223
5501080,161.0,1534.0,10.495436766623207
5501110,20.0,206.0,9.70873786407767
5501140,186.0,1640.0,11.341463414634147
5501170,52.0,291.0,17.869415807560138
5501230,70.0,774.0,9.043927648578812
5501260,405.0,1692.0,23.93617021276596
5501310,50.0,396.0,12.626262626262626
5501350,152.0,1227.0,12.387938060309699
5501470,68.0,785.0,8.662420382165605
5501500,26.0,816.0,3.1862745098039214
5501530,8.0,151.0,5.298013245033113
5501560,72.0,335.0,21.492537313432834
5501590,86.0,725.0,11.862068965517242
5501650,14.0,210.0,6.666666666666667
5501680,66.0,985.0,6.7005076142131985
5501710,74.0,838.0,8.83054892601432
5501740,105.0,1005.0,10.44776119402985
5501770,462.0,7185.0,6.430062630480167
5501800,208.0,1538.0,13.52405721716515
5501830,85.0,423.0,20.094562647754138
5501890,434.0,3030.0,14.323432343234325
5501920,30.0,204.0,14.705882352941178
5502040,114.0,795.0,14.339622641509434
5502070,62.0,400.0,15.5
5502100,104.0,844.0,12.322274881516588
5502130,109.0,1051.0,10.371075166508087
5502160,107.0,1339.0,7.991038088125467
5502340,38.0,606.0,6.270627062706271
5502400,17.0,202.0,8.415841584158416
5502430,72.0,995.0,7.236180904522612
5502460,372.0,3090.0,12.03883495145631
5502520,67.0,1172.0,5.716723549488054
5502550,630.0,4811.0,13.094990646435253
5502580,29.0,353.0,8.21529745042493
5502610,36.0,609.0,5.911330049261084
5502640,222.0,1096.0,20.255474452554743
5502670,307.0,1235.0,24.858299595141702
5502700,49.0,667.0,7.34632683658171
5502730,68.0,902.0,7.5388026607538805
5502760,39.0,725.0,5.379310344827586
5502790,109.0,835.0,13.053892215568863
5502820,86.0,1377.0,6.245461147421931
5502880,4.0,314.0,1.2738853503184715
5502910,250.0,891.0,28.058361391694724
5502970,99.0,775.0,12.774193548387098
5503030,37.0,689.0,5.370101596516691
5503060,598.0,2309.0,25.89865742745777
5503090,77.0,971.0,7.929969104016478
5503150,20.0,834.0,2.3980815347721824
5503180,309.0,3461.0,8.928055475296157
5503210,256.0,4444.0,5.7605760576057605
5503240,19.0,495.0,3.8383838383838382
5503270,52.0,757.0,6.869220607661823
5503510,271.0,3809.0,7.114728275137831
5503640,407.0,2098.0,19.399428026692085
5503660,56.0,1528.0,3.664921465968586
5503690,123.0,1253.0,9.816440542697526
5503750,13.0,101.0,12.871287128712872
5503810,56.0,358.0,15.64245810055866
5503840,135.0,906.0,14.90066225165563
5503860,118.0,1299.0,9.083910700538876
5504020,169.0,1614.0,10.470879801734819
5504050,1779.0,10440.0,17.04022988505747
5504080,35.0,596.0,5.87248322147651
5504110,136.0,1923.0,7.072282891315653
5504170,37.0,324.0,11.419753086419753
5504200,67.0,627.0,10.685805422647528
5504230,91.0,1209.0,7.526881720430108
5504260,32.0,421.0,7.600950118764846
5504290,67.0,3217.0,2.0826857320484926
5504320,127.0,1653.0,7.683000604960677
5504350,20.0,295.0,6.779661016949152
5504380,48.0,543.0,8.83977900552486
5504410,9.0,392.0,2.295918367346939
5504440,205.0,1809.0,11.332227750138198
5504500,62.0,854.0,7.259953161592506
5504530,21.0,250.0,8.4
5504590,168.0,815.0,20.61349693251534
5504620,74.0,514.0,14.396887159533073
5504650,44.0,382.0,11.518324607329843
5504680,1385.0,6887.0,20.110352838681575
5504720,31.0,247.0,12.550607287449392
5504740,226.0,2748.0,8.224163027656479
5504770,28.0,488.0,5.737704918032787
5504800,55.0,820.0,6.707317073170732
5504830,443.0,4622.0,9.584595413241022
5504860,57.0,464.0,12.284482758620689
5504890,82.0,1056.0,7.765151515151516
5504920,408.0,1619.0,25.20074119827054
5504960,101.0,1405.0,7.188612099644128
5504980,190.0,437.0,43.47826086956522
5505100,10.0,205.0,4.878048780487805
5505130,38.0,548.0,6.934306569343065
5505160,477.0,3909.0,12.202609363008442
5505220,53.0,528.0,10.037878787878787
5505250,66.0,540.0,12.222222222222221
5505280,10.0,381.0,2.6246719160104988
5505370,11.0,153.0,7.18954248366013
5505460,65.0,1067.0,6.091846298031865
5505490,78.0,1104.0,7.065217391304348
5505520,85.0,640.0,13.28125
5505580,22.0,122.0,18.0327868852459
5505610,106.0,2134.0,4.967197750702906
5505640,19.0,236.0,8.050847457627118
5505670,215.0,1460.0,14.726027397260275
5505730,34.0,374.0,9.090909090909092
5505820,4544.0,20513.0,22.151806171696
5505880,24.0,302.0,7.9470198675496695
5505910,94.0,2499.0,3.7615046018407363
5505940,447.0,3514.0,12.720546385885031
5505970,49.0,387.0,12.661498708010335
5506000,224.0,2417.0,9.267687215556474
5506030,258.0,4622.0,5.581999134573778
5506060,170.0,1669.0,10.18573996405033
5506090,190.0,1741.0,10.913268236645605
5506120,244.0,1359.0,17.954378219278883
5506140,97.0,1154.0,8.405545927209705
5506180,36.0,2174.0,1.6559337626494939
5506270,348.0,1750.0,19.885714285714286
5506300,29.0,374.0,7.754010695187167
5506420,31.0,309.0,10.032362459546926
5506450,24.0,444.0,5.405405405405405
5506480,52.0,548.0,9.48905109489051
5506540,97.0,3733.0,2.5984462898473075
5506570,78.0,701.0,11.126961483594865
5506600,315.0,3866.0,8.147956544231764
5506630,655.0,5807.0,11.279490270363354
5506660,42.0,902.0,4.656319290465632
5506690,644.0,5327.0,12.089356110381077
5506750,72.0,505.0,14.257425742574256
5506780,42.0,450.0,9.333333333333334
5506810,82.0,397.0,20.65491183879093
5506840,100.0,669.0,14.947683109118087
5506870,45.0,746.0,6.032171581769437
5506960,99.0,446.0,22.19730941704036
5507020,2256.0,9565.0,23.585990590695243
5507050,221.0,1928.0,11.462655601659751
5507170,120.0,594.0,20.2020202020202
5507230,30.0,319.0,9.404388714733543
5507260,110.0,792.0,13.88888888888889
5507290,284.0,3967.0,7.159062263675321
5507320,4155.0,21421.0,19.39685355492274
5507380,211.0,1824.0,11.567982456140351
5507410,91.0,988.0,9.210526315789473
5507440,79.0,1235.0,6.396761133603239
5507470,252.0,4915.0,5.127161749745676
5507500,47.0,711.0,6.610407876230662
5507530,1087.0,6547.0,16.603024285932488
5507560,32.0,226.0,14.15929203539823
5507590,151.0,796.0,18.969849246231156
5507620,187.0,1941.0,9.634209170530655
5507650,178.0,1408.0,12.642045454545455
5507680,38.0,323.0,11.76470588235294
5507710,99.0,1581.0,6.261859582542694
5507770,77.0,971.0,7.929969104016478
5507830,31.0,417.0,7.434052757793765
5507860,22.0,389.0,5.655526992287918
5508040,10.0,100.0,10.0
5508070,13.0,141.0,9.219858156028367
5508130,10.0,431.0,2.320185614849188
5508160,185.0,1597.0,11.58422041327489
5508190,78.0,1355.0,5.756457564575646
5508220,86.0,1055.0,8.151658767772512
5508250,26.0,522.0,4.980842911877394
5508280,34.0,411.0,8.27250608272506
5508340,92.0,1913.0,4.809200209095661
5508520,5636.0,26400.0,21.348484848484848
5508550,113.0,670.0,16.865671641791042
5508610,881.0,5060.0,17.41106719367589
5508640,209.0,1383.0,15.112075198843094
5508670,47.0,689.0,6.821480406386067
5508700,361.0,1999.0,18.05902951475738
5508730,94.0,474.0,19.831223628691983
5508760,80.0,783.0,10.217113665389528
5508790,174.0,1057.0,16.461684011352887
5508820,496.0,3741.0,13.25848703555199
5508850,267.0,1461.0,18.275154004106774
5508880,151.0,1112.0,13.57913669064748
5508910,139.0,2311.0,6.014712245781047
5508940,152.0,2124.0,7.1563088512241055
5508970,8.0,299.0,2.6755852842809364
5509000,55.0,739.0,7.442489851150203
5509030,612.0,3556.0,17.2103487064117
5509060,331.0,4023.0,8.227690778026348
5509070,484.0,888.0,54.5045045045045
5509090,572.0,3118.0,18.34509300833868
5509130,231.0,3683.0,6.272060819983709
5509150,1.0,146.0,0.684931506849315
5509210,525.0,2346.0,22.37851662404092
5509240,7.0,521.0,1.3435700575815739
5509300,13.0,350.0,3.7142857142857144
5509360,38.0,837.0,4.540023894862605
5509390,16.0,360.0,4.444444444444445
5509510,921.0,6950.0,13.251798561151078
5509570,338.0,3485.0,9.6987087517934
5509600,31957.0,75641.0,42.24825160957681
5509630,158.0,712.0,22.191011235955056
5509660,40.0,689.0,5.805515239477503
5509690,56.0,595.0,9.411764705882353
5509720,29.0,345.0,8.405797101449275
5509750,43.0,858.0,5.011655011655012
5509780,57.0,976.0,5.84016393442623
5509810,372.0,3363.0,11.061552185548617
5509840,287.0,2382.0,12.048698572628044
5509870,108.0,686.0,15.743440233236154
5509900,25.0,335.0,7.462686567164178
5509960,262.0,1968.0,13.3130081300813
5509990,204.0,2394.0,8.521303258145362
5510060,275.0,4897.0,5.615683071268123
5510140,184.0,655.0,28.091603053435115
5510170,284.0,4901.0,5.794735768210569
5510230,57.0,706.0,8.073654390934843
5510320,769.0,6304.0,12.198604060913706
5510350,127.0,990.0,12.828282828282827
5510380,110.0,1077.0,10.21355617455896
5510440,27.0,342.0,7.894736842105263
5510470,203.0,4410.0,4.603174603174604
5510500,89.0,986.0,9.026369168356998
5510530,46.0,1074.0,4.283054003724395
5510560,122.0,679.0,17.96759941089838
5510590,326.0,2345.0,13.901918976545844
5510620,289.0,3167.0,9.12535522576571
5510680,42.0,444.0,9.45945945945946
5510710,5.0,19.0,26.31578947368421
5510740,149.0,1466.0,10.163710777626193
5510770,77.0,663.0,11.613876319758672
5510800,3.0,108.0,2.7777777777777777
5510830,689.0,6315.0,10.91053048297704
5510860,16.0,542.0,2.952029520295203
5510890,432.0,5291.0,8.164808164808164
5510920,119.0,1034.0,11.508704061895552
5510950,141.0,1626.0,8.671586715867159
5510980,122.0,1126.0,10.8348134991119
5511010,169.0,3179.0,5.316137150047185
5511070,40.0,1010.0,3.9603960396039604
5511100,132.0,3838.0,3.4392912975508074
5511130,136.0,744.0,18.27956989247312
5511160,143.0,1611.0,8.876474239602732
5511190,1383.0,9101.0,15.1961322931546
5511220,96.0,832.0,11.538461538461538
5511310,4.0,394.0,1.015228426395939
5511350,92.0,805.0,11.428571428571429
5511370,36.0,819.0,4.395604395604396
5511400,12.0,283.0,4.240282685512367
5511550,25.0,240.0,10.416666666666668
5511580,15.0,224.0,6.696428571428571
5511610,105.0,1155.0,9.090909090909092
5511640,261.0,2994.0,8.71743486973948
5511710,15.0,139.0,10.79136690647482
5511730,74.0,781.0,9.475032010243279
5511790,37.0,569.0,6.502636203866433
5511820,92.0,619.0,14.862681744749596
5511850,147.0,1512.0,9.722222222222223
5511880,19.0,329.0,5.775075987841945
5511940,225.0,2251.0,9.995557529986671
5511970,28.0,427.0,6.557377049180328
5512000,168.0,2453.0,6.848756624541378
5512030,32.0,164.0,19.51219512195122
5512060,293.0,2247.0,13.03960836671117
5512090,25.0,335.0,7.462686567164178
5512120,60.0,1113.0,5.3908355795148255
5512150,37.0,1103.0,3.3544877606527654
5512180,19.0,404.0,4.702970297029703
5512210,49.0,373.0,13.136729222520108
5512240,123.0,1290.0,9.534883720930234
5512300,38.0,355.0,10.704225352112676
5512330,398.0,3499.0,11.37467847956559
5512360,5396.0,18113.0,29.790758019102302
5512390,82.0,690.0,11.884057971014492
5512420,45.0,544.0,8.272058823529411
5512450,45.0,785.0,5.7324840764331215
5512480,17.0,411.0,4.13625304136253
5512510,10.0,185.0,5.405405405405405
5512540,80.0,542.0,14.760147601476014
5512660,501.0,2829.0,17.709437963944858
5512690,32.0,573.0,5.5846422338568935
5512720,270.0,2407.0,11.217282924802658
5512780,38.0,480.0,7.916666666666666
5512810,331.0,2224.0,14.883093525179856
5512880,5.0,174.0,2.8735632183908044
5512900,8.0,495.0,1.6161616161616161
5512960,215.0,1234.0,17.423014586709886
5512990,94.0,412.0,22.815533980582526
5513020,119.0,1646.0,7.229647630619684
5513050,150.0,3222.0,4.655493482309125
5513100,67.0,1066.0,6.285178236397748
5513140,58.0,555.0,10.45045045045045
5513170,526.0,5614.0,9.369433558959743
5513230,90.0,1105.0,8.144796380090497
5513260,246.0,1147.0,21.44725370531822
5513290,176.0,1082.0,16.266173752310536
5513350,76.0,977.0,7.778915046059365
5513410,464.0,2814.0,16.48898365316276
5513470,45.0,302.0,14.90066225165563
5513500,31.0,567.0,5.467372134038801
5513530,175.0,2225.0,7.865168539325842
5513560,33.0,272.0,12.132352941176471
5513620,461.0,2464.0,18.709415584415584
5513650,1748.0,9367.0,18.66125760649087
5513680,114.0,1694.0,6.729634002361275
5513710,90.0,697.0,12.91248206599713
5513770,84.0,720.0,11.666666666666666
5513800,162.0,2131.0,7.602064758329423
5513830,53.0,368.0,14.402173913043478
5513860,31.0,480.0,6.458333333333334
5513890,94.0,482.0,19.502074688796682
5513950,146.0,3299.0,4.425583510154593
5513980,69.0,268.0,25.74626865671642
5514010,127.0,1555.0,8.167202572347266
5514040,527.0,3181.0,16.56711725872367
5514130,76.0,1041.0,7.300672430355427
5514160,379.0,2804.0,13.516405135520685
5514190,48.0,715.0,6.713286713286713
5514220,170.0,1100.0,15.454545454545453
5514250,262.0,1234.0,21.231766612641813
5514340,62.0,771.0,8.041504539559014
5514430,69.0,1016.0,6.791338582677166
5514490,940.0,6732.0,13.963161021984552
5514520,16.0,207.0,7.729468599033816
5514550,335.0,3030.0,11.056105610561056
5514580,46.0,927.0,4.962243797195254
5514610,117.0,1147.0,10.20052310374891
5514640,1294.0,7839.0,16.507207551983672
5514670,386.0,4298.0,8.980921358771523
5514700,33.0,368.0,8.967391304347826
5514820,60.0,602.0,9.966777408637874
5514850,49.0,519.0,9.441233140655106
5514880,29.0,232.0,12.5
5514910,47.0,2508.0,1.8740031897926632
5514940,29.0,1233.0,2.3519870235198703
5514970,74.0,574.0,12.89198606271777
5515060,38.0,436.0,8.715596330275229
5515090,43.0,337.0,12.759643916913946
5515120,263.0,1669.0,15.757938885560216
5515150,60.0,1003.0,5.982053838484546
5515180,58.0,750.0,7.733333333333333
5515210,58.0,993.0,5.840886203423968
5515330,538.0,5253.0,10.241766609556443
5515360,136.0,1184.0,11.486486486486488
5515390,116.0,404.0,28.71287128712871
5515450,62.0,485.0,12.783505154639174
5515480,76.0,461.0,16.48590021691974
5515540,71.0,566.0,12.54416961130742
5515570,2.0,27.0,7.4074074074074066
5515600,99.0,1108.0,8.935018050541517
5515660,94.0,1523.0,6.172028890347998
5515700,8.0,177.0,4.519774011299435
5515720,65.0,821.0,7.917174177831912
5515750,471.0,3481.0,13.530594656707843
5515780,1314.0,12171.0,10.796154794182893
5515810,264.0,3956.0,6.673407482305358
5515840,293.0,2001.0,14.642678660669665
5515870,241.0,1950.0,12.35897435897436
5515900,965.0,8351.0,11.555502335049695
5515930,50.0,452.0,11.061946902654867
5515960,170.0,1367.0,12.435991221653255
5515990,831.0,7228.0,11.496956281128943
5516020,28.0,289.0,9.688581314878892
5516230,158.0,671.0,23.546944858420268
5516260,1954.0,8246.0,23.696337618239145
5516290,689.0,6316.0,10.90880303989867
5516320,169.0,3619.0,4.669798286819563
5516350,186.0,1820.0,10.219780219780219
5516410,78.0,1104.0,7.065217391304348
5516440,204.0,1076.0,18.95910780669145
5516470,14.0,205.0,6.829268292682928
5516500,97.0,818.0,11.858190709046456
5516560,88.0,498.0,17.670682730923694
5516590,37.0,163.0,22.699386503067483
5516620,159.0,3059.0,5.197777051323962
5516650,105.0,780.0,13.461538461538462
5516680,253.0,1883.0,13.436006372809347
5516710,55.0,602.0,9.136212624584719
5516740,62.0,752.0,8.24468085106383
5516770,159.0,1068.0,14.887640449438203
5516830,90.0,1684.0,5.344418052256532
5516860,36.0,246.0,14.634146341463413
5517040,242.0,1712.0,14.13551401869159
5517070,730.0,4826.0,15.12639867384998
5517100,103.0,1162.0,8.864027538726333
5517130,37.0,335.0,11.044776119402986
5517160,42.0,532.0,7.894736842105263
5517190,131.0,1337.0,9.798055347793568
5517220,12.0,461.0,2.6030368763557483
5600730,82.0,4050.0,2.0246913580246915
5600960,4.0,470.0,0.851063829787234
5601030,27.0,996.0,2.710843373493976
5601090,9.0,265.0,3.3962264150943398
5601260,23.0,544.0,4.227941176470589
5601420,23.0,1163.0,1.9776440240756663
5601460,12.0,719.0,1.6689847009735743
5601470,140.0,8932.0,1.5673981191222568
5601700,24.0,596.0,4.026845637583892
5601980,255.0,14201.0,1.7956481937891697
5602070,28.0,2036.0,1.37524557956778
5602140,38.0,1698.0,2.237926972909305
5602150,14.0,565.0,2.47787610619469
5602370,16.0,1143.0,1.399825021872266
5602670,8.0,163.0,4.9079754601226995
5602760,51.0,2690.0,1.8959107806691449
5602820,12.0,551.0,2.1778584392014517
5602830,23.0,438.0,5.251141552511415
5602870,44.0,1777.0,2.4760832864378166
5602990,41.0,1694.0,2.4203069657615113
5603170,13.0,475.0,2.736842105263158
5603180,15.0,243.0,6.172839506172839
5603310,10.0,647.0,1.545595054095827
5603770,29.0,1286.0,2.2550544323483668
5604030,19.0,673.0,2.823179791976226
5604060,39.0,2887.0,1.3508832698302737
5604120,23.0,1051.0,2.1883920076117986
5604230,23.0,312.0,7.371794871794872
5604260,13.0,739.0,1.7591339648173208
5604380,2.0,129.0,1.550387596899225
5604450,8.0,670.0,1.1940298507462688
5604500,10.0,838.0,1.1933174224343674
5604510,227.0,13264.0,1.7113992762364294
5604830,14.0,759.0,1.844532279314888
5604860,23.0,1066.0,2.1575984990619137
5605090,30.0,1045.0,2.8708133971291865
5605160,33.0,1834.0,1.7993456924754636
5605220,66.0,2466.0,2.67639902676399
5605302,107.0,5548.0,1.928622927180966
5605680,5.0,95.0,5.263157894736842
5605690,24.0,990.0,2.4242424242424243
5605695,51.0,3545.0,1.4386459802538787
5605700,19.0,400.0,4.75
5605762,50.0,2597.0,1.9252984212552944
5605820,3.0,101.0,2.9702970297029703
5605830,44.0,2874.0,1.5309672929714684
5606090,9.0,256.0,3.515625
5606240,22.0,1284.0,1.7133956386292832
5680254,2.0,243.0,0.823045267489712
7200030,27293.0,305294.0,8.939907105937229
