LEAID,absent_rate,log_enrolled,grad_rate
100005,13.42762674504041,8.602269363771356,94.0
100006,16.286416286416287,8.647870515057853,91.0
100007,9.256037302526272,9.572828387229206,94.0
100008,9.866716031099592,9.287671714912506,96.0
100011,11.889491859891466,7.614312146452,95.0
100012,14.928511354079058,7.774015077250727,92.0
100013,6.867046950416849,8.42463920980563,97.0
100030,11.015831134564644,8.016977746762262,89.0
100060,15.172024816694869,7.480428306074208,95.0
100090,20.17259978425027,7.5251007461258,77.0
100100,10.295812524010756,7.864419904994565,92.0
100120,11.990885787524922,8.163656176168432,89.0
100180,33.067729083665334,7.317212408359839,92.0
100185,17.012313674659755,8.034631032923107,95.0
100189,10.501029512697322,7.284134806195205,95.0
100190,10.141820580474931,8.710124927322207,97.0
100194,8.671241422333125,8.072779333169498,93.0
100210,5.659283312072365,9.062188330952324,95.0
100240,19.7574421168688,9.112727543109182,89.0
100270,17.990830297701294,10.36860426020847,88.0
100330,23.911211014329865,8.177234885510194,77.0
100360,31.750553972776196,8.058010800802085,88.0
100390,29.18308379301287,10.036356225610552,79.0
100420,12.696166709544638,8.958540111412168,93.0
100480,20.944992947813823,7.257002707092073,87.0
100510,19.444444444444446,8.026170194946426,83.0
100540,13.029391344596158,9.064389316491878,92.0
100600,14.539808018068886,8.17244681834278,82.0
100630,27.029096477794795,8.273336598504486,94.0
100660,17.859942513718316,8.942983665985647,87.0
100690,17.388114453411593,7.217443431696533,82.0
100720,14.7024504084014,7.852050207265889,93.0
100750,19.65678627145086,7.56164174558878,87.0
100780,14.783281733746133,7.857093864902493,94.0
100810,20.80436941410129,7.607878073278507,95.0
100840,9.945820433436532,7.857093864902493,93.0
100870,11.909514304723883,7.315218389752975,82.0
100930,13.286264441591785,8.044305406990638,92.0
100960,22.302158273381295,7.707062655370473,92.0
100990,12.273146724084896,8.086717920303906,93.0
101020,14.293123120008296,9.17378011666438,94.0
101050,16.872427983539097,8.058010800802085,97.0
101110,27.38993710691824,8.064636475774222,92.0
101140,17.515206127506193,9.09133158539398,92.0
101170,16.19392021697367,9.08805973726735,87.0
101200,16.977046340407103,7.744569809354496,92.0
101230,18.248499666592576,9.104757609401117,87.0
101290,14.71900089206066,9.324561516066206,90.0
101320,17.39190687361419,8.88405606174246,93.0
101350,23.29478404531508,8.351610750626559,92.0
101380,23.59338061465721,9.04310445260027,95.0
101410,31.626984126984127,7.832014180505469,84.0
101440,28.899352560329604,7.4377951216719325,82.0
101470,10.76194575979337,7.750614732770409,92.0
101530,18.17973406694177,8.380685946761574,95.0
101560,11.241870548157324,8.079927770758275,97.0
101590,14.210108494310663,8.237214703349489,91.0
101620,24.355521354367063,8.556029215201436,84.0
101660,18.190921228304404,8.005033344637111,92.0
101680,16.343490304709142,6.9874902470009905,82.0
101690,15.472481827622014,7.563200592358071,95.0
101710,15.294576667967224,7.848933726364071,91.0
101720,16.283292978208234,7.409741954080923,92.0
101730,13.016234690971237,8.163656176168432,96.0
101740,12.757367783609205,7.814803429489359,92.0
101760,6.98987997175806,8.354438940114811,93.0
101770,18.356121326418357,8.758255243232792,94.0
101800,17.969538875799394,10.076095417142444,88.0
101830,14.131872284148876,8.574140471857987,92.0
101860,19.937888198757765,7.383989457978509,87.0
101890,10.891089108910892,7.910957382845589,92.0
101920,17.618597408375507,10.490218104391584,92.0
101950,17.277707543194268,7.771910256435763,92.0
102010,20.50878255602665,9.018574356354229,93.0
102040,14.31552587646077,8.474703139795285,93.0
102070,20.509312848574133,9.159362817211315,90.0
102100,20.783890686803307,9.029178142902074,90.0
102160,18.448023426061493,7.2196420401307355,82.0
102190,20.62015503875969,7.5678626054638825,87.0
102220,12.641441810455174,9.879758225836891,95.0
102310,16.55793724759242,8.076826031298808,89.0
102370,20.10281770314501,10.936956692872034,86.0
102400,14.582705634227178,8.107418811719974,86.0
102430,18.58486033902958,10.279935711573799,81.0
102480,19.12011353373758,8.955577146281511,94.0
102490,4.314720812182741,8.374246182096304,97.0
102520,8.421052631578947,7.955074273262696,96.0
102550,10.821643286573146,7.311218384419629,92.0
102580,12.898195589218089,8.409385238781931,88.0
102635,9.224730127576054,8.312871394342615,94.0
102640,14.846743295019158,7.643961949002529,92.0
102650,22.9582806573957,8.282735880201754,90.0
102670,18.36890243902439,7.179307969504034,95.0
102700,11.237373737373735,8.871785969150645,97.0
102730,7.743449354712554,7.846589975291186,98.0
102790,17.099863201094394,7.693025748417888,92.0
102820,22.061258278145697,7.789868559054706,92.0
102850,13.7997432605905,7.351158226430694,95.0
102880,26.442033123929185,8.161089512845797,88.0
102910,8.835504885993485,7.806289289267033,95.0
102940,13.69591107582374,7.831617276352611,92.0
102970,19.526435290301656,8.03365842788615,89.0
103030,12.74219394940028,9.932706491205348,95.0
103062,13.377311560506111,9.132054453577638,90.0
103090,18.896103896103895,7.3395376954076745,82.0
103120,18.09787626962142,7.680637427560936,95.0
103150,18.17731550272412,7.610357618312838,87.0
103180,17.91518034086405,8.931816237309167,93.0
103210,16.857838025721236,7.964503363551548,93.0
103240,23.346303501945524,7.4949862339505335,92.0
103300,13.915298184961106,7.053585727193677,92.0
103330,24.313115603939867,7.564757012905729,92.0
103360,11.877249479068006,9.264639145383562,91.0
103390,12.997858672376877,9.835208711782833,87.0
103420,16.90046760187041,7.311218384419629,87.0
103430,7.542208690838638,8.885440911707585,94.0
103450,21.40355603448276,8.912473274466036,90.0
103480,21.68992832893248,7.8826922062890254,90.0
103510,21.858248957712924,7.425953657077541,92.0
103580,21.945031712473572,7.768533300926033,84.0
200001,42.18971212836243,8.351846738828245,61.0
200003,53.575129533678755,7.5652752818989315,62.0
200006,6.046511627906977,6.063785208687608,95.0
200020,43.60639360639361,7.601901959875166,77.0
200130,6.824925816023739,5.820082930352362,80.0
200150,24.95762711864407,7.7664168980196555,82.0
200180,25.87477576779269,10.742227469391723,81.0
200210,22.070271407532086,8.46653127661401,83.0
200240,32.17938630999213,7.147559271189454,77.0
200390,33.65408339501604,9.000359807188254,85.0
200480,21.152154793315745,7.729295674310482,87.0
200510,26.498590500505298,9.841665338892785,83.0
200540,61.20218579234973,5.209486152841421,37.0
200600,29.86830423202131,9.511629447834181,78.0
200610,43.82433668801464,7.689828668736484,67.0
200625,54.51488952929875,7.641084249174914,77.0
200862,28.62903225806452,5.5134287461649825,55.0
400001,14.978050921861282,8.647343875881283,94.0
400003,35.84672435105068,7.794411205726601,92.0
400053,7.254623044096728,6.555356891810665,95.0
400079,61.65644171779141,5.786897381366708,22.0
400082,28.134026574234543,7.456454555176209,83.0
400107,0.4282655246252677,6.1463292576688975,52.0
400112,19.905771495877502,8.68996933536666,87.0
400149,71.89542483660131,6.129050210060545,52.0
400212,27.10204081632653,7.110696122978827,92.0
400219,37.5,5.298317366548036,19.0
400241,12.085691188358933,7.813591552952433,95.0
400261,25.584795321637426,6.52795791762255,18.0
400295,41.2883700821444,8.844912950899548,77.0
400311,24.796747967479675,6.198478716492308,32.0
400327,20.375106564364877,7.067319848653476,95.0
400330,43.89671361502347,6.054439346269371,27.0
400353,91.78644763860368,6.18826412308259,28.0
400355,96.58314350797266,6.0844994130751715,37.0
400450,25.51706952404685,8.990441550826862,93.0
400619,23.895582329317268,6.210600077024653,87.0
400621,74.35897435897436,4.762173934797756,42.0
400680,29.501255830642272,9.542158939916048,82.0
400790,37.94326241134752,8.20685642839965,85.0
400800,16.389160953313745,8.027150106832774,95.0
400828,9.932279909706546,6.093569770045136,95.0
400880,51.35135135135135,5.808142489980444,27.0
401410,22.97719087635054,8.334471554600944,93.0
401460,30.86461695260744,8.68050180902826,92.0
401600,39.49742268041237,7.347299700743164,82.0
401740,24.535109630863168,8.189522110748094,83.0
401760,13.284699558456516,8.558143177745192,98.0
401870,13.379594492030792,10.738893555669819,92.0
401940,49.51897381079636,8.227375506834035,71.0
402320,41.15539632781013,7.711101251840158,77.0
402530,27.672327672327672,8.295049140435111,91.0
402690,19.902114173386288,10.123706832333092,94.0
402860,29.589873417721517,9.197761589769323,86.0
402920,27.253218884120173,9.088624613292087,85.0
403010,21.158414032523297,8.607582191143917,89.0
403040,23.410620792819746,7.198183577101943,92.0
403290,27.368421052631582,7.038783541388542,87.0
403400,12.68435738283697,10.4665829937358,91.0
403450,25.58815925542916,9.646787217693076,89.0
403500,41.81389870435807,7.437206366871292,87.0
403780,16.811664250040277,9.426580146973597,95.0
403820,26.499508357915435,7.617759576608505,92.0
403860,47.07520891364902,6.576469569048224,1.0
403870,21.830365014988537,8.643120748014027,89.0
403990,25.258493353028065,8.463581421967588,91.0
404060,54.366812227074234,7.513163545234075,82.0
404280,22.561968518183463,8.617400451833262,91.0
404630,28.33694384269289,9.392828581549459,85.0
404720,26.382791922739244,8.829665432675236,76.0
404970,19.990528060620413,11.056351256036153,79.0
405070,26.96994313566206,7.115582126184454,80.0
405530,21.816017684067333,8.679482094459956,92.0
405820,42.57425742574257,7.910957382845589,82.0
405930,19.339593308873827,10.37854091041397,88.0
405980,42.90947148090005,7.555381944240273,77.0
406070,41.306347746090154,7.684324067681155,72.0
406250,15.615179443842925,10.541835299379235,95.0
406330,49.091507330091765,10.216581491048599,82.0
406580,35.75367647058824,7.685243607975833,82.0
406730,23.500768836494107,8.269244521183056,84.0
406810,17.995775019804594,8.93247660846174,94.0
406960,67.94380587484035,7.356279876550748,62.0
407130,30.67669172932331,7.1929342212158,77.0
407170,25.16205067766647,7.436617265234227,95.0
407240,22.08609271523179,8.013012110368916,83.0
407300,18.45192747219259,8.789203094473724,86.0
407520,26.496739774748075,8.123854263105914,95.0
407530,39.729119638826184,6.093569770045136,82.0
407570,18.027635487064696,10.053242872620965,90.0
407700,26.265060240963855,7.820037989458753,82.0
407750,16.22711579191691,10.447757623521474,95.0
407820,22.37354085603113,7.851661177889265,92.0
408170,30.975274725274726,9.681343501555002,78.0
408280,19.443133553563,7.6586995582682995,95.0
408340,22.052417339141613,9.547026871355778,88.0
408520,45.78720527338798,9.37864751738456,90.0
408680,49.55489614243323,7.429520842786462,72.0
408800,39.481766665224725,10.741470737141523,85.0
408850,18.478598014888338,9.464672464746409,90.0
409160,49.17003140421714,7.709308333385869,67.0
409190,26.773296244784422,7.271008538280992,77.0
409430,54.48504983388705,7.498869733976931,72.0
409460,21.215043394406944,7.637234388789473,82.0
409630,21.486870120652945,9.330077053578517,92.0
409733,22.291021671826623,6.876264611890766,87.0
500006,17.070142768466788,7.384610383176974,87.0
500015,23.30073349633252,8.316300249036848,93.0
500017,31.097560975609756,8.09559870137819,92.0
500019,5.3301029678982434,8.102283624480073,94.0
500026,28.236224624307937,8.2409125416889,74.0
500028,22.675879396984925,7.3727463664043285,95.0
500042,23.88216728037875,7.550135342488429,92.0
500043,22.75525910723448,8.268218880067506,87.0
500044,15.446304044630404,7.961370201719511,87.0
500047,16.068167985392577,7.404279118037268,82.0
500049,17.96456530696333,7.794411205726601,82.0
500394,6.819288845591817,7.627057417018934,77.0
500398,23.819197562214324,7.585281078639126,95.0
500419,19.367319071461083,8.387995252944556,83.0
502250,19.025450031036623,8.07775756373692,95.0
502430,15.92775041050903,7.510430556378006,92.0
502580,16.195190947666198,7.254177846456518,92.0
502700,21.398124467178175,7.067319848653476,92.0
502790,15.865662999420962,7.454141078146678,92.0
502880,11.63133097762073,8.130353547431238,86.0
502960,19.267930137495355,8.590815331286851,95.0
503030,6.146025878003697,7.679713639966372,87.0
503060,15.122413895310928,9.733232896960311,94.0
503150,15.874620829120325,7.589841512182657,87.0
503320,32.18225419664268,7.642524134232902,87.0
503450,19.921875,7.154615356913663,95.0
503640,15.2561669829222,7.876638460975463,95.0
503690,16.594641313742436,9.133027268873512,92.0
503750,17.72550472309687,9.287116210778231,91.0
504020,13.66988088485536,7.47477218239787,92.0
504380,23.365570599613154,7.85748078694253,92.0
504590,20.26251823043267,9.238441802087058,89.0
504800,14.806629834254142,7.501082124259871,87.0
504930,12.291786329695578,7.462214939768189,87.0
505500,14.605873261205565,7.165493475060845,87.0
505680,19.359927879197656,8.39773375137891,93.0
505760,7.487922705314009,7.124478262493424,95.0
506060,17.514563106796118,7.853604813097837,87.0
506090,14.834276475343572,7.813591552952433,95.0
506120,13.85921118322516,9.211839248099919,92.0
506270,13.11034217608612,7.8636512654486515,87.0
506330,16.94307182021255,9.600556469321608,89.0
506420,15.084175084175085,7.3031700512368,92.0
506840,16.186485070717655,7.554334823725748,82.0
506900,32.462791350744176,8.177796683277778,95.0
506990,13.97877297437225,8.259199362666282,98.0
507320,13.312693498452012,7.163946684342547,92.0
507380,15.168752370117558,7.877397186353287,92.0
507560,11.55449672424062,7.425953657077541,82.0
507680,28.11808118081181,7.2115567333138015,82.0
507770,16.24923640806353,7.400620577371135,92.0
507840,18.073316283034956,7.76046702921342,77.0
507890,19.9244060475162,8.21716859576607,74.0
508040,41.62317797372683,8.622813673279921,89.0
508130,10.77396657871592,7.729295674310482,82.0
508280,32.61272390364422,8.775858314797526,87.0
508400,18.00302571860817,7.186901020411631,87.0
508610,15.491381240205952,8.404472321352118,84.0
508670,22.810931399888453,8.184792654165078,87.0
508940,7.823960880195599,7.112327444710911,87.0
509000,29.132188448584134,10.087848694627853,82.0
509060,9.983633387888707,7.513709247839705,92.0
509240,12.32876712328767,7.468513271496337,92.0
509390,24.80397281756403,8.249575150000199,88.0
509540,13.996478873239438,7.035268599281097,87.0
509750,16.61824520627542,7.450660796211539,95.0
509840,17.367088607594937,7.5883236773352225,95.0
510200,11.071640023682653,7.4318919168078,95.0
510380,16.916709777547855,7.566828479208331,95.0
510440,15.274532710280376,8.138564737261632,95.0
510680,21.352272727272727,9.082507000466299,78.0
511010,19.09042834479112,7.544861068658458,95.0
511130,19.30783242258652,7.001245622069476,95.0
511610,8.601633829889476,7.640603826393634,92.0
511700,8.270238788584741,7.448333860897476,92.0
511760,14.80908152734778,7.569411792450712,92.0
511850,28.27608142493639,9.439545514668987,85.0
511970,16.04167966556436,9.682030078993575,87.0
512060,19.237117183201907,8.60392119492606,93.0
512210,16.078812940890295,8.321421586897879,89.0
512450,17.081447963800905,8.393894975071744,90.0
512520,11.548442906574396,7.7458682297922685,87.0
512540,5.405405405405405,7.6362696033793735,87.0
512660,11.053671247846005,10.077146698751429,86.0
512960,12.995049504950495,7.38770923908104,87.0
513080,14.56386292834891,8.256347772918016,95.0
513110,25.062203121465732,8.394121193826242,83.0
513380,19.15667030170847,7.919719760924575,95.0
513410,14.346934972983044,8.588024372176829,87.0
513530,14.142029868942396,8.0959035329611,95.0
513930,17.062719127386053,7.8504931808711405,92.0
514140,22.7008547008547,7.981049759665957,87.0
514430,15.361999264976111,7.908754738783246,91.0
600013,8.602776161582579,9.395241931033524,97.0
600014,17.300658376005853,9.99296255896373,91.0
600016,11.635077536954748,9.308102089758679,95.0
600017,17.79746638688117,9.46242117318499,87.0
600019,4.631020768890853,9.333884558067638,95.0
600020,4.21792618629174,9.601976972147813,97.0
600022,13.623188405797102,8.146129510025405,72.0
600025,4.75181598062954,8.796036315200814,99.0
600027,15.988562857410708,9.968057323185429,87.0
600028,13.060704683741331,10.249485701810745,94.0
600029,11.068355743871331,10.0488425203955,97.0
600032,6.635879931733761,9.206432747145165,95.0
600033,19.705414012738853,7.828834527588089,92.0
600034,11.668003207698478,8.514790306799927,88.0
600035,15.092848676412483,7.836369760545124,86.0
600036,13.411348063746248,9.471858124407284,95.0
600039,12.26190476190476,7.832014180505469,95.0
600040,11.91358024691358,7.3901814282264295,95.0
600043,8.122448979591837,7.803843303538772,95.0
600044,11.505588428665352,7.327123292259293,92.0
600045,13.683266038582325,7.709308333385869,92.0
600046,12.874630645842128,7.7702232041587855,94.0
600047,12.654754734658368,9.611998241741393,90.0
600048,16.38210808522647,8.866017398810255,90.0
600051,13.671875,7.6246189861593985,87.0
600052,19.42137690865256,8.224967478914584,90.0
600060,9.113422486379395,7.610357618312838,95.0
600061,13.810375670840788,7.9355873855892,91.0
600062,12.18274111675127,8.579040594742317,88.0
600063,12.866817155756207,7.4798641311650265,92.0
600064,13.727392419097775,9.577133949436078,91.0
600065,9.45520036019811,8.804325112562537,89.0
600067,9.326788218793828,7.262628600974241,92.0
600068,7.639620653319283,7.5485559791698735,92.0
600069,16.339375629405843,8.287025025165063,90.0
600153,5.057519640852974,9.56493314971059,95.0
600158,13.66490299823633,9.559235128595953,94.0
600160,22.0536756126021,7.446585099157725,87.0
601332,17.024700598802394,10.193167627650581,85.0
601409,18.008255933952526,7.569411792450712,87.0
601410,10.52954406051932,8.495152060539358,96.0
601414,12.92166952544311,9.546241016698438,91.0
601415,18.01566579634465,7.893945138235959,87.0
601418,11.194731890874882,7.661997558901893,87.0
601421,7.888280807699566,8.575273402492762,96.0
601423,11.882556131260795,7.970740390007095,90.0
601620,7.949023108201924,9.91175329695316,91.0
601650,8.616095221176053,8.635687085464026,96.0
601770,9.594523433385993,9.158520623246385,93.0
601860,6.420765027322404,8.205218426395412,92.0
602430,15.47681631794764,9.853351483042331,90.0
602450,17.56894790602656,8.272826003650401,90.0
602630,12.06336311941511,10.373678664205936,86.0
602670,16.23578076525336,7.56734567601324,90.0
602700,25.365579302587175,7.48324441607385,90.0
602820,24.054838105933,9.969836933077662,82.0
602850,21.569687143457635,9.720345659358271,80.0
602970,4.5766832258746435,9.154933364704444,98.0
603030,24.969097651421507,7.388946097618437,91.0
603300,13.196049590250054,8.46779284112111,94.0
603600,10.365345709865524,9.036344063928219,90.0
603690,9.304845951385664,9.466376966592419,93.0
603840,21.27005053834322,8.423102268016642,69.0
604020,28.370126820103337,8.76201995356159,80.0
604110,10.821309655937847,8.189799618728228,94.0
604230,19.496604075109868,7.8252452914317745,87.0
604290,13.365843949044589,9.21512888870798,92.0
604440,11.824853632390534,9.403189650656792,90.0
604620,8.710590137429264,8.506738733512378,96.0
604740,9.79064039408867,9.184406989949679,86.0
604830,9.785932721712538,8.274866820685254,95.0
605610,9.434353918007265,9.173157580848466,93.0
605820,21.89349112426036,7.527793987721444,94.0
605880,6.76271186440678,8.68270762989381,97.0
605940,17.05539358600583,6.530877627725885,92.0
606450,9.41526263627354,9.624765221455819,92.0
606780,10.32761310452418,8.07246736935477,93.0
606870,21.411359724612737,7.974188669286011,90.0
606900,20.475418692598595,9.132919225007598,84.0
607230,11.868183417380086,9.050992878742049,89.0
607440,9.674782758324014,10.747035533763599,96.0
607500,8.182380489529027,9.334061298965942,95.0
607530,11.814671814671817,7.859413154693583,96.0
607560,10.376076121431808,7.699389406256737,92.0
607800,8.125537403267412,9.1381996941985,95.0
607900,18.334131163236,8.33758794211651,89.0
607920,22.15179844715576,8.75004942158424,88.0
607970,15.803043642309143,9.674200166461429,86.0
608010,12.278978388998036,8.311889558230359,90.0
608130,12.366863905325443,9.62970838525334,85.0
608160,12.9286162863722,10.081005925824062,89.0
608190,10.455206817709415,8.478660241699453,96.0
608370,13.446849140674727,9.438909179935457,89.0
608460,8.049975154397671,10.246154845820252,92.0
608550,20.637732506643047,7.029087564149662,87.0
608760,8.242980261328885,8.881002624255569,94.0
608970,14.065780265920225,7.264730177929867,87.0
609030,8.608731130150959,10.694623141424277,93.0
609070,18.823457767492844,9.706316282491837,81.0
609120,15.656447460800374,8.360071435644025,79.0
609390,14.221981884547793,10.007442080255977,86.0
609570,13.01460823373174,7.317212408359839,82.0
609620,17.32901623347822,10.023312945604477,82.0
609640,6.922626337930667,9.840494503208207,95.0
609690,14.582705634227178,8.107418811719974,87.0
609810,16.873706004140786,6.873163834212518,90.0
609850,8.511392027445277,10.889938474315908,94.0
609870,6.431072906717605,8.052296499538647,93.0
609940,11.180968564146134,8.680162019694377,77.0
610050,10.55616693473292,9.37695589894852,96.0
610260,8.359397213534262,8.858510813033927,93.0
610350,9.51348747591522,8.331345424845724,85.0
610620,8.61188486536676,9.061376218836225,93.0
610770,23.889655172413793,8.195609567288775,91.0
610860,15.789473684210526,8.369388996647842,95.0
611110,16.885222786238014,10.25301702831399,90.0
611280,13.319044703000612,8.09132127353041,81.0
611460,11.845040287704284,9.997296606214185,95.0
611520,8.935716190984262,8.229244416735913,90.0
611820,15.414266533847288,10.047111592619004,86.0
612070,12.3419626730885,8.801469470733185,94.0
612120,13.616298811544992,9.086476384753796,85.0
612180,11.324910165758665,9.062652099076578,93.0
612210,5.728267127230858,8.153061946801051,96.0
612330,11.139422550843353,11.066185134649654,92.0
612840,6.8439577630035195,7.846589975291186,95.0
612910,11.78130037614186,8.915163617762142,83.0
613360,13.93503480278422,9.978131095531895,80.0
613530,20.814061054579096,7.6787889981991535,84.0
613800,9.025084044478923,8.260234291607297,91.0
613840,5.353982300884956,7.723120092266331,92.0
613890,10.54854368932039,9.933046354777673,91.0
613920,10.89653047073628,10.569751598062284,90.0
614070,19.318181818181817,7.521859252201629,82.0
614190,24.72222222222222,6.984716320118266,75.0
614250,8.026113671274961,7.86480400332846,95.0
614400,6.116991643454039,10.48849257447637,94.0
614430,6.542898341744772,9.314339961994667,95.0
614550,19.99186275174612,11.20823286368504,86.0
614760,13.510592304366623,9.538060131459494,93.0
614820,17.069831127339114,7.692113339595466,96.0
614880,8.161846496106785,10.67248404537951,90.0
614950,23.986194995685935,7.748460023899697,82.0
615180,14.124844830643733,9.330609204367127,89.0
615240,7.033708717248702,10.180096038519288,90.0
615270,6.617746976491371,8.903679332926599,97.0
616230,16.518466243236883,9.96434744079289,82.0
616323,14.454594304137562,7.528869256642251,95.0
616325,9.128316188413644,9.823903073193286,93.0
616500,15.770042194092824,8.240648863374913,92.0
616740,16.328939602596893,9.919951278566794,79.0
616920,21.77037845705968,9.998070195022075,87.0
617220,8.211143695014663,7.77779262633883,95.0
617430,8.687381103360812,7.3632795869630385,92.0
618060,10.83219982688265,9.691160293655768,91.0
618210,4.441717791411043,8.312626025674962,95.0
618390,17.182168409466154,9.114379980830272,86.0
618930,17.265353418308226,8.36985260351753,87.0
618990,21.423635107118173,7.277247726631484,87.0
619260,13.378050068659556,9.848714526688836,91.0
619320,21.4792899408284,7.432483807917119,87.0
619490,9.011685482273718,8.526945482858915,89.0
619540,16.428152343052474,10.576457535657255,89.0
619650,17.555266579973992,7.7437032581737535,83.0
619700,8.664149403000305,9.190035618635818,78.0
619830,14.939550949913643,7.05444965813294,90.0
620070,34.42622950819672,8.13622555490846,58.0
620130,3.369980879541109,8.339023005744759,97.0
620370,10.683906090506976,7.985824666418917,96.0
620640,19.33998465080583,8.271036865792954,85.0
620670,20.17195767195767,7.321188556739478,95.0
621000,7.637844056996195,9.332469505209247,95.0
621060,18.08252427184466,6.714170529909472,87.0
621270,18.236472945891784,6.212606095751519,92.0
621400,16.292134831460675,7.579678823090456,92.0
621600,17.172455819622183,9.01249900352419,90.0
621690,14.879812805786004,9.148677711584076,92.0
621810,11.589698046181171,7.719573989259581,95.0
621870,8.590060715088823,8.399984990510696,90.0
622050,14.262472885032537,7.519692404116539,95.0
622110,6.997890448825199,9.52857589747142,95.0
622230,15.114659419058944,10.289939721462362,85.0
622410,16.407456998661036,9.180808569370145,88.0
622500,14.479734502658973,11.225629984448823,85.0
622590,4.05295315682281,9.192176401348512,98.0
622710,13.856775882409334,13.144377283510618,77.0
622740,16.803513461905673,9.256651274839433,96.0
622800,6.7761806981519515,8.134174272137903,97.0
623080,11.103748580083302,9.265207273417023,93.0
623160,18.348932731802577,9.605822482030945,83.0
623340,13.839547140347452,9.927789845059094,88.0
623610,12.807076381319696,10.079707197138614,93.0
623940,24.65753424657534,7.425953657077541,87.0
624030,10.307017543859647,8.319717386850606,90.0
624090,16.01906538182572,9.174816815907135,82.0
624230,12.365894974590628,8.17244681834278,94.0
624500,7.743062293809431,9.24048152888817,95.0
624660,19.176122818727947,9.257891673834406,91.0
624750,16.853932584269664,7.261225091971921,95.0
625150,22.147828969174675,9.621456151593161,87.0
625230,28.591549295774648,7.951559331155252,87.0
625320,13.205128205128206,8.605204068738951,89.0
625530,15.020491803278688,9.186047679407139,91.0
625690,7.378609965090448,8.74862232231722,93.0
625800,19.323453220073496,10.410244912126165,89.0
625830,15.236303785563132,9.04852707581358,86.0
625860,23.14173591874423,9.066931788680826,81.0
626310,11.46318732525629,8.36450810375059,93.0
626370,12.759329436701137,10.34618421724962,86.0
626490,19.568916619398752,7.47477218239787,95.0
626640,11.684080440399956,9.787066089518877,87.0
626880,50.176817288801566,7.841885928984623,89.0
626910,9.464880088759925,9.368796057668156,86.0
627060,17.05679862306368,8.667335849845957,88.0
627200,6.474358974358975,8.045588280803528,95.0
627240,11.103441928952696,9.986541107671414,90.0
627590,14.129059468578658,8.464214266625351,84.0
627690,10.176070203071385,9.785660765922685,91.0
627720,9.212089217368352,8.932872621931374,89.0
627850,3.6067736969430393,8.42222295382501,96.0
628050,19.564513517888944,10.520347464923955,73.0
628250,15.090532286212916,9.816621619514466,84.0
628270,14.864864864864863,7.80057265467065,87.0
628650,11.15459166880006,10.216215833592425,94.0
629130,31.482352941176472,7.661527081358517,85.0
629270,19.23236637598624,9.732521279780308,85.0
629370,8.117706747843734,7.58629630715272,95.0
629490,13.27892801370208,9.89600966268017,89.0
629550,20.7314434105172,10.047804323304367,92.0
629610,5.475645635828702,9.412137705270794,95.0
629640,17.190635451505017,8.003028666384733,87.0
629700,6.5238473067089835,9.336356092559043,98.0
629820,25.0361376120266,8.148734808937169,86.0
629850,8.81975625400898,9.654384962051822,86.0
629910,6.711804533411835,8.130647968160584,93.0
629940,12.023114570434576,9.738553945343401,85.0
630030,13.495320965358726,8.714567550836485,87.0
630210,20.08325624421832,9.288226910633254,90.0
630250,13.43226788432268,8.567125560164447,89.0
630330,3.788748564867968,7.868254265520613,98.0
630360,8.395396073121193,7.29776828253138,95.0
630600,16.515241572556675,9.373903755841548,88.0
630660,8.969650106321284,10.160645982437616,96.0
630750,14.267990074441686,8.301521654940728,95.0
631320,13.675450762829405,10.135987198774362,88.0
631530,6.87335237258348,10.502763517486002,95.0
631710,18.11347771612672,8.628197749459149,88.0
632010,25.348696179502728,7.407924322559599,89.0
632070,14.694364851957976,9.949416484424528,90.0
632270,9.552923194497517,7.869783902530146,87.0
632370,12.302839116719245,10.177742381673879,89.0
632550,18.516470222252945,10.272668963567046,79.0
632610,22.135806162129825,8.114623886420098,89.0
632880,6.476846057571965,8.069655306886165,97.0
633110,14.90048413125336,7.527793987721444,87.0
633150,11.920592705167172,10.648088014684989,91.0
633630,10.887015853903272,9.20693457884135,90.0
633750,8.833663221171468,9.52083524249312,87.0
633840,18.297151232023452,10.68437084740016,84.0
633860,8.941904935348752,10.220303579712972,92.0
633980,16.320929341928895,9.659311868393488,86.0
634140,14.78919631093544,8.01829613851552,90.0
634170,19.5596135303725,10.83602557938815,89.0
634320,13.57753497085366,11.56322876947947,87.0
634380,9.314290102127003,9.474472303967703,96.0
634410,14.772390052822129,10.830658875506495,85.0
634425,7.264206209724663,8.54110501146255,93.0
634440,16.387859360913552,9.208638925336425,88.0
634590,12.354206033752526,10.33182247473504,91.0
634620,17.09300866072549,10.592501201814466,88.0
634680,16.14177672423524,9.089189170412032,91.0
634710,14.650229357798164,9.25569607369698,89.0
634740,13.023434498655398,7.864419904994565,92.0
634800,10.637741766858335,8.942722330560143,94.0
634860,2.819672131147541,8.022896869601457,96.0
634880,9.692683169796284,9.90733016025358,94.0
634980,10.52454228911603,9.094143577573671,92.0
635110,18.948562783661117,7.880048200971577,78.0
635130,5.23220193603725,10.393416350589133,97.0
635250,9.826006556274692,9.384041546476526,93.0
635310,8.009849362688296,10.785766381818577,88.0
635430,11.26396693147323,9.647497926816836,89.0
635600,17.99136069114471,8.440312147080279,90.0
635670,14.76713366149186,8.977525200965243,91.0
635700,9.727088327494007,9.291551627401006,91.0
635830,20.05481955230699,9.300638009956963,83.0
635850,10.476190476190476,6.851184927493743,93.0
636270,12.81177381874516,8.772610303280743,89.0
636390,18.38427947598253,9.122601457668177,88.0
636600,19.93517017828201,8.3707791729607,88.0
636800,15.490196078431373,8.536995818712418,86.0
636805,22.73781902552204,7.164720378771857,92.0
636840,10.938448464246692,9.709538659501193,89.0
636940,17.962962962962965,6.29156913955832,82.0
636970,22.973691203826736,8.926118971153382,88.0
636972,19.284494020701437,9.205428327615163,81.0
637050,12.86417726713172,8.491670234185152,93.0
637200,13.614760972882303,8.182279739259018,88.0
637260,28.542713567839193,6.902742737158593,86.0
637500,5.470870745458342,8.47407690034261,91.0
637530,13.411819021237305,9.066931788680826,81.0
637620,22.713622713622712,8.206037762778815,87.0
637830,7.3763621123218766,7.084226422097916,92.0
638010,22.78241285765471,10.57321256315158,76.0
638280,0.6134969325153374,6.480044561926653,92.0
638610,17.974683544303797,6.672032945461067,95.0
638640,13.43713067159961,10.56931492244111,86.0
638730,19.47162426614481,6.92951677076365,92.0
638770,13.157894736842104,8.242756345714477,90.0
638790,16.684002496359476,8.47782846789396,94.0
638880,18.94314696862467,8.352082671352637,85.0
638980,5.253218884120172,8.669914278433902,96.0
639000,12.941816204458943,7.516977224604321,96.0
639420,5.184932091910823,10.061089413039618,95.0
639630,7.315302232710111,8.614138397472717,97.0
639930,9.974093264248705,8.59489469908009,96.0
640150,7.657807308970099,10.089136899422757,95.0
640300,19.605549055657697,8.696677393390031,87.0
640590,12.443548387096774,9.425451751593128,89.0
640740,33.96663924003291,9.500693872983122,72.0
640980,7.496086729665488,9.755509449764629,91.0
641160,13.522502858330734,10.270315777029374,93.0
641190,10.833806012478728,9.95967883218587,89.0
641280,4.2164883574575205,9.568084743872936,98.0
641430,17.703862660944207,7.530479995245536,87.0
641580,13.669517102615696,8.98117874833641,88.0
642000,9.285237140948563,9.102977853647683,93.0
642140,0.8098891730605285,8.453614209773367,91.0
642350,13.076923076923078,6.659293919683638,95.0
642480,15.481845945028844,9.374837343857585,90.0
642510,9.27856811178184,10.072766084358127,96.0
642540,12.250922509225092,7.2115567333138015,92.0
642560,31.086387434554975,7.331714969726466,77.0
642710,14.801945795691452,7.271703706887368,92.0
642930,11.154094132817535,7.346655163176539,82.0
643080,16.028109356950328,9.248406572782638,90.0
643410,27.986906710310965,6.415096959171596,77.0
643470,14.718096150774636,9.435242376305256,86.0
643560,14.194260485651212,9.111624399037025,92.0
684500,5.736704446381865,10.446102498791525,96.0
691005,53.789279112754166,6.293419278846481,27.0
691007,56.75403225806451,6.899723107284872,22.0
691012,49.19698459521468,8.02322468471667,29.0
691020,62.96296296296296,7.284820912568604,43.0
691024,91.19547657512116,7.814399633804487,31.0
691026,52.19197046608214,7.681099001536359,18.0
691027,43.41749323715058,7.704361167910313,22.0
691029,77.22332015810277,7.6128310304073565,23.0
691030,77.50352609308887,7.257002707092073,19.0
691031,45.24686809137804,7.906178840394815,31.0
691035,67.84702549575071,7.252762418053187,17.0
691036,36.81592039800995,6.6895992691789665,48.0
691041,83.76777251184834,6.738152494595957,29.0
691045,32.482993197278915,7.475339236566737,5.0
691049,76.01476014760148,5.602118820879701,17.0
691078,57.12703101920237,7.903965634032166,45.0
691122,59.11602209944752,5.8916442118257715,12.0
691135,12.139500371011623,9.91418018207487,93.0
800020,16.001823569637565,9.772695262286105,53.0
800282,63.53517364203027,7.716906135298388,25.0
801920,11.79977546359026,10.159330600013353,93.0
801950,35.210696920583466,8.909775673693389,64.0
802070,22.77015437392796,7.754481547470383,82.0
802280,26.37231503579952,7.424165281042028,95.0
802340,35.33626803619467,10.618640813358688,77.0
802490,10.207147880570297,10.350798131234187,92.0
802580,17.84016553884011,9.791493975575204,82.0
802610,10.875331564986736,7.318539548567902,92.0
802700,62.95779560516219,7.96102146588337,57.0
802790,9.344216155361666,8.175547596021026,85.0
802910,19.5213970033416,10.927052966881327,89.0
802940,5.668326311757947,8.560635749259074,95.0
803030,19.821826280623608,6.1070228877422545,32.0
803060,38.809289438185864,10.219356126832537,70.0
803090,39.86340762041697,7.930925372483388,72.0
803330,20.233386075949365,8.528330935826693,84.0
803360,34.29321653483254,11.42717147895132,70.0
803450,10.914017501517687,11.12043087483045,91.0
803480,20.91554853985793,8.53070154144103,78.0
803540,20.912108529369316,8.843470781627381,75.0
803600,7.269874476987448,7.555905093611346,95.0
803720,12.2622420072845,7.81237820598861,87.0
803780,24.90032620514679,7.922623574217286,53.0
803870,18.937945824980183,9.973433303222794,56.0
803990,20.434478392696494,10.309385900115851,84.0
804020,22.016460905349795,7.795646536334594,72.0
804050,23.61747632141766,8.09346227450118,74.0
804080,22.36352729454109,9.028218795184895,82.0
804200,21.617497456765005,7.583756300707112,92.0
804260,15.747472956197909,8.637462023807181,84.0
804320,7.142857142857142,7.171656822768514,82.0
804350,26.866077498300477,10.001747921703648,81.0
804410,33.68868980963045,10.0134624057447,81.0
804470,19.003868471953577,7.63433723562832,95.0
804530,30.339950583624436,9.370501524100124,80.0
804800,24.206100308964626,11.363195001576461,85.0
804830,17.866323907455012,8.266164436612492,86.0
804920,31.689571544058204,7.813591552952433,87.0
805220,24.952137843012125,7.356918242356021,92.0
805250,57.955865272938446,7.451241684987676,82.0
805310,16.64797836554317,9.62648162008158,90.0
805370,17.298914384406615,10.386654168308144,86.0
805400,26.87511517906505,9.69763121260851,80.0
805490,19.78571428571429,7.24422751560335,87.0
805550,27.883752244165173,9.095153962167066,60.0
805730,31.915846016114592,7.711548979629146,77.0
805790,37.84172661870503,8.741136422901011,79.0
805820,9.130240190959272,8.810310466357958,96.0
806120,36.28454755282003,9.73489137036065,82.0
806150,20.178462786453053,9.196444266784072,89.0
806240,24.39227093289009,8.47907586930311,83.0
806480,16.62712738525013,9.179365567676752,81.0
806540,23.734853884533145,7.246368080102461,67.0
806660,25.840179238237493,7.8928255262511176,92.0
806690,14.497816593886462,7.736307096548285,82.0
806810,26.954102920723223,8.187299270155147,95.0
806900,23.777177408979803,10.56784938166432,84.0
807230,26.956890159940684,9.152817185732516,68.0
807350,7.187053783912423,8.74878098951311,92.0
807380,24.380495603517183,7.824845691026856,85.0
899200,1.7543859649122806,5.14166355650266,47.0
900002,12.571108831483729,9.280146246220145,97.0
900005,4.645476772616137,7.112327444710911,92.0
900060,17.858790955237655,7.681099001536359,87.0
900120,3.368287257705751,8.054204897064407,96.0
900210,3.5277177825773935,7.9294865233142895,94.0
900270,5.0395256916996045,8.01829613851552,93.0
900330,6.279287722586692,7.665753431861699,87.0
900420,8.158921603405462,7.9441374911141125,93.0
900450,18.660076343349317,9.924955459151368,75.0
900510,7.068096653314382,8.95402775927046,86.0
900540,4.642313546423135,7.873978379604501,96.0
900690,5.852737570799245,7.370860166536716,95.0
900700,13.438639125151882,9.015541293671115,95.0
900750,4.703915950334289,8.339978571990427,95.0
900810,6.700738216922203,7.473637108496206,92.0
900840,6.722338204592902,7.781138509845015,94.0
900960,9.45337620578778,7.349230824613334,92.0
900990,4.085801838610827,7.579678823090456,95.0
901020,7.122633162272164,9.33273498018979,81.0
901050,3.616220735785953,8.473032295630468,97.0
901110,10.966257668711656,7.1731917424865985,77.0
901230,5.815831987075929,7.526717561352706,95.0
901260,14.947468958930276,8.745443680098592,88.0
901290,15.036440352896047,7.865955413933502,84.0
901320,5.278810408921933,7.897296472595885,95.0
901440,6.0606060606060606,7.890956716138919,95.0
901470,10.940065681444992,8.491259809389733,90.0
901530,4.851586489252814,9.187071745036828,96.0
901560,4.739217652958876,8.291045131081729,96.0
901620,3.046996040626614,8.667163717992533,97.0
901680,4.731182795698925,7.528331766707247,95.0
901710,4.186510134012626,9.10819689830748,95.0
901740,12.047511312217194,7.477604243197589,87.0
901770,10.0680591410467,8.357259153499912,84.0
901800,4.760487950014877,8.119993827725105,97.0
901860,13.611220861319635,8.529516941105069,87.0
901920,22.330504034370744,9.8567103609772,67.0
902070,12.30899830220713,7.764720544771477,87.0
902160,4.97907949790795,7.779048644925556,92.0
902280,2.3741007194244603,7.930206206684683,97.0
902310,17.956656346749224,8.668024081118821,82.0
902400,13.24538258575198,8.933268478636418,79.0
902490,8.216744392627136,8.412499120301572,90.0
902520,6.994727592267136,8.646465527120377,93.0
902550,4.667519181585678,8.048149101665201,95.0
902580,7.132599329822882,7.644440761556566,92.0
902640,12.361759646104694,8.31115254800169,86.0
902670,19.995794785534063,9.160309438370618,73.0
902700,2.300213421863885,8.34687925374656,98.0
902730,4.190309908336971,7.736743682453495,97.0
902790,17.816512865582734,9.92725290608639,77.0
902820,14.270032930845224,8.200837258379849,82.0
902850,7.701681696319766,8.319473692442186,92.0
902880,6.1204343534057255,8.306965865368573,95.0
902910,3.9525691699604746,8.366602832783736,96.0
902970,5.070422535211268,7.4815557019095165,92.0
903030,5.158120970217992,8.088561805276234,91.0
903090,10.215865683574666,9.328745436354804,92.0
903180,5.171042163882259,7.136483208590247,95.0
903240,10.245231607629428,7.51479976048867,95.0
903270,13.624100719424462,7.707062655370473,82.0
903300,8.562950402713014,7.765993079407675,92.0
903330,9.153475567790778,7.2813856635702825,92.0
903450,13.270336894001645,7.797291273547472,92.0
903515,9.140369967355822,6.823286122355687,95.0
903520,6.597077244258872,7.781138509845015,96.0
903535,4.972710733778047,7.407924322559599,92.0
903536,8.450704225352112,7.440733707389261,95.0
903537,3.823279524214104,8.169336395928386,95.0
903538,6.672802577082375,7.6838639802564295,95.0
903539,3.434739941118744,7.61972421378267,95.0
903540,6.045751633986928,7.1098794630722715,95.0
903630,9.45054945054945,6.813444599510896,95.0
903660,5.689576695493855,7.69484807238461,95.0
903720,2.2988505747126435,6.950814768442584,95.0
903750,6.5452091767881235,7.301147805856032,95.0
903780,7.838745800671893,6.794586580876499,97.0
903810,5.854657113613102,8.493924564476883,96.0
903840,4.344597103601931,7.898411092811599,95.0
903990,9.367789570835257,7.681099001536359,92.0
904050,10.026041666666668,8.435549202375727,90.0
904110,4.677222898903776,8.31996102188653,94.0
904140,11.68154761904762,7.203405521083095,95.0
904170,4.828402366863906,8.348774539791274,95.0
904230,4.4520547945205475,8.767796255626598,94.0
904320,10.223024365089596,9.649498121050817,87.0
904380,5.410723069355632,7.617267813628347,92.0
904440,11.767324528861849,8.815666824946216,92.0
904470,7.068418667874942,7.699389406256737,95.0
904560,4.137648504711184,7.80016307039296,94.0
904590,12.700432680071264,8.27614021955846,83.0
904620,4.086687306501548,8.773384596776648,97.0
904680,7.750163505559189,8.025516386489008,78.0
904740,5.148548278190412,8.68676717538769,93.0
904830,14.958074114146603,9.824714871370732,77.0
904860,6.727707006369426,7.828834527588089,91.0
904890,11.23960968558005,7.925518979786926,92.0
904920,5.143215555090947,9.165970424240243,93.0
904950,10.043440486533449,8.657824321155983,82.0
905010,4.03606698153714,7.753194269884341,98.0
905040,12.980856882406565,8.609772372709331,99.0
905070,3.537338573834924,8.178077463849608,94.0
905130,3.208157174832131,8.299285906897275,98.0
905190,13.795357960117686,8.025843344150903,77.0
905220,7.540566337893733,8.052933036797567,89.0
905250,10.266666666666667,7.313220387090301,87.0
905280,3.672566371681416,7.723120092266331,95.0
905371,15.268817204301074,7.751475318021456,86.0
905373,6.8744271310724105,6.994849985833071,99.0
1000004,2.061855670103093,6.877296071497429,99.0
1000015,2.1240441801189465,7.763871287820222,95.0
1000016,7.388316151202749,6.366470447731438,95.0
1000080,12.088619231476375,9.294497679982905,95.0
1000170,15.455212922173276,8.60300384782935,87.0
1000180,13.529189257344598,8.97853441008332,89.0
1000190,23.172987974098056,8.777401286867264,84.0
1000200,30.00913627099585,9.563037414545692,70.0
1000230,20.74344170971336,9.19755903761145,80.0
1000270,15.36764705882353,7.215239978730097,92.0
1000680,16.985758747524287,9.268892258925797,84.0
1000750,10.804020100502512,7.085064293952548,95.0
1000790,17.015083355385023,8.237214703349489,85.0
1000810,18.252347897100854,7.803435056952168,82.0
1001080,16.91542288557214,8.299037181613066,86.0
1001240,17.290076335877863,9.257223957875032,85.0
1001280,12.047427482532289,8.460199469896118,94.0
1001300,21.665077851922465,9.663642809498507,87.0
1001530,24.162817551963048,8.150179269682326,77.0
1001620,13.187613843351548,8.610683534503575,89.0
1001680,2.51419302514193,7.117205503164344,96.0
1001850,21.6791486007095,7.838737559599282,82.0
1100005,38.01020408163265,7.069874128458572,77.0
1100008,22.26953907815631,8.292047637431354,77.0
1100030,31.18128409567772,10.771847750652734,69.0
1100031,24.78459199189052,8.685922794690725,82.0
1100043,18.938053097345133,7.029972911706386,87.0
1200002,8.017190278601067,8.817001443665859,81.0
1200030,21.980791499216675,10.287456600299405,88.0
1200060,24.503968253968253,8.525161361065415,76.0
1200090,32.57976820718271,10.23838712459702,81.0
1200120,38.444790046656294,8.07558263667172,87.0
1200150,15.489743204274916,11.20055444658802,88.0
1200180,19.83966975655603,12.51103578646621,84.0
1200210,38.76177658142665,7.709308333385869,87.0
1200240,20.270871749221083,9.663134259490725,88.0
1200270,27.015971951694585,9.642252650099195,84.0
1200300,23.63093173997706,10.531802835594531,91.0
1200330,12.18834789668212,10.753788043370438,92.0
1200360,27.242295953529585,9.2259184019395,88.0
1200390,19.30553750346129,12.776809224748623,86.0
1200420,27.11935013538846,8.476579508530941,61.0
1200450,31.072410632447298,7.687997166393016,95.0
1200480,31.00620309922635,11.768567183676893,85.0
1200510,26.432722172127043,10.594732925806477,81.0
1200540,20.832369942196532,9.470779708034089,88.0
1200600,16.889738687061822,8.456806041401142,66.0
1200630,15.4913728432108,7.888334500738654,87.0
1200690,29.232333502796138,7.584264818389059,82.0
1200720,35.03694581280788,7.392647520721623,72.0
1200750,22.632084534101825,8.557374981049069,80.0
1200780,31.201975850713502,8.893984438939794,84.0
1200810,24.087688811656196,10.018734040540515,89.0
1200840,24.36490544598653,9.419060402624668,77.0
1200870,21.872062602736555,12.282871636499847,87.0
1200900,31.53400426959439,8.095293776844649,77.0
1200930,28.874269005847953,9.786054455644033,92.0
1200960,33.115264797507784,8.767173396684006,78.0
1201050,25.033703686485985,10.669466891745744,84.0
1201080,22.60322657074547,11.438783646089867,83.0
1201110,23.156935915141187,10.435085921117388,93.0
1201140,30.944683908045977,8.624791202014256,87.0
1201200,23.52510076951264,7.911690520708339,82.0
1201230,21.856177012907192,10.795690488881194,85.0
1201260,29.459490875276067,10.66930417105545,84.0
1201290,17.155330386978548,9.828440678213218,88.0
1201320,15.976470588235294,9.047821442478408,86.0
1201350,27.165387534789577,9.380673689458071,93.0
1201380,20.278172909751856,10.362019381580984,88.0
1201410,28.814375100272745,8.73761303680885,77.0
1201440,24.23841967187439,12.227403516232002,89.0
1201470,27.084313933891075,11.095301739538133,89.0
1201500,14.02744307794582,12.168079978020078,88.0
1201530,21.440599706665218,11.206889315566453,87.0
1201560,24.922707311789843,11.528424728417152,86.0
1201590,21.614882248169405,11.523469678845899,80.0
1201620,42.14176348734576,9.314970621054266,85.0
1201650,15.771507426371793,10.2232858338872,89.0
1201680,14.187247365592654,10.664270016810953,90.0
1201710,14.623408090299325,11.122634642832976,92.0
1201740,13.900783812886583,10.594958328715128,93.0
1201770,31.437486180379825,10.614057078787942,92.0
1201800,23.158869847151458,9.063694791634697,88.0
1201830,29.255230125523013,8.695339376799712,96.0
1201860,41.70740880030087,7.88570539124302,92.0
1201890,24.924012158054712,7.741967899820685,82.0
1201920,21.463663625342942,11.045989126773959,80.0
1201950,28.618085323535414,8.496786381638575,90.0
1201980,20.911016949152543,9.152711259139547,87.0
1202010,36.38805970149254,8.116715624819111,80.0
1202012,7.830853563038372,7.845416036592485,95.0
1202013,11.055694098088113,7.785720896534624,95.0
1202015,8.665511265164644,7.050989447068045,95.0
1300001,13.416332213940535,9.409928663668856,84.0
1300026,14.146341463414632,5.3230099791384085,7.0
1300060,14.03460587750618,8.200013648175434,89.0
1300090,10.37514654161782,7.441906728051625,87.0
1300120,23.64417225175256,10.857536390012886,80.0
1300150,13.29935125115848,7.67693714581808,92.0
1300210,15.78846522322284,8.560061091643414,92.0
1300227,18.944658944658947,8.264878262801748,45.0
1300232,0.4199916001679966,9.567035315714918,53.0
1300240,17.794486215538846,7.934871565945177,93.0
1300290,13.980610831693271,9.526537012326164,86.0
1300330,16.874676907170816,9.513477398982824,87.0
1300360,14.118391896169674,8.058010800802085,80.0
1300390,17.40234995236583,8.054840221101024,79.0
1300420,16.231126596980257,10.090299014602934,78.0
1300440,14.000000000000002,7.843848638152472,92.0
1300480,16.06413994169096,8.140315540159985,83.0
1300510,6.3922942206655,7.7336835707759,95.0
1300540,15.689013035381748,7.672292455628756,87.0
1300570,10.25305410122164,9.12347443895452,88.0
1300600,5.054076539101497,8.478036476215044,93.0
1300630,15.274372996417124,9.269175157697076,85.0
1300660,10.882563979909111,8.338305731356565,89.0
1300690,14.790350373348652,8.155362120328135,81.0
1300720,9.329373917347192,8.304247465078474,98.0
1300780,14.41538794035012,9.132811169466946,93.0
1300810,7.835990888382688,7.693937325509272,92.0
1300840,13.996354061170752,9.603125426926972,92.0
1300870,12.326626294198086,8.540714386457584,89.0
1300900,8.14929328621908,8.41803561988302,91.0
1300930,14.200964034111976,9.28618968425962,88.0
1300990,16.444701795020265,7.454141078146678,87.0
1301020,9.059536425640609,10.513280297700861,87.0
1301050,17.159763313609467,6.739336627357174,82.0
1301080,20.655270655270655,7.940227765145702,82.0
1301110,9.73236594272535,10.63643220297014,87.0
1301140,3.2975460122699385,7.1731917424865985,95.0
1301170,17.34176284643093,9.51804563563343,80.0
1301230,20.334307938434375,10.90377010713103,72.0
1301290,11.106520196531063,11.620263024987272,85.0
1301350,15.709656513285807,8.950921764797261,83.0
1301380,16.609642301710732,9.17419492533983,80.0
1301410,10.58212747155639,10.20946376214355,91.0
1301470,14.214773432650526,8.07775756373692,90.0
1301500,12.702858921346316,10.020870508171171,85.0
1301530,19.120234604105573,7.4413203897176174,82.0
1301560,20.691345918117182,8.313607139317558,88.0
1301590,17.257462686567166,7.670428522190693,92.0
1301620,8.860759493670885,8.974618038455112,79.0
1301650,13.647995450668182,8.165363632473982,95.0
1301680,5.3509885724650825,8.614864218589684,95.0
1301710,22.878086419753085,8.55333223803211,84.0
1301740,21.292902030293263,11.505860567248106,75.0
1301770,10.848312835067803,8.061802274538348,93.0
1301830,14.433359649752386,9.542015406113592,86.0
1301860,14.224072672218016,10.181876578076317,87.0
1301870,19.411764705882355,7.77485576666552,92.0
1301890,12.1114188981225,8.779249716229046,84.0
1301920,16.86159844054581,7.62657020629066,92.0
1301980,11.50398406374502,9.396653950039674,91.0
1302010,15.238718116415958,8.025516386489008,82.0
1302040,17.678529890672248,8.366137716496281,84.0
1302070,17.836713468538743,7.56164174558878,82.0
1302100,16.97729583192138,7.989899374942939,94.0
1302130,8.0648369132856,9.909071930830029,89.0
1302190,11.809737674798408,9.189831495344642,94.0
1302220,7.05040800486669,10.772078525532862,94.0
1302250,15.205627705627704,8.215006432761575,91.0
1302280,13.184375164292096,11.462736823386942,87.0
1302310,15.178123432012042,8.983690681332686,88.0
1302340,19.680464778503996,8.326274787396764,84.0
1302400,14.89178842097039,9.457122321855792,95.0
1302430,17.465246968352556,8.819073983267831,95.0
1302460,11.671991480298187,8.454253391642363,91.0
1302490,11.141950832672483,7.8328075165248645,92.0
1302520,17.93800408123603,9.239025005836092,85.0
1302550,10.164821345733593,12.094699646621262,82.0
1302580,12.14709714782105,8.840290669088972,92.0
1302610,16.724383042321293,10.219501947254944,88.0
1302670,15.990730011587488,8.146709052203319,94.0
1302700,8.35538752362949,8.573573524852344,92.0
1302730,13.400616764788335,8.17948018535889,95.0
1302790,17.63593380614657,7.656810091480378,92.0
1302820,14.443492335523183,10.645710570742667,88.0
1302880,11.809982368099824,10.29187431910954,87.0
1302910,18.234275822273514,7.457609289715606,92.0
1302940,11.808261886204209,8.948715833843691,94.0
1302970,9.813664596273291,7.789454566086673,87.0
1303000,17.044366421959783,8.049746290952191,90.0
1303030,8.89067955949503,8.222285073872717,95.0
1303060,14.952561669829224,7.876638460975463,87.0
1303150,13.505134663824842,8.548885638148727,88.0
1303210,10.066864784546803,7.898039690764619,87.0
1303240,12.44956772334294,7.45876269238096,77.0
1303270,9.169764560099132,8.772765209949785,88.0
1303300,22.056473095364947,9.14686794902061,85.0
1303330,15.04424778761062,7.029972911706386,87.0
1303360,17.227456258411845,8.220133957151859,92.0
1303390,8.803908672366815,9.272657678041044,92.0
1303420,12.470832253046408,8.257644958208228,90.0
1303450,29.82456140350877,7.221105098182496,87.0
1303480,14.337936636880585,8.501876487304344,90.0
1303510,12.63323235723101,9.095266164130717,76.0
1303540,8.096590909090908,7.249925536717988,92.0
1303570,15.52591847005536,8.287528423111763,77.0
1303600,26.68600435097897,7.229113877793302,77.0
1303630,13.40843023255814,7.920083199053234,82.0
1303690,6.052269601100413,7.687538766201629,95.0
1303720,9.33037912358444,8.30943074214033,85.0
1303780,12.071197411003237,8.035926369891792,90.0
1303840,17.72611208170945,8.914760527397261,93.0
1303870,17.600579235660767,10.366151814395101,89.0
1303930,17.4586168104141,9.834512538032596,87.0
1303960,5.869453044375645,8.955706153570603,94.0
1303990,12.732342007434944,7.674152921281675,92.0
1304020,15.569004794124648,10.289124033010108,86.0
1304050,14.95609220636663,8.200837258379849,81.0
1304080,7.455540355677155,7.2875606403097235,92.0
1304110,13.97360036413291,8.387995252944556,96.0
1304140,9.267359212684529,8.204671828950811,91.0
1304170,11.962006530127637,8.122371243406553,88.0
1304200,20.25009569988516,8.966611387052865,80.0
1304260,14.05239877509357,7.985824666418917,92.0
1304320,13.898756660746002,7.719573989259581,92.0
1304380,24.741566479795196,10.337183720985118,78.0
1304410,15.819412011256812,9.723223876851618,82.0
1304440,12.842171124667606,8.762958920766726,90.0
1304470,4.015151515151516,7.1853870155804165,95.0
1304500,15.509160630592245,7.760893195851024,82.0
1304530,6.125166444740346,7.31455283232408,87.0
1304540,12.59134345137718,7.483806687665835,92.0
1304560,17.5018698578908,8.296795865770052,90.0
1304620,8.06204937732139,8.428799040653642,87.0
1304770,15.466046991995867,8.261784679514752,84.0
1304800,14.755295836376916,7.221835825288449,87.0
1304830,20.04555808656036,7.470793774195062,77.0
1304890,14.503424657534246,8.672486075822272,91.0
1304950,16.342141863699585,7.964155718840937,77.0
1304980,15.062649960010663,8.922924930641832,85.0
1305040,22.31128924515698,8.004365564979574,88.0
1305130,3.9971448965024985,7.244941546337007,95.0
1305190,16.653193209377527,7.1204443723924875,82.0
1305250,14.706902532084634,7.9665866976384025,98.0
1305280,13.328313253012048,8.290041618704489,87.0
1305310,19.092292089249497,8.973097896282471,88.0
1305340,6.918238993710692,7.841492924460013,92.0
1305370,19.27355278093076,9.083642718930225,88.0
1305390,17.697656082001288,9.543306469268108,88.0
1305430,15.474833034696204,8.722417141427496,90.0
1305490,16.770413767850602,7.912423121473705,95.0
1305550,17.992951214987944,8.592486175451668,91.0
1305670,14.154411764705882,8.244859395911256,87.0
1305700,11.230028285299287,9.478916074688227,80.0
1305760,12.051282051282053,7.352441100243583,82.0
1305790,6.056236481614996,7.234898420314831,92.0
1305850,15.469275450932438,8.092851027538384,77.0
1500030,18.930406325772775,12.083492497105047,84.0
1600002,3.5895986433013,8.17131687471973,88.0
1600004,0.477326968973747,7.424165281042028,50.0
1600011,2.711864406779661,7.07326971745971,42.0
1600060,2.6523297491039424,7.240649694255466,87.0
1600144,6.403940886699508,6.0063531596017325,17.0
1600155,4.448742746615087,6.248042874508429,47.0
1600240,2.629346904156064,7.072421900537371,77.0
1600270,4.39297124600639,8.231109840328154,83.0
1600300,3.3303860890067787,8.129469764784231,86.0
1600360,3.582078827291345,10.233977646051219,81.0
1600420,4.16116248348745,7.322510433997394,77.0
1600480,2.943396226415094,7.1891677384203225,72.0
1600510,4.420159843418691,8.721113147762688,76.0
1600600,3.3756205184776613,9.112176123188952,81.0
1600660,3.3437442586808745,8.6020856584342,85.0
1600780,2.499528390869647,9.268797941547751,88.0
1600930,2.408376963350785,9.426660697942268,81.0
1600960,1.9376579612468408,7.772331575169614,82.0
1601020,2.4928999684443043,8.06117135969092,79.0
1601050,3.825463239689181,7.422373700986824,82.0
1601110,3.3426183844011144,7.675081857716334,87.0
1601140,3.3860045146726865,7.4798641311650265,87.0
1601260,4.641044234952864,7.229113877793302,82.0
1601530,2.908886178098902,9.273972232220956,76.0
1601570,1.649276337933356,8.689801056022553,89.0
1601590,2.8211586901763224,8.286521373681236,78.0
1601710,1.9807008633824277,7.585281078639126,92.0
1601770,2.6493908334944885,8.550821372396221,85.0
1601800,2.6626533919888864,8.3707791729607,92.0
1601860,2.857142857142857,8.40737832540903,85.0
1601920,1.6860949208992508,8.477204183199873,90.0
1602100,2.4103284918527774,10.556281378746856,87.0
1602130,2.15681299162649,8.279189777195004,85.0
1602190,3.129657228017884,8.300528606199737,77.0
1602220,3.693516699410609,7.841885928984623,82.0
1602250,3.502854177477946,8.256866848974312,83.0
1602340,3.241280954233113,9.643809676493944,82.0
1602520,5.458089668615984,6.933423025730715,52.0
1602580,5.039787798408488,7.318539548567902,82.0
1602640,2.6809435633201835,9.427143867544194,90.0
1602670,2.564967937900776,8.68710472813351,86.0
1602910,2.086882453151618,7.761319180947987,95.0
1602970,4.4543429844097995,7.493317248862145,92.0
1603090,1.3639181649101055,7.385851078125209,92.0
1603180,4.022346368715084,7.489970898834801,87.0
1603240,3.440265486725664,9.109414453386222,77.0
1603330,3.7377049180327866,7.329749689041512,87.0
1700005,12.145110410094636,7.550661243105336,92.0
1700006,8.695652173913043,3.1354942159291497,72.0
1700044,13.454545454545457,7.226209010100671,82.0
1700110,14.377320283496456,7.993957547573565,57.0
1700320,16.079812206572768,7.440733707389261,92.0
1701403,21.048034934497817,7.0431599159883405,92.0
1703600,26.31756187910423,8.68929604801586,81.0
1703780,5.811623246492986,6.212606095751519,92.0
1703870,15.36541889483066,7.9391588179567965,97.0
1704020,21.337579617834397,7.5411524551363085,90.0
1704170,18.92688679245283,9.381937965407161,93.0
1704680,27.870910567904883,9.513477398982824,71.0
1704710,16.842105263157894,9.366061246972958,82.0
1704770,11.538461538461538,6.393590753950631,92.0
1704920,11.429741909053666,8.493310250952906,93.0
1705050,9.140094393921952,9.06958293425992,97.0
1705220,3.7125748502994016,8.67334187390617,95.0
1705310,7.1563088512241055,8.066521490469993,82.0
1705640,24.624302275654788,8.446341450444287,91.0
1705790,17.377450980392155,9.006999447958153,92.0
1705970,5.86080586080586,6.302618975744905,87.0
1706120,11.479385610347617,7.813591552952433,95.0
1706420,35.6951871657754,8.003697339094368,82.0
1706480,20.44187898089172,8.521981708148035,89.0
1706540,25.745001886080725,8.57583938684897,87.0
1706960,31.874999999999996,7.640123172695364,94.0
1707050,26.186645213193888,8.511577452630602,88.0
1707650,19.06501095690285,7.221835825288449,87.0
1707830,7.955907021327582,8.336390480591552,97.0
1708010,6.026490066225165,7.31986492980897,92.0
1708040,55.74963609898108,8.14177220465645,70.0
1708280,12.82367447595561,7.796880342783522,87.0
1708370,35.30612244897959,6.887552571664617,89.0
1708400,15.917503966155474,8.931155429778348,93.0
1708430,15.745856353591158,7.277938572945661,77.0
1708550,11.874511336982016,9.926422523818625,92.0
1708640,16.338406445837066,7.711548979629146,95.0
1709300,22.880371660859467,6.7580945044277305,79.0
1709420,21.763485477178424,9.17367638760459,84.0
1709600,22.36551215917465,7.906178840394815,92.0
1709930,20.59666791635537,12.823307534823547,77.0
1710440,19.62466487935657,7.5310163320779155,87.0
1710530,7.258791704238051,7.704361167910313,92.0
1710650,18.701381171614543,8.74814616962193,90.0
1710740,8.086388749372176,7.596392304064196,92.0
1710820,21.53369481022463,7.1631723908466425,82.0
1711250,25.734676742233415,8.46884293047519,94.0
1711370,14.98610884131394,8.71915396346254,97.0
1711790,31.380677721701517,8.621192781434722,74.0
1711850,33.50047755491882,9.033125752550372,76.0
1712000,24.067253803042433,8.739536422559677,84.0
1712330,17.47467438494935,7.92443418488756,79.0
1712570,18.033447511585734,8.50976567558744,94.0
1712700,7.503410641200546,8.388905171114706,97.0
1712760,16.46174863387978,7.288927694521257,92.0
1712990,27.38301559792028,6.3578422665081,82.0
1713230,34.751773049645394,6.894670039433482,95.0
1713290,17.8942987931752,7.784473235736469,92.0
1713320,65.17460929963342,8.553139318189707,75.0
1713530,15.513571048430016,8.924789360533357,92.0
1713560,9.405144694533762,7.81923445385907,92.0
1713710,21.18819227304044,10.53842282334766,86.0
1713940,18.551919608348364,8.263848131368906,89.0
1713970,8.923151632876047,9.016391478941248,95.0
1714100,12.23860130270826,7.978310969867722,88.0
1714430,6.903103229892336,7.364547014255642,95.0
1714490,30.775788576300084,8.165932137321585,92.0
1714580,14.089775561097255,6.687108607866515,95.0
1715030,12.191780821917808,7.286191714702382,94.0
1715840,9.298780487804878,6.486160788944089,92.0
1715900,26.00151171579743,8.286269452783065,77.0
1716080,21.35593220338983,8.326032685955079,86.0
1716350,6.753645433614736,7.8655717576847906,98.0
1716380,10.285614158051516,8.649448770536708,98.0
1716410,11.199026171637248,7.404279118037268,92.0
1716830,14.9079754601227,9.005773206234908,93.0
1717280,36.73536685902721,8.71028982137815,72.0
1717340,16.91708402893712,7.493873886783559,91.0
1717550,14.73533619456366,7.935945103353701,97.0
1717730,10.250696378830083,7.492760300922379,92.0
1718240,19.061449098135128,8.785998208098329,81.0
1718270,16.435432230522945,7.535830462798367,87.0
1718420,17.62132060461416,7.829630389150193,72.0
1718810,21.49265905383361,7.804659297056102,87.0
1718840,10.01717229536348,7.465655310134056,95.0
1718990,0.5380200860832138,7.933079771880415,92.0
1719080,11.234735413839893,8.212025804623437,95.0
1719200,18.06674338319908,7.460490305825338,87.0
1719320,17.048108360579167,8.362175469149628,92.0
1719560,15.845070422535212,7.951559331155252,97.0
1719620,16.003976143141152,7.60688453121963,93.0
1719660,25.65573770491803,7.106606137727303,77.0
1719830,9.369444734915822,9.165656764349542,92.0
1719970,11.531007751937985,7.6324011266014535,87.0
1720280,25.309229305423408,8.056109659545061,73.0
1720380,19.545454545454547,7.1853870155804165,92.0
1720430,10.966981132075473,7.841492924460013,86.0
1720490,9.344790547798066,7.529406457837013,92.0
1720610,45.245653817082385,8.797095076549056,78.0
1720760,29.334763948497855,8.446770727119691,88.0
1721000,23.168746608790016,7.519149957669823,82.0
1721780,20.948110185778347,7.353081920515432,97.0
1721840,14.164742109314856,7.862497197230545,95.0
1721900,9.629366909026423,8.637462023807181,96.0
1722110,16.338259441707716,7.1049654482698426,86.0
1722500,15.63845050215208,7.2399325913204695,97.0
1722740,27.11667151585685,8.142354276849835,88.0
1722830,11.431938715380085,8.129764445794171,98.0
1722950,26.278836509528585,6.904750769961838,83.0
1723050,25.232403718459494,6.6240652277998935,80.0
1723070,10.253456221198157,8.845633256340186,97.0
1723200,11.748445058742226,7.277247726631484,95.0
1723350,14.599894011658716,8.235890725928495,95.0
1723880,13.018490754622688,8.294549515143679,95.0
1723920,12.901554404145076,7.5652752818989315,87.0
1724060,15.025575447570333,8.048149101665201,91.0
1724090,21.055103318722605,8.762176509334903,94.0
1724390,14.845024469820556,7.516977224604321,92.0
1724480,9.701492537313433,8.394347361417392,97.0
1724570,16.86046511627907,6.5337888379333435,92.0
1724600,19.41722537390407,8.263074835802596,79.0
1724750,11.092851273623666,7.104144092987527,92.0
1724940,7.570561857029808,8.240385115516334,96.0
1725000,28.264132066033017,7.6004023345004,87.0
1725050,20.28343666961913,8.127699852817772,96.0
1725320,19.48168007149241,7.71333788887187,95.0
1725650,19.680851063829788,6.335054251498059,87.0
1725690,9.206541490006057,7.409136443920128,95.0
1725770,15.811088295687886,6.881411303642535,97.0
1726180,29.268292682926827,6.016157159698354,77.0
1726340,13.241036563720272,7.943427767876373,93.0
1726400,20.068463842533163,8.855235623206967,91.0
1726550,11.761083743842365,7.392647520721623,95.0
1726640,7.0098576122672505,6.816735880594968,95.0
1726800,9.369898792033954,8.027150106832774,92.0
1726880,37.23481195756991,9.023528749909364,78.0
1727360,24.56597222222222,7.049254841255837,85.0
1727390,8.824833702882483,7.720905251936779,92.0
1727570,5.467196819085487,7.60688453121963,90.0
1727610,24.382716049382715,7.572502985020384,82.0
1727710,11.53395423425646,9.69356866855007,98.0
1728200,11.153455284552846,8.277920258172143,98.0
1728530,17.269340346263423,8.425735580927402,93.0
1728620,17.06671080946863,9.399472020698687,92.0
1728700,5.769230769230769,7.042286171939743,92.0
1729010,4.0820274714644995,8.550434525196039,97.0
1729220,17.268623024830703,7.4798641311650265,92.0
1729280,27.617917531889645,8.12296471523406,94.0
1729790,15.739983646770236,7.802209316247118,90.0
1729890,14.847161572052403,7.513163545234075,92.0
1730160,9.110169491525424,7.255591274253665,92.0
1730270,47.3617584440992,9.763017859764734,97.0
1730330,35.44018058690745,7.192182058713246,85.0
1730450,18.648556295916624,9.367856809851165,95.0
1731110,34.2668863261944,7.507141079727608,83.0
1731230,34.53706649697741,9.439227397917458,72.0
1731290,11.642857142857142,7.24422751560335,92.0
1731500,8.91089108910891,7.180069874302796,92.0
1731620,12.903225806451612,6.073044534100405,92.0
1731740,15.098226206370398,10.174087045006633,95.0
1731770,12.970004224757076,7.769378609513984,92.0
1731920,6.5442936951316835,7.133295954896068,92.0
1732220,23.183925811437405,6.472346294500901,95.0
1732580,13.790647994303344,8.345930261979017,97.0
1732700,24.763705103969755,6.270988431858299,92.0
1732910,2.8694404591104736,8.338544879988579,77.0
1733000,21.34988363072149,8.771059915373288,91.0
1733240,38.00786369593709,6.637258031284457,87.0
1733270,11.978021978021978,7.506591780070841,88.0
1733380,11.573747353563869,7.256297239690681,95.0
1733420,32.545577312626605,7.993619994827744,85.0
1733510,16.741405082212257,6.505784060128229,95.0
1733720,27.11267605633803,6.747586526829315,93.0
1734020,14.250462677359652,7.390798521735676,95.0
1734100,17.068134893324157,7.2813856635702825,92.0
1734230,15.211970074812967,7.38025578842646,92.0
1734290,13.782051282051285,6.841615476477592,93.0
1734320,6.993006993006993,7.7354333524996886,95.0
1734380,15.880503144654089,6.455198563340122,87.0
1734410,23.63238512035011,8.689632748355741,79.0
1734510,30.81638125885913,10.169805529234134,65.0
1734990,18.697049371896,8.831419819090131,89.0
1735010,19.426751592356688,7.5411524551363085,87.0
1735190,21.037463976945244,6.542471960506805,87.0
1735370,13.104448742746616,7.63433723562832,92.0
1735850,12.97539149888143,6.102558594613569,95.0
1736180,8.423180592991914,7.302496423727326,95.0
1737080,33.22274166792339,9.492658081928813,75.0
1737170,15.310668229777258,9.456809748593889,96.0
1737350,6.806862202545656,8.192570471152173,98.0
1737410,6.837606837606838,6.148468295917647,92.0
1738100,31.995412844036696,6.77078942390898,79.0
1738460,12.192513368983956,8.226840890408578,96.0
1738700,19.56345998383185,7.813591552952433,92.0
1738940,1.756511205330103,8.102283624480073,97.0
1738970,41.8089430894309,8.501063809486354,78.0
1739120,12.154031287605296,7.415776975415394,92.0
1739420,7.86598689002185,7.224753405767971,87.0
1739870,26.42986152919928,7.415175109613295,95.0
1739960,28.17073170731707,8.318742252692399,80.0
1740070,21.606749816581072,9.702350081484532,88.0
1740140,17.894012388162423,7.2813856635702825,87.0
1740440,14.883499762244412,7.6511201757027,95.0
1740470,13.214990138067062,7.327123292259293,77.0
1740800,11.080745341614907,8.300280189852664,94.0
1740980,15.988156920799408,7.208600337960199,91.0
1741070,8.284714119019837,7.852050207265889,92.0
1741190,9.568439407149084,8.431199478249262,88.0
1741250,16.58586374075019,9.659886159319521,72.0
1741580,25.547866205305652,7.458186157340487,77.0
1741690,8.463705790761473,10.202628718076802,96.0
1741980,11.7096018735363,7.155396301896734,95.0
1742180,11.325988745343585,9.442800389927742,94.0
1742310,17.523923444976077,8.114922974204593,87.0
1742480,5.215711526078557,7.347943823148687,95.0
1742630,11.313591495823845,7.183111701743281,92.0
1742790,7.274180655475619,7.1316985104669115,95.0
1743330,19.43093026684358,8.82217476094608,95.0
1743890,29.864077669902912,7.853604813097837,84.0
1743960,16.499589153656533,8.713582005421628,90.0
1800025,30.4029304029304,6.9957661563048505,82.0
1800030,3.13132676474558,8.910450756416656,96.0
1800052,46.21264767199444,7.271703706887368,95.0
1800058,8.816705336426914,6.759255270663693,95.0
1800098,39.87116836961351,8.412277021466677,51.0
1800112,64.44141689373298,6.598509028614515,67.0
1800118,17.97945205479452,7.0630481633881725,92.0
1800120,11.163734776725304,7.298445101508147,95.0
1800150,21.61161309435639,8.81744592104187,94.0
1800179,60.53639846743295,6.663132695990803,22.0
1800240,10.575745202123317,7.803435056952168,92.0
1800270,4.982090524259199,9.128370809108931,97.0
1800360,9.36007640878701,9.351579483668907,90.0
1800390,7.699316628701594,7.693937325509272,95.0
1800420,13.800424628450106,7.5411524551363085,92.0
1800450,22.20753469927297,8.014996894348302,90.0
1800480,5.516111414527581,7.5126175446745105,95.0
1800570,11.461491813220134,7.407924322559599,92.0
1800630,12.864121584946623,9.310547632393208,94.0
1800690,10.94238499330058,7.713784616598755,95.0
1800840,13.934627672646844,8.31115254800169,93.0
1800900,8.249496981891348,7.307202314764738,92.0
1800960,12.6067302862883,7.596392304064196,95.0
1801020,5.3950128175250525,9.05742226555147,98.0
1801050,8.91025641025641,7.352441100243583,95.0
1801200,4.32245922208281,9.676586952344206,97.0
1801440,5.273273273273273,9.027018314848645,95.0
1801560,7.636363636363637,7.562681246721884,95.0
1801590,7.579122709605775,8.189244525735901,88.0
1801890,9.973310858266611,8.870522545103873,91.0
1801920,15.636363636363637,7.226209010100671,95.0
1802040,4.84048404840484,7.505492274737424,95.0
1802280,7.220216606498195,8.188966863648876,95.0
1802400,13.68640850417616,8.569406062863171,89.0
1802440,18.80856760374833,7.309212365692763,92.0
1802460,12.361850184199756,7.8009820712577405,92.0
1802490,11.766090128250385,9.047703788498627,97.0
1802550,7.319013524264122,7.829630389150193,92.0
1802610,10.672736469398078,7.589335823170617,95.0
1802640,19.032967032967033,8.82834762005316,88.0
1802660,11.348314606741573,7.8898337513942955,92.0
1802800,11.805197040096369,8.667507952075105,93.0
1802830,4.127474378772989,8.871084263978354,97.0
1802850,12.985947276643758,9.184919994629272,89.0
1802880,31.55615696887686,8.214735833382303,69.0
1802970,10.34009873834339,8.201385955238608,94.0
1803000,17.6678445229682,7.254884810077338,92.0
1803030,5.400372439478584,7.384610383176974,95.0
1803120,12.71393643031785,7.112327444710911,95.0
1803150,6.781914893617021,7.315883504509785,95.0
1803270,22.577573208475517,9.441531454869693,90.0
1803450,7.762387282699637,9.976459164991951,81.0
1803480,8.677494199535962,7.675546002537848,87.0
1803510,17.739130434782606,8.146129510025405,91.0
1803630,13.48192443598804,10.28983779678461,87.0
1803660,14.212383702277831,8.044626279767337,87.0
1803690,10.381026438569208,8.545586265917455,94.0
1803700,11.984861227922623,7.774015077250727,95.0
1803750,8.581849388543231,9.140132476932687,98.0
1803840,7.078142695356739,7.476472381163905,95.0
1803870,40.88023698688109,8.460834457746854,84.0
1803930,7.022556390977444,8.8023721336499,85.0
1803940,18.62830572507992,9.24212969446559,95.0
1803960,2.955045583149953,8.064950891749143,95.0
1803990,11.494252873563218,7.5569505720129,95.0
1804050,7.149084568439407,8.431199478249262,93.0
1804080,7.872928176795579,7.683403681053826,95.0
1804110,7.925,8.294049640102028,94.0
1804140,5.640345056403451,7.317876198626496,95.0
1804170,5.6749087961086335,7.810758116529357,95.0
1804260,8.862876254180602,7.779885115070522,92.0
1804320,16.825212402875607,9.530320210727126,82.0
1804350,2.46804759806082,7.727094484779841,95.0
1804470,11.866316184754035,7.887208585813932,95.0
1804560,6.592386258124419,8.080546965824498,92.0
1804590,10.383309073265403,8.324093761450404,93.0
1804620,16.103739445114595,7.4133673356952405,82.0
1804710,9.490470633994557,8.545197387825835,95.0
1804770,24.311395725638455,10.16284730798332,77.0
1804980,18.491704374057317,8.106212902619962,87.0
1805190,15.455840455840455,8.345692873253865,94.0
1805280,12.934590453741896,8.129764445794171,95.0
1805340,11.391076115485564,7.552237287560802,95.0
1805370,16.710182767624023,8.720623711420426,92.0
1805400,12.359843546284225,8.945071894361302,81.0
1805450,9.4106463878327,9.155672970633875,93.0
1805460,7.720396452790819,7.558516743045645,95.0
1805520,11.19285338938518,7.551186867296149,92.0
1805550,16.091954022988507,8.021256180143997,91.0
1805580,11.121509904851038,8.765770543987257,91.0
1805670,14.31134760549437,9.690418086793393,92.0
1805700,12.900096993210475,7.631431664576906,92.0
1805790,8.886357163201367,8.163656176168432,93.0
1806030,12.655552946701103,8.356789669923213,97.0
1806090,11.165263624280016,7.721791776817535,95.0
1806120,14.814814814814811,7.90100705199242,85.0
1806270,12.554112554112551,7.388327859577107,95.0
1806390,21.660859465737513,8.144388865547622,96.0
1806510,12.100656455142232,8.42726848388825,93.0
1806570,23.88611573303753,8.595819511871428,84.0
1806600,11.641725352112676,8.421562960400987,90.0
1806660,4.0051679586563305,7.344719054149673,95.0
1806840,19.447453954496208,8.619388703730907,94.0
1806870,5.389221556886228,7.826044013518965,95.0
1806900,11.80163214061519,7.373374309910049,87.0
1807140,10.166780900159928,8.384118837190895,97.0
1807230,6.0641174198532255,7.859026979751538,95.0
1807260,7.266784008046266,8.28828304520769,96.0
1807290,8.72549019607843,7.620705086838262,92.0
1807320,21.11885404568331,8.549853973655786,93.0
1807350,2.1712311867752283,8.307212626628308,97.0
1807410,13.23093035433758,9.346443454968522,93.0
1807440,13.48704990524321,8.060224240440958,95.0
1807560,6.993243243243243,7.992944547318106,94.0
1807620,8.471849865951743,7.5310163320779155,92.0
1807650,6.711664606901797,9.260938424739274,97.0
1807680,10.626398210290828,7.488852955733459,95.0
1807770,14.3928035982009,7.601402334583733,92.0
1807860,19.54022988505747,8.491259809389733,85.0
1807900,8.390501319261213,7.546974117516527,95.0
1807920,12.445095168374817,7.2196420401307355,92.0
1807950,4.567143830947512,7.2909747781429814,95.0
1807980,11.21771217712177,7.2115567333138015,95.0
1808010,5.3853754940711465,7.6128310304073565,95.0
1808100,4.889589905362776,7.550661243105336,95.0
1808220,5.387596899224807,7.855544677915663,95.0
1808250,4.037061548643282,8.92996487470684,97.0
1808310,9.671052631578949,7.326465613840322,95.0
1808340,6.805074971164937,7.458186157340487,92.0
1808760,5.902394106813996,9.292841593487926,96.0
1808820,10.763825791992248,9.711660965727868,95.0
1808850,12.3998114097124,7.659642954564682,95.0
1808900,9.604829857299672,7.507690077819904,92.0
1808910,10.615767930236697,9.327056171672144,93.0
1808970,5.873633500092644,8.593598522618644,92.0
1809000,5.754828537642885,7.838737559599282,99.0
1809060,11.670416197975252,8.176391596633795,91.0
1809120,9.96329313057158,7.553286605600419,92.0
1809150,14.484824801354696,8.945984124827898,94.0
1809180,10.768175582990398,7.284820912568604,95.0
1809370,8.387776606954688,8.464846711044029,94.0
1809420,6.461352657004831,7.412160334945205,95.0
1809480,7.895664434261544,7.950502434808851,92.0
1809510,19.5691564324542,8.51057131510735,97.0
1809630,11.404011461318053,7.4645098346365275,92.0
1809690,8.88229784576959,8.764990330169104,88.0
1809750,13.84180790960452,7.66105638236183,95.0
1809810,13.6986301369863,7.5485559791698735,92.0
1810020,9.248773121932803,7.88193748927207,87.0
1810080,13.68312757201646,8.48879371689454,93.0
1810140,9.486166007905137,8.305978210967302,95.0
1810290,29.81792798557385,9.752141270041493,80.0
1810350,5.806451612903226,7.608374474380783,95.0
1810360,11.70622193713919,8.044947049617722,93.0
1810440,5.720053835800807,8.402455513945814,95.0
1810450,12.247324613555293,7.427738840532894,95.0
1810590,16.35820895522388,7.423568444259167,92.0
1810650,5.822761280728658,9.976691544794544,97.0
1810680,8.708938120702827,7.1770187659099,95.0
1810710,8.017452958821925,8.207129168071326,96.0
1810860,13.305978898007034,7.441906728051625,95.0
1810870,7.0267131242741,7.451241684987676,92.0
1810920,8.880516684607104,7.527255919373784,95.0
1810950,9.80544747081712,7.851661177889265,92.0
1811100,19.201451905626136,7.9211727215870145,88.0
1811190,9.006867406233491,8.239065331769268,96.0
1811250,19.78277734678045,7.161622002939187,92.0
1811340,6.5836164590411475,9.49137540170617,96.0
1811370,10.878885316184352,7.531552381407289,95.0
1811400,10.493046776232616,7.366445148327599,92.0
1811460,9.173754556500608,8.09925056179696,98.0
1811580,6.467661691542288,7.788211557847076,92.0
1811610,5.039034776437189,7.25063551189868,92.0
1811700,5.914718019257221,7.282073658093465,95.0
1811970,6.581009088060169,8.76123680683819,92.0
1812090,17.89081044421838,9.598659321249377,84.0
1812120,12.122328666175388,7.906178840394815,95.0
1812150,7.472384665367121,7.338888133838879,95.0
1812180,11.075367647058822,7.685243607975833,85.0
1812240,7.575757575757576,7.996317231796746,95.0
1812360,19.94663108739159,9.391995039782433,82.0
1812390,7.8955121280565645,9.228474942171665,90.0
1812420,15.380184331797231,8.845633256340186,94.0
1812450,16.60872923908845,7.859026979751538,92.0
1812720,10.962424672102092,9.331141072121888,89.0
1812810,18.060777907908527,9.694185267410399,80.0
1812870,6.4,7.772752716468742,95.0
1812880,10.328185328185327,8.041734711487537,94.0
1812900,14.959966287399917,7.771910256435763,82.0
1812990,5.408583186360964,7.438971592395862,95.0
1813080,4.489692677374478,8.975503722070927,96.0
1813110,6.887298747763864,7.71244383427499,95.0
1813230,10.612535612535613,7.247080584585756,82.0
1903150,6.453333333333333,7.536363938404511,95.0
1903360,6.482106684672519,7.300472814267799,92.0
1903540,9.814495254529769,8.441607204459642,98.0
1903690,6.510951403148528,9.366317953430535,96.0
1903930,10.687022900763358,7.273092595999522,95.0
1904200,5.855072463768115,7.45298232946546,95.0
1904830,9.723116548615582,7.347943823148687,87.0
1904860,9.769865392965697,8.43511508038063,94.0
1905070,6.509695290858726,7.680637427560936,95.0
1905130,7.90929203539823,7.4999765409521215,92.0
1905790,20.619910690832675,8.244596756382498,79.0
1906270,9.521640091116174,7.693937325509272,92.0
1906330,6.755260243632337,7.498869733976931,95.0
1906510,7.815373299006987,8.601166625192416,97.0
1906540,13.844579546138569,9.71794080038648,84.0
1906660,7.147335423197493,7.374629015218945,92.0
1906810,10.1364522417154,7.338888133838879,92.0
1907080,12.352941176470589,7.333023014386481,95.0
1907590,8.024439918533604,7.805882040228621,95.0
1907620,6.198034769463341,7.187657164114956,92.0
1907710,14.458161865569272,8.201111644442758,80.0
1907860,9.93539374890868,8.652947112393857,92.0
1908220,11.791208791208792,9.116029692504942,87.0
1908310,9.38375350140056,7.2640301428995295,92.0
1908520,9.43217665615142,8.061486866871327,95.0
1908580,18.821692798479603,9.597845154707354,82.0
1908730,5.654761904761905,7.426549072397305,95.0
1908910,9.853068280034574,7.746732907753622,87.0
1908970,10.712404325865329,10.381924273100115,81.0
1909480,10.162755488266464,9.26558584620216,89.0
1911340,11.43730886850153,7.399398083331354,87.0
1911820,14.068825910931174,8.281977058867758,85.0
1911850,10.268817204301076,7.528331766707247,87.0
1912510,3.974358974358974,7.352441100243583,95.0
1912690,8.135109419600381,7.650644551436897,92.0
1913200,13.274336283185844,7.43543801981455,92.0
1913500,7.936507936507936,7.362010551259734,95.0
1914370,3.4746351633078527,7.271703706887368,92.0
1914580,9.598853868194842,7.241366283322318,92.0
1914640,17.94166208035223,8.198089248956116,97.0
1914700,12.13242997834742,9.569202921360327,91.0
1914730,7.466243050039714,7.138073034044347,92.0
1915210,9.722222222222223,7.16703787691222,82.0
1915450,5.755001370238421,8.895355616996392,96.0
1915630,11.407064273306313,7.454141078146678,87.0
1915840,10.748792270531402,7.412160334945205,95.0
1916530,8.045977011494253,7.684783943522785,95.0
1916680,5.95959595959596,7.996317231796746,92.0
1917220,8.742879851635978,8.929170383139624,93.0
1918510,9.110473457675754,7.2399325913204695,92.0
1918690,11.719106247150023,7.693025748417888,95.0
1918720,18.48461238800156,8.543640361431086,88.0
1918780,12.011464304325168,8.252706676567644,89.0
1919890,11.228255139694255,7.5480289699350145,92.0
1920130,17.986933442221314,8.496582237512113,84.0
1920250,6.713109563014566,7.364547014255642,95.0
1920610,11.9281045751634,8.026170194946426,93.0
1920910,4.946599213041035,7.483806687665835,95.0
1920940,6.298721546616775,8.073091199693154,95.0
1921240,6.438356164383562,7.979338895262328,97.0
1921870,9.291628334866605,7.684324067681155,87.0
1922110,12.727702862550272,8.34924780056679,91.0
1922470,4.995904995904995,7.80057265467065,95.0
1922530,12.690951821386603,7.43955930913332,95.0
1923110,3.855619360131255,8.492080490601163,98.0
1925320,11.892296185489904,7.198183577101943,92.0
1925590,6.493506493506493,7.388327859577107,95.0
1926400,11.808092160719305,9.563529246630083,86.0
1926580,1.73217854763491,7.313886831633462,95.0
1926730,11.741935483870968,7.346010209913293,95.0
1926820,7.772020725388601,8.87360810154911,95.0
1926910,11.538461538461538,7.627544390488503,92.0
1927000,9.501557632398754,7.157735484249907,92.0
1927390,11.500815660685156,7.804659297056102,67.0
1928680,6.66347075743049,8.336150816120663,94.0
1929310,9.536423841059603,7.31986492980897,92.0
1930240,10.325786858089453,7.501634457883413,87.0
1930480,18.159761104889885,9.2794932306645,84.0
1930510,8.194204567261561,9.25167423546916,99.0
1930540,5.635103926096998,7.68017564043659,92.0
1930630,8.893034825870647,7.382746449738912,92.0
1930900,11.250873515024455,7.266128779556451,95.0
1930930,8.480017712830731,9.108639817149843,93.0
1930990,12.300208478109798,7.271703706887368,95.0
1931350,5.502461627570229,8.146998697389993,98.0
1931680,5.569837189374464,7.062191632286556,95.0
1931860,4.721274175199089,7.471932078245122,95.0
2000003,12.530864197530864,7.3901814282264295,92.0
2000015,16.122098022355978,7.75190533307861,82.0
2003180,11.744738628649015,7.29505641646263,87.0
2003200,9.665192672141504,8.753371421000903,94.0
2003300,10.84848484848485,7.408530566894626,95.0
2003360,7.435508345978755,8.687948111838727,85.0
2003450,18.06167400881057,7.989899374942939,82.0
2003540,22.586307782328845,7.443663683115591,82.0
2003630,16.49058337161231,7.685703061234547,87.0
2003720,12.719606465214335,7.260522598089852,87.0
2003780,9.637625289128758,7.860956364876389,85.0
2004050,16.374714394516374,7.873217054862741,87.0
2004200,8.042553191489361,7.762170607138205,92.0
2004590,16.555183946488295,7.492203042618741,95.0
2004890,8.177044261065266,7.195187320178709,87.0
2004980,14.950339780449555,7.556427969440253,82.0
2005460,20.617388841687905,8.862483576488332,90.0
2005490,5.766729296141061,8.842026529498812,98.0
2005580,13.33710087595366,8.864746660905409,91.0
2005730,18.463886063072227,7.583756300707112,92.0
2005790,14.014839241549875,7.10085190894405,82.0
2005940,24.11567877629063,8.339023005744759,91.0
2006090,9.183064997018484,7.424761761823209,92.0
2006180,16.193029490616624,7.5310163320779155,87.0
2006390,16.92524682651622,8.866440619526173,81.0
2006420,12.48344370860927,8.706159290928861,94.0
2006540,11.091170136396268,8.625509334899697,92.0
2006660,24.647887323943664,7.951559331155252,83.0
2007020,10.230917254650416,8.044947049617722,88.0
2007050,23.35467805051583,8.634442751466477,91.0
2007590,7.90273556231003,6.489204931325317,87.0
2007620,21.39194139194139,8.31752199628717,84.0
2007650,16.608652411735456,7.606387389772652,87.0
2007740,21.786310517529213,7.088408778675395,82.0
2007890,13.7405647190383,8.875426919818963,86.0
2007950,23.757138844677463,9.969368921649641,74.0
2008340,16.57186196435343,7.877397186353287,96.0
2008400,12.582781456953644,9.373988663504516,82.0
2008430,22.85487288135593,8.236420527265391,88.0
2008730,18.72,8.517193191416238,82.0
2008970,10.865671641791044,7.423568444259167,92.0
2009140,10.535307517084282,8.857088135314953,93.0
2009180,17.275898680418624,8.7937637591133,83.0
2009390,11.98547215496368,7.815207062189088,87.0
2009840,13.768115942028986,7.492203042618741,95.0
2009960,15.522020326455188,8.085486772102845,85.0
2010140,3.2139931576157665,9.94044609352166,94.0
2010500,12.17434869739479,7.59890045687141,92.0
2010680,8.118393234672304,7.768533300926033,92.0
2010710,24.385572933290774,8.049746290952191,90.0
2011080,7.376623376623377,7.562681246721884,95.0
2011250,10.673443456162644,7.3613754289773485,92.0
2011370,15.914451957855007,8.757626411267408,88.0
2011490,13.304502671076063,8.27664912542186,93.0
2011640,16.92619926199262,10.207289006867793,90.0
2011850,15.040927694406548,7.983440063006542,56.0
2012000,7.95566282291946,10.015654849406875,97.0
2012180,10.229584423132811,8.14351740579748,94.0
2012210,12.210200927357032,7.57095858316901,95.0
2012260,23.03238095238095,9.482274087459825,82.0
2012300,10.450928381962864,7.541683099882111,87.0
2012360,24.326275264677573,8.332308352219117,76.0
2012420,16.756756756756758,7.417580402414544,82.0
2012510,10.444743935309972,7.995643604287271,90.0
2012840,10.435339308578746,7.3537223303996315,95.0
2012990,23.403215957663345,10.802225125162694,74.0
2013050,16.997167138810198,7.658227526161352,87.0
2100030,17.206703910614525,7.895436006942965,95.0
2100070,17.43622860833064,8.038189179973203,92.0
2100081,22.219877611310405,8.463581421967588,89.0
2100120,19.08335566872152,8.224431573221159,95.0
2100150,19.136781973976515,8.055475141757274,92.0
2100270,18.34271922767498,7.818430272070656,92.0
2100300,16.630021986807915,8.517793011488205,91.0
2100330,26.408450704225352,7.59488438721652,92.0
2100360,3.854545454545454,7.226209010100671,95.0
2100390,28.653500897666067,7.932003152361385,95.0
2100510,10.59349074664965,9.921867599817558,94.0
2100540,15.97918989223337,7.897668150726906,89.0
2100570,10.195331110052406,8.342363500380579,90.0
2100620,19.369973190348524,8.001019961323651,94.0
2100630,9.71051667277391,7.911690520708339,99.0
2100690,24.92096944151739,7.5485559791698735,92.0
2100720,23.67417677642981,7.9672801789422,93.0
2100750,14.630467571644044,9.492507263739853,89.0
2100810,18.400726942298956,7.696667081526462,92.0
2100840,11.857707509881422,7.6128310304073565,95.0
2100870,10.819327731092438,7.957177323459475,97.0
2100900,10.030211480362537,8.510168576479273,97.0
2100990,20.4521556256572,7.550661243105336,92.0
2101020,23.943661971830984,8.373553741214627,99.0
2101050,12.091222030981069,7.751045117971802,95.0
2101150,16.22787108488425,9.083869707922235,91.0
2101200,20.663708277059616,8.553139318189707,98.0
2101230,37.03363914373089,8.0925452638913,83.0
2101260,21.9435736677116,7.5569505720129,95.0
2101320,18.076398362892224,7.983440063006542,96.0
2101350,14.266192948893138,8.204945165019208,82.0
2101440,17.531120331950206,7.564238475170491,95.0
2101470,14.648920740551146,9.36913738372318,94.0
2101620,18.833415719228867,7.612336837167746,92.0
2101650,12.68595041322314,7.791522819150732,95.0
2101740,15.88375796178344,7.828834527588089,92.0
2101760,21.706118803037068,7.713784616598755,92.0
2101860,16.57732058340578,10.631325972886003,87.0
2101920,12.151567944250871,7.738923757439457,95.0
2101950,18.91165602955996,8.691818541575723,97.0
2102010,16.11589663273297,8.76170676846664,90.0
2102040,3.7723785166240407,8.048149101665201,96.0
2102130,15.763846622032869,7.404279118037268,92.0
2102160,15.918367346938776,7.899153483343097,87.0
2102220,16.930990141448778,7.75491027202143,92.0
2102250,15.262321144674084,8.235890725928495,89.0
2102280,7.570831398049234,8.367764677924308,92.0
2102300,19.468822170900697,8.373322820996535,93.0
2102340,16.134858518964478,7.415175109613295,92.0
2102400,17.963224893917964,7.947325027016463,95.0
2102460,11.64991129509166,7.43307534889858,95.0
2102490,16.415609892804596,9.566124919629768,91.0
2102540,40.5727318803852,8.28045768658256,96.0
2102580,16.267123287671232,7.979338895262328,95.0
2102640,19.341216216216218,7.769800996003896,95.0
2102710,18.14316087880935,8.861491864286915,88.0
2102760,14.830710538865045,7.64826303090192,95.0
2102860,14.149515738498788,8.796036315200814,89.0
2102940,28.29509671614935,7.706612913964197,87.0
2102990,22.710433714798725,11.4815070346918,82.0
2103030,15.047322391278303,9.029657471850737,94.0
2103060,24.326647564469912,8.157657015196472,95.0
2103090,9.601222731693762,9.57456673206775,94.0
2103120,38.333333333333336,7.757906208351747,95.0
2103150,33.86950611690077,8.392536586816682,88.0
2103180,13.564273789649416,7.78155595923534,95.0
2103210,26.221357544314746,9.13259502335133,87.0
2103240,21.34570765661253,7.857867559331803,95.0
2103330,23.937761819269895,7.421177528595393,95.0
2103360,31.628056628056623,8.041734711487537,95.0
2103390,20.52537845057881,7.716906135298388,95.0
2103480,16.149542217700915,8.276903481267057,93.0
2103540,13.217439293598234,8.19533366716287,91.0
2103720,18.71275327771156,9.371268036082466,94.0
2103750,37.22943722943723,7.639642287858013,92.0
2103780,17.03499079189687,8.08886878916199,95.0
2103810,14.573804573804576,8.478452363099807,95.0
2103840,21.49532710280374,7.506042178518122,92.0
2103870,19.05101676774884,7.938445551164788,94.0
2103900,12.459893048128343,7.533693709848633,95.0
2103960,11.942201444963876,8.862058677395472,93.0
2103990,22.593534326189612,7.920446505142607,95.0
2104020,17.920209287115764,7.332369205929062,92.0
2104050,14.394546912590217,8.514790306799927,93.0
2104110,10.942997888810696,7.952263308657046,97.0
2104140,18.723143032535297,7.395721608602045,87.0
2104200,15.640064274236742,7.532088143541722,95.0
2104250,22.483660130718956,8.431635303054591,91.0
2104290,28.70837537840565,7.591861714889934,92.0
2104380,6.945298094652736,7.394493107219038,95.0
2104410,18.074519787086324,8.371242135931933,94.0
2104500,21.01734104046243,8.37216741936598,95.0
2104530,8.18086564036431,9.426016108442871,96.0
2104560,16.2839248434238,7.557994958530806,92.0
2104590,19.703610937173867,8.474494436883122,84.0
2104650,15.427769985974754,7.955775781534187,81.0
2104740,15.989953955629971,7.77863014732581,95.0
2104770,24.98759305210918,8.301521654940728,93.0
2104800,18.43161094224924,9.014933575633572,96.0
2104890,30.029523407844792,7.771067086065406,92.0
2104950,16.43420254699818,9.0173622349937,98.0
2105070,24.89539748953975,7.961370201719511,95.0
2105100,21.41057934508816,8.063377822367027,94.0
2105130,8.340688437775816,7.725771441587952,95.0
2105160,13.743160605085292,8.041412909393047,97.0
2105260,12.423940701405025,9.109303827798412,93.0
2105320,10.700190030697266,8.830689198760998,93.0
2105400,20.15994668443852,8.006700845440367,95.0
2105430,19.792935444579783,7.403670290012373,92.0
2105490,13.81491344873502,8.007700012884026,96.0
2105520,13.31096196868009,7.894318063841624,95.0
2105550,14.285714285714285,7.601901959875166,92.0
2105580,14.836223506743735,7.638198244285779,92.0
2105640,17.159476490547746,7.631916513071252,92.0
2105700,7.22189866045428,7.448333860897476,95.0
2105730,11.315705638738452,9.661097469276054,98.0
2105760,17.024985473561884,7.450660796211539,95.0
2105790,23.019338739862757,8.072779333169498,94.0
2105820,15.478260869565217,7.7406644019172415,82.0
2105880,23.16358720144209,8.39795910349254,97.0
2106000,13.07237813884786,8.30943074214033,97.0
2200022,3.798342541436464,7.277938572945661,95.0
2200030,20.935434672089475,9.19370273082316,93.0
2200039,5.559743686392763,8.576593534697684,93.0
2200040,23.196605374823196,7.254177846456518,72.0
2200047,22.857142857142858,5.634789603169249,5.0
2200060,12.037892791127542,8.372860820526318,95.0
2200090,9.206134415877312,10.006495302610357,88.0
2200120,14.847534910230836,8.163086375583216,94.0
2200125,9.20511154429283,8.43750042250699,85.0
2200148,5.739130434782608,6.354370040797351,95.0
2200150,22.44138444361742,8.589327789175437,85.0
2200156,14.568345323741008,6.320768294250582,82.0
2200157,0.0843170320404721,7.771488760117616,40.0
2200160,15.98951507208388,6.637258031284457,95.0
2200180,15.15953050090924,8.707648248106914,94.0
2200197,36.247723132969035,6.3080984415095305,87.0
2200207,48.482220294882914,7.050122520269059,79.0
2200210,14.15968239964711,7.726212650507529,92.0
2200233,4.814233385661957,7.555381944240273,37.0
2200237,16.63716814159292,6.336825731146441,92.0
2200238,8.791208791208792,6.12029741895095,52.0
2200240,22.103213242453748,7.627544390488503,72.0
2200261,10.22364217252396,6.439350371100098,82.0
2200265,56.61310259579728,6.695798917058491,72.0
2200270,16.287811781355032,10.026236017795181,86.0
2200281,20.464135021097047,6.161207321695077,92.0
2200291,26.899128268991284,6.688354713946762,92.0
2200294,22.021660649819495,7.010311867307229,98.0
2200297,3.0079455164585696,7.474204806496124,95.0
2200299,2.9866117404737382,6.878326468291325,95.0
2200300,16.166134185303516,10.574516927842454,81.0
2200330,15.480698753970191,10.39647501817224,88.0
2200360,18.896103896103895,7.3395376954076745,95.0
2200480,18.01589637915808,8.130647968160584,80.0
2200510,12.466487935656836,8.560635749259074,93.0
2200540,17.980970409484907,10.60032790493369,72.0
2200600,17.203742203742202,7.562161631225652,82.0
2200630,22.353337828725557,8.688116703257823,81.0
2200660,36.4721057723315,8.03947991910045,82.0
2200690,19.039735099337747,8.013012110368916,83.0
2200720,13.788375104745942,9.482426456803408,86.0
2200750,12.14070351758794,8.512180649592693,94.0
2200780,23.902439024390244,7.720905251936779,87.0
2200810,17.222874392084524,8.693328989123106,98.0
2200840,18.209679741654153,10.791728542963526,73.0
2200870,14.145551848303656,10.317945437479338,77.0
2200900,16.09863246652023,9.554851637414007,96.0
2200960,18.641509433962263,7.882314918980268,95.0
2200990,11.643330876934414,8.59932602095476,98.0
2201020,13.07026850567208,10.106673264509391,87.0
2201080,14.28390528048626,8.97423821949758,90.0
2201110,20.031015766347892,8.260751354700513,72.0
2201140,16.63708245925448,8.731820582962108,86.0
2201170,13.48314606741573,8.49596955496461,79.0
2201200,13.227186066883084,9.873389104712095,87.0
2201230,8.506571087216248,8.339261982923576,93.0
2201260,26.89135891000359,7.933438387627489,72.0
2201290,16.135790328787035,10.060021105350893,82.0
2201350,16.874135546334717,7.969703583278656,82.0
2201380,15.585585585585584,8.39840965542627,95.0
2201410,13.762299326773691,8.952087643548404,95.0
2201440,5.921895006402049,9.145481799627687,86.0
2201500,9.093264248704664,8.258422462458876,85.0
2201530,14.38655462184874,8.691146498539675,81.0
2201560,15.500475250420417,9.523470868881551,74.0
2201590,15.359761401764631,8.993054630146133,82.0
2201620,14.704172962919912,9.059866258621348,95.0
2201650,11.399436678489463,10.554353340839468,84.0
2201680,23.837478757917506,9.874007247213619,76.0
2201740,18.041035388829876,9.791829470993246,90.0
2201770,19.57467375543741,7.634820677745543,87.0
2201800,13.580246913580249,9.181940897454485,95.0
2201830,16.73409755001124,9.093581811365986,94.0
2201860,15.467625899280575,8.572060092857077,84.0
2201890,20.768862657521137,8.743372131273969,84.0
2201920,10.086602139582272,8.275376374836407,83.0
2201980,10.604085180356366,7.741099090035366,92.0
2202010,22.40846934274371,7.726212650507529,87.0
2300053,13.314037626628076,6.53813982376767,95.0
2302610,22.053445850914205,8.176110342237342,78.0
2302640,23.11536859641816,7.783640596221253,77.0
2302820,20.32608695652174,8.210668031162976,85.0
2303150,26.464563703400245,7.80016307039296,87.0
2303510,19.49352179034158,7.437206366871292,87.0
2303780,12.383375742154367,7.765569081097317,92.0
2303930,5.240174672489083,7.3796321526095525,95.0
2305500,20.867614061331334,7.198183577101943,87.0
2305670,6.996668253212755,7.650168700845001,95.0
2306060,6.791483113069016,7.909856667269403,94.0
2306510,12.967382657120128,7.136483208590247,92.0
2307320,21.560309848764295,8.598220030058611,64.0
2308500,22.407407407407405,6.29156913955832,87.0
2309930,17.248551478235033,8.814479000010714,87.0
2310500,19.72054620514449,8.054840221101024,82.0
2310530,9.044368600682594,7.982757702011113,96.0
2310590,11.262798634812286,7.62608275807238,87.0
2310710,13.65015166835187,7.589841512182657,87.0
2310770,17.028885832187072,8.19836438996762,78.0
2310860,19.503750721292555,7.457609289715606,87.0
2311370,11.940946591402518,7.741967899820685,92.0
2311520,25.83081570996979,7.188412736496954,87.0
2311550,21.934089681253376,7.523481312573497,87.0
2311790,8.469330332020258,8.175829008714597,85.0
2312330,14.376996805111824,8.048788283534199,88.0
2313350,27.908277404921694,7.488852955733459,82.0
2313490,11.940298507462686,7.149131598557407,95.0
2313560,19.951923076923077,7.822444729489319,82.0
2313860,19.035532994923855,7.074963197966044,87.0
2314100,8.184615384615384,7.393263094763838,95.0
2314130,9.718228867165038,7.461065514354283,95.0
2314160,13.419023136246786,7.573017256052546,87.0
2314210,18.96551724137931,7.526178913346146,87.0
2314240,8.174253548702888,7.622174594817622,95.0
2314330,20.912178554099953,7.630946580890459,87.0
2314590,21.405094494658996,7.797291273547472,82.0
2314670,12.96849087893864,8.011355109161286,89.0
2314700,12.565616797900262,8.022240916806537,85.0
2314768,10.063643595863166,7.829630389150193,87.0
2314772,18.84595023822128,7.543802867501509,82.0
2314773,9.662248824283882,7.757478766584179,95.0
2314775,14.596821659799884,7.4377951216719325,87.0
2314776,17.0767004341534,7.636752112435779,87.0
2314779,14.656144306651631,7.886457270977689,92.0
2314782,20.724729815638906,7.360739903058278,82.0
2314783,15.593220338983052,7.29641326877392,77.0
2314785,23.06930693069307,7.61085279039525,92.0
2314787,23.130544993662863,7.363913501405819,72.0
2314789,9.558067831449128,7.57353126274595,95.0
2314793,11.107554417413573,8.046869510959576,88.0
2314795,24.59292532285233,7.484930283289661,82.0
2314809,18.575063613231553,7.765569081097317,87.0
2314815,10.620574760516453,7.783640596221253,87.0
2314822,23.76046361880232,7.347943823148687,82.0
2400030,20.243337195828506,9.062999784077473,90.0
2400060,18.201030927835053,11.25932270617131,89.0
2400090,42.832321878451665,11.296968527970375,72.0
2400120,21.799846212315387,11.636407784366716,89.0
2400150,12.043267719011382,9.674137279312397,94.0
2400180,18.59218263576617,8.662504922576291,89.0
2400210,12.151047844998022,10.13816433966401,96.0
2400240,26.6304347826087,9.633776365405584,91.0
2400270,14.718294217812986,10.20411052912071,93.0
2400300,26.08604407135362,8.469052816088302,82.0
2400330,12.773584009875137,10.648420406245304,92.0
2400360,14.712824547600317,8.246171559857563,90.0
2400390,15.449973530968766,10.5395351410555,89.0
2400420,11.229682849948052,10.947062705274329,92.0
2400450,20.952380952380953,7.598399329323964,92.0
2400480,18.34079471425484,11.995012050396413,88.0
2400510,22.87686033947928,11.873776676152373,78.0
2400540,14.77053605861936,8.959183074206774,96.0
2400570,25.01713502398903,7.978653729082731,87.0
2400600,18.593583785902247,9.790374843904484,95.0
2400630,15.884631941455016,8.443761913330354,94.0
2400660,17.39111130844026,10.022292288301378,93.0
2400690,23.014174913078364,9.612867836097005,83.0
2400720,19.38238223993169,8.857515151192198,93.0
2500001,12.753751103265667,7.725771441587952,82.0
2500013,9.736842105263158,7.326465613840322,92.0
2500028,9.021601016518424,7.3613754289773485,95.0
2500058,30.88235294117647,6.0112671744041615,95.0
2500067,5.329593267882188,7.262628600974241,95.0
2500082,13.904607922392886,7.1204443723924875,87.0
2500085,5.284552845528456,6.891625897052253,95.0
2500541,11.177644710578845,6.90975328164481,95.0
2500544,12.095032397408207,7.524021415206125,87.0
2500554,16.884057971014492,7.22983877815125,99.0
2500556,51.64698570540709,7.3833681469923835,31.0
2501650,10.974358974358974,7.575584651557793,92.0
2501710,5.6940149172275785,8.61195776786066,96.0
2501800,9.6617050067659,8.214735833382303,93.0
2501860,14.857941313460644,7.671826797878781,82.0
2501920,16.542473919523097,7.201916317531627,91.0
2501950,7.371849819989714,8.671286726753637,94.0
2501980,8.469460227272728,8.636219897837877,93.0
2502040,4.6300124018189335,7.791109510610028,95.0
2502100,6.514285714285714,7.872836175025724,95.0
2502110,12.398921832884096,7.014814351275545,95.0
2502160,25.16297262059974,7.335633981927201,77.0
2502190,12.746454514008992,8.662504922576291,91.0
2502220,7.23583460949464,7.867871490396322,92.0
2502310,15.05489864864865,8.462948176563842,88.0
2502400,6.195693237627503,7.881182202227102,95.0
2502430,9.814894532931554,7.750614732770409,92.0
2502460,12.83471837488458,7.680637427560936,87.0
2502490,4.11495754408883,8.432288684325794,98.0
2502530,25.218774860779636,7.136483208590247,92.0
2502640,11.861354940355616,8.399085102935908,88.0
2502670,7.724166494098157,8.482394685873542,87.0
2502710,4.6568627450980395,7.1098794630722715,99.0
2502715,9.404761904761903,7.426549072397305,87.0
2502740,6.0889929742388755,6.74993119378857,98.0
2502790,24.719142374623686,10.905515516688848,75.0
2502820,10.947795235681705,7.587310506022615,92.0
2502940,8.031634446397188,8.646465527120377,93.0
2503030,7.516650808753568,8.566935283311052,94.0
2503070,0.6578947368421052,6.1224928095143865,95.0
2503080,6.964006259780908,7.15305163493748,95.0
2503090,23.640129134433817,9.706072662294519,74.0
2503150,7.700380427653155,8.938925271988273,93.0
2503240,7.1288789488398105,8.182279739259018,95.0
2503270,16.194331983805668,8.84159284680318,88.0
2503300,6.585518102372035,8.07215530818825,98.0
2503310,15.059221658206429,6.3818160174060985,92.0
2503360,9.695817490494296,7.363913501405819,92.0
2503390,9.669369931378665,7.3796321526095525,92.0
2503510,6.565136859436098,8.488587934405903,93.0
2503540,22.88242730720607,8.75273950944749,59.0
2503660,18.180574555403556,8.896998552743824,81.0
2503750,13.82808328884143,7.5352967024440884,87.0
2503870,9.433962264150944,7.148345743900068,98.0
2503990,10.774119006354708,8.149601735736155,92.0
2504020,6.260296540362438,8.200288260287554,93.0
2504050,12.967863894139883,7.8804263442924,87.0
2504140,18.443997317236754,8.000349495324684,82.0
2504200,8.413461538461538,7.976595409316577,91.0
2504290,3.942953020134228,7.083387847625295,95.0
2504320,12.420212765957448,8.23217423638394,89.0
2504360,6.419554123019071,8.222285073872717,91.0
2504410,5.152979066022544,8.040768994367578,96.0
2504440,13.414634146341465,7.738923757439457,95.0
2504500,7.572889057175312,7.878912912297133,98.0
2504560,16.92913385826772,7.329093736246592,90.0
2504590,11.543367346938776,7.357556200910353,87.0
2504620,6.437768240343347,8.223627175805483,96.0
2504770,19.82558139534884,8.836373930927389,79.0
2504800,9.224011713030746,7.6251071482389,92.0
2504830,27.266267384021926,9.19532825185568,71.0
2504860,13.702278780704347,8.12533508671429,84.0
2504890,27.40312965722802,8.588210678651517,76.0
2504950,7.079646017699115,7.8628820346414905,95.0
2504980,13.903363334912363,9.041211408968211,82.0
2505010,7.310053722179585,8.558718938244736,97.0
2505020,21.308016877637133,6.161207321695077,92.0
2505070,8.022719204827832,7.943427767876373,92.0
2505130,22.487223168654175,7.761319180947987,82.0
2505220,9.227306826706675,7.195187320178709,95.0
2505280,15.802645691812655,7.936302693201959,86.0
2505370,7.293606455617629,8.07775756373692,95.0
2505470,11.133200795228628,7.319202458767849,94.0
2505480,13.777161349976886,7.679251425953058,93.0
2505485,8.732999284180387,7.242082359256962,98.0
2505500,4.242681374628765,7.7651449029361315,98.0
2505670,5.233539673607203,7.482681828154651,92.0
2505730,7.115749525616698,8.058960017769417,96.0
2505740,19.246861924686193,6.57507584059962,92.0
2505790,5.663189269746647,7.895063498091573,95.0
2505880,9.315068493150685,6.9985096422506015,95.0
2505970,23.86062717770035,8.878358040627822,81.0
2506090,4.634540004611483,8.374938143835367,99.0
2506240,5.429553264604811,7.975908360165538,95.0
2506270,26.92598187311178,8.574707097616844,72.0
2506330,5.257110025854639,8.15507488781144,98.0
2506390,11.436170212765957,7.875499292445208,87.0
2506480,5.611972207375735,7.534228326274089,92.0
2506510,10.142087212150908,7.621195162809845,95.0
2506660,22.643970926259552,9.68638819820623,72.0
2506720,10.03154574132492,7.368339686311381,95.0
2506780,15.738375063873274,8.677780256064185,87.0
2506840,3.0315500685871055,8.894258825002703,96.0
2506930,4.042956411876184,7.367077059881012,97.0
2506960,5.652435357787132,7.416378479192928,95.0
2506990,5.21557719054242,7.964155718840937,96.0
2507020,16.304798783017564,9.579279798734897,80.0
2507050,10.316265060240964,7.884576510596324,90.0
2507110,20.277329893582717,9.648917831534549,74.0
2507140,3.935926773455378,7.68937110752969,95.0
2507170,16.208835341365464,8.736328721332908,80.0
2507230,7.463479415670651,8.233503140233994,94.0
2507260,7.045895281189399,8.037220031133012,97.0
2507320,15.743905217589427,8.386856689688234,79.0
2507350,4.776689754000478,8.339739766019143,97.0
2507380,23.79471228615863,6.466144724237619,92.0
2507410,7.6923076923076925,7.492203042618741,95.0
2507440,14.294330518697226,7.4133673356952405,92.0
2507530,3.376327769347496,7.877017895622398,97.0
2507560,12.130922407873657,8.382289428951436,90.0
2507590,8.014090708938793,7.7279755421055585,96.0
2507620,6.126427179058758,8.186185994226083,94.0
2507680,7.240618101545254,7.725330037917135,92.0
2507740,17.746786983866556,8.897545598709327,89.0
2507770,9.5178064922786,8.062432791583195,95.0
2507860,13.47060282808236,8.301769763117166,85.0
2507890,5.708013172338091,7.507690077819904,92.0
2507920,6.69710806697108,7.1808311990445555,95.0
2507980,4.228028503562945,8.345217926676428,94.0
2507985,13.284132841328416,6.295266001439646,87.0
2508050,11.009817671809255,7.262628600974241,99.0
2508250,14.72581638940234,7.392031567514591,82.0
2508280,7.4877536738978305,7.264730177929867,87.0
2508310,6.134051466187911,8.114324709155339,95.0
2508320,4.447632711621234,6.546785410760524,95.0
2508340,5.3881278538812785,8.607947554684701,97.0
2508370,5.135898340981291,8.642238680390461,97.0
2508430,23.943885234207816,9.442800389927742,59.0
2508440,5.978260869565218,7.699842407396986,91.0
2508580,6.698986337593654,7.727094484779841,95.0
2508610,7.688079158159258,9.45203086057697,96.0
2508650,13.86861313868613,6.306275286948016,95.0
2508700,9.465363012273768,8.47782846789396,96.0
2508730,8.401344215074412,8.334711621820917,95.0
2508790,9.482178883658372,7.9976631270201,94.0
2508820,5.144694533762058,7.81923445385907,98.0
2508850,11.521084337349398,7.884576510596324,93.0
2508860,16.265060240963855,6.210600077024653,95.0
2508910,11.270491803278688,7.288927694521257,95.0
2508940,13.28735632183908,7.684783943522785,92.0
2508950,21.267893660531698,6.192362489474872,95.0
2508960,7.784911717495987,7.1276936993473985,98.0
2509000,9.57792207792208,7.80954132465341,93.0
2509030,6.050955414012739,7.6953031349635665,95.0
2509060,12.804698972099851,8.133000218583613,94.0
2509140,5.2434456928838955,6.280395838960195,95.0
2509150,8.924302788844622,7.134890851565884,95.0
2509270,12.955223880597014,7.423568444259167,87.0
2509310,5.537459283387622,6.419994928147142,82.0
2509420,20.76710435383552,7.970394907191429,98.0
2509450,8.262454434993925,7.81156848934518,95.0
2509630,23.329682365826944,8.608495349823023,81.0
2509720,10.285559615644878,8.907747686788648,92.0
2509870,12.29847494553377,9.124782483614537,92.0
2509900,9.219858156028367,6.740519359606223,82.0
2509930,23.381818181818183,7.919356190660617,77.0
2509990,3.5939776590577948,8.323122887587735,96.0
2510050,14.49602122015915,8.927977461002001,80.0
2510170,13.701149425287356,7.684783943522785,87.0
2510380,25.09716823986674,8.189244525735901,82.0
2510470,8.738980452280568,7.866722285136729,92.0
2510500,19.17278701198299,7.8582541821860294,82.0
2510560,7.241032517599731,8.000684784514748,92.0
2510590,5.697151424287856,7.601402334583733,92.0
2510615,7.09433962264151,7.1891677384203225,99.0
2510620,5.130409859558613,8.157370441186774,97.0
2510770,10.39156626506024,8.695506726812653,95.0
2510830,10.359408033826638,7.545389749611823,96.0
2510890,13.692181743757676,8.494129251817686,84.0
2510920,13.480779357556608,7.549082710812286,92.0
2510930,50.92592592592593,6.473890696352274,92.0
2511010,32.06793206793207,7.601901959875166,67.0
2511020,10.02805049088359,7.262628600974241,96.0
2511050,7.836153161175423,7.023758954738443,95.0
2511060,19.262295081967213,6.595780513961311,95.0
2511130,22.508977546268895,10.140178916395607,77.0
2511220,11.945392491467576,7.759614150696903,92.0
2511250,10.2233676975945,8.158229916959494,91.0
2511400,7.047216349541931,7.257707677160043,92.0
2511430,10.23087369850611,7.700295203420117,92.0
2511460,11.672224868985232,7.649216319820633,95.0
2511490,13.340807174887892,7.486613313139955,98.0
2511520,16.322629969418962,8.9680140012452,89.0
2511580,7.732106927277954,8.154500175151941,93.0
2511735,15.096251266464034,6.894670039433482,94.0
2511740,11.973478939157566,7.849323818040561,92.0
2511760,8.31367924528302,7.4360278163518485,95.0
2511800,11.888111888111888,6.5722825426940075,95.0
2511850,10.965909090909092,7.473069088032197,82.0
2511880,5.508474576271186,8.865029186687766,96.0
2511910,7.71732702542874,8.126222529458525,95.0
2511970,5.901287553648069,8.223627175805483,95.0
2512000,13.681415929203538,8.639410824140487,82.0
2512060,18.508655126498,7.720017940432244,77.0
2512180,10.295291300877892,7.826443135456014,92.0
2512210,4.548816568047338,7.902487437162855,97.0
2512240,20.21563342318059,7.5256399750415355,67.0
2512270,10.144927536231885,8.53817159780143,97.0
2512510,14.450577019568488,8.29054350077274,89.0
2512600,5.425963488843814,8.279950715722526,97.0
2512630,16.647748770336737,8.572817095164234,88.0
2512660,3.5498184751916093,8.508757712595136,98.0
2512750,5.305466237942122,7.81923445385907,95.0
2512810,3.8286826735885784,8.033334015880062,99.0
2512840,15.780445969125214,8.670772279344538,86.0
2512930,11.830985915492958,8.270013062273787,94.0
2512950,3.349282296650718,7.134093721192866,97.0
2513050,5.877061469265367,8.112227958349724,97.0
2513110,5.326674989596338,8.477620416296414,94.0
2513170,14.099999999999998,7.600902459542082,82.0
2513200,10.834236186348862,8.437067146936952,90.0
2513230,14.78770723817226,10.115772360515463,84.0
2600005,49.1284860557769,8.298041661371565,73.0
2600013,17.401960784313726,8.090708716083997,82.0
2600015,35.34118493212263,9.316770315592029,77.0
2600016,19.29693343305909,8.296795865770052,95.0
2600139,37.954939341421145,7.744136627627991,87.0
2600164,0.7052186177715092,6.5638555265321274,87.0
2600168,17.100044072278536,7.727094484779841,95.0
2600171,21.928166351606805,6.270988431858299,92.0
2600225,27.111574556830032,7.559038255443384,95.0
2600227,50.52816901408451,7.035268599281097,77.0
2600232,27.05965909090909,7.249925536717988,95.0
2600242,57.47640337804272,7.607381425639791,82.0
2600284,25.911199469847578,7.319202458767849,92.0
2600949,76.63551401869158,5.365976015021851,47.0
2600952,14.448160535117058,7.3098814858247865,92.0
2600956,18.15400305966344,7.581209826196346,92.0
2600961,18.74003189792663,7.134093721192866,92.0
2600969,24.57577530719719,7.443663683115591,67.0
2600972,17.535211267605632,7.951559331155252,34.0
2600977,3.005008347245409,6.395261598115449,92.0
2600981,34.35448577680525,6.124683390894205,72.0
2600993,28.53717026378897,6.0330862217988015,92.0
2601030,37.40601503759399,6.2766434893416445,92.0
2601050,49.46550048590865,6.9363427358340495,52.0
2601070,27.622097678142516,7.823245690685523,37.0
2601077,47.09851551956815,6.608000625296087,30.0
2601095,22.79069767441861,6.4692503167957724,87.0
2601103,80.05549841848912,10.849977658141125,77.0
2601104,2.952755905511811,6.230481447578482,12.0
2601950,29.261895841139,7.889459149404524,87.0
2601980,20.36847492323439,7.577633832602728,81.0
2602190,16.52679147837314,7.3453648404168685,92.0
2602220,45.0354609929078,7.839131648274333,64.0
2602520,13.910556422256889,8.254788926148725,87.0
2602550,11.775700934579438,7.891704659330107,93.0
2602640,20.423529411764708,7.661527081358517,92.0
2602670,12.491738268341043,7.321849713788356,92.0
2602730,14.308053166536356,8.252446090246952,78.0
2602790,12.15312604480107,8.696510239189893,92.0
2602820,21.17377612367592,9.767954157240933,89.0
2603240,10.11904761904762,7.521859252201629,95.0
2603540,28.60360360360361,6.78897174299217,67.0
2603690,18.225134008338298,8.119100837637486,88.0
2603870,28.8034188034188,7.064759027791802,57.0
2603900,16.6598611678236,7.803435056952168,87.0
2604260,26.975512905360688,8.92996487470684,82.0
2604440,16.747809152872446,6.934397209928558,87.0
2604470,13.772727272727272,8.389359819906353,93.0
2604530,17.362270450751254,7.493873886783559,92.0
2604830,68.52189781021897,7.692569648067906,65.0
2604950,19.75560081466395,7.29505641646263,77.0
2605010,14.296463506395789,8.290794347381356,96.0
2605430,27.69017980636238,8.192847134592865,32.0
2605780,16.303770578863517,7.5406215286571525,72.0
2605820,10.110005238344682,7.554334823725748,87.0
2605850,5.825242718446602,9.004176840696656,97.0
2606090,10.7974335472044,8.604287898267172,95.0
2606500,12.473423104181432,7.252053951852814,87.0
2606570,17.308455736403335,7.831617276352611,87.0
2606600,19.90014265335235,7.2456550675945355,67.0
2606720,10.897435897435898,7.534762657037537,95.0
2606780,42.1671826625387,7.387090235656757,77.0
2606870,9.706173654671508,8.709134991587183,94.0
2606990,11.942347288949898,7.284134806195205,67.0
2607080,28.075396825396822,7.60887062919126,77.0
2607140,6.208559373116335,7.413970290190444,82.0
2607320,7.793633369923161,7.507690077819904,95.0
2607560,14.173427991886408,8.279950715722526,94.0
2607590,19.75529692629066,8.11701408773731,77.0
2607620,8.930741190765493,8.504715669905124,91.0
2607690,18.72713972201902,7.220373836723949,52.0
2607890,30.749895266024296,8.470939806898775,82.0
2608040,16.900584795321638,7.444248649496705,77.0
2608070,27.125941872981706,7.527255919373784,77.0
2608520,12.004530011325029,8.16961956172385,85.0
2608580,29.50687146321746,7.813591552952433,72.0
2608770,18.245469522240526,7.794823152179389,82.0
2608910,13.633669235328986,7.430707082545968,82.0
2608940,10.39119804400978,7.805474625270857,94.0
2609150,20.45751633986928,7.333023014386481,87.0
2609560,23.42168674698795,7.637716432664798,72.0
2609570,12.954040029651596,9.692025505995757,92.0
2609750,15.202052597819115,7.351799869057777,82.0
2609840,24.011142061281337,7.492760300922379,87.0
2609900,12.390336077743283,8.910450756416656,90.0
2609930,17.18555417185554,7.381501894506707,82.0
2610080,53.80694488690666,8.051659556841953,34.0
2610110,12.10924646265219,8.019283792916793,65.0
2610140,17.771794008751264,7.9966538754626075,77.0
2610380,20.70921985815603,7.251344983372214,57.0
2610590,33.72727272727273,7.696212639346407,52.0
2610620,12.723449001051526,7.550661243105336,87.0
2610830,9.241172051089409,7.8868329989550565,91.0
2610860,16.932380428807036,7.506042178518122,92.0
2611030,18.170185540627,7.354362330421477,82.0
2611140,16.69071669071669,7.639642287858013,82.0
2611430,13.026952315134762,8.663542087751374,86.0
2611550,8.525921299188008,8.07153089355666,97.0
2611600,9.81103263981676,9.95018028052811,95.0
2611610,24.45240939864596,7.828436359157585,82.0
2611640,52.666666666666664,7.495541943884256,47.0
2611910,19.814241486068113,7.163946684342547,77.0
2612030,6.921175501235924,8.200013648175434,97.0
2612150,26.174496644295303,7.711996507047669,77.0
2612300,11.652281134401973,7.3914152346753585,92.0
2612330,17.198335644937586,7.273786317844895,87.0
2612420,10.585365853658535,8.318742252692399,93.0
2612450,66.21860629642731,7.946971357693591,70.0
2612480,3.560424512153372,7.979681302387741,94.0
2612600,12.215831279101616,8.202756381655638,93.0
2612690,17.80821917808219,7.786967002614872,82.0
2612930,71.33872416891285,7.014814351275545,67.0
2612990,13.362541073384444,7.915348169263078,95.0
2613500,16.28737170905846,7.714677473800927,82.0
2613530,7.465277777777778,7.454719949364001,92.0
2614070,14.231298275314783,9.153875834995056,91.0
2614100,24.817518248175183,7.117205503164344,77.0
2614230,66.21417797888385,7.189922170745808,72.0
2614250,11.123595505617978,8.177515823846075,91.0
2614280,25.72303504593399,7.985824666418917,73.0
2614460,38.36028582173749,7.88570539124302,78.0
2614520,61.16525882607754,8.43750042250699,67.0
2614550,12.54355400696864,8.367532416861831,85.0
2614610,7.24903278354714,9.19238004659919,96.0
2614730,9.2210967516591,7.959625305098115,87.0
2614760,6.1465721040189125,7.1459844677143876,95.0
2614820,17.88244304039824,8.560827228436299,94.0
2615060,7.912200102092905,7.580189417944541,92.0
2615150,20.607934054611025,7.57095858316901,77.0
2615390,19.665576154125773,7.919719760924575,80.0
2615540,24.50164017158718,8.284756593190435,65.0
2615730,14.990328820116051,8.039802343736485,82.0
2615870,14.77635782747604,8.231109840328154,87.0
2615970,11.949685534591197,7.371489295214277,67.0
2615990,20.497630331753555,7.431299675155903,82.0
2616080,23.072889355007867,7.553286605600419,82.0
2616110,22.75034610059991,7.681099001536359,87.0
2616320,6.703652334720296,7.679251425953058,95.0
2616350,10.529468136080498,9.029777268197092,91.0
2616380,11.779810624297864,8.737292112544221,79.0
2616410,11.745813259922,8.379997952238393,95.0
2616440,27.373730923951214,9.658928824466434,71.0
2616470,9.056037358238829,8.698847859222488,94.0
2616500,19.640852974186306,7.485491608030754,87.0
2617160,12.57005604483587,8.228710798793687,89.0
2617220,11.707317073170731,7.520234556474628,95.0
2617250,9.738012852199704,8.305484017727691,88.0
2617400,7.433694434067986,7.892452043520352,87.0
2617520,28.14589665653495,8.098642843759418,77.0
2617730,12.781954887218044,7.934871565945177,95.0
2617760,48.333333333333336,7.560080465021827,54.0
2617820,22.1681723419041,7.271703706887368,87.0
2617910,9.287257019438446,8.622633703874234,94.0
2617940,11.102747459540836,7.884952945759814,96.0
2617970,13.82419233658903,7.8868329989550565,82.0
2618030,44.70691163604549,8.14002395246292,47.0
2618180,8.930075821398484,7.079184394609668,72.0
2618390,18.364518364518364,7.274479558773871,87.0
2618420,14.46999439147504,8.179199798423086,88.0
2618450,20.58402519324363,8.158516244806831,90.0
2618480,16.25531914893617,8.45531778769815,82.0
2618570,10.077984403119377,7.418780882750794,92.0
2618600,36.52509652509652,7.166265974133638,62.0
2618720,9.984465470978677,8.865170419651774,89.0
2618810,8.596837944664031,6.919683849847411,77.0
2618840,5.1151247759547775,8.889170455363413,93.0
2618930,16.9511249030256,7.8547691834991324,92.0
2618990,15.841810492627728,9.076694687106265,91.0
2619050,7.043189368770763,7.316548177182976,95.0
2619100,18.080465341735337,7.631916513071252,92.0
2619250,26.860622462787553,7.991592282068092,80.0
2619410,26.7741935483871,6.835184586147301,67.0
2619580,15.875754961173424,7.055312843339752,82.0
2619620,31.77299837339599,8.618485442898109,59.0
2619800,15.261044176706829,7.463363045520021,87.0
2619830,6.016825164594001,8.60666819784384,95.0
2619920,14.797297297297296,7.299797366758161,77.0
2619950,28.95755827196113,9.485772721999046,75.0
2620050,22.80130293159609,7.336285660021297,72.0
2620070,20.416802344513187,8.029758520440822,82.0
2620160,28.23275862068966,7.749322464660356,77.0
2620280,13.020662512299111,8.022568946988255,88.0
2620340,19.47345034436792,9.105202053852878,78.0
2620380,20.024721878862795,7.388946097618437,87.0
2620550,16.666666666666664,7.033506484287697,92.0
2620670,8.397312859884837,7.642044402873258,95.0
2620730,8.765212635033501,8.89740886527095,95.0
2620820,9.492350486787204,7.964155718840937,92.0
2620850,18.852459016393443,8.330381569349418,92.0
2620880,15.685814771395076,8.35819745992578,95.0
2620940,19.08783783783784,7.076653815443951,82.0
2620980,17.289972899728998,7.520234556474628,92.0
2621120,12.418300653594772,7.8636512654486515,87.0
2621150,52.24497126436781,9.317938382574201,64.0
2621180,12.320287539936102,8.518791912779934,85.0
2621240,16.40112464854733,6.9726062513017535,87.0
2621450,13.935075217735552,7.141245122350491,92.0
2621570,16.896450572015254,8.134174272137903,87.0
2621600,32.30006199628022,8.48446336679332,86.0
2621690,10.926449787835926,7.947325027016463,94.0
2621840,13.11393131139313,9.543019710358694,93.0
2621870,17.09969207082371,9.248791558350435,86.0
2622050,11.211807353702746,8.258940462988459,92.0
2622200,13.376683697166744,7.674617497364363,87.0
2622290,22.539990305380513,7.631916513071252,82.0
2622410,31.11259160559627,7.313886831633462,82.0
2622970,17.959046659953003,7.999342952713282,62.0
2623040,10.926794085827623,7.927685045615778,95.0
2623070,13.309926587934887,8.049746290952191,92.0
2623130,21.69146436961629,7.152268856032539,87.0
2623250,11.672337084532844,8.2482674474469,93.0
2623460,21.410006497725796,8.032035314398824,93.0
2623550,15.97222222222222,7.16703787691222,82.0
2623790,10.762942779291553,7.291656209174461,82.0
2623820,6.802189210320562,8.945593270806897,93.0
2623850,21.947809878844364,7.671360923190644,85.0
2623910,14.055080721747387,6.959398512133975,92.0
2624120,14.946987328678564,8.260234291607297,95.0
2624150,24.777117384843983,8.591186871324563,85.0
2624420,13.409703504043128,7.302496423727326,72.0
2624720,41.275510204081634,7.580699752224563,59.0
2624750,22.01275298031605,8.19063168090354,70.0
2624840,40.929614873837984,8.233503140233994,78.0
2624960,11.626297577854672,7.275864600546533,87.0
2625230,21.885245901639344,7.106606137727303,72.0
2625320,18.779661016949152,7.29641326877392,87.0
2625560,18.930368016944666,8.236685322712457,69.0
2625680,15.95744680851064,7.762170607138205,89.0
2625740,13.423754595005704,8.97322466309509,95.0
2625950,13.926733272782318,8.10258642539079,84.0
2625980,7.010723860589812,8.917310693197807,97.0
2626010,22.0554272517321,8.150179269682326,86.0
2626130,5.966732794140088,8.787678239039497,95.0
2626190,71.5606936416185,8.554488976159934,61.0
2626220,18.8050930460333,7.621684998724611,77.0
2626280,10.604358571107616,8.400884069015854,95.0
2626370,15.639810426540285,7.29776828253138,92.0
2626520,5.833956619296933,7.198183577101943,82.0
2626760,42.62101534828808,7.840312983320164,48.0
2627060,18.232758620689655,7.749322464660356,95.0
2627150,16.709346991037133,7.3537223303996315,92.0
2627210,23.365384615384617,8.045588280803528,86.0
2627240,9.342625729892635,8.57715877258367,92.0
2627420,22.72167487684729,7.392647520721623,82.0
2627660,15.46485260770975,7.6984827878809465,82.0
2627810,18.6247723132969,7.694392802629421,92.0
2627900,16.24007060900265,7.0326242610280065,77.0
2627930,17.370073247296826,7.96102146588337,92.0
2628140,10.575539568345324,7.930206206684683,81.0
2628170,18.54655563966692,7.186144304522325,77.0
2628530,15.308641975308642,7.949797216161852,84.0
2628560,11.059324472063985,9.763017859764734,90.0
2628740,53.56554483407861,8.354438940114811,60.0
2628830,25.20344953236973,9.015905747298426,78.0
2628890,11.343075852470424,7.270312886079025,92.0
2628950,11.18815371959102,9.048879705849558,91.0
2629120,14.46280991735537,7.568379267836522,77.0
2629460,45.81297976273552,7.960672608388117,59.0
2629490,13.04054054054054,7.299797366758161,87.0
2629540,16.360691144708422,8.21716859576607,85.0
2629670,11.180124223602483,7.278628942320682,87.0
2629760,68.97674418604652,7.673223121121708,78.0
2629910,19.16349809885932,7.874739125171811,92.0
2629940,7.658497602557272,9.616871578266345,97.0
2630030,7.968077020521916,8.973858256222792,93.0
2630090,14.702357171394326,8.518392471991719,90.0
2630210,39.72198820556024,8.465478755729558,89.0
2630300,11.718287630696391,8.53089883847235,84.0
2630390,48.02607076350093,8.58858318750291,79.0
2630450,20.155691142436353,8.46653127661401,80.0
2630660,6.455990694067467,8.54830418644129,95.0
2630990,22.577737719693555,7.704811922932594,84.0
2631320,16.015325670498086,7.173958319756794,77.0
2631380,21.337755666113875,7.500529485395295,82.0
2632220,29.44606413994169,7.44716835960004,95.0
2632250,9.671339380374604,9.046526486737967,94.0
2632280,33.171619163129165,8.101071503119543,94.0
2632300,22.473604826546005,7.5953872788539725,72.0
2632310,30.7905913100294,8.719644119505357,90.0
2632340,23.31370449678801,8.225770799348734,72.0
2632370,8.057054741711642,7.860956364876389,87.0
2632550,11.708482676224612,7.828436359157585,99.0
2632670,19.19411924857065,8.208764045819667,79.0
2632820,9.910529938059188,7.974532844130228,90.0
2632850,7.312680115273776,7.9287663216266955,95.0
2632940,19.734345351043643,7.365812837209472,92.0
2633030,17.321016166281755,7.1693500166706,87.0
2633090,20.67191283292978,8.102889134640868,93.0
2633410,8.062709966405375,7.487733761436444,87.0
2633420,10.82598235765838,8.227108234348146,82.0
2633540,42.8866306764052,8.74798740166097,66.0
2633720,9.386776293251112,7.978996370854115,87.0
2633810,8.565928777670837,8.044626279767337,92.0
2633840,17.98095238095238,7.872836175025724,87.0
2633870,18.51631458891203,9.218606116393214,83.0
2633900,8.955807587016034,7.846589975291186,94.0
2633930,19.21689850592478,7.57095858316901,82.0
2634260,5.336092864213084,9.315870873185647,90.0
2634470,11.530640863833964,10.258501117148194,93.0
2634560,27.949499346974317,8.432506383249043,91.0
2634680,43.25396825396825,7.832014180505469,72.0
2634950,13.43570057581574,7.865187954187467,82.0
2635160,12.719987429289755,9.451559570017622,92.0
2635190,18.64662735509852,9.540075680658964,82.0
2635220,23.35164835164835,8.09437844497296,87.0
2635310,16.03666817564509,9.086589564540008,85.0
2635460,28.054607508532424,7.289610521451167,82.0
2635520,22.103861517976032,8.007700012884026,92.0
2635550,18.99534264803726,8.00836557031292,89.0
2635820,22.389747455710516,8.576593534697684,91.0
2635850,27.74317201724964,7.643482907077201,92.0
2635910,19.444835846132168,8.867427438524983,91.0
2635940,13.270461434826542,7.99598047476376,76.0
2635970,56.968876860622466,7.298445101508147,46.0
2636300,20.274599542334094,7.68937110752969,92.0
2636420,8.717105263157894,7.508787170634276,95.0
2636485,14.083443458561453,8.574895901544526,76.0
2636540,23.345896147403685,8.471358655072438,78.0
2636570,15.45587518283764,8.319229938632326,76.0
2636600,12.532637075718014,7.557472901614746,92.0
2636630,33.342564386596514,8.191740021277457,60.0
2636660,10.125550301646827,8.721439305625983,92.0
2700008,18.680252304706453,7.630946580890459,87.0
2700017,10.892542571931884,8.133293861222633,93.0
2700025,94.4275582573455,6.894670039433482,18.0
2700058,59.09090909090909,3.784189633918261,62.0
2700117,49.03066619668664,7.950502434808851,51.0
2700124,12.520868113522535,7.493873886783559,92.0
2700128,12.702527543745951,7.341483852363161,92.0
2700342,10.72222222222222,7.495541943884256,87.0
2700351,22.55489021956088,6.2166061010848646,92.0
2700379,10.441176470588236,7.620705086838262,92.0
2702930,4.846066134549601,7.469654172932128,95.0
2702970,27.219282774838337,8.132118772955806,78.0
2703060,10.98169717138103,8.344505083590521,88.0
2703150,9.549071618037134,7.541683099882111,92.0
2703180,13.777309818373256,10.54507824618167,87.0
2703450,21.22224405580664,8.534836626588833,76.0
2703870,9.931077694235588,8.068402958569699,95.0
2704050,6.593406593406594,7.401231264413015,87.0
2704440,15.809409888357257,8.520388082312756,76.0
2705460,6.395539521154476,8.022568946988255,93.0
2705790,13.713592233009708,9.279119887371008,81.0
2706090,18.773151578011557,8.817149624743406,85.0
2706240,41.8252427184466,7.853604813097837,61.0
2707200,9.311114928706408,8.669227347271736,93.0
2707290,27.794494594895795,9.101975347298058,78.0
2707350,5.113122171945701,7.700747794511798,95.0
2707410,21.87244480784955,8.495356496807062,87.0
2708070,70.20157756354075,7.039660349862076,42.0
2708100,12.4273580688422,8.811503250158239,90.0
2708190,7.111935683364255,9.180087328805161,95.0
2709420,20.78277886497065,7.845807502637805,82.0
2709440,8.572710951526032,7.708859601047175,92.0
2709510,25.41856925418569,8.09712193091871,87.0
2709720,30.45141545524101,7.175489713624222,82.0
2710060,16.336206896551726,7.749322464660356,87.0
2710170,6.437425029988004,7.824445930877619,95.0
2710230,16.866666666666667,8.006367567650246,87.0
2710260,11.943069306930692,7.38770923908104,92.0
2711040,28.30277385989657,9.048762176320128,78.0
2711130,12.614678899082568,7.463936604468925,92.0
2711250,8.550271896332292,9.064505023752638,97.0
2711370,10.315709395207303,9.483796737163981,91.0
2711670,12.481301421091995,9.27762511878178,97.0
2711760,22.561469873007297,8.216358332386156,68.0
2711820,9.453146468810113,8.892611378172106,93.0
2711880,21.581612777561357,7.8504931808711405,69.0
2712240,6.522781774580336,7.642524134232902,92.0
2712270,14.107029765674476,8.750841375375533,85.0
2712420,27.476453393959076,8.0323601479245,81.0
2713170,14.300100704934543,8.287025025165063,91.0
2713530,12.59293680297398,8.36730010184162,96.0
2713920,16.932752781809384,7.633853559681768,95.0
2713980,12.024048096192384,7.822044008185619,87.0
2714190,5.618964003511852,7.037905963447182,92.0
2714220,12.876945525291829,9.014811987694946,88.0
2714260,12.104787714543813,8.801168401936692,86.0
2714280,35.733695652173914,7.699842407396986,59.0
2714970,8.72552387495706,7.976251943745623,86.0
2715000,10.04566210045662,6.9985096422506015,92.0
2715030,14.528043775649795,8.203851372183879,88.0
2715750,9.983543609434998,7.508238774678663,92.0
2716980,7.660924750679963,7.698936199813447,95.0
2717780,10.523426061493412,9.29908358181057,93.0
2718240,18.126022913256957,7.8013913202914855,88.0
2718750,7.876923076923077,8.086410275323782,93.0
2718780,13.13499529633114,9.048291920021784,88.0
2718940,10.80663836356619,7.85979918056211,77.0
2720550,7.803030303030304,7.1853870155804165,92.0
2720670,20.055555555555554,7.495541943884256,92.0
2721240,25.096127054889944,10.488213984141654,69.0
2721390,10.544774374561609,8.361007108226909,94.0
2721420,24.281934996220713,8.573951525234847,76.0
2721480,22.289156626506024,7.414572881350589,87.0
2722920,9.36837643069097,7.765993079407675,95.0
2722950,14.407300166710538,9.341105441855735,90.0
2723430,10.060168471720818,8.332067707289548,93.0
2723490,7.368877329865627,7.7437032581737535,95.0
2723820,16.269708151626972,8.000014093678072,85.0
2723850,15.117056856187292,9.2557916348801,85.0
2723880,15.513182674199625,8.354203562921775,92.0
2723910,9.887005649717514,6.967909201801884,95.0
2725080,17.491166077738516,7.948031990637284,97.0
2725200,19.79136621478704,9.942804414913079,85.0
2728050,7.1973602804702,8.486527777105353,83.0
2728080,23.48993288590604,7.40184157874383,72.0
2728200,11.189634864546523,7.437206366871292,95.0
2728230,23.109756097560975,7.402451520818244,77.0
2728380,31.485992691839225,7.403670290012373,92.0
2730030,14.734088927637314,8.14351740579748,81.0
2730060,11.92950745594216,9.08839870117094,92.0
2730090,16.057585825027683,7.498869733976931,92.0
2730480,23.99086062452399,7.873217054862741,92.0
2731750,13.54719593814909,8.374015421739909,79.0
2731780,18.54164908431091,9.37999875481674,80.0
2731800,17.813330318276897,9.780698256443507,87.0
2732070,12.657534246575342,7.509335266016592,92.0
2732390,11.978215159766984,10.275430347393456,91.0
2732430,23.391514842655113,8.968141414126814,88.0
2732820,7.530197892572603,8.266421472984554,98.0
2732880,15.33116178067318,8.434897948689407,90.0
2733000,14.632116961844762,9.037533407550814,83.0
2733270,26.273148148148145,8.147867129923947,81.0
2733330,15.571776155717762,8.657650544111494,82.0
2733420,8.355795148247978,7.5256399750415355,95.0
2733510,29.82627578718784,9.128045129249353,71.0
2733540,18.241469816272964,8.427706024914702,86.0
2733780,14.204916249728084,8.433159195806228,92.0
2733790,8.424077434966728,8.796641458940915,95.0
2733810,13.781110748831647,9.820214633342307,92.0
2733840,19.14859736192574,10.536858189059995,75.0
2733870,5.682859761686526,7.687997166393016,92.0
2738160,9.99039385206532,7.641084249174914,87.0
2738190,15.213005814643408,9.039196115772354,92.0
2738850,22.326015880429708,7.669028288589683,92.0
2740740,12.996389891696747,7.233455418621439,92.0
2741460,8.21851583272903,8.327726166461412,96.0
2741880,19.457013574660635,7.5953872788539725,82.0
2741910,6.9753086419753085,7.3901814282264295,95.0
2742160,6.945765937202664,9.355392643675321,97.0
2742270,13.616514489876936,8.524764456912555,92.0
2742360,14.874383658135711,9.049936850483158,88.0
2742720,21.072088724584106,8.372860820526318,72.0
2744070,14.480408858603068,7.984462732262196,79.0
2744160,12.943432406519657,8.048468743668883,75.0
2800185,12.577160493827162,7.16703787691222,77.0
2800187,20.21415513188822,8.250358951477294,74.0
2800189,20.031268321282,8.540323608805092,86.0
2800191,21.312010443864228,8.027476530860483,85.0
2800390,15.993836671802775,8.08487062913819,88.0
2800450,16.977724262492476,7.415175109613295,87.0
2800570,18.047982551799347,7.51425465281641,92.0
2800600,23.390752493200363,7.005789019253503,87.0
2800630,17.77132720528947,8.732465848349879,85.0
2800750,11.270912826533609,8.133587417660966,86.0
2800820,16.308671439936358,7.136483208590247,92.0
2800840,16.986496090973702,7.942362237674335,79.0
2800870,13.24182478805006,7.814803429489359,87.0
2800900,19.23997606223818,8.114324709155339,72.0
2801020,7.697501688048616,7.300472814267799,87.0
2801050,23.88740966146824,7.874358824729881,82.0
2801090,14.543383330168975,8.569216219483389,88.0
2801170,14.752116082224909,7.4109518755836366,92.0
2801200,22.586767895878527,8.212839584676484,80.0
2801220,13.008427995602784,7.911690520708339,82.0
2801260,18.010752688172044,7.86480400332846,95.0
2801290,22.91376912378303,7.964155718840937,82.0
2801320,19.320756938108833,10.433497965716953,88.0
2801510,27.040816326530617,6.376726947898627,87.0
2801530,15.214067278287462,7.176254532017144,87.0
2801560,25.355218030377262,8.31434234336979,83.0
2801590,18.802966101694913,7.543273346705446,87.0
2801620,20.37720377203772,8.492490578775866,71.0
2801650,20.948616600790515,7.931284761525891,82.0
2801680,15.922619047619047,8.302017809751204,82.0
2801710,22.23669216994954,8.723068501163928,89.0
2801740,22.63327205882353,8.378390788535778,84.0
2801770,17.988773923040508,9.601503695373488,87.0
2801800,25.576876366286132,8.322880021769905,72.0
2801830,21.3953488372093,7.316548177182976,77.0
2801860,18.936424066814386,8.67709870892586,85.0
2801980,10.463432295438087,7.923710333969238,72.0
2802010,14.868804664723031,7.44716835960004,87.0
2802040,18.367346938775512,7.388327859577107,82.0
2802100,20.536949903127592,8.19229373114764,84.0
2802160,17.221496953872933,9.126088819528592,89.0
2802190,24.76539075581169,10.153506697855693,74.0
2802250,12.759856630824371,7.240649694255466,82.0
2802280,20.1888748128527,9.069122370060645,88.0
2802340,16.038126813095733,7.7886260656250315,82.0
2802370,15.835065835065834,7.9676267393338165,82.0
2802400,12.583722346255326,9.195632743103909,93.0
2802430,17.400453221107153,8.728749873478527,84.0
2802460,24.858579509742302,8.065265208897733,77.0
2802490,21.379310344827587,7.684783943522785,92.0
2802520,18.487686437738468,7.9665866976384025,82.0
2802550,20.82734846308532,8.848222068371385,81.0
2802580,6.978879706152434,7.686162303492906,77.0
2802640,22.901985906470212,8.046229101075378,88.0
2802670,17.39938080495356,8.080237416216702,90.0
2802700,17.446359479423144,7.952615111651,83.0
2802730,16.435570345720095,8.595819511871428,92.0
2802790,12.015065913370998,9.49363784611014,91.0
2802820,20.03853564547206,7.638198244285779,92.0
2802850,17.29641693811075,8.029432840581244,77.0
2802880,28.599146294140475,7.854381210652365,67.0
2802910,20.373421197144424,8.605753368395717,73.0
2802940,35.959056519804186,7.717351272185329,92.0
2803000,24.93368700265252,7.541683099882111,77.0
2803030,27.661567280674365,8.071843149609158,84.0
2803060,23.666253101736977,8.07837810362652,84.0
2803120,13.194444444444445,7.67786350067821,87.0
2803150,23.03206997084548,7.44716835960004,92.0
2803240,18.020917135961383,7.818430272070656,87.0
2803270,13.60062893081761,7.148345743900068,87.0
2803300,23.903369357914812,7.360739903058278,77.0
2803360,15.959079283887467,8.676757761087575,87.0
2803450,11.353610401671697,8.36799688505411,90.0
2803480,18.047463407702143,8.85893722196655,87.0
2803510,10.622529644268774,7.6128310304073565,82.0
2803520,19.512771996215704,8.349484346990128,94.0
2803530,12.218649517684888,8.304742269640771,88.0
2803540,28.55805243445693,8.07215530818825,87.0
2803630,22.40531945649032,8.148734808937169,77.0
2803660,20.822837951301427,8.181160858023409,79.0
2803690,17.22173531989483,7.732807530422021,87.0
2803720,16.878980891719745,7.5411524551363085,95.0
2803750,16.5976821192053,7.789868559054706,87.0
2803780,21.27545551982851,7.531552381407289,77.0
2803830,16.32610725028524,9.866927297224326,90.0
2803900,22.281639928698752,8.27563105457801,82.0
2803930,23.47629796839729,7.4798641311650265,87.0
2803990,20.18918918918919,8.216088098632316,86.0
2804020,13.353115727002969,7.899524472032198,82.0
2804050,17.478912839737582,8.358900612421644,86.0
2804080,16.40396964389959,7.44600149832412,82.0
2804110,15.617218071860547,7.941295570906532,85.0
2804170,24.115755627009648,7.81923445385907,86.0
2804230,21.410788381742737,7.787382026484701,82.0
2804260,17.58059155865736,8.009363076630045,87.0
2804290,21.596724667349022,7.577633832602728,92.0
2804320,19.238534756273435,8.844192126244968,88.0
2804350,14.77039067854695,7.978653729082731,88.0
2804440,15.852989577619308,7.508238774678663,67.0
2804470,25.89108910891089,8.997147151515142,72.0
2804530,16.554467564259486,8.091933455979893,77.0
2804560,21.71799027552674,7.523481312573497,92.0
2804680,17.58298755186722,7.564238475170491,82.0
2804770,23.681031010873944,7.817222785508166,72.0
2804800,30.02645502645503,7.321188556739478,77.0
2900579,16.942833471416733,7.789040401657477,87.0
2900595,8.426966292134832,6.568077911411976,95.0
2901000,13.517279821627648,9.794788135612787,88.0
2902910,10.546875,7.847762537473608,92.0
2904020,7.684478371501273,7.583247524303362,95.0
2904050,10.410557184750733,7.218176838403408,95.0
2904500,7.825567502986858,7.422971251049421,92.0
2904620,9.788001804239965,8.397057390176256,89.0
2905310,9.17524165887122,9.459385560813045,95.0
2905370,11.726998491704371,7.883069351305753,92.0
2905430,9.674202127659576,8.00903068506973,93.0
2905580,12.26718047527296,7.350516171833998,95.0
2905760,12.866483864163678,8.464003362902119,94.0
2906120,10.751374465485643,7.400620577371135,95.0
2906510,9.24812030075188,7.1929342212158,87.0
2906990,12.109833372447785,8.357259153499912,90.0
2907020,8.100233100233101,7.447751280047908,92.0
2907120,7.906644439152179,8.342601680684194,89.0
2907350,8.983451536643026,8.126813720726114,93.0
2907460,8.265497808390734,8.474494436883122,91.0
2908170,12.550607287449392,7.455298485683291,95.0
2908250,16.367432150313153,7.781138509845015,87.0
2908370,8.559675419812915,9.783915417395283,90.0
2908760,6.121343445287107,7.520776415062797,95.0
2909720,7.941834451901567,7.894318063841624,99.0
2909860,10.963244613434728,7.363913501405819,87.0
2910500,13.60146252285192,7.913886714856082,91.0
2910770,3.3773861967694567,7.622174594817622,95.0
2911340,11.691022964509392,7.557994958530806,92.0
2911650,14.580686149936469,8.054522609537294,95.0
2911910,9.30232558139535,8.261009786023827,92.0
2912010,14.99563234009512,9.240190393945069,87.0
2912030,7.883260650788326,8.000014093678072,92.0
2912300,10.079225352112676,9.337853692275143,93.0
2912540,9.878934624697337,7.632885505395133,92.0
2912550,12.889457959880495,7.759187438507795,92.0
2913080,8.675694285058526,8.379539026117442,98.0
2913140,15.82964057114722,8.30943074214033,87.0
2913650,10.501474926253689,8.128585200374497,90.0
2913760,14.454509649468294,7.839525581704678,92.0
2913830,17.680395017394233,9.788188928172666,86.0
2914340,19.02693310165074,8.657824321155983,86.0
2914430,11.03273137697517,8.173011311724972,92.0
2914550,17.28937728937729,7.21890970761906,95.0
2915480,15.080390467987367,9.541943631485891,94.0
2915600,7.429718875502007,8.513185170018698,94.0
2916190,12.823435540864017,9.079434102128383,84.0
2916290,14.28001595532509,7.826842098158293,87.0
2916400,21.7854635951758,9.659567149523216,71.0
2916450,9.700427960057064,8.16194579946869,95.0
2916500,6.0699588477366255,7.572502985020384,95.0
2916740,11.033057851239668,7.791522819150732,92.0
2916770,5.607476635514018,8.661812881026181,97.0
2917820,7.279602930749232,8.350193650720067,96.0
2917850,11.27946127946128,7.080026499922591,87.0
2918270,8.684807256235828,8.391629968440892,92.0
2918300,7.317346481398476,9.789646736112369,95.0
2918540,9.60581082183955,9.413526083949446,95.0
2918690,5.169159285610571,8.837390855544697,96.0
2919170,8.740942028985508,7.699842407396986,92.0
2920410,8.30550918196995,7.78155595923534,87.0
2920430,8.25147347740668,8.024207485778577,93.0
2920490,7.28051391862955,7.244941546337007,92.0
2920610,9.02983069067455,8.221747728346623,92.0
2920670,7.878182725911133,9.211839248099919,93.0
2920810,11.067366579177602,7.734558844354756,82.0
2921100,11.82287188306105,7.75190533307861,87.0
2921120,15.408008109477953,7.587310506022615,92.0
2921600,8.37272113436867,7.300472814267799,87.0
2921810,9.142607174103237,8.427706024914702,82.0
2921840,6.152549515381374,7.771910256435763,92.0
2922530,7.746716066015494,8.689127655323706,91.0
2922650,28.51021753460778,8.017637159908478,72.0
2922740,9.450171821305842,7.059617628291383,92.0
2922800,13.646170442286948,9.316860215353856,96.0
2922890,10.892065056678168,8.713910628493924,92.0
2923010,10.496671786994368,7.577121930876679,95.0
2923100,11.631345490389354,7.615298339825815,95.0
2923160,6.814580031695722,7.545918151209323,87.0
2923340,7.93733681462141,7.557472901614746,87.0
2923430,8.464223385689355,8.653470809708786,96.0
2923460,9.21180668180344,8.03365842788615,91.0
2923550,11.595621607190532,9.326967183907902,92.0
2923700,8.430281571404485,8.687948111838727,91.0
2923730,9.42989724892277,8.705165419719007,92.0
2924530,8.052181736392262,7.706612913964197,87.0
2925230,10.13480982185845,8.331827004436057,95.0
2925330,7.470747074707471,7.706162970199576,95.0
2925450,16.895632561000614,8.492285555710053,92.0
2925500,10.70754716981132,7.659171367666058,95.0
2926070,15.61875661064755,9.048879705849558,85.0
2926160,16.462053571428573,7.491087593534876,95.0
2926220,8.707454583420338,8.47407690034261,93.0
2926480,7.682619647355164,7.370230641807081,95.0
2926640,14.326330753435476,8.753213480544126,79.0
2926670,24.58788480635551,8.524168805152662,79.0
2926760,14.050719671007538,7.978653729082731,58.0
2926850,7.805483901786567,9.949129910414829,97.0
2927060,10.3383135840632,9.362718052397065,81.0
2927090,6.2154696132596685,7.277938572945661,95.0
2927570,9.079061685490878,7.741533589281828,95.0
2927630,10.952848722986246,7.618742377670413,95.0
2927830,8.565697091273822,8.514188682395938,95.0
2927900,7.79783393501805,7.233455418621439,92.0
2928260,9.223445403153825,8.119993827725105,90.0
2928560,5.89582140812822,7.465655310134056,92.0
2928860,16.256255461116847,10.133725876326205,86.0
2928920,9.319497106365995,8.519390774959724,85.0
2928950,6.528101296064026,9.725735539456544,96.0
2929100,11.021377672209026,7.652070746116482,87.0
2929170,9.095149253731345,7.670428522190693,95.0
2929250,8.501362397820165,7.51479976048867,92.0
2929280,14.173967459324157,10.015565455941479,78.0
2929370,6.485013623978202,7.51479976048867,87.0
2929760,11.349836524988325,7.669028288589683,87.0
2930450,9.810228369250565,8.735203590618699,96.0
2930570,8.50032320620556,8.037220031133012,84.0
2930660,16.762783544790466,7.8636512654486515,87.0
2931020,11.020036429872496,8.099857910737585,91.0
2931050,12.550860719874803,8.069342366811636,94.0
2931110,7.982875849911861,8.286773231131251,91.0
2931500,5.125815470643056,8.36450810375059,91.0
2931530,7.280799112097669,8.412943170042439,97.0
2931650,8.927259368111683,9.700881652439467,95.0
2931680,13.202132021320212,7.79934339821592,94.0
2932010,7.789382071366406,8.432941638968646,97.0
2932100,8.723262032085561,8.003697339094368,95.0
2932190,11.016949152542372,7.335633981927201,92.0
2932310,15.647921760391196,7.400009517162692,82.0
3003330,34.66666666666667,6.802394763324311,89.0
3003900,25.247063210889426,8.587278798982926,85.0
3004590,17.94392523364486,7.668561108015897,88.0
3005190,88.54166666666666,6.3561076606958915,57.0
3005310,48.22167080231596,7.097548850614793,86.0
3007140,29.260450160771708,6.432940092739179,87.0
3007410,29.001074113856067,6.836259277277067,95.0
3007930,27.977315689981097,6.270988431858299,92.0
3011520,19.63882618510158,7.192182058713246,95.0
3013050,38.38977194194886,7.970394907191429,80.0
3013260,28.396739130434785,7.294377299288821,95.0
3013340,38.77952755905512,6.230481447578482,82.0
3013590,21.626617375231053,6.293419278846481,82.0
3013830,25.268456375838927,7.9996785794994505,84.0
3015420,29.297732260424286,7.913521017283895,88.0
3016230,20.436817472698905,6.46302945692067,92.0
3018540,32.66576454668471,8.214735833382303,88.0
3020100,5.122494432071269,6.1070228877422545,92.0
3021090,38.004246284501065,6.154858094016418,92.0
3024230,20.822622107969153,5.963579343618446,82.0
3027790,0.592885375494071,6.226536669287466,87.0
3100016,17.02085402184707,9.217315985712608,84.0
3100021,4.992657856093979,7.622174594817622,95.0
3100022,17.299880525686977,8.339261982923576,90.0
3100088,6.641285956006768,7.768110378525988,95.0
3100095,12.140115163147792,7.642044402873258,82.0
3100098,10.49215792320173,7.522400231387125,92.0
3102910,25.461254612546124,7.2115567333138015,82.0
3103600,18.68766404199475,7.552237287560802,87.0
3103810,13.348462966783575,9.17926241640532,94.0
3103990,4.080061585835258,7.862497197230545,95.0
3104100,5.641688199827734,7.7501841622578365,95.0
3105340,8.906982482112017,8.307212626628308,90.0
3170110,4.710587712476391,9.105090961257085,98.0
3170710,16.99613235926085,8.445482343862237,84.0
3171220,5.377668308702791,8.491259809389733,97.0
3171580,14.340136054421768,8.209308411646937,83.0
3172390,13.108011444921315,8.629092283913646,88.0
3172810,8.52740953063418,7.934155233536322,92.0
3172840,14.948249393354132,10.606238469238768,82.0
3173470,13.199723565998616,7.277247726631484,95.0
3173740,9.92588225385328,10.075169374225737,93.0
3174160,16.46977067407922,7.271703706887368,82.0
3174430,9.728610855565778,8.3774712482411,92.0
3174580,7.2450805008944545,7.0192966537150445,95.0
3174820,29.829629776203575,10.83046102025675,78.0
3175270,10.305699043102718,9.376617231601282,95.0
3175630,6.460176991150443,7.029972911706386,95.0
3175660,20.91503267973856,7.333023014386481,95.0
3175900,16.37063351095323,8.125039097367745,90.0
3176450,17.08108108108108,7.52294091807237,87.0
3176470,23.582966226138034,8.133000218583613,91.0
3176560,7.84313725490196,7.227662498728654,95.0
3176710,14.252696456086284,7.168579897264035,87.0
3176860,11.948051948051948,8.25582842728183,86.0
3178660,10.624169986719789,8.703506769479729,90.0
3179050,7.463884430176565,7.1276936993473985,95.0
3200001,14.054780985838184,10.503312575864701,70.0
3200030,27.3407022106632,8.031385330625534,76.0
3200060,21.374750537011927,12.701393692135122,84.0
3200090,15.370116518163126,8.671800909642677,89.0
3200120,14.84733993668947,9.189423123720795,92.0
3200210,26.84431977559607,8.178919332848396,91.0
3200300,21.13625971650663,9.076580381796658,85.0
3200360,26.125447353550573,8.57715877258367,80.0
3200390,15.933367243133263,8.970050661827003,86.0
3200480,19.181405657975528,11.109054086200521,84.0
3200510,26.346356916578667,7.546446273746024,67.0
3300003,14.221556886227546,6.504288173536645,92.0
3300017,11.467116357504215,7.994632311431825,93.0
3300049,32.35867446393762,6.240275845170769,95.0
3301740,4.822790489008524,8.402455513945814,97.0
3301860,21.328671328671327,7.042286171939743,82.0
3301950,8.042578356002366,7.43307534889858,95.0
3302340,28.53957636566332,7.492203042618741,77.0
3302460,14.08760730794629,8.421342865759403,84.0
3302480,16.082004555808656,7.693937325509272,93.0
3302490,18.6307519640853,7.485491608030754,95.0
3302640,11.913000494315371,8.305484017727691,89.0
3302670,3.010948905109489,6.999422467507961,95.0
3302990,16.710353866317167,7.330405211844402,87.0
3303180,11.495246326707,7.053585727193677,92.0
3303240,16.27576403695807,7.942362237674335,90.0
3303330,21.563573883161514,7.752764808851328,92.0
3303850,17.024793388429753,7.098375638590786,92.0
3303930,12.496333235552948,8.134174272137903,89.0
3304040,3.903015966883501,7.43307534889858,95.0
3304050,17.09145427286357,8.112227958349724,88.0
3304140,18.77551020408163,7.580699752224563,82.0
3304230,12.552301255230123,7.422373700986824,92.0
3304350,10.17733230531997,7.167809184316444,95.0
3304410,8.564173591874424,8.37378460812088,95.0
3304590,28.594734890619204,9.50933323557383,78.0
3304740,11.791202967673556,8.235890725928495,86.0
3304760,13.554463554463556,7.80057265467065,92.0
3304830,13.31058020477816,7.759614150696903,96.0
3304890,19.00121802679659,7.403670290012373,82.0
3304980,19.80030311134885,9.325185763645223,87.0
3305520,6.564245810055866,7.672292455628756,95.0
3305550,19.08237747653806,7.559038255443384,92.0
3305580,13.475650433622416,7.312553498102598,87.0
3305820,10.789172703011818,7.872073979866873,95.0
3305880,16.615853658536587,7.179307969504034,82.0
3305940,14.06060606060606,8.324821298768782,82.0
3306060,10.310734463276836,8.17188200612782,95.0
3306080,11.482084690553746,7.113142108707088,92.0
3306240,20.451612903225808,7.346010209913293,82.0
3306260,8.674101610904584,6.693323668269949,97.0
3306720,11.083123425692696,8.181160858023409,94.0
3307170,7.251264755480608,7.994632311431825,95.0
3307230,24.76894639556377,6.9865664594064265,93.0
3307300,15.411195577055976,7.277247726631484,87.0
3307330,6.5918653576437585,6.569481420414296,95.0
3307360,17.006388804380894,8.097730573664219,88.0
3399965,9.582689335394129,6.472346294500901,95.0
3400004,3.8135593220338984,8.354203562921775,99.0
3400009,6.403688524590163,7.5766097669730375,93.0
3400022,31.430635838150287,7.232733136177615,87.0
3400024,14.738191138777005,8.60557030203365,95.0
3400070,21.00569729997523,8.30325712085294,92.0
3400073,1.5981735159817352,6.082218910376446,95.0
3400078,9.805194805194803,7.3395376954076745,95.0
3400785,8.760172331258975,7.644440761556566,95.0
3400960,20.295096195573556,8.841158975945264,81.0
3400990,11.961414790996784,7.349230824613334,99.0
3401050,10.51948051948052,7.3395376954076745,92.0
3401260,14.625397150763556,9.18574025510795,87.0
3401350,17.641824249165737,8.410720946905721,85.0
3401440,8.11554332874828,6.588926477533519,92.0
3401470,2.4456521739130435,7.517520850603031,99.0
3401500,2.514124293785311,8.17188200612782,97.0
3401530,6.1443932411674345,7.86480400332846,98.0
3401650,8.034724787587736,8.596743470174246,97.0
3401770,13.420902341519133,8.161089512845797,89.0
3401830,10.831073536449194,8.743372131273969,90.0
3401950,8.530465949820789,7.240649694255466,92.0
3402030,0.7285276073619631,7.866338923046544,95.0
3402100,8.284652150823154,7.5406215286571525,77.0
3402220,10.7286750316565,9.06958293425992,91.0
3402250,11.513702409416958,8.600982717145921,71.0
3402280,5.384795870483341,9.050640993218508,95.0
3402400,19.08983451536643,7.433666540166168,82.0
3402430,11.037792441511698,7.418780882750794,92.0
3402460,8.860759493670885,8.261268150577648,94.0
3402490,10.785288270377734,7.60688453121963,97.0
3402520,6.992417860151642,7.079184394609668,92.0
3402580,6.63109756097561,7.8724551500639794,99.0
3402640,28.422152560083596,8.94324493313279,68.0
3402670,14.265267175572518,7.647786045440933,98.0
3402730,12.914485165794066,6.35088571671474,95.0
3402800,10.395010395010395,6.175867270105761,92.0
3402820,8.968377397615344,8.257904193465674,83.0
3402850,3.8730158730158735,7.362010551259734,95.0
3402880,10.438413361169102,6.86484777797086,94.0
3402910,17.790262172284642,7.666690200080086,89.0
3403000,8.36060974469279,9.277344600756656,96.0
3403120,7.791683488090433,7.814803429489359,97.0
3403150,3.827540695116586,7.728855823852543,95.0
3403180,4.146170063246662,7.260522598089852,87.0
3403210,9.948542024013722,7.754481547470383,95.0
3403270,8.756510416666668,8.030084094267563,88.0
3403300,15.495478522984174,9.270117576012044,86.0
3403420,9.195402298850574,7.601402334583733,83.0
3403570,2.4607329842931938,8.24800570160062,99.0
3403600,2.977801840822956,7.52131798019924,95.0
3403620,19.696969696969695,7.022868086082641,93.0
3403750,5.269761606022585,6.680854678790215,95.0
3403780,7.486449864498645,7.990238185720363,95.0
3403900,9.482341557813257,8.327000740241713,86.0
3403930,4.843654199877376,8.09009578318096,86.0
3403990,6.864712966680048,7.820439515262181,95.0
3404110,9.646621202727838,8.99528899055931,99.0
3404230,17.272932670582918,9.08839870117094,79.0
3404320,5.072886297376093,8.545780648268149,95.0
3404380,12.251148545176113,7.580189417944541,94.0
3404500,6.146347638941639,9.667638628724365,95.0
3404560,10.615509761388289,8.90598676523643,96.0
3404590,12.039049689204134,10.174392167248598,82.0
3404660,13.417916186082277,7.8636512654486515,90.0
3404740,12.275449101796406,8.00836557031292,86.0
3404800,2.808249232119351,7.731492029245684,95.0
3404920,7.280873704844581,8.18060094759445,90.0
3404980,5.9121279611257345,8.504918160540624,98.0
3405310,6.8181818181818175,8.272826003650401,96.0
3405490,8.697496817988968,8.863757191604241,88.0
3405610,16.415302556556924,9.294129897705867,96.0
3405760,11.116173120728927,8.387084506069217,90.0
3405820,26.23490669593853,6.814542897259958,92.0
3405880,11.171527434503211,7.612336837167746,87.0
3405940,2.896261190100053,7.549082710812286,95.0
3405970,4.222048475371384,7.846980982138788,98.0
3406000,12.208760484622552,7.671360923190644,92.0
3406040,4.319654427645788,7.236339342754344,95.0
3406060,19.36,8.047189562170502,92.0
3406270,11.37123745819398,8.644882552557126,90.0
3406300,9.75103734439834,7.564238475170491,92.0
3406330,4.219409282700422,7.259819610363186,92.0
3406360,9.922178988326849,7.628517626575055,95.0
3406390,4.4085231447465105,7.909122183211411,95.0
3406540,14.488384465330734,9.330609204367127,91.0
3406570,14.59707484944078,8.156797046675651,94.0
3406660,8.039867109634551,7.316548177182976,98.0
3406870,3.503035964502569,7.669028288589683,95.0
3406930,4.330927262631872,7.496097345175956,95.0
3406990,6.366892160764028,7.829232537543592,87.0
3407140,11.655773420479305,6.822197390620491,94.0
3407170,10.011641443538998,7.4489161025442,92.0
3407230,4.265467429817389,8.900821604915228,95.0
3407290,12.82798833819242,8.034955024502159,87.0
3407350,8.431163287086447,7.535830462798367,92.0
3407410,8.255347593582888,8.003697339094368,97.0
3407440,9.784735812133071,7.334981878871814,95.0
3407530,11.004243281471004,8.170468578330674,98.0
3407570,9.565580618212197,7.780720886117918,98.0
3407590,4.31266846361186,7.995643604287271,94.0
3407680,16.101050068482728,8.790421306897867,78.0
3407740,13.98780487804878,9.011889433252344,94.0
3407800,6.649024148197155,8.014004994779459,95.0
3407830,13.918402843422694,10.18289800930364,79.0
3407890,10.064818149081743,8.622273667866745,91.0
3407920,8.70459218642906,7.285506548522785,87.0
3407980,10.228951255539142,7.903965634032166,98.0
3408040,5.712760277629472,7.5352967024440884,95.0
3408060,10.050761421319796,6.892641641172089,95.0
3408100,15.99205363794388,8.300776960851454,91.0
3408190,12.750263435194942,6.855408798609928,94.0
3408220,14.345760233918128,8.607399459302387,82.0
3408400,7.492195629552549,8.254268770090183,96.0
3408490,8.898116565327006,8.816260208734581,96.0
3408500,7.380607814761215,6.53813982376767,92.0
3408520,7.823310271420969,7.538494999413465,95.0
3408610,12.372322899505766,8.711113884053544,90.0
3408640,13.060130218307162,7.8674885686991285,77.0
3408820,2.0792079207920793,8.70946507906336,97.0
3408850,11.287706779111256,8.03365842788615,90.0
3408940,12.140854940434478,8.649623978596727,91.0
3409090,8.20842255531763,7.244941546337007,86.0
3409120,9.101251422070536,7.471932078245122,92.0
3409210,13.560666137985724,7.8328075165248645,94.0
3409240,7.343987823439877,7.873978379604501,97.0
3409270,11.098265895953755,9.065314599925925,95.0
3409330,7.713787085514834,7.9603236291488395,96.0
3409360,9.565217391304348,7.142827401161621,95.0
3409420,8.858267716535433,7.329093736246592,89.0
3409450,10.542476970317296,7.983098940710892,96.0
3409550,26.1519302615193,6.688354713946762,92.0
3409660,12.534690101757633,7.6787889981991535,87.0
3409750,9.488651900464864,8.204398418149381,94.0
3409990,3.237250554323725,7.720905251936779,95.0
3410020,14.327979712595097,7.768956044538332,82.0
3410050,8.720930232558139,7.6324011266014535,95.0
3410080,6.113092205807438,7.5822291942764615,96.0
3410110,4.623914635422115,9.165238398063762,96.0
3410200,6.588186699710863,8.485083137498004,99.0
3410320,18.26341463414634,8.54188580400661,85.0
3410440,20.473251028806587,6.879355804460439,94.0
3410470,9.279754810148136,8.67812085552252,92.0
3410500,4.5685997171145685,8.863615758890619,96.0
3410560,9.880059970014992,8.80537513890967,94.0
3410590,4.663981344074624,8.458928283284262,98.0
3410650,2.9883785279468733,8.192570471152173,96.0
3410710,5.34215212414144,8.27664912542186,98.0
3410720,1.962809917355372,6.875232087276577,99.0
3410740,6.237356709372892,7.994969522697877,95.0
3410810,11.827096257754652,8.516593011344206,84.0
3410980,6.584093872229466,8.434246270595311,96.0
3411010,4.850031908104659,7.356918242356021,95.0
3411160,22.603644045418537,8.239329427901795,81.0
3411220,12.004012483281318,9.101863895640099,73.0
3411280,3.137450199203187,7.60489448081162,95.0
3411310,3.5398230088495577,7.771910256435763,95.0
3411340,31.018208221626452,10.485926611111651,76.0
3411400,12.263535551206784,7.334981878871814,93.0
3411430,7.061503416856492,7.470793774195062,92.0
3411460,7.310979618671927,8.936561204693394,83.0
3411490,10.164099129269928,8.69483715865908,90.0
3411610,10.53763440860215,7.933796874815411,97.0
3411640,7.58133824432167,8.08886878916199,86.0
3411700,10.936757013789824,7.6511201757027,96.0
3411730,7.802433786685755,7.242082359256962,99.0
3411760,4.287628405538187,7.713784616598755,98.0
3411880,10.834769761142576,8.309184527686298,94.0
3411970,10.454115421002838,7.656337166430183,96.0
3411980,4.584040747028863,6.3784261836515865,95.0
3412060,6.306802533737263,8.197263371414335,95.0
3412260,5.875077303648732,7.388327859577107,96.0
3412270,7.027907924220819,8.498825534058053,89.0
3412360,11.768184506209344,7.43307534889858,87.0
3412420,4.817320703653586,8.214735833382303,98.0
3412480,5.055539732270009,8.856803356728378,95.0
3412510,4.554455445544554,7.61085279039525,98.0
3412540,15.180864333406706,9.519955154427514,79.0
3412570,12.1301775147929,7.20934025660291,90.0
3412600,14.350282485875706,6.785587645007929,79.0
3412630,0.0,8.145259566516865,98.0
3412690,25.571264178859117,10.099547635440596,85.0
3412720,23.87344199424736,6.949856455000773,77.0
3412810,15.228070175438596,8.360539381370861,95.0
3412840,17.277992277992276,7.6362696033793735,77.0
3412870,14.441774087830456,8.428799040653642,81.0
3412900,4.831144465290807,7.664815785285735,95.0
3412930,12.032537502641032,9.155461710466193,80.0
3412960,12.188149688149688,8.255308811785596,91.0
3412990,9.051724137931034,7.526178913346146,92.0
3413000,21.419518377693283,7.363913501405819,92.0
3413050,6.466289811112643,8.889170455363413,92.0
3413080,7.72005772005772,7.234177179749849,95.0
3413110,5.320366132723112,7.466227556215481,92.0
3413140,15.229007633587784,8.969541885423252,76.0
3413200,17.47483989021043,8.095293776844649,87.0
3413230,8.16326530612245,7.22402480828583,92.0
3413290,7.700690156193243,7.920446505142607,95.0
3413320,11.463414634146345,6.709304340258298,92.0
3413350,2.957151478575739,7.4127640174265625,95.0
3413410,11.097035723334178,8.280711075662847,96.0
3413530,17.42563832587523,8.242493153187626,87.0
3413560,5.718027062418158,7.736743682453495,97.0
3413590,4.710144927536232,7.9229859587111955,98.0
3413620,12.03221222169588,7.65491704784832,92.0
3413650,9.482939083106553,8.471568013389962,97.0
3413680,8.371438621174814,7.952615111651,97.0
3413750,7.747035573122529,7.142827401161621,94.0
3413770,5.885885885885886,7.417580402414544,82.0
3413800,8.618449545257688,7.744569809354496,94.0
3413830,4.112515577710521,8.633552992532433,97.0
3414010,11.921965317919076,7.232733136177615,87.0
3414280,13.138164941092468,7.937731775260109,88.0
3414310,6.234778373112518,7.627057417018934,95.0
3414340,5.561735261401557,8.18757739559151,93.0
3414400,6.422018348623854,6.8885724595653635,98.0
3414460,4.679040989945863,7.857867559331803,92.0
3414490,9.04191616766467,7.4205789054108005,95.0
3414580,8.466257668711656,6.703188113240863,95.0
3414640,10.080515297906604,8.733916174927524,92.0
3414670,6.188569348380051,8.611411866655219,96.0
3414850,6.296296296296296,7.67786350067821,95.0
3414940,10.291858678955451,6.478509642208569,95.0
3415090,9.695173581710414,7.767263996757308,95.0
3415210,5.854049719326383,9.07440609473535,96.0
3415330,8.282740676496097,8.841881989497114,94.0
3415360,6.829704742022069,8.117610746466228,93.0
3415390,11.98752228163993,7.716015266642587,87.0
3415450,13.125,7.3777589082278725,93.0
3415480,14.721163837894007,7.967973179662935,93.0
3415510,25.17263025737602,8.066521490469993,98.0
3415540,10.191846522781775,7.419380582918692,92.0
3415630,6.968486462494451,7.720017940432244,92.0
3415900,7.590511860174781,8.29529885950246,98.0
3415930,14.842767295597485,6.678342114654332,95.0
3416080,2.212885154061625,8.180320874773685,93.0
3416110,3.562686973075877,8.209852481301272,98.0
3416230,11.565893465270191,9.65265158120501,92.0
3416290,25.788983839580336,9.377463685012241,68.0
3416380,15.207485760781122,9.416541202560081,85.0
3416470,14.040660736975855,8.054522609537294,88.0
3416500,9.572839849728677,8.880029117468442,93.0
3416560,7.64163372859025,7.7306140660637395,98.0
3416710,11.124354390147,7.830822995135316,94.0
3416740,5.823927765237021,7.703007682479236,95.0
3416800,20.927264993619737,9.14889040965996,83.0
3416860,6.14702154626109,7.363913501405819,95.0
3416870,1.2841091492776886,6.434546518787453,92.0
3416890,9.523809523809524,8.132118772955806,98.0
3416970,10.465116279069768,7.498869733976931,94.0
3417070,5.445271574303832,8.889308319842847,96.0
3417100,3.7107516650808754,8.056109659545061,98.0
3417220,7.92712949286066,7.616283561580385,97.0
3417280,8.781586189642232,8.986446539271268,95.0
3417430,9.050240880935997,7.974532844130228,95.0
3417460,6.175059952038369,7.419380582918692,97.0
3417500,4.473039215686274,7.397561535524052,97.0
3417520,7.125676488274204,8.109525659752872,94.0
3417550,5.929487179487179,7.822444729489319,99.0
3417580,9.523809523809524,8.90815361332152,80.0
3417610,8.459538014379685,8.78523362361273,91.0
3417700,5.193734542456719,9.180293450623886,98.0
3417760,3.4346312124089904,8.75115798136203,98.0
3417820,6.596209912536444,7.917171988845776,98.0
3417920,15.118790496760258,6.137727054086234,95.0
3418000,18.675573627650305,8.144098463338524,89.0
3418040,3.4438775510204076,7.357556200910353,99.0
3418060,6.1440677966101696,8.459564078579602,80.0
3418120,11.831977127776556,9.52083524249312,93.0
3418150,12.669683257918551,7.344072850573066,82.0
3418300,6.225059856344773,7.133295954896068,92.0
3418330,9.286675639300135,7.303843225277705,92.0
3500010,21.668815188093284,9.744843459096531,85.0
3500030,9.392265193370166,8.695004592732307,80.0
3500060,6.762083303290312,11.32917088188439,70.0
3500110,74.85875706214689,5.869296913133774,22.0
3500120,29.862729862729864,8.258681496264236,76.0
3500150,23.12640720488903,8.042056410058754,77.0
3500160,44.476914085330215,7.444833273892193,41.0
3500180,19.33588761174968,8.272570608424903,71.0
3500210,30.68801089918256,7.984803389734406,63.0
3500240,21.397670549084857,8.008032846969307,75.0
3500300,10.920770877944326,8.854379458771108,69.0
3500390,22.713362801768103,8.67965211911394,64.0
3500570,26.527050610820247,8.989943046329998,83.0
3500690,39.9397311080204,8.369620826949102,71.0
3500900,10.723192019950124,8.19118600464279,71.0
3500990,17.707873111248563,9.334061298965942,75.0
3501080,17.678884401432597,9.482121694896287,82.0
3501110,35.611072423398326,9.349058291288005,73.0
3501170,27.39533576847429,8.177234885510194,62.0
3501260,21.011090018982912,9.211239967219019,89.0
3501500,11.011299894317537,10.11058301942873,86.0
3501560,19.639278557114228,7.311218384419629,72.0
3501650,18.12516933080466,8.213652703029998,89.0
3501680,16.8997668997669,9.057189192482008,74.0
3501740,15.727571115973744,8.204124932574041,83.0
3501890,27.909887359198997,7.781973234434385,74.0
3502070,26.168699186991866,7.584773077612199,82.0
3502100,12.752890173410403,7.92588031673756,65.0
3502250,18.200060198655564,9.207034914967457,68.0
3502310,29.81243830207305,7.613818684808629,82.0
3502370,29.654356460745372,9.37864751738456,73.0
3502430,22.541780023319085,7.8528278122817445,79.0
3502460,15.98119858989424,7.43955930913332,72.0
3502520,21.758569299552907,7.895063498091573,72.0
3600004,15.036112934996718,8.021584533455107,88.0
3600005,19.00826446280992,7.503840746698951,92.0
3600008,28.40909090909091,8.369157112588834,85.0
3600009,11.12591605596269,7.313886831633462,87.0
3600010,14.499999999999998,7.495541943884256,82.0
3600011,13.96957123098202,7.27655640271871,92.0
3600013,20.8,7.600902459542082,77.0
3600014,19.068877551020407,7.357556200910353,82.0
3600016,8.771319178558997,7.96311205897929,84.0
3600018,14.80552070263488,6.680854678790215,77.0
3600021,8.997429305912597,7.062191632286556,92.0
3600025,14.174311926605505,7.687080155783135,95.0
3600053,77.91666666666667,6.173786103901937,18.0
3600115,43.53448275862069,6.833031732786201,83.0
3600125,9.08278737343657,8.119100837637486,96.0
3601022,41.32420091324201,6.082218910376446,87.0
3601061,57.46268656716418,5.5909869805108565,22.0
3601072,24.816176470588236,6.298949246855942,95.0
3601087,23.81786339754816,7.7336835707759,82.0
3601088,20.293398533007338,6.013715156042802,92.0
3601103,30.909090909090907,5.799092654460526,82.0
3602340,13.480982185844969,7.638679823876112,92.0
3602430,12.3991195891416,7.217443431696533,82.0
3602460,26.73538765215484,9.118115427933665,64.0
3602520,17.052980132450333,7.502186486602924,87.0
3602550,13.571869216533004,7.390798521735676,92.0
3602730,10.786650774731823,7.425357887027151,92.0
3602820,22.185970636215337,7.111512116496157,82.0
3602920,9.889349930843707,7.969703583278656,93.0
3602940,18.70316063864451,8.029107054619736,74.0
3602970,35.88203167667941,8.205764725234456,68.0
3603180,4.609127880704925,7.70210434005105,92.0
3603270,15.083456062837506,9.005527777346696,88.0
3603420,16.488046166529266,7.10085190894405,92.0
3603480,23.84633969557864,8.328209491748732,81.0
3603720,11.775818639798487,7.370230641807081,92.0
3603840,15.330396475770923,8.420682291035394,94.0
3603870,12.440366972477063,8.60337088765729,91.0
3603930,15.194498173221575,8.445267451844648,88.0
3603990,21.842560553633216,7.7458682297922685,92.0
3604050,26.186131386861316,6.999422467507961,87.0
3604080,6.38080653394589,8.678801706612651,90.0
3604110,12.262841277186489,7.6783263565068856,97.0
3604140,18.50085178875639,7.984462732262196,83.0
3604290,15.7765801077903,7.621195162809845,92.0
3604710,7.799689785065366,8.414717399827001,93.0
3604740,5.426621160409556,7.982757702011113,98.0
3604870,38.96880254063142,8.585412430393381,65.0
3605280,18.05169611492686,9.856029001376427,73.0
3605310,10.938007140538788,8.033009498596668,94.0
3605340,5.574912891986063,7.268920128193722,95.0
3605460,7.396950875211744,8.17244681834278,96.0
3605580,14.547090581883625,8.111928063310739,88.0
3605640,3.766707168894289,7.406103381237015,95.0
3605850,50.692074937230416,10.343869252547853,65.0
3605940,8.58085808580858,8.016317898503415,98.0
3606060,2.9361702127659575,7.762170607138205,99.0
3606160,29.7907949790795,7.085901464365611,82.0
3606240,17.077625570776256,7.691656822810547,87.0
3606330,7.509994288977727,8.161089512845797,92.0
3606390,17.06379707916987,7.170888478512505,77.0
3606470,22.50562640660165,7.195187320178709,92.0
3606500,11.76470588235294,7.2875606403097235,95.0
3606540,8.24598183088749,7.266128779556451,87.0
3606570,8.49355074227306,8.32093496888341,90.0
3606630,15.60549313358302,8.07215530818825,87.0
3606720,26.65745856353591,7.277938572945661,92.0
3606780,9.75609756097561,7.268920128193722,95.0
3606840,11.565495207667732,7.355641102974253,87.0
3606870,32.51088534107402,8.93313654381203,85.0
3606900,21.56201349247535,8.256866848974312,87.0
3606990,4.618632884666138,8.239857411018601,97.0
3607020,9.247163973874184,7.975564658495202,95.0
3607230,19.156736938588452,7.687997166393016,82.0
3607260,13.683527885862516,7.340835554123275,95.0
3607290,12.404467960023515,7.438971592395862,92.0
3607320,9.065315315315315,7.4821189235521155,92.0
3607470,14.76407914764079,7.58629630715272,87.0
3607530,8.761016070502851,8.257904193465674,90.0
3607590,9.364241450539362,8.379539026117442,96.0
3607980,25.095602294455063,7.645875825184813,82.0
3608010,8.00457404230989,7.466799475018602,95.0
3608130,5.897686542847834,8.722254235179681,98.0
3608160,9.46643717728055,8.667335849845957,93.0
3608310,14.29723734623916,8.508959386489133,90.0
3608400,17.862311350010337,8.484049972822984,83.0
3608430,11.996191685179308,8.055475141757274,93.0
3608460,21.62849872773537,7.765569081097317,87.0
3608490,19.27710843373494,7.191429330036379,92.0
3608580,4.228855721393035,7.382746449738912,95.0
3608790,18.943894389438945,7.323170717943469,87.0
3608880,16.43238002908386,8.325063693631197,89.0
3608970,16.96026218762802,7.80016307039296,87.0
3609030,15.853658536585366,7.4977617006225685,92.0
3609090,11.415362731152204,7.941651252930556,95.0
3609120,8.28804347826087,7.294377299288821,95.0
3609210,22.27204783258595,7.198931240688173,82.0
3609330,12.647671994440584,7.271703706887368,72.0
3609420,24.553786782440906,7.636752112435779,77.0
3609540,6.0622914349276975,7.494430215031565,95.0
3609630,11.742800397219463,8.301025253838453,96.0
3609660,14.78021978021978,7.506591780070841,82.0
3609690,16.591203104786544,8.036573409707312,91.0
3609720,12.807486631016044,8.226840890408578,93.0
3609840,11.266215454032713,8.866722667194098,97.0
3609990,15.660542432195976,8.14002395246292,93.0
3610050,5.6304985337243405,7.4413203897176174,95.0
3610080,6.938900828983726,8.088561805276234,93.0
3610170,11.2,7.226209010100671,92.0
3610200,3.813769192669638,7.610357618312838,95.0
3610500,35.47361729179911,7.360739903058278,82.0
3610560,32.06043499916985,8.70334075304372,68.0
3610680,9.347925216598266,7.693025748417888,96.0
3610710,25.37628729865329,8.239329427901795,86.0
3610890,8.088737201365188,8.675904882571059,96.0
3610950,32.03463203463203,7.234177179749849,67.0
3610980,13.62339514978602,8.631949428714426,90.0
3611520,11.032258064516128,7.346010209913293,92.0
3611550,21.740408643245622,8.825118970345061,79.0
3611670,9.598494353826853,8.47261414801827,90.0
3611700,28.68949232585597,8.127995055771946,83.0
3611760,5.488276217469725,8.263848131368906,97.0
3611880,13.311769096790249,8.2987883944492,80.0
3611910,14.40329218106996,7.284820912568604,87.0
3611970,23.556370302474793,7.687997166393016,82.0
3612180,23.90963288358958,8.066835314417336,76.0
3612240,17.609444171175603,7.617267813628347,87.0
3612270,42.37668161434978,7.892078421248119,66.0
3612330,11.601250434178532,7.965198290612176,89.0
3612360,20.719602977667495,7.385230923066573,77.0
3612450,18.48030018761726,6.97166860472579,82.0
3612510,6.566368907694718,8.761080103868347,94.0
3612630,19.182156133828997,9.283590833715776,91.0
3612720,15.92128801431127,7.0192966537150445,87.0
3612990,8.0466472303207,7.44716835960004,92.0
3613080,9.299917149958576,8.482187582217422,94.0
3613290,10.953718402735376,9.010547069270189,94.0
3613350,7.739938080495357,8.175547596021026,92.0
3613530,7.900999524036173,7.650168700845001,92.0
3613590,30.47149894440535,7.259116128097101,82.0
3613620,6.799871092491137,8.04012466444838,98.0
3613740,4.780542353927872,8.182279739259018,99.0
3613950,5.166051660516605,7.3938782901077555,95.0
3613980,8.078476630121177,8.150756470275551,95.0
3614010,12.512664640324214,8.974111581113318,83.0
3614130,41.59280500521376,8.945332616563274,41.0
3614190,8.879310344827585,7.749322464660356,95.0
3614280,3.480453972257251,8.285261134068948,97.0
3614340,16.33339562698561,8.585038738311304,89.0
3614400,16.917728852838934,7.453561871643373,95.0
3614430,19.904761904761905,6.956545443151569,92.0
3614460,0.2785515320334262,7.269616749608169,94.0
3614580,15.63400576368876,7.23561914106675,92.0
3614640,10.40554962646745,7.535830462798367,92.0
3614700,6.064814814814815,7.67786350067821,95.0
3614730,12.364425162689804,6.826545223556594,92.0
3614760,15.112262521588946,7.05444965813294,82.0
3614820,16.28764597418562,7.394493107219038,87.0
3614850,12.925827494563904,8.328209491748732,86.0
3614940,20.410490307867732,7.469654172932128,77.0
3614970,23.489649345162658,7.769378609513984,77.0
3615090,20.70035460992908,8.414495793177895,93.0
3615180,24.05537929045284,8.151044945685024,79.0
3615210,10.4959630911188,7.458186157340487,87.0
3615300,20.31374634405743,8.232440158470336,92.0
3615360,7.510241238051889,7.69484807238461,96.0
3615390,11.455713886560492,8.182838710766026,93.0
3615450,6.594036697247706,7.463936604468925,95.0
3615510,6.887177163570457,7.699389406256737,95.0
3615540,14.29079274795592,7.9420068084898565,97.0
3615570,16.77298311444653,8.58110651715989,86.0
3615630,37.715831079675475,8.47782846789396,75.0
3615780,17.337917485265226,8.311889558230359,90.0
3615810,7.276918011195259,8.01862546504575,98.0
3615900,27.15340442986054,7.798933310041217,82.0
3615980,25.42841348811498,7.500529485395295,77.0
3615990,22.58064516129032,7.195187320178709,82.0
3616080,5.132019338043882,7.896924656268864,99.0
3616170,14.297124600638975,7.132497551660044,87.0
3616230,12.668790775299652,8.79346036105272,87.0
3616260,7.256020278833968,8.057060681965766,96.0
3616290,29.673306772908365,8.744328763999984,81.0
3616440,38.01611278952669,7.593877844605118,67.0
3616560,19.791666666666664,7.742402021815782,89.0
3616620,6.0402684563758395,8.641532465671846,94.0
3616680,5.741626794258373,8.63817111796914,96.0
3616740,37.650844730490746,7.818430272070656,77.0
3616830,28.00471327572663,7.842278779117352,82.0
3616980,17.402164862614487,7.0909098220799835,87.0
3617160,6.109049386240365,8.854522203757432,94.0
3617190,9.746192893401014,7.585788821732034,92.0
3617220,36.27741553052756,7.430707082545968,72.0
3617380,10.964681075382185,8.646641258603124,91.0
3617520,15.931093394077449,8.857088135314953,86.0
3617640,13.057961359093936,7.313886831633462,95.0
3617670,21.249135745563493,8.37539918579835,88.0
3617700,15.60798548094374,7.410347097821024,95.0
3617730,17.284595300261095,8.250620082174692,91.0
3617910,6.526390870185448,7.938802248154481,93.0
3618120,7.541696881798404,8.327726166461412,95.0
3618150,14.3879173290938,7.830425617820331,92.0
3618180,15.854175498092411,7.765993079407675,87.0
3618210,11.50483202945237,7.6838639802564295,92.0
3618240,7.067453927357309,8.628555659269699,92.0
3618270,4.7313797313797314,8.09437844497296,99.0
3618330,7.12594696969697,8.348537825386098,95.0
3618480,10.219435736677116,7.374629015218945,95.0
3618570,20.395088093966898,7.5352967024440884,92.0
3618600,19.86725663716814,7.723120092266331,87.0
3618630,10.76923076923077,8.837826364007704,97.0
3618660,18.78095238095238,7.872836175025724,83.0
3618690,26.906293063849336,9.071997422354437,83.0
3618960,14.89222730241672,7.333676395657684,87.0
3619020,10.05983545250561,8.584477938221834,95.0
3619170,20.801158301158303,7.6362696033793735,87.0
3619200,9.492999575731863,9.151439264056021,91.0
3619230,20.28652668416448,9.120853205474647,85.0
3619320,24.178403755868544,8.887652690325586,81.0
3619410,9.153581003446956,7.8674885686991285,93.0
3619500,9.723679608254637,7.958227192322312,95.0
3619560,16.982687551525146,8.19946419761216,93.0
3619650,9.53229398663697,8.815073088844464,94.0
3619680,16.92124105011933,8.340456012916183,93.0
3619740,34.82483524106833,7.9665866976384025,78.0
3619950,8.902077151335313,8.304989580140361,91.0
3620040,10.812003530450133,7.725771441587952,95.0
3620100,27.640955119389925,8.987071812848821,69.0
3620160,9.442491210447011,7.596392304064196,95.0
3620190,8.982584784601283,7.687997166393016,92.0
3620340,12.893946973486743,8.98669669562029,96.0
3620370,7.825736183945139,7.8156105320351905,99.0
3620460,17.59557807461999,7.682943169878292,92.0
3620490,18.374218374218373,9.249080200292113,81.0
3620640,20.13986013986014,7.6708948313621175,87.0
3620670,14.49525452976704,7.055312843339752,92.0
3620700,22.34090297100799,9.318387276059317,74.0
3620760,13.536828135368282,7.317876198626496,95.0
3620820,56.56263360410432,8.85609105525229,69.0
3620850,15.073947667804324,8.165079258805068,89.0
3620880,7.41171003717472,8.36730010184162,95.0
3620910,17.2874671340929,8.425954710981966,92.0
3621000,8.24832922968695,8.645762292210945,93.0
3621210,17.11947254745936,9.082166033252674,88.0
3621240,17.59618252311363,8.117610746466228,85.0
3621250,15.282880235121237,7.215975002651466,92.0
3621270,8.242787560884226,8.58260632996447,94.0
3621330,17.348608837970538,7.513709247839705,82.0
3621480,13.128585892676345,7.993957547573565,86.0
3621570,7.841031149301826,8.628018746505122,94.0
3621720,16.023166023166024,7.6362696033793735,82.0
3621780,18.039443155452435,7.452402451223638,87.0
3621840,17.595541401273884,7.135687347028144,87.0
3621900,7.463321284286625,8.455955881945048,94.0
3622020,7.403008709422012,8.527539483470381,78.0
3622050,27.130720745409704,8.202208436436448,76.0
3622290,12.890874282067646,7.356918242356021,92.0
3622380,13.297587131367292,7.5310163320779155,87.0
3622470,17.040654699049632,8.932740634865914,88.0
3622560,5.047189167008617,7.798523053625206,95.0
3622650,10.101302460202604,8.14757773620177,68.0
3622680,4.953560371517028,7.9748769005588755,99.0
3622710,6.5015479876160995,8.416709652837914,97.0
3622740,15.196441808747222,7.207118856207756,82.0
3622830,17.138523761375126,7.589841512182657,87.0
3622890,13.765718067504965,7.32052696227274,92.0
3622920,24.971623155505107,7.474204806496124,87.0
3623010,18.920510304219825,8.536014945656826,89.0
3623160,5.853139411138701,8.637284671674058,96.0
3623190,10.634015431063402,8.000014093678072,94.0
3623220,3.562753036437247,8.505120610181969,96.0
3623280,22.685435841905793,7.52131798019924,82.0
3623310,6.485849056603773,7.4360278163518485,95.0
3623460,14.950237992211164,8.438582790834326,84.0
3623490,5.9192825112107625,7.016609683894219,95.0
3623520,29.059150456530368,7.831617276352611,81.0
3623580,7.678244972577697,8.607033895416027,92.0
3623760,41.510318949343336,8.357962965845681,67.0
3624000,5.7036577805331685,7.385851078125209,92.0
3624030,12.251756798044608,8.09346227450118,90.0
3624150,18.494623655913976,7.528331766707247,82.0
3624240,10.884353741496598,7.555381944240273,82.0
3624480,14.54898157129001,6.93828448401696,92.0
3624630,3.646833013435701,7.354362330421477,95.0
3624690,22.582998905508937,8.60922527686273,80.0
3624750,49.136480058543725,10.215740278922114,57.0
3624780,9.99162712810494,8.183955717304954,98.0
3624840,13.344262295081968,8.022896869601457,95.0
3624900,28.722073279714028,8.629628620746026,79.0
3624960,25.438596491228072,7.569411792450712,87.0
3624990,32.04791118901548,8.138272638530186,70.0
3625050,8.839427662957075,8.05356916913454,97.0
3625140,11.421911421911425,7.160069207596127,92.0
3625170,12.068303914044511,8.558718938244736,92.0
3625260,6.449686473574201,8.116417072794205,97.0
3625290,3.2439176543980035,7.3796321526095525,95.0
3625350,9.6771714066103,9.47347357150655,92.0
3625740,14.814814814814811,7.080026499922591,92.0
3625770,14.314864228535551,8.759511722116487,92.0
3625800,13.14851485148515,7.83399634170946,82.0
3625920,7.872412623006447,7.988542982737695,97.0
3625950,7.046979865771812,8.469682208745185,99.0
3625980,12.044817927170868,7.487173694213739,87.0
3626010,36.92274952117472,9.14825217966276,62.0
3626160,14.96556042579837,7.3758821482150125,92.0
3626310,14.736421725239618,7.825644732219989,87.0
3626370,11.749049429657797,7.874739125171811,97.0
3626400,4.973118279569892,7.710653323501202,95.0
3626520,7.272065072235037,9.016391478941248,94.0
3626670,7.476064371562437,9.191972714617998,92.0
3626700,20.0749063670412,7.19668657083435,82.0
3626760,14.613778705636744,7.557994958530806,92.0
3626840,6.853725850965961,7.684324067681155,98.0
3626940,8.838568298027758,7.221835825288449,95.0
3627000,18.367346938775512,7.187657164114956,87.0
3627060,13.049357674104126,9.090880931938855,96.0
3627150,26.580557443915705,7.293697720601438,92.0
3627180,5.250913924891991,8.009363076630045,98.0
3627210,14.389084143063885,8.484049972822984,92.0
3627240,14.035087719298245,8.032035314398824,85.0
3627300,14.883563955450557,8.68710472813351,91.0
3627450,7.348029392117568,8.004365564979574,92.0
3627540,11.022044088176353,6.905753276311464,87.0
3627660,11.847988077496275,7.201916317531627,92.0
3627780,9.56043956043956,8.199738960630786,89.0
3627810,20.60318161732214,9.110741006753427,59.0
3628050,6.791232482932087,7.931284761525891,95.0
3628200,4.517286366601435,8.721276239991704,97.0
3628320,17.34050011684973,8.361474616416817,95.0
3628380,15.904821540388228,7.3758821482150125,87.0
3628500,19.74921630094044,8.06777619577889,91.0
3628560,4.129291679554593,8.774312958285378,98.0
3628590,42.20617768002295,9.948174070158535,64.0
3628620,28.591749644381224,7.2485040723706105,82.0
3628650,14.80932987782303,7.901377353792616,92.0
3628740,17.795637198622273,7.462789157412448,87.0
3628950,42.37881059470265,8.294549515143679,86.0
3629280,24.524221453287197,8.844480518460378,81.0
3629370,33.66306954436451,9.211140052146748,69.0
3629400,5.358385525400139,7.270312886079025,95.0
3629520,4.738598442714126,8.410720946905721,94.0
3629610,12.57918552036199,8.106212902619962,89.0
3629640,8.2752417360018,8.399984990510696,94.0
3629790,21.083505866114564,7.971776122880628,88.0
3629850,6.318006318006318,7.954723334497908,98.0
3629880,17.2378752886836,9.28961355287069,90.0
3629970,13.039748355733485,8.159660737063376,94.0
3630030,17.45792514443607,8.289288323000317,97.0
3630120,27.553562531141008,8.297543529356284,72.0
3630210,22.389181066867017,7.193685818395112,77.0
3630270,24.792332268370608,7.355641102974253,77.0
3630330,10.787437414656347,7.69484807238461,92.0
3630360,8.113252438734238,9.036701015565063,96.0
3630540,11.2151964610981,8.254008590564844,92.0
3630630,12.49450065992081,8.422003004412488,91.0
3630660,14.89136195018548,7.54274354536855,87.0
3630690,5.180608365019011,8.344742754417545,97.0
3630780,18.201284796573873,8.785386587284156,85.0
3630960,16.38012469299074,8.574140471857987,83.0
3631020,7.813378302417089,7.483806687665835,92.0
3631260,15.839909808342728,8.867286523989415,89.0
3631320,12.146263910969791,8.05356916913454,92.0
3631380,19.25287356321839,7.238496840894365,77.0
3631470,5.932543665930536,9.20653313363323,95.0
3631560,16.341030195381883,7.026426808699636,82.0
3631710,9.59311941779689,8.014004994779459,97.0
3631800,36.19763694951665,7.934871565945177,67.0
3631920,23.563196674853582,10.183578384292089,86.0
3631980,6.5078442765833815,8.143807976771484,96.0
3700011,18.174478141000392,10.83525785525867,82.0
3700012,13.011756858167264,10.085225605791667,85.0
3700030,19.725446041919277,10.047241516180824,81.0
3700062,4.381694255111976,7.627544390488503,95.0
3700064,4.619422572178477,7.552237287560802,95.0
3700069,5.466830466830467,7.395107546562485,95.0
3700090,9.453530115676106,8.519989278718239,85.0
3700097,15.221238938053098,6.336825731146441,95.0
3700112,7.1680376028202115,7.43955930913332,95.0
3700120,14.444444444444445,7.272398392570047,92.0
3700127,12.116443745082613,7.147559271189454,77.0
3700128,1.8094089264173705,6.720220155135295,92.0
3700135,4.322344322344322,7.21890970761906,95.0
3700139,5.56792873051225,7.205635176410364,92.0
3700145,3.388918773534158,7.527793987721444,95.0
3700180,27.427547057066032,8.115819701211327,84.0
3700210,9.60655737704918,8.022896869601457,87.0
3700240,9.071180555555555,8.435549202375727,93.0
3700270,14.679695982627578,8.434897948689407,89.0
3700300,16.91566265060241,7.637716432664798,92.0
3700317,11.00070972320795,7.25063551189868,95.0
3700330,16.971935007385525,8.820256365906321,83.0
3700334,6.858846918489066,6.913737350659685,87.0
3700360,17.60104302477184,7.741099090035366,84.0
3700390,14.89977728285078,8.4096079807363,89.0
3700420,18.26984126984127,9.441452092939569,84.0
3700450,13.258080639786735,10.086142387120203,88.0
3700480,10.431334466294407,9.42197798310419,88.0
3700530,11.23775491343725,10.387825453465016,89.0
3700580,16.274343776460626,9.376701909191407,89.0
3700600,12.05141938939475,7.532088143541722,82.0
3700630,14.362592681176752,9.03145291191651,85.0
3700660,20.81312942931742,7.893945138235959,84.0
3700690,13.017968463513018,9.702716852073644,92.0
3700720,10.11264290517821,9.383957488139991,90.0
3700750,8.930747922437673,9.107753783201082,86.0
3700780,17.49331749331749,8.121777419161074,92.0
3700840,13.47482724580454,7.613818684808629,87.0
3700870,13.447251114413076,7.204892510204673,87.0
3700900,15.541257628018045,9.620859354387026,88.0
3700930,11.387900355871883,8.036249942132116,84.0
3700960,17.878225670433462,8.687610843707368,81.0
3701080,12.015693967631192,8.3133619511344,87.0
3701110,19.170297404811517,8.571491964823617,91.0
3701140,7.9139695134683645,9.8603712614625,88.0
3701170,11.253862416653114,8.724044745953469,87.0
3701200,14.14364640883978,9.205830216498297,81.0
3701260,18.3242953340087,10.421149753561107,81.0
3701320,20.63596131781675,8.716207971151853,77.0
3701500,19.9949671064457,10.926549804133506,84.0
3701530,16.59786304031083,9.01627006814768,86.0
3701620,17.26418921027177,10.375021260613996,86.0
3701680,20.190589636688504,7.425953657077541,92.0
3701770,21.82572614107884,7.094234845924755,87.0
3701800,15.064018813692186,8.942983665985647,81.0
3701830,13.43526350032531,8.03073492409854,95.0
3701920,17.757443321496858,11.201223886674228,89.0
3701950,25.618576322801673,7.87359778968554,70.0
3702010,15.4776299879081,9.936680519891892,86.0
3702040,9.71898560657985,8.894944460956886,85.0
3702100,11.190000739590268,9.511999311358759,91.0
3702160,26.534788540245568,7.983440063006542,86.0
3702190,18.682097307510627,8.350902451694811,91.0
3702250,15.817754393820666,9.09750756370184,82.0
3702310,12.894248608534324,9.927301730635383,89.0
3702340,23.128119800332776,8.190354403763262,92.0
3702370,12.135721951622225,10.500646823684912,92.0
3702430,20.258780036968577,8.596004371840527,86.0
3702560,11.470414782779631,9.22759072538271,89.0
3702610,17.295813315030887,9.07589427542326,85.0
3702640,15.850963056520367,8.06054004653864,92.0
3702680,12.771525778591991,9.34687973611501,90.0
3702760,15.022522522522522,8.39840965542627,91.0
3702820,15.43859649122807,7.731930721948486,87.0
3702880,17.005721551176098,8.053887083618223,70.0
3702940,15.689825485676652,8.711772645605693,85.0
3702970,14.653813264924375,11.916308406874068,85.0
3703000,9.96230479267636,7.526717561352706,87.0
3703060,16.744875277846383,8.30622521603216,90.0
3703090,12.362723564480705,9.453129675537227,89.0
3703120,10.280834291345048,8.714239143608575,91.0
3703210,13.768115942028986,7.412160334945205,87.0
3703270,18.665187891440503,9.637436500210642,83.0
3703310,15.716114350732472,9.551231402759107,86.0
3703330,14.598845160309985,10.178236349576009,86.0
3703360,15.441890579475558,8.035602692918582,91.0
3703420,28.448275862068968,7.461640392208575,62.0
3703450,15.200510184942043,10.190807059268902,89.0
3703480,12.83458244111349,8.918917979908679,86.0
3703510,19.796557120500783,7.15305163493748,87.0
3703540,21.102895871842268,8.085178748074537,83.0
3703570,18.54381172515234,9.160940021681055,89.0
3703600,19.64504283965728,7.3987862754199485,92.0
3703630,15.726076288199868,8.40804774415544,87.0
3703720,11.487088156723065,7.716906135298388,92.0
3703780,12.116546251332466,9.734240155229445,89.0
3703870,13.5678391959799,8.904222737368716,81.0
3703900,17.834606443042176,8.010027528481734,80.0
3703930,25.112676672646916,10.036837678732885,86.0
3703990,20.26949775418538,9.412872969386267,86.0
3704050,18.65170895365905,9.856186279418115,84.0
3704080,18.315814908783377,9.021235862885396,84.0
3704140,16.949575636545184,8.988695696785708,83.0
3704200,19.08276225619399,8.646641258603124,87.0
3704320,12.684862330167126,9.026056891868688,89.0
3704380,16.70827092694292,8.701013624333928,83.0
3704410,14.03356121814792,8.992806059426483,92.0
3704440,22.854387656702023,7.637234388789473,77.0
3704500,16.828342471531,7.771067086065406,82.0
3704530,16.647264260768335,8.142063283104147,86.0
3704620,8.96464040685122,10.637920620001616,93.0
3704650,24.90718321226796,8.731497794063243,82.0
3704720,11.5468248541632,11.997442020384897,89.0
3704740,30.02341920374707,7.666221925662725,72.0
3704800,14.83957219251337,7.310550158534422,72.0
3704830,10.796192124621376,8.438582790834326,90.0
3704880,18.250788053641077,9.837187480778896,83.0
3704920,19.045553145336225,7.742835955430749,92.0
3704950,11.017816915830432,9.186662244621605,88.0
3705020,13.937462313722111,9.359535938338036,78.0
3705040,11.68930552898412,8.561592778712923,88.0
3705070,17.68128916741271,7.711548979629146,92.0
3800014,8.464395795463526,9.445649620189263,89.0
3800021,7.1328671328671325,7.6708948313621175,87.0
3800038,10.388159731918458,8.183397369998433,91.0
3802530,27.958833619210974,7.466799475018602,82.0
3805040,15.352449223416963,7.422971251049421,87.0
3806780,12.415406466705656,9.39007525287337,84.0
3808130,14.814814814814811,8.941283763647567,86.0
3811820,12.16253067902918,8.207129168071326,79.0
3813030,11.753605607224692,8.911799556189527,86.0
3819410,6.89720511605874,9.264354960282422,87.0
3819880,21.381011097410603,8.307705966549513,84.0
3900042,15.492957746478872,6.208590026096629,92.0
3900094,10.478607686729514,7.922261058353247,92.0
3900151,18.25153374233129,6.480044561926653,32.0
3900180,19.54344783030042,9.13637085177601,56.0
3900203,77.71535580524345,6.97354301952014,24.0
3900237,82.86516853932584,5.87493073085203,12.0
3900250,25.427819218955683,8.42463920980563,72.0
3900252,86.652977412731,6.18826412308259,38.0
3900488,24.015748031496063,5.537334267018537,34.0
3900530,31.05022831050228,6.48768401848461,47.0
3901450,84.87972508591065,6.771935555839602,21.0
3904348,27.707581227436823,9.900683625203394,78.0
3904349,19.561068702290076,8.053251153549096,85.0
3904350,13.62219451371571,8.073402968986406,87.0
3904351,26.357056694813032,8.106514516255185,72.0
3904352,19.420068676077832,7.8713112033234065,90.0
3904353,29.04761904761905,8.237479288613633,69.0
3904354,5.059646236116825,7.796057974316123,98.0
3904355,9.362549800796812,7.317212408359839,95.0
3904358,16.18596642272923,7.750614732770409,87.0
3904359,10.81081081081081,7.599901959208498,92.0
3904360,15.339329517579722,8.718500048121273,92.0
3904362,11.008403361344538,7.77485576666552,95.0
3904363,5.723426946320654,7.9420068084898565,90.0
3904364,6.60676532769556,8.238536930171769,95.0
3904365,19.721577726218097,7.164720378771857,92.0
3904366,8.002958579881657,8.81877816903701,96.0
3904367,14.186691312384472,7.679713639966372,92.0
3904368,19.547169811320757,7.1891677384203225,87.0
3904369,23.029472241261136,7.285506548522785,82.0
3904371,26.7790934098792,9.031333316150057,78.0
3904373,8.636085626911315,9.008835995765454,91.0
3904374,30.618664802516605,7.95892649305011,80.0
3904375,36.97562924490611,10.464302621047032,74.0
3904376,22.09462563160312,7.685703061234547,92.0
3904377,16.347177848775292,7.537962659768208,92.0
3904378,37.43969630664593,10.543576724621428,75.0
3904379,28.61014324428959,8.549853973655786,85.0
3904380,47.49329275617667,10.81869770079004,73.0
3904381,19.91701244813278,7.430707082545968,82.0
3904382,12.176165803108807,7.342131730584722,87.0
3904383,16.259826230864707,8.483429561263428,80.0
3904384,36.912647081742385,9.459775257244461,67.0
3904386,12.010443864229766,8.027476530860483,91.0
3904387,12.671836446951003,8.643649615368796,93.0
3904389,8.529411764705882,7.908387159290043,90.0
3904390,51.99449793672627,7.687538766201629,66.0
3904391,27.89620018535681,7.67693714581808,87.0
3904393,11.28463476070529,7.59337419312129,92.0
3904394,25.123940508555897,8.740816627567298,85.0
3904395,40.76305220883534,8.513185170018698,70.0
3904396,22.81798509257033,8.33302993974291,90.0
3904397,7.58082497212932,7.492203042618741,92.0
3904399,18.81081081081081,7.52294091807237,87.0
3904400,16.453508468717594,7.970049304976135,94.0
3904401,17.938352703385547,8.28349412616251,92.0
3904402,15.765247410817032,7.460490305825338,92.0
3904403,14.64746772591857,7.607878073278507,87.0
3904404,34.456313338811285,8.202756381655638,86.0
3904405,22.28215767634855,7.787382026484701,86.0
3904406,24.98543972044263,7.448333860897476,95.0
3904408,26.26346313173157,8.19450550976564,88.0
3904409,12.624057165541885,7.831617276352611,88.0
3904410,25.322190898107127,9.203517146628057,78.0
3904411,16.162790697674417,7.450079569807499,87.0
3904412,18.535564853556487,7.779048644925556,92.0
3904413,8.521870286576169,7.189922170745808,95.0
3904415,20.833333333333336,7.793174347189205,90.0
3904416,17.166560306317805,8.050065422915965,91.0
3904418,7.813917325385512,8.951180966457603,89.0
3904419,9.996041171813143,8.527539483470381,86.0
3904420,19.18953011668243,8.754949455098293,89.0
3904421,7.244805781391148,8.618846845142738,97.0
3904422,31.392876129718232,8.232706009860976,65.0
3904424,18.655762841809352,8.272059622210412,86.0
3904425,21.676029962546817,7.666690200080086,82.0
3904426,47.571189279732,8.789812386190972,65.0
3904427,8.88888888888889,8.411832675758411,92.0
3904428,3.642172523961661,7.355641102974253,95.0
3904429,29.51683748169839,8.13593277200489,77.0
3904430,41.11804767309875,8.16735198705607,92.0
3904431,8.799048751486325,7.427738840532894,95.0
3904433,27.157417893544732,8.392763113038061,82.0
3904434,22.664835164835164,7.283448228756631,87.0
3904435,24.95364238410596,8.236155661683124,91.0
3904436,8.252221752010156,7.767687277186908,94.0
3904437,14.610559330893883,8.249575150000199,91.0
3904438,11.813594538438704,8.815518423966498,95.0
3904439,12.467992909198346,8.532475814947395,93.0
3904440,28.22288682512199,8.756682421266532,83.0
3904441,28.11045609680422,8.078067881815437,76.0
3904443,6.793118659020732,7.726212650507529,87.0
3904445,24.289818065751675,8.742893471512136,80.0
3904447,19.06392694063927,7.468513271496337,77.0
3904448,14.128321451717436,8.034631032923107,85.0
3904449,29.475509319462507,7.7437032581737535,87.0
3904450,8.18117144889732,8.34687925374656,95.0
3904451,34.41518677281078,7.398174092970465,77.0
3904452,13.170347003154577,8.24380842366528,89.0
3904453,12.0,8.281470857895167,93.0
3904454,7.504277682718162,8.316544717929398,95.0
3904455,14.122287968441816,7.837948916025283,92.0
3904456,14.588760699665054,7.8961806086154915,94.0
3904457,28.333333333333332,7.590852123688581,82.0
3904458,4.408241494968855,7.643482907077201,95.0
3904460,12.43257820927724,8.218247926685745,86.0
3904461,11.917443408788282,7.31455283232408,87.0
3904463,20.250022165085557,9.330697868639916,88.0
3904464,20.631747301079567,7.824445930877619,76.0
3904465,13.2438739789965,7.446585099157725,92.0
3904467,22.064537928704173,8.685922794690725,83.0
3904468,18.543046357615893,7.907651594711089,74.0
3904469,23.182957393483708,7.3752557780097545,92.0
3904470,4.613038505528022,7.872073979866873,96.0
3904472,7.546226886556721,7.601402334583733,87.0
3904474,22.072348252605764,8.09009578318096,82.0
3904475,13.877633711507292,8.504310565585223,93.0
3904476,12.709832134292563,7.419380582918692,87.0
3904479,15.899581589958158,8.11552088154677,82.0
3904480,23.478064224332883,10.003785273851491,87.0
3904481,32.53673945886554,8.893023494394711,66.0
3904482,10.260457774269929,7.837554360881084,95.0
3904483,12.840393343419064,8.573195381531523,91.0
3904484,9.58544363158882,8.581294116822761,91.0
3904485,18.978494623655916,7.528331766707247,92.0
3904486,7.170506912442397,8.59877317840866,94.0
3904487,9.167421986274764,8.951958168569265,89.0
3904488,11.429776465626318,7.771067086065406,95.0
3904489,12.72189349112426,7.902487437162855,91.0
3904490,26.479237212618074,10.018778596870863,68.0
3904492,12.25613954555887,8.379539026117442,93.0
3904493,8.295006570302235,8.714074899541522,96.0
3904494,17.74436090225564,7.598399329323964,77.0
3904495,8.127673576834486,8.019283792916793,92.0
3904498,13.292761050608584,8.046229101075378,80.0
3904499,35.389803610394765,8.525359754082631,76.0
3904500,34.64285714285714,7.426549072397305,87.0
3904502,26.01568068424804,7.246368080102461,87.0
3904504,12.48570467541204,9.606764735432199,87.0
3904505,17.371020856201977,8.200837258379849,83.0
3904506,7.859388396684768,8.160232492367689,93.0
3904507,24.536905101168426,8.163086375583216,73.0
3904508,15.007656967840736,7.174724309836376,92.0
3904509,17.205692108667527,7.343426229147367,92.0
3904510,14.733133237635393,8.944158830970403,87.0
3904511,12.916962384669976,7.943782692458625,85.0
3904513,9.780621572212066,9.194820560318146,90.0
3904514,7.731694828469022,7.577121930876679,95.0
3904515,20.425333021734048,8.361474616416817,75.0
3904516,43.85733157199472,8.575273402492762,85.0
3904517,24.188415022278804,8.052614818815567,87.0
3904519,11.047928513403736,8.214194414852564,94.0
3904524,20.495185694635488,7.282073658093465,92.0
3904527,15.970772442588729,7.557994958530806,92.0
3904528,7.51730959446093,7.611842399580417,95.0
3904529,25.806451612903224,7.195187320178709,95.0
3904531,3.770848440899202,7.229113877793302,95.0
3904539,7.673764564081961,7.819636302367592,98.0
3904540,10.76842655514898,7.556427969440253,92.0
3904542,12.778065183652354,7.566828479208331,95.0
3904543,6.413418845584608,7.614312146452,95.0
3904547,12.18895800933126,8.545586265917455,94.0
3904549,10.649350649350648,8.948975607841776,95.0
3904550,9.69300296088515,8.766705997750515,98.0
3904551,12.642905178211164,7.304515946460155,87.0
3904555,14.080338266384778,7.768533300926033,87.0
3904557,8.83367839889579,7.278628942320682,92.0
3904558,7.241969207375024,8.568076401730806,94.0
3904560,13.71571072319202,7.38025578842646,92.0
3904561,7.405857740585773,7.779048644925556,92.0
3904563,2.137404580152672,7.177782416195197,95.0
3904564,8.769307424015944,7.604396348796338,87.0
3904576,9.967672413793103,7.526178913346146,87.0
3904577,15.610952186350632,7.802618063442671,87.0
3904579,9.7319587628866,7.793586803371584,89.0
3904585,17.401129943502823,7.478734825567875,92.0
3904586,12.928759894459102,7.036148493750536,92.0
3904587,13.937058445728969,7.350516171833998,92.0
3904588,15.569395017793594,7.024649030453636,87.0
3904590,14.608150470219435,7.374629015218945,87.0
3904599,11.865373645179693,7.469083884921234,92.0
3904601,17.99307958477509,7.275864600546533,92.0
3904606,13.195342820181114,8.036573409707312,83.0
3904609,19.416416689391873,8.207129168071326,92.0
3904610,14.929951937825953,9.187992508312275,90.0
3904611,7.435753842324684,9.68477168454907,94.0
3904612,13.031914893617024,7.315883504509785,92.0
3904614,9.292502639915522,7.951911381854188,97.0
3904615,11.70177198261451,8.003363058629947,89.0
3904619,10.5774419859687,7.52456122628536,87.0
3904623,16.924984500929945,7.385851078125209,82.0
3904624,14.605954465849388,7.956827122090111,78.0
3904625,14.00375939849624,8.068402958569699,94.0
3904626,11.691704768125408,7.333676395657684,95.0
3904628,16.46112600536193,7.5310163320779155,87.0
3904630,18.803037070120592,7.713784616598755,95.0
3904631,13.679890560875512,7.2875606403097235,95.0
3904632,19.92727272727273,7.226209010100671,87.0
3904634,19.11606180380884,7.931284761525891,92.0
3904635,18.176321199661384,9.020268861722167,87.0
3904638,12.248995983935744,7.309212365692763,92.0
3904639,9.67379077615298,7.48324441607385,95.0
3904640,14.562354763749031,7.1631723908466425,87.0
3904642,17.868675995694293,7.527255919373784,92.0
3904645,13.160032493907392,7.115582126184454,95.0
3904648,7.981698017285206,7.584264818389059,92.0
3904657,8.859721082854799,8.204398418149381,90.0
3904660,3.8271049076992343,8.398860004454372,98.0
3904674,7.446808510638298,8.20685642839965,98.0
3904675,12.240388864339373,7.724446645633537,92.0
3904676,5.9405940594059405,9.94299668563084,96.0
3904678,8.153180975911056,7.389563953677635,95.0
3904681,7.335490830636461,7.5251007461258,95.0
3904682,18.081180811808117,7.5480289699350145,92.0
3904684,16.898317483540602,7.220373836723949,87.0
3904686,7.6733890801770785,7.617267813628347,95.0
3904687,14.23432682425488,7.57353126274595,87.0
3904688,10.460577673692429,7.155396301896734,95.0
3904689,12.489274478024596,9.258082367961604,94.0
3904694,13.649615690432018,8.235625719964311,95.0
3904695,18.774834437086092,8.013012110368916,89.0
3904696,9.702062643239111,8.968778235137956,90.0
3904697,27.015329125338145,8.620651899784468,79.0
3904699,6.1175045427013925,8.507748732588238,99.0
3904700,20.761752563590356,8.923857580099885,92.0
3904701,8.792625539869785,9.64943366106433,89.0
3904702,9.699182966080713,9.690046776683303,93.0
3904704,4.956268221574344,7.22402480828583,95.0
3904705,4.058624577226606,6.787844982309579,95.0
3904709,12.83987915407855,7.188412736496954,92.0
3904716,10.731319554848968,7.1372784372603855,82.0
3904718,10.9084531743248,7.955425088912672,94.0
3904719,5.055179779280882,7.940583827104244,97.0
3904722,10.316139767054908,7.497207223203318,95.0
3904724,8.673673007848876,8.924922401177469,95.0
3904726,13.109756097560975,7.179307969504034,92.0
3904727,5.8937572702597905,7.8551570058813445,93.0
3904730,23.515151515151516,7.408530566894626,77.0
3904733,18.001417434443656,7.252053951852814,82.0
3904734,6.880795591990324,8.914760527397261,95.0
3904736,18.563432835820898,9.056722883310583,86.0
3904737,14.7334200260078,8.94767606249969,88.0
3904738,15.644016227180527,8.279950715722526,86.0
3904739,14.306083650190113,7.651595573857601,92.0
3904763,8.916083916083917,7.042286171939743,92.0
3904769,9.250902527075812,7.703459047867175,82.0
3904778,26.173708920187792,7.440733707389261,92.0
3904779,12.961762799740765,7.341483852363161,77.0
3904780,30.027173913043477,7.699842407396986,92.0
3904788,14.966442953020136,7.9996785794994505,93.0
3904790,8.716136631330977,7.437206366871292,95.0
3904792,18.60885275519422,7.009408932708637,92.0
3904793,10.298792116973935,7.360739903058278,92.0
3904794,21.762711864406786,7.29641326877392,92.0
3904795,17.890191239975323,7.390798521735676,92.0
3904798,12.734082397003746,7.379008127628304,92.0
3904799,19.090909090909093,7.533693709848633,87.0
3904800,13.74524289232147,8.404472321352118,87.0
3904801,11.264141662567631,7.617267813628347,92.0
3904802,13.48663766314481,7.3833681469923835,92.0
3904803,11.587982832618025,7.060476365999801,92.0
3904804,12.519045200609447,8.278428259199071,94.0
3904807,7.924305144884683,7.43307534889858,87.0
3904808,8.0,7.329749689041512,92.0
3904811,5.3220648698035635,8.384347278082808,97.0
3904812,5.9236165237724085,8.255568653283746,93.0
3904813,24.34052757793765,7.419380582918692,87.0
3904815,8.041958041958042,7.447751280047908,92.0
3904816,12.278481012658228,7.365180126021013,92.0
3904817,15.483870967741936,8.039157390473237,93.0
3904820,6.4623584277148565,8.412499120301572,97.0
3904822,13.11639549436796,8.292798858200374,90.0
3904823,19.26735766008803,8.85978949474541,87.0
3904826,6.563354603463993,7.693481640835175,92.0
3904827,14.323843416370108,7.024649030453636,87.0
3904829,16.63728514764213,8.420241665339788,91.0
3904830,10.651906519065191,8.310169021981912,95.0
3904831,9.565916398713826,7.81923445385907,97.0
3904834,13.498920086393088,7.524021415206125,95.0
3904836,5.956112852664576,7.151485463904735,95.0
3904838,9.765625,7.6246189861593985,92.0
3904842,10.197368421052632,7.103322062526113,95.0
3904844,9.582919563058589,7.607878073278507,95.0
3904846,10.044052863436123,7.034387929915503,92.0
3904847,6.374501992031872,7.7226775164680035,92.0
3904848,11.889321227842627,7.746300662231439,87.0
3904849,6.089943785134292,8.07153089355666,98.0
3904852,27.606290040768783,7.448333860897476,77.0
3904861,7.366984993178717,7.290292882446597,87.0
3904862,2.7607361963190185,7.1731917424865985,95.0
3904865,16.636113657195235,7.687997166393016,77.0
3904867,5.697050938337802,7.307872780763706,87.0
3904869,27.385090768636537,7.859026979751538,82.0
3904870,20.84777392695281,8.229777750081887,79.0
3904872,9.365435625382574,8.497194544909547,93.0
3904873,41.56835530881333,7.273092595999522,72.0
3904874,9.70189701897019,7.520234556474628,95.0
3904875,19.225899801049017,8.617762246337932,87.0
3904877,15.055555555555555,7.495541943884256,77.0
3904880,10.162162162162163,7.52294091807237,87.0
3904883,10.819165378670789,7.57095858316901,92.0
3904884,14.446145992853497,7.580189417944541,87.0
3904885,15.949252378794744,7.699389406256737,92.0
3904887,11.143505021056042,8.034955024502159,94.0
3904888,17.0,7.24422751560335,95.0
3904892,5.428954423592494,7.307872780763706,95.0
3904894,8.89387144992526,7.198931240688173,92.0
3904905,12.249163879598662,7.779885115070522,87.0
3904908,10.335195530726256,7.489970898834801,92.0
3904909,14.139905402041324,8.298290634359283,87.0
3904910,8.652246256239602,6.398594934535208,87.0
3904913,18.329278183292782,7.117205503164344,95.0
3904914,16.877405167674546,7.506042178518122,92.0
3904917,4.323953328757722,7.97728198675515,97.0
3904918,20.90962787950384,7.4342573821331355,92.0
3904919,12.42544731610338,7.60688453121963,92.0
3904920,14.08351026185421,7.253470382684528,87.0
3904922,20.12461059190031,7.380879035564116,95.0
3904923,11.301989150090415,7.701652362642226,87.0
3904924,18.258426966292134,6.97354301952014,87.0
3904928,13.159797541576284,7.232010331664759,87.0
3904937,4.57516339869281,7.333023014386481,95.0
3904941,10.55184960582171,7.407924322559599,92.0
3904943,7.88485607008761,7.781973234434385,96.0
3904945,1.4262023217247095,8.011355109161286,91.0
3904947,8.051282051282051,7.575584651557793,92.0
3904953,18.29155060352832,7.675081857716334,92.0
3904954,15.977575332866154,7.2633296174768365,87.0
3904962,13.453536754507628,7.273786317844895,87.0
3904963,20.694444444444443,7.272398392570047,77.0
3904965,10.69986541049798,7.303843225277705,95.0
3904966,10.568603213844252,7.388946097618437,95.0
3904983,11.116279069767442,7.673223121121708,92.0
3904984,13.57615894039735,7.31986492980897,95.0
3904985,5.146349308459311,8.735203590618699,94.0
3904986,3.67822966507177,8.114922974204593,96.0
3904987,12.60014566642389,7.917900586327916,97.0
3904988,30.036334275333065,7.814803429489359,91.0
3904989,8.122312470138557,7.646353722445999,95.0
3904990,9.431137724550895,7.602900462204755,96.0
3904992,11.772260273972602,8.449342524508063,94.0
3904993,11.400433984309798,8.698013622083925,84.0
3904995,9.863013698630136,7.286191714702382,95.0
3904997,11.618467782851344,7.58629630715272,92.0
3904998,6.179775280898876,7.954372272531867,93.0
3904999,14.087403598971724,7.573017256052546,87.0
3905000,10.643185298621749,7.174724309836376,92.0
3905001,8.431372549019608,8.313852267398207,94.0
3905002,5.128205128205128,8.442685139241176,93.0
3905004,8.12634989200864,8.21716859576607,97.0
3905005,5.220883534136546,7.915348169263078,96.0
3905006,23.20036680421825,7.687538766201629,95.0
3905007,7.439613526570048,8.32845106681936,98.0
3905013,11.29737609329446,7.22402480828583,92.0
3905016,16.085489313835772,7.888709524182015,89.0
3905018,11.021170610211705,7.381501894506707,95.0
3905027,3.9349871685201023,7.063903961472068,92.0
3905028,12.405797101449275,7.45298232946546,92.0
3905030,4.888888888888889,7.2078598714324755,95.0
3905033,14.508783344176967,7.337587743538596,92.0
3905039,17.446393762183234,7.62657020629066,87.0
3905041,8.25,7.3777589082278725,95.0
3905042,3.6024234485017197,8.717190933223135,97.0
3905043,10.41095890410959,8.384804003370492,93.0
3905044,8.08993486026476,8.46779284112111,95.0
3905045,5.597775718257646,9.28637505825218,94.0
3905046,6.328233657858136,7.271008538280992,92.0
3905053,10.505212510024055,7.1284959456800365,95.0
3905056,7.810320781032078,7.2682230211595655,87.0
3905059,6.956521739130435,7.383989457978509,87.0
3905067,6.8357998590556734,7.257707677160043,95.0
3905069,10.122878876535983,7.443663683115591,92.0
3905072,5.542312276519666,7.425357887027151,92.0
3906190,17.860962566844922,8.226840890408578,85.0
3906568,19.04553415061296,7.7336835707759,82.0
3910000,12.961192888549034,8.562357743370612,90.0
3910003,18.913971934106165,8.094988759303774,79.0
3910004,4.627249357326478,7.062191632286556,95.0
3910006,22.654784240150093,7.664815785285735,92.0
3910009,8.356702187324734,7.48605261786314,87.0
3910010,17.194052611513534,7.872073979866873,82.0
3910011,18.37719298245614,7.731930721948486,82.0
3910012,14.646600376242947,8.221747728346623,89.0
3910014,10.079575596816976,8.41715183723601,88.0
3910015,25.539568345323744,7.930206206684683,77.0
3910016,8.302872062663186,7.557472901614746,87.0
3910017,20.61307475758524,8.069968149059841,85.0
3910018,9.776934029425725,7.653020413804189,92.0
3910019,18.899700598802397,7.890582534656536,88.0
3910020,13.12528682882056,7.68662133494462,92.0
3910023,6.213592233009709,7.630461261783627,92.0
3910024,8.31758034026465,7.369600720526409,92.0
3910025,18.206374932468936,7.523481312573497,87.0
3910029,6.507304116865869,8.415824697027949,94.0
3910030,10.76923076923077,7.8632667240095735,92.0
3910032,13.477878699091708,8.135346948906706,92.0
4000777,25.880893300248136,8.994668835500674,46.0
4000778,12.225705329153604,7.711101251840158,58.0
4000783,2.1691973969631237,6.826545223556594,92.0
4000784,14.40677966101695,6.156978985585555,92.0
4000786,3.5000000000000004,7.24422751560335,57.0
4000796,12.29763387297634,8.074649075066652,84.0
4000800,19.709747009217494,8.536799721055155,58.0
4002430,16.494450822809032,7.868254265520613,87.0
4002850,15.89637915808066,8.130647968160584,67.0
4003000,13.30166270783848,7.428927194802272,77.0
4003180,27.994380049174573,7.954021087278037,6.0
4003630,18.462823725981615,8.697011617992073,73.0
4003810,13.370473537604456,6.981934677156389,95.0
4004020,10.394842868654312,7.123672785204607,92.0
4004110,8.217522658610273,7.411556287811163,92.0
4004500,11.069593647828118,8.767640577257792,92.0
4004630,18.944099378881987,7.160845906664299,87.0
4004680,12.383749388154676,7.622174594817622,77.0
4005400,13.03805364940736,7.3796321526095525,87.0
4005460,18.575498575498575,7.470224135899966,77.0
4005490,19.429888912177734,9.856605566635997,89.0
4005520,21.611721611721613,7.401231264413015,92.0
4006120,9.63855421686747,7.596894438144544,95.0
4006870,17.181647940074907,7.666690200080086,77.0
4007350,26.98744769874477,7.2682230211595655,77.0
4007560,24.11889596602973,7.764296006450518,77.0
4007620,22.82776349614396,8.671629544720656,92.0
4007740,17.910834629341625,8.257904193465674,80.0
4008040,22.64808362369338,7.451241684987676,82.0
4008070,18.598382749326145,7.70796153183549,87.0
4008370,9.95311936530833,7.927685045615778,90.0
4008850,16.278366111951588,8.103191752285786,92.0
4009240,18.89848812095033,7.524021415206125,92.0
4009570,7.538091419406576,8.737933858114136,94.0
4010290,29.83362019506598,8.156510226079966,80.0
4010350,14.2974527526705,8.202756381655638,87.0
4010590,11.94317360943896,10.123345712858809,93.0
4010650,14.25939572586588,7.906178840394815,86.0
4010710,16.5531914893617,7.762170607138205,95.0
4010740,16.682464454976305,7.6544432264701125,82.0
4010920,20.84181078331638,8.970050661827003,85.0
4011970,15.337078651685394,7.484368643286131,51.0
4012720,18.325547969816743,7.931284761525891,87.0
4013530,24.517146235711472,7.838737559599282,82.0
4013560,22.039859320046897,8.13505390861157,68.0
4013590,10.689990281827017,8.034955024502159,60.0
4013890,15.363881401617252,7.70796153183549,82.0
4014520,10.319685922602355,7.48605261786314,95.0
4015370,21.94533762057878,7.126087273299125,82.0
4015480,11.212814645308924,7.1785454837637,92.0
4015690,28.23960880195599,7.400009517162692,77.0
4015720,13.942699006999836,9.416215681723873,89.0
4017250,23.437388892839365,9.551302513870247,81.0
4017880,25.91185410334346,7.182352111885263,82.0
4018000,19.064245810055866,7.266827347520591,67.0
4018090,17.20647773279352,7.301147805856032,92.0
4018700,17.160424818334267,7.489412083508719,77.0
4018840,22.37017310252996,7.31455283232408,87.0
4019080,13.086074177746676,7.264730177929867,82.0
4019440,20.734557595993323,8.00469951054955,77.0
4019860,24.553366926248284,7.688455356549944,67.0
4019950,20.258710619653662,9.57352408782774,96.0
4020250,16.858439348513084,10.11382951201313,85.0
4020880,7.876230661040788,7.259819610363186,92.0
4020970,26.06246799795187,8.675734219544788,76.0
4021000,17.20257234726688,9.37737907190562,96.0
4021510,15.1131221719457,7.700747794511798,92.0
4021630,26.545581557806496,7.959625305098115,80.0
4021720,18.688648376541657,9.67357111693449,88.0
4022770,29.723638314998656,10.525943992473303,67.0
4022800,22.975929978118163,7.223295679562314,72.0
4023040,12.37054085155351,7.460490305825338,87.0
4023280,10.43058267392868,9.18307194482199,92.0
4023550,10.861694424330196,7.2305631534092925,82.0
4023970,10.920666013712047,8.314832179284556,92.0
4024240,12.19672131147541,7.329749689041512,92.0
4024690,18.774101887558352,8.502485562543963,93.0
4024870,18.226002430133654,7.81156848934518,82.0
4025200,25.08214676889376,7.915348169263078,87.0
4025230,15.834522111269614,7.2456550675945355,87.0
4025290,21.27081732001025,9.878938679614715,81.0
4026790,25.128205128205128,7.6708948313621175,72.0
4026880,17.23263075722092,8.541690663016626,80.0
4026910,24.00523560209424,8.24800570160062,86.0
4027300,25.42579075425791,7.404887575616125,82.0
4027390,8.30860534124629,7.206377291472252,87.0
4027570,28.68565717141429,8.294549515143679,77.0
4027750,10.378847671665351,7.837554360881084,83.0
4028650,16.529543754674645,7.198183577101943,82.0
4028680,14.6060318964156,8.753529336516431,87.0
4028710,28.817541111981203,7.152268856032539,82.0
4029160,13.408190224570674,7.322510433997394,87.0
4029380,20.990764063811923,8.181160858023409,90.0
4029610,16.920943134535367,7.679251425953058,92.0
4030240,34.06319980094551,10.49601297178542,75.0
4030420,16.529774127310063,7.5745584842024805,95.0
4030600,18.480466768138,9.665737848832556,89.0
4030870,19.517795637198624,6.769641976852503,82.0
4031290,23.10924369747899,7.2640301428995295,67.0
4031350,17.78058007566204,7.774435510302958,87.0
4032070,11.248345831495367,7.726212650507529,87.0
4032370,38.522954091816366,8.162516250140179,72.0
4033180,15.007062146892656,7.94873845481361,87.0
4033480,14.056270645859437,9.080117784926209,94.0
4100020,31.109147149801142,7.724446645633537,87.0
4100023,19.377179625718355,9.921278353544677,84.0
4100043,1.2048192771084338,4.418840607796598,27.0
4100048,25.859192525859193,8.005367067316664,75.0
4101120,26.39847149984078,9.150696519048667,86.0
4101560,23.760558207858978,7.909489492673759,86.0
4101620,20.64482579303172,7.56164174558878,77.0
4101710,16.382575757575758,8.060855752934316,79.0
4101920,17.556225365175052,10.671974089641889,86.0
4101980,26.21537434642341,9.796904067133344,82.0
4102040,20.42794440380395,8.60666819784384,66.0
4102310,42.61658031088083,7.342131730584722,72.0
4102640,20.807386729654283,8.446126742982377,87.0
4102780,21.312910284463896,7.734121303328305,87.0
4102800,34.43247721623861,8.705331133531631,72.0
4102840,25.248868778280546,8.106212902619962,82.0
4102940,25.261615738802845,8.471777327885755,83.0
4103390,37.410714285714285,7.02108396428914,62.0
4103420,19.92063492063492,7.138866999945524,92.0
4103480,24.252246942684543,8.822764296703758,87.0
4103660,34.61775585696671,8.084562415235304,65.0
4103720,23.517241379310345,7.9724660159745655,78.0
4103860,22.190109184328836,8.043663352393944,76.0
4103940,25.115839243498815,9.266248003914479,76.0
4104500,19.82158398607485,8.432941638968646,72.0
4104700,24.985092426952892,7.424761761823209,62.0
4104740,26.845951476176555,9.747126097411705,74.0
4104950,29.37542896362388,7.284134806195205,62.0
4105100,26.765799256505577,7.20414929203594,77.0
4105160,23.52078239608802,8.721765357145012,80.0
4105610,23.9119804400978,7.623153068476902,87.0
4105910,22.394389169792856,8.721113147762688,73.0
4106000,27.708086116290897,9.37568530456302,73.0
4106300,24.314345991561183,8.646113971483077,74.0
4106510,15.533742331288344,8.312626025674962,86.0
4106740,31.081989247311824,7.998335395952982,77.0
4106900,27.32063234698014,8.503905297089302,75.0
4106930,20.11904761904762,7.426549072397305,82.0
4107020,23.038836453659293,8.773848885262895,79.0
4107080,33.077948034643576,8.007034012193408,63.0
4107200,21.79944510503369,7.833203948641057,87.0
4107230,11.147587781901228,8.854522203757432,93.0
4107380,30.628517823639772,8.357962965845681,77.0
4107500,33.98005439709882,8.615226931687603,82.0
4108010,18.87567884925877,8.826587830773668,91.0
4108040,24.992973580663293,9.563248229345671,81.0
4108100,77.30941704035874,8.40290404501411,59.0
4108160,26.164462334675097,7.461065514354283,82.0
4108310,29.031078610603288,7.913886714856082,77.0
4108520,23.841961852861036,7.697121317282625,82.0
4108720,21.02961637845359,8.523374050491318,84.0
4108820,31.03847936949467,8.369620826949102,55.0
4108830,19.379165205191164,9.747184558140727,85.0
4108880,21.5149921094161,7.550135342488429,82.0
4109270,16.871035940803385,7.768533300926033,87.0
4109330,23.88257074847924,8.930890984450878,85.0
4109480,30.1621958827199,8.072779333169498,79.0
4109510,25.48957675300063,8.060224240440958,81.0
4109600,20.195838433292536,7.3987862754199485,87.0
4109630,28.87432536622976,7.860956364876389,77.0
4110040,21.69049496090171,10.756476331740021,80.0
4110350,31.34974303489316,8.908424139496578,83.0
4110520,35.08378886997043,9.320001626185702,68.0
4110710,28.830779480346436,8.700181192753353,62.0
4110820,33.17456138251275,10.640149099927033,77.0
4110890,23.52673492605233,8.388222810119277,82.0
4110980,18.47269624573379,7.759614150696903,92.0
4111100,31.041009463722396,7.368339686311381,72.0
4111290,14.660175997004307,8.58316818033977,97.0
4111450,21.541155866900176,8.293299358711323,90.0
4111490,23.35216572504708,6.967909201801884,87.0
4111580,26.599634369287017,7.690743163541872,76.0
4111610,34.703504043126685,7.302496423727326,77.0
4111670,30.801091970253225,9.270776740780013,73.0
4111720,27.94556920013276,8.0106915391303,74.0
4111940,27.42551566080978,7.1770187659099,82.0
4111970,31.26079447322971,7.7475968386928855,72.0
4112240,23.55191256830601,9.45798139489078,87.0
4112320,22.807017543859647,7.680637427560936,82.0
4112600,28.157503714710252,7.204892510204673,82.0
4113170,18.93687707641196,9.203617826215355,95.0
4113490,34.090909090909086,7.249925536717988,67.0
4113530,29.369018078695497,8.637993891561942,89.0
4200013,23.0327868852459,7.106606137727303,87.0
4200036,26.885245901639344,6.413458957167357,92.0
4200038,29.57983193277311,6.38856140554563,87.0
4200051,3.471196454948301,7.21081845347222,95.0
4200053,42.64943457189014,6.428105272684596,92.0
4200061,17.134831460674157,6.568077911411976,95.0
4200071,17.67259198015709,9.177403871729918,50.0
4200074,16.213991769547327,7.795646536334594,99.0
4200075,13.117066290550069,6.5638555265321274,95.0
4200076,23.812580231065468,7.351158226430694,92.0
4200077,5.222602739726027,7.0630481633881725,95.0
4200079,24.78485370051635,7.057897937411856,92.0
4200088,4.3175487465181055,7.675081857716334,78.0
4200091,1.0566762728146013,6.947937068614969,54.0
4200094,17.06896551724138,6.363028103540465,95.0
4200099,29.1866028708134,6.440946540632921,95.0
4200107,53.14009661835749,6.431331081933479,95.0
4200115,47.66187050359712,6.320768294250582,57.0
4200119,11.75512104283054,9.058586816748646,66.0
4200125,21.01534828807556,6.741700694652055,62.0
4200127,8.558211256746338,7.860956364876389,76.0
4200128,39.821029082774054,6.102558594613569,52.0
4200140,37.81135835270674,8.70317470904168,49.0
4200143,28.864569083447332,6.594413459749778,95.0
4200144,23.66412213740458,7.177782416195197,87.0
4200145,22.58064516129032,6.652863029353347,92.0
4200824,10.718843045512548,7.762596048540069,92.0
4200843,72.93346774193549,7.592870287844818,69.0
4200848,61.50341685649203,6.0844994130751715,52.0
4200851,34.9701393497014,7.317876198626496,83.0
4200856,54.60526315789473,6.410174881966167,72.0
4200882,91.17647058823528,4.912654885736052,42.0
4200886,23.574144486692013,6.26530121273771,87.0
4202010,9.020771513353116,8.122668023346407,94.0
4202040,11.019857808286345,9.006754319877503,92.0
4202100,24.6421554869492,8.178358165605836,92.0
4202280,23.85292269013199,9.674703121331833,72.0
4202340,14.129863301787593,8.936955604225226,85.0
4202400,3.420302565226923,8.4252971767117,98.0
4202440,18.170478170478173,7.785305182539862,87.0
4202490,9.040333796940194,7.271008538280992,92.0
4202590,15.89652448657188,8.529911963824013,88.0
4202600,28.18991097922849,5.820082930352362,95.0
4202670,12.773190869354057,7.629975707027789,87.0
4202790,8.12910938433951,8.520985989654934,94.0
4202850,5.224043715846995,8.428361977709622,98.0
4202910,6.658521686010996,7.400620577371135,95.0
4202970,7.081339712918661,8.338066525518801,90.0
4203000,9.527195165303946,7.9420068084898565,84.0
4203120,8.122833085685983,7.610357618312838,92.0
4203180,13.726602382302891,7.47477218239787,92.0
4203210,26.040379068809223,7.794411205726601,92.0
4203240,8.379681127178348,7.89989532313973,91.0
4203330,17.371252882398156,8.780326390946605,79.0
4203450,7.344632768361582,7.5740450053721995,92.0
4203480,20.604982206405698,7.940939762327791,87.0
4203510,5.012468827930175,8.296546520300614,97.0
4203570,12.50367107195301,9.519294579703503,81.0
4203630,23.28042328042328,7.438971592395862,82.0
4203660,7.762017336485422,7.839131648274333,94.0
4203688,9.59830866807611,7.768533300926033,96.0
4203750,16.90885072655218,7.322510433997394,92.0
4203840,9.56810631229236,7.316548177182976,95.0
4203870,9.610189116171362,7.85979918056211,88.0
4203960,6.714140386571719,8.83651926920248,94.0
4204020,15.758526068208544,7.844240718141811,87.0
4204050,5.654974946313529,7.242082359256962,92.0
4204080,33.26972010178117,7.360103972989152,82.0
4204140,13.072439633638636,7.0909098220799835,95.0
4204230,10.704884469143025,8.830250570199247,86.0
4204500,15.960324616771867,7.011213987350367,92.0
4204530,10.48834628190899,7.496652438168283,95.0
4204590,17.392,8.740336742730447,88.0
4204740,8.814814814814815,7.2078598714324755,95.0
4204860,4.938271604938271,7.16703787691222,92.0
4204890,8.45686050931205,8.568266461600238,94.0
4204980,26.691967109424414,7.365812837209472,92.0
4205010,10.465348512083084,8.518592212329946,89.0
4205040,11.598513011152416,7.20414929203594,92.0
4205160,12.851405622489958,7.309212365692763,92.0
4205190,8.88848329987224,8.608677881538416,93.0
4205310,5.935511469974868,9.83633227734872,96.0
4205340,13.212121212121213,7.408530566894626,95.0
4205370,5.653912050256996,7.467942332285852,92.0
4205400,12.457021951864586,9.336356092559043,86.0
4205430,25.684333139196276,7.448333860897476,92.0
4205460,10.338680926916222,7.9391588179567965,94.0
4205490,8.814749780509219,8.647343875881283,94.0
4205550,11.586764224090858,9.122273893107732,84.0
4205640,18.30238726790451,7.318539548567902,87.0
4205700,6.194959003947767,8.099554282376364,97.0
4205730,15.7439446366782,7.052721049232323,95.0
4205760,11.868131868131869,8.422882511944996,87.0
4205860,54.95406824146981,8.022240916806537,36.0
4205880,16.201117318435752,7.266827347520591,92.0
4205910,17.547700969659054,8.069968149059841,84.0
4206150,15.065403698691926,7.7039102096163115,87.0
4206240,46.903536443632746,8.70334075304372,84.0
4206270,6.931337455255451,8.030409562130485,93.0
4206360,21.167315175097276,7.158513997329321,77.0
4206365,13.312693498452012,6.470799503782602,95.0
4206480,7.475083056478406,8.346167594364134,93.0
4206550,8.502869066249348,8.251663923605589,90.0
4206590,8.607292289300657,7.422373700986824,87.0
4206660,28.151054438450217,8.3133619511344,79.0
4206780,8.819018404907975,7.866338923046544,93.0
4206840,8.505315822388994,8.475746001502063,88.0
4206860,13.516209476309228,7.60339933974067,87.0
4206960,8.135191764598707,9.303557453687317,97.0
4207080,17.48057713651498,8.189799618728228,91.0
4207110,7.340270784379547,9.097955241381392,95.0
4207200,30.438095238095237,7.872836175025724,94.0
4207230,8.802423855844363,8.74369111054302,93.0
4207290,22.070196311719215,8.120291313968561,92.0
4207320,5.815478793178837,7.734996194022781,95.0
4207385,24.9063670411985,6.97354301952014,98.0
4207530,10.20988194140796,8.428143374582726,91.0
4207540,11.140167364016737,7.555905093611346,92.0
4207560,13.326602725896011,7.591357046698551,92.0
4207590,8.375110586847539,8.128880142125638,96.0
4207650,11.422845691382763,8.004365564979574,89.0
4207680,9.890776699029129,8.100464891029363,85.0
4207710,17.840669220545696,9.456497077599392,97.0
4207830,12.550143266475644,8.157657015196472,89.0
4207980,18.849206349206348,7.321188556739478,92.0
4208060,29.757343550446997,7.356279876550748,87.0
4208460,7.422680412371134,7.793586803371584,92.0
4208490,7.706201083684528,7.415175109613295,95.0
4208550,7.696170747018205,8.98281222234415,93.0
4208580,9.670079635949945,7.877397186353287,89.0
4208670,17.739261492087415,8.800113946766308,83.0
4208790,4.030327214684756,7.826443135456014,92.0
4208820,8.576,8.047189562170502,92.0
4208850,9.37097340986295,9.052164937010307,88.0
4209090,13.854121709106604,7.748028524432376,95.0
4209120,9.320695102685624,8.242229891372231,91.0
4209240,17.799158147925436,7.416378479192928,95.0
4209270,8.735521235521237,8.329416783939319,88.0
4209300,27.48338257016248,9.290259995152056,74.0
4209480,8.69120654396728,8.271804031154709,90.0
4209570,4.967474866942637,7.43307534889858,95.0
4209600,12.9304286718201,7.260522598089852,92.0
4209780,8.181449979748887,7.81156848934518,95.0
4209940,11.722619702806824,7.504942068396171,95.0
4209990,9.9488609948861,7.67368812926773,95.0
4210070,10.222444388902774,8.294299608857235,98.0
4210110,12.82442748091603,7.583247524303362,92.0
4210200,13.617677286742037,7.57353126274595,92.0
4210230,3.2944606413994166,8.140315540159985,96.0
4210380,13.284132841328416,7.2115567333138015,92.0
4210440,7.933972310969116,7.537962659768208,95.0
4210590,3.5540511952612652,8.461046030793236,97.0
4210620,12.271619975639464,8.096817470572319,89.0
4210650,8.800370541917554,7.677400430514807,92.0
4210710,9.913217623497998,8.005033344637111,95.0
4210740,10.301204819277109,7.414572881350589,92.0
4210860,10.16949152542373,8.340217320947035,89.0
4210870,4.266538830297219,8.336150816120663,95.0
4210920,13.1087513731234,7.912423121473705,87.0
4210950,39.93127147766323,7.282761179605593,86.0
4210980,11.983032873807,8.235360643753348,95.0
4211010,11.205766710353869,8.023552392404348,93.0
4211160,15.809669992325404,7.172424577124845,95.0
4211220,15.72634384717903,7.719129840906732,87.0
4211340,8.29817158931083,7.665284718471351,92.0
4211400,6.652587117212249,7.951911381854188,99.0
4211420,29.227662796567387,7.591357046698551,87.0
4211450,10.95423563777994,7.627544390488503,87.0
4211490,7.800093414292386,7.669028288589683,92.0
4211580,44.266415331448314,8.758726607842037,65.0
4211610,10.868652958455728,8.469262657658687,96.0
4211670,5.223759153783564,8.723394022000136,96.0
4211700,20.934125721938564,9.388235479817224,77.0
4211730,7.139567019806541,7.682943169878292,92.0
4211760,10.511313023338678,8.6328406149422,91.0
4211790,6.475259621258401,8.786914938491025,92.0
4211820,10.99273607748184,7.632885505395133,92.0
4211880,26.27621685793431,7.834788107388194,77.0
4211940,12.081128747795416,8.132118772955806,97.0
4212030,14.000000000000002,7.673223121121708,92.0
4212090,7.586933614330875,7.5485559791698735,95.0
4212150,12.065941774815856,7.955425088912672,89.0
4212170,13.482142857142856,8.11969625295725,85.0
4212480,9.21544209215442,7.786967002614872,87.0
4212540,18.573551263001487,7.610357618312838,87.0
4212600,9.05497664390945,7.931284761525891,92.0
4212690,7.25748502994012,8.336869637284956,93.0
4212725,22.959439158738107,8.29254851397576,93.0
4212750,9.031909140075715,7.522400231387125,92.0
4212840,10.153312120335553,8.148156439921625,90.0
4212930,5.832693783576362,7.172424577124845,95.0
4213020,15.14812744550028,7.489412083508719,92.0
4213050,28.74576271186441,7.29641326877392,92.0
4213080,13.218390804597702,6.950814768442584,95.0
4213110,6.427158866183256,8.017637159908478,91.0
4213140,23.12353047567372,9.310909426897878,77.0
4213320,31.700771553170075,8.000014093678072,91.0
4213390,35.86387434554974,5.945420608606575,92.0
4213440,18.957438500585702,8.541300266759471,68.0
4213500,8.997867803837952,7.76004068088038,92.0
4213590,5.463659147869674,7.598399329323964,95.0
4213710,13.316423589093215,7.3632795869630385,95.0
4213770,8.91990291262136,7.4073177104694174,92.0
4213980,12.561576354679804,7.615791072035833,95.0
4214100,9.86475735879077,8.235095497258357,95.0
4214160,5.930327391355004,9.05753878171822,97.0
4214190,3.864734299516908,7.7306140660637395,95.0
4214250,5.345117845117845,8.466320861042481,93.0
4214310,12.27154046997389,7.3343293503005365,92.0
4214550,6.427854034147974,8.00202481821611,91.0
4214580,5.088265835929388,8.661812881026181,92.0
4214730,14.13292589763178,7.1770187659099,92.0
4214760,2.1187912469607504,7.965198290612176,92.0
4214790,6.283987915407856,8.104703468371108,99.0
4214880,18.419375398342893,7.358193752733032,95.0
4214940,39.10411622276029,8.102889134640868,83.0
4215030,6.613372093023257,8.325548307161398,94.0
4215120,12.033898305084746,7.07326971745971,95.0
4215170,14.79028697571744,7.502186486602924,87.0
4215210,10.382255781028787,7.6586995582682995,92.0
4215240,12.403763900769889,7.757051142032013,92.0
4215290,14.41879303361685,8.504715669905124,91.0
4215330,6.597592564376048,8.789203094473724,92.0
4215480,8.99755501222494,7.623153068476902,87.0
4215540,13.168724279835391,7.284820912568604,95.0
4215720,12.80805275945852,7.9658927350845286,97.0
4215750,11.367050575863797,7.599401333415815,87.0
4215810,18.419090231170767,7.201170883281678,95.0
4215830,8.760460251046025,8.249052274171293,95.0
4215990,22.823984526112184,7.346655163176539,82.0
4216020,25.269203158650395,7.239214973779806,92.0
4216110,7.112970711297072,8.61195776786066,97.0
4216170,11.758691206543968,7.578656850594762,92.0
4216200,8.402020739165115,8.232440158470336,92.0
4216290,22.13079255088783,7.744569809354496,77.0
4216380,8.807416772018541,8.465057436995709,95.0
4216410,13.674931129476583,9.113278659133051,92.0
4216440,11.303630363036303,7.10002716662926,95.0
4216500,38.65934700953482,8.149312843635345,84.0
4216530,16.823785351704135,7.229113877793302,92.0
4216620,32.264462809917354,8.014666370464942,92.0
4216740,20.05181347150259,7.5652752818989315,77.0
4216860,4.131652661064425,7.2640301428995295,87.0
4216980,16.75364646059146,8.91905180393029,80.0
4217010,5.9466602594906295,9.026898187513526,92.0
4217160,9.63855421686747,7.414572881350589,92.0
4217220,4.871386296380606,8.38776764397578,95.0
4217280,8.109180353883996,9.441690159837492,95.0
4217310,16.236162361623617,8.000014093678072,92.0
4217370,8.848750228060572,8.609042845046117,89.0
4217430,9.517335146159075,7.293697720601438,92.0
4217520,8.001049317943338,8.245909264774093,87.0
4217640,9.646017699115044,7.723120092266331,87.0
4217670,12.11734693877551,7.357556200910353,95.0
4217730,12.822921559417566,7.663407664893479,92.0
4217760,9.567126725219572,8.067149039910106,94.0
4217850,5.383515959980943,7.649216319820633,95.0
4217880,17.29807005003574,7.243512974665482,95.0
4217940,7.638494989601059,8.57338447106598,95.0
4218030,10.65749892565535,7.752335163302292,89.0
4218090,12.241813602015112,7.59337419312129,92.0
4218150,7.033639143730887,7.399398083331354,95.0
4218270,5.477683511619329,8.598220030058611,96.0
4218300,14.633493846976997,8.226305988015508,92.0
4218330,5.672823218997362,7.323830566202317,95.0
4218360,8.55457227138643,7.43543801981455,92.0
4218390,9.495798319327733,8.180320874773685,93.0
4218450,20.640569395017792,7.430114138561801,87.0
4218510,7.335456475583864,9.150590367570409,95.0
4218570,10.565110565110563,7.395107546562485,87.0
4218580,8.708357685563998,8.137980454452139,96.0
4218590,23.72616442638325,8.070593539949519,83.0
4218630,9.893657424990506,8.569026340056254,90.0
4218660,9.323583180987203,8.250358951477294,98.0
4218740,9.974792942023766,7.9291264873067995,96.0
4218750,8.07574491785018,8.879333174786028,93.0
4218810,11.38157894736842,7.326465613840322,92.0
4218840,9.64719952162647,9.213734605044198,95.0
4218900,8.406186953597848,7.304515946460155,87.0
4218930,4.537205081669692,8.61431990214696,97.0
4218960,9.19653893695921,8.305236829492593,99.0
4218990,24.109467023980464,11.777065075654528,63.0
4219020,23.308270676691727,7.455298485683291,92.0
4219050,6.967840735068913,8.273336598504486,92.0
4219140,10.223266745005876,7.43955930913332,87.0
4219170,35.97355457609541,10.049404427436283,79.0
4219200,32.826285366595684,8.097730573664219,88.0
4219290,19.508481948673335,8.433376705323127,88.0
4219350,10.526315789473683,8.222553638396958,96.0
4219470,4.815409309791333,8.51398806046729,93.0
4219500,30.50657081882511,9.094143577573671,93.0
4219650,11.36150234741784,8.069342366811636,93.0
4219680,22.58469259723965,8.067149039910106,66.0
4219710,24.6580547112462,7.875499292445208,86.0
4219800,16.05351170568562,7.646353722445999,92.0
4219860,5.648535564853557,7.555905093611346,95.0
4219890,10.906268193285465,8.547334348328224,93.0
4219920,8.003277792952746,8.205491613120236,98.0
4220040,23.113045470163783,9.767782370370753,67.0
4220100,8.827506277767046,8.551981016901902,91.0
4220220,15.656108597285067,7.007600613951853,95.0
4220250,6.380208333333333,7.336936913707618,95.0
4220370,13.691348973607036,8.604471199523298,90.0
4220400,26.61946902654867,7.946263643580541,94.0
4220550,5.762273901808785,8.261009786023827,96.0
4220580,5.555555555555555,8.083328608786376,94.0
4220640,9.339853300733497,7.623153068476902,92.0
4220730,7.638446849140674,7.359467638255621,92.0
4220910,8.185654008438819,7.077498053569231,95.0
4220970,5.04364694471387,7.631431664576906,92.0
4221090,33.394123606889565,9.197255132427527,79.0
4221120,6.901960784313725,7.843848638152472,87.0
4221150,22.64644351464435,7.555905093611346,95.0
4221200,9.02342843887729,8.368925174747135,92.0
4221240,38.45816907577749,7.733245646529795,82.0
4221330,24.120851906884596,7.610357618312838,92.0
4221420,6.255212677231025,7.089243155027514,92.0
4221540,16.628022524014575,8.012680929706839,77.0
4221570,11.895464103334334,8.110427237575024,88.0
4221660,13.295395757889292,7.566828479208331,92.0
4221810,11.070422535211268,8.174702882469461,84.0
4221840,17.272727272727273,7.644919344958857,92.0
4221870,11.23959296947271,8.777401286867264,91.0
4221910,15.7208088714938,7.334981878871814,87.0
4221930,11.17465904091509,7.728855823852543,94.0
4222050,6.386946386946386,7.6708948313621175,92.0
4222060,8.949416342412452,7.4949862339505335,92.0
4222170,7.53370340999207,7.8328075165248645,92.0
4222260,4.575645756457565,7.2115567333138015,95.0
4222350,5.869359419375197,8.06117135969092,95.0
4222370,9.151047409040794,7.503289630675082,87.0
4222380,7.576254509675303,8.022568946988255,93.0
4222400,41.11604015876722,8.36240897761537,81.0
4222410,12.386058981233244,7.5310163320779155,95.0
4222440,8.575013943112102,8.877939834725023,96.0
4222470,6.20891161431702,8.320448113956559,92.0
4222530,7.760532150776053,7.4977617006225685,95.0
4222560,8.512769153730595,8.985695694535705,96.0
4222590,8.963511369645689,8.238008249218403,93.0
4222600,5.68685376661743,8.30943074214033,96.0
4222620,4.9338146811071,7.821242083523558,92.0
4222740,10.82059533386967,7.818430272070656,87.0
4222770,9.336862226143214,8.824824939175638,95.0
4222790,27.52808988764045,7.261225091971921,87.0
4222860,12.874673104003218,8.511376306094673,88.0
4223010,15.151515151515152,7.927324360309794,95.0
4223040,13.93258426966292,7.484368643286131,87.0
4223220,12.15443279313632,7.6487397889562425,87.0
4223250,10.480349344978166,7.3796321526095525,82.0
4223490,10.211267605633804,7.59488438721652,92.0
4223550,14.497422680412372,7.347299700743164,92.0
4223640,8.753623188405797,8.83927669058535,98.0
4223760,13.857916533928002,8.051659556841953,91.0
4223790,10.46831955922865,7.280697195384741,82.0
4223820,12.761506276150628,7.2682230211595655,92.0
4223850,11.193379790940766,7.738923757439457,92.0
4224000,9.894678492239468,8.190908881182514,89.0
4224030,10.868347338935576,7.487173694213739,92.0
4224150,24.588966021191087,7.914617709040679,80.0
4224210,2.7791687531296945,8.29254851397576,96.0
4224300,10.112359550561797,7.43307534889858,87.0
4224320,18.0623973727422,9.407550541263888,83.0
4224360,10.673665791776028,7.04141166379481,87.0
4224390,4.356291068386469,8.32093496888341,98.0
4224480,7.257858420649119,8.272059622210412,92.0
4224510,6.326662362814719,8.038512020976814,97.0
4224540,9.021113243761995,8.047509510981422,92.0
4224570,3.9460539460539463,8.295049140435111,96.0
4224650,19.717138103161396,7.784889295655098,92.0
4224750,19.117147707979623,7.987864096085687,93.0
4224790,4.535578489951114,8.211211361793023,96.0
4224820,16.527390900649955,8.36822903827628,88.0
4224870,7.939632545931759,7.329093736246592,92.0
4224960,8.390578999018645,8.312871394342615,97.0
4224970,14.609872611464969,7.828834527588089,89.0
4224990,23.669849931787176,7.290292882446597,82.0
4225080,9.827456864216051,7.195187320178709,95.0
4225110,12.09620372553643,8.352554369474591,90.0
4225170,6.949040370615486,7.32052696227274,87.0
4225200,8.967950602763892,8.131824785007195,93.0
4225290,5.60167714884696,9.386392315756542,96.0
4225590,5.526948163405424,7.976938756959434,96.0
4225680,24.19753086419753,7.949797216161852,90.0
4225740,14.019079220240563,7.787796878181171,87.0
4225830,11.789038262668043,8.95364003713313,90.0
4225870,42.17557251908397,6.261491684321042,92.0
4225950,31.10271231658515,8.411388132519262,89.0
4225980,9.29188255613126,7.970740390007095,95.0
4226010,12.075471698113208,7.659171367666058,92.0
4226070,16.68426610348469,7.546446273746024,92.0
4226130,7.043235704323571,7.2682230211595655,95.0
4226250,10.175438596491228,8.360539381370861,94.0
4226300,27.40405041778785,8.862341963516347,85.0
4226390,30.370665603826225,8.520786726926367,73.0
4226460,19.09236305477809,8.517593111437565,82.0
4226520,20.680628272251308,7.044032897274685,87.0
4226550,11.523001339883878,7.713784616598755,95.0
4226580,7.580751483190508,8.710784340468424,94.0
4226730,28.294402820625823,7.727094484779841,87.0
4226760,6.292251690067603,7.56164174558878,95.0
4226810,18.843172331544427,7.424761761823209,94.0
4226820,23.53354408148929,8.647168267837984,59.0
4226850,8.742075408742075,8.005367067316664,94.0
4280090,15.877640203932994,7.224753405767971,98.0
4280220,46.99453551912568,6.3080984415095305,92.0
4400003,28.205128205128204,6.659293919683638,92.0
4400004,19.26829268292683,6.709304340258298,92.0
4400030,5.833084056236913,8.114623886420098,97.0
4400065,18.27889447236181,8.065893546964274,86.0
4400090,12.672913877733157,7.714677473800927,82.0
4400120,34.59662288930582,7.887959336599945,77.0
4400150,10.770194113963685,8.069029328774958,88.0
4400210,14.59127488352393,8.459987717645458,92.0
4400240,22.216763289771052,9.227885551191932,86.0
4400270,10.91304347826087,8.433811582477187,82.0
4400300,3.666398066075746,7.8168199657645525,95.0
4400330,21.068416119962514,8.582044163735853,86.0
4400360,8.543922984356197,7.415776975415394,95.0
4400420,15.165876777251183,7.143617602704121,92.0
4400540,22.457231726283048,8.07558263667172,92.0
4400570,16.73215455140799,8.024207485778577,87.0
4400630,11.79372197309417,7.709756864454165,87.0
4400660,11.000763941940413,7.1770187659099,87.0
4400720,28.985507246376812,7.699842407396986,82.0
4400750,11.01198062707112,8.274611946209552,89.0
4400780,16.699410609037326,8.178358165605836,86.0
4400810,10.431235431235432,7.447751280047908,82.0
4400840,28.21993472257093,8.982937763741589,79.0
4400870,10.115606936416183,7.792348924113037,95.0
4400900,43.43480806222297,10.082219340479526,75.0
4400960,12.36220472440945,7.146772179452637,92.0
4400990,7.145824678022435,7.786136437783072,92.0
4401020,10.384988676803625,8.036249942132116,94.0
4401050,16.70212765957447,7.539027055823995,87.0
4401110,20.084881853636155,9.073145132798338,83.0
4401140,23.14189189189189,8.17526610411206,85.0
4401170,12.367930391547546,8.076515327552329,82.0
4401200,40.85401038661281,8.556221578383715,72.0
4500002,12.376873661670237,7.755767170102998,92.0
4500690,14.78114478114478,7.996317231796746,84.0
4500720,18.373543410471033,10.101190211368385,89.0
4500750,25.697379543533387,7.075808863978387,72.0
4500780,11.45265245413981,9.218804450388312,90.0
4500810,10.690537084398976,7.578145472419466,84.0
4500840,18.28748547074777,7.855932199718614,92.0
4500870,12.386917188587336,7.96346006663897,85.0
4500900,18.589992996653955,9.461176908307142,83.0
4500930,16.557257476294676,7.223295679562314,77.0
4501080,16.99463327370304,7.71244383427499,82.0
4501110,11.920244812087596,9.948174070158535,86.0
4501170,15.154724758824036,10.46118722017071,84.0
4501250,9.131652661064424,7.487173694213739,87.0
4501440,13.911448241744653,10.789607695065166,84.0
4501500,18.477892118059483,9.087381464575735,83.0
4501530,17.55187511897963,8.566554620953962,84.0
4501560,17.361499720201454,8.87458787627932,83.0
4501770,20.591133004926107,7.615791072035833,80.0
4501830,21.75057007542536,8.648396877031582,85.0
4501860,15.906350482315112,9.20552881497896,88.0
4501920,22.93178519593614,8.327000740241713,86.0
4501950,7.591933570581258,7.430114138561801,87.0
4502010,14.451921980152846,10.177362240256695,89.0
4502070,12.78868360277136,8.150179269682326,86.0
4502100,13.88184124682856,7.922623574217286,86.0
4502130,19.556894495700742,9.67614770909051,82.0
4502190,18.861414606095455,8.154212694914229,75.0
4502250,14.297319252640133,7.115582126184454,87.0
4502280,11.063784474496858,9.147507062804614,86.0
4502310,12.23655237496068,11.199816176839953,84.0
4502340,16.532212248608115,9.082620630373812,82.0
4502400,9.00900900900901,7.348587530927593,92.0
4502430,18.000884564352056,7.72356247227797,87.0
4502490,15.949883044998725,10.67310954493078,82.0
4502520,28.468263017863933,7.875119281040293,72.0
4502550,14.115456238361263,9.281730368062856,86.0
4502580,12.847591551435952,9.485089169016064,83.0
4502610,15.75270695075096,8.65277248565806,80.0
4502640,19.60591133004926,8.021256180143997,78.0
4502670,18.450560652395513,7.581719640125308,92.0
4502700,12.744615617547977,10.181838727246433,90.0
4502730,21.467329866606377,9.087720658428273,78.0
4502760,9.75254730713246,7.630946580890459,82.0
4502790,26.025824964131992,8.156223323194624,76.0
4502820,9.071877180739708,9.752432077616172,91.0
4502970,21.22356495468278,8.287025025165063,80.0
4503030,16.467264872050517,8.70251025718999,88.0
4503060,15.091258405379444,9.250522161609014,84.0
4503150,18.046198267564968,7.639161171659173,77.0
4503180,14.841379310344829,8.195609567288775,81.0
4503210,14.89949363203928,8.78216942633238,85.0
4503330,15.297571716924582,9.701922012375412,84.0
4503360,17.845692634383976,10.086517191913764,78.0
4503390,9.965546623198607,10.203332852113716,87.0
4503460,13.716245177882556,7.75491027202143,77.0
4503480,14.11353032659409,8.545586265917455,91.0
4503510,10.986946202531646,9.221478116386638,87.0
4503540,17.153792623521223,7.96346006663897,84.0
4503570,18.9596167008898,7.980023592310645,83.0
4503600,10.365997638724911,9.0442857876461,87.0
4503630,15.363763553690102,9.344521553442203,89.0
4503660,21.943658174956195,8.911799556189527,86.0
4503750,15.013603759584468,8.304742269640771,76.0
4503780,17.34308041341064,8.28576542051433,81.0
4503810,15.822188736108494,8.57715877258367,85.0
4503840,10.279542566709022,8.970813341411448,91.0
4503870,12.265072705327892,9.764168012286715,83.0
4503900,5.689540306462358,9.616471924627508,94.0
4503901,9.808500700607192,9.748469830269519,64.0
4503902,20.83983203359328,9.72136597574484,81.0
4503907,1.486988847583643,5.594711379601839,95.0
4503908,20.14165559982293,8.415824697027949,75.0
4602070,13.09444813094448,8.416488487294606,88.0
4605610,11.768953068592056,7.233455418621439,92.0
4607950,7.984790874524715,8.280204233279974,96.0
4608520,12.717422298260622,8.162516250140179,87.0
4612300,3.98406374501992,5.5254529391317835,32.0
4619410,18.730489073881373,7.561121589530238,92.0
4631350,4.780530204259017,8.434246270595311,89.0
4631710,4.7093451066961,7.214504414151143,95.0
4635480,17.056986729117877,7.848543482456679,67.0
4636990,7.641921397379912,7.2254814727822945,92.0
4641300,16.987951807228914,6.721425700790643,67.0
4648390,11.99859254046446,7.952263308657046,92.0
4655260,12.359956631731118,7.925518979786926,82.0
4659820,20.376538740043447,9.533148246403337,75.0
4666270,18.163865715552333,10.119122988360017,84.0
4666930,10.55084745762712,7.7664168980196555,92.0
4669930,13.593691325572662,7.887208585813932,82.0
4672090,80.7631160572337,7.54274354536855,62.0
4676620,9.569260890846794,8.315321775377567,87.0
4680430,6.374085684430512,7.962415680121064,95.0
4700001,1.160238319222327,9.166074955678168,95.0
4700060,9.535452322738386,7.623153068476902,95.0
4700090,17.775404333231613,8.787830829258759,96.0
4700144,15.105162523900573,6.259581464064923,92.0
4700148,13.846625995089653,11.585506557750984,79.0
4700149,7.117729831144465,9.051110146405625,95.0
4700150,17.705167173252278,7.875499292445208,89.0
4700151,6.486928104575164,8.719317375506371,94.0
4700152,4.736275565123789,8.443546651247939,97.0
4700153,9.68046220964509,9.0455836463617,97.0
4700180,15.413533834586463,9.080003870248179,91.0
4700240,11.626816690107828,7.665284718471351,95.0
4700270,14.93542953396968,7.484930283289661,92.0
4700300,9.653831914105886,9.287671714912506,94.0
4700330,15.323232323232322,9.20029003612268,92.0
4700360,13.354262255493843,8.328692583545568,93.0
4700420,22.83603096410978,8.64541048921699,92.0
4700450,11.550632911392404,7.547501682814967,92.0
4700510,26.93535514764565,8.51959031601596,91.0
4700570,16.831367548613326,8.744169388750624,91.0
4700600,14.002779708130648,7.964850887447313,95.0
4700630,26.58471920944806,8.330622620332868,93.0
4700690,12.90824261275272,8.663369301573839,94.0
4700750,17.978220669817134,8.490233009833455,92.0
4700780,9.792757913914826,8.387312270561717,93.0
4700850,6.475903614457831,7.596894438144544,98.0
4700900,14.045246431457045,8.912742634737025,92.0
4700960,16.114359974009098,7.338888133838879,92.0
4700990,13.78968253968254,8.014335737299424,92.0
4701020,14.099807627022743,9.086702731518004,94.0
4701050,14.736842105263156,8.267448958304849,95.0
4701080,13.203300825206302,7.888334500738654,87.0
4701110,12.076923076923077,7.8632667240095735,92.0
4701170,13.365088260016812,8.18004072349016,93.0
4701290,16.996419822875446,8.576781982827894,91.0
4701400,7.763446093940131,8.32093496888341,94.0
4701410,11.455350169226763,8.253488028345904,93.0
4701440,17.098445595854923,8.153061946801051,97.0
4701470,8.959409594095941,8.820994645747902,93.0
4701500,7.69764216366158,7.96693349840484,98.0
4701530,10.049019607843135,7.620705086838262,92.0
4701590,15.935209483304677,10.696570561708674,87.0
4701650,14.897074756229689,8.213923595622743,84.0
4701680,18.505140316754655,8.188411308079031,92.0
4701740,16.355767795851364,8.81001204797317,97.0
4701770,17.52786220871327,7.993282328101591,92.0
4701800,11.659979939819458,8.291045131081729,95.0
4701830,11.364433532094004,7.955425088912672,94.0
4701860,13.6977886977887,8.08825472712243,91.0
4701980,14.33774834437086,8.013012110368916,92.0
4702070,11.572052401746726,7.2254814727822945,92.0
4702100,14.140860509728691,8.895355616996392,95.0
4702130,12.54972411138201,8.96098117384356,93.0
4702160,10.432190760059612,7.607381425639791,95.0
4702190,17.364712139343172,8.925454386826402,96.0
4702220,17.652388797364086,11.01369897704759,90.0
4702310,14.14498610760293,8.28374674710613,98.0
4702340,10.35025017869907,8.852950887099581,96.0
4702400,13.0,7.7406644019172415,92.0
4702430,16.803760282021152,7.43955930913332,87.0
4702490,13.915343915343914,8.237479288613633,95.0
4702520,8.461066830165542,8.495560891289124,95.0
4702550,13.083645443196003,8.29529885950246,88.0
4702580,24.314930078409184,9.423110302862831,86.0
4702640,17.8939617083947,8.31238059678675,87.0
4702670,15.148798852635354,8.626585568187433,95.0
4702700,3.5828174826486583,8.581294116822761,97.0
4702760,14.909147383134028,9.463275708098129,88.0
4702790,4.126750184229919,7.213031659834869,95.0
4702820,15.288529204785362,8.64541048921699,93.0
4702880,10.247432306255837,8.36264243156764,95.0
4702910,9.74099099099099,7.4821189235521155,95.0
4702970,7.325639739086803,7.597396320212795,95.0
4703000,19.88527724665392,8.56216655705897,90.0
4703030,10.783637826037,10.457717433909405,94.0
4703090,6.700854700854701,7.981049759665957,99.0
4703180,18.84193350044932,11.345358521544759,80.0
4703240,16.330785267546908,8.370315995555478,88.0
4703270,14.968628622647143,8.115819701211327,87.0
4703330,13.61323155216285,8.053251153549096,92.0
4703450,16.79932970255551,7.77779262633883,95.0
4703480,13.597185576077395,9.338733586744581,90.0
4703510,10.64568386947466,8.371242135931933,91.0
4703590,13.0395412013281,8.798756582859841,94.0
4703600,12.256688294373834,9.328212292571072,95.0
4703690,10.240684771338437,10.72170228324594,96.0
4703720,9.67202141900937,8.002359546252707,95.0
4703750,16.44943820224719,7.707512194600341,92.0
4703780,19.79358895495865,9.590897844378162,90.0
4703870,8.846403110823072,8.034631032923107,94.0
4703960,12.245885769603095,7.633369649679584,95.0
4703990,17.123216331632122,9.169622538697624,95.0
4704020,10.212679214513829,10.289905747724058,94.0
4704080,10.05133747635774,9.314970621054266,97.0
4704200,17.303822937625753,8.154500175151941,88.0
4704230,21.404821280133003,7.785720896534624,92.0
4704260,6.3549160671462825,7.419380582918692,92.0
4704290,16.030534351145036,8.276394704863307,92.0
4704350,15.131679098797385,8.790116892892472,96.0
4704380,14.448398576512457,9.039552050995901,93.0
4704440,20.64041540458676,7.745435610274381,95.0
4704470,13.033118894448414,8.34212526333359,93.0
4704500,9.015984015984015,8.295049140435111,92.0
4704530,5.614035087719298,10.579742865425855,96.0
4704550,13.886021622208942,9.820486306032722,96.0
4800008,8.481446835048331,8.7662383802531,98.0
4800009,5.617056170561706,7.79934339821592,95.0
4800010,11.588502269288956,9.89495122151384,89.0
4800011,12.034538586076632,8.217708406845306,95.0
4800016,77.46987951807229,8.667335849845957,42.0
4800020,25.683060109289617,6.818924065275521,77.0
4800030,6.910922035075534,9.757131416174783,97.0
4800055,4.327092900035323,8.641532465671846,99.0
4800115,10.824742268041238,5.267858159063328,72.0
4800133,81.25,5.950642552587727,77.0
4800163,9.221235664076952,9.288411907396338,93.0
4800179,11.486725663716816,8.639410824140487,95.0
4800204,5.53030303030303,7.1853870155804165,95.0
4800209,7.846026337600147,9.2927495082169,94.0
4800210,6.744868035190615,8.134467570277563,97.0
4800211,2.5692312026368427,10.477203464850332,99.0
4800235,10.132689987937274,7.4133673356952405,87.0
4800241,8.653601425299058,8.27614021955846,97.0
4800264,5.414813382324502,8.550821372396221,92.0
4800266,12.58416531228233,8.36799688505411,95.0
4800271,3.7800687285223367,6.366470447731438,99.0
4800274,6.191825171995144,8.505525386548555,95.0
4800292,8.770653642315287,9.171911345356401,95.0
4801405,6.281185793953625,8.133587417660966,95.0
4801440,9.98016364988842,9.688560155993258,97.0
4807350,7.383935151068534,9.515616752828915,91.0
4807440,17.440907658367475,9.671870704017296,91.0
4807470,10.390428211586904,7.370230641807081,95.0
4807590,7.577947553169523,8.48528964240323,97.0
4807710,19.684669888789827,11.065590938985435,79.0
4807780,4.93093198111558,8.651549243915316,99.0
4807800,20.09474930911962,8.53030683056162,85.0
4807830,16.43560465471694,10.732104870140509,90.0
4807890,4.6812937393606955,9.959300617355341,96.0
4808090,9.24911376087657,10.119566206128216,94.0
4808130,12.764148651931018,10.40232156344974,89.0
4808190,9.59214501510574,7.188412736496954,95.0
4808280,7.428571428571429,8.300280189852664,95.0
4808310,12.0276429936774,8.824824939175638,95.0
4808340,10.21412037037037,8.147867129923947,93.0
4808550,20.74656188605108,7.841885928984623,93.0
4808580,19.429347826086957,7.294377299288821,92.0
4808670,4.197349042709867,7.906915488678587,95.0
4808700,15.727357114441055,11.007551619882483,86.0
4808870,10.718870346598203,8.044305406990638,94.0
4808880,10.545023696682463,7.431299675155903,95.0
4808910,7.134268537074148,7.822044008185619,95.0
4808940,15.11182902584493,11.295763985333567,92.0
4809200,12.486528098537336,8.7787879291047,97.0
4809360,13.596491228070176,7.731930721948486,87.0
4809450,7.0673344462993875,8.592486175451668,98.0
4809570,16.04258443465492,9.296151028389293,95.0
4809630,20.050406048725847,8.18060094759445,91.0
4809670,23.13064685993016,9.800402224452803,83.0
4809720,24.479323875641413,8.105609402299896,92.0
4809810,6.495802032699956,7.724446645633537,95.0
4809860,11.313276887047378,9.314880551250107,95.0
4810200,20.86368366285119,8.254268770090183,87.0
4810230,11.946921354012591,10.071667925775051,92.0
4810260,10.44776119402985,7.295735072749282,95.0
4810710,7.756041426927503,9.069928218259438,99.0
4810800,10.236686390532544,7.432483807917119,92.0
4810890,12.788567240747524,7.911690520708339,97.0
4810990,12.02121390689452,7.436617265234227,95.0
4811190,16.37910085054678,9.42100640177928,86.0
4811220,13.885180240320429,7.311886164077165,87.0
4811280,11.148435859752256,8.46863300080086,93.0
4811310,9.112227805695143,8.001355025826703,96.0
4811340,7.41286205203731,7.619233416226805,92.0
4811460,4.084609773887673,7.223295679562314,95.0
4811580,16.05793450881612,7.370230641807081,92.0
4811610,21.245002855511135,7.467942332285852,95.0
4811640,12.64792899408284,7.902487437162855,95.0
4811680,12.774131231752026,10.726631762209768,92.0
4811700,11.132177681473456,8.213923595622743,96.0
4811790,13.389536325316143,9.688560155993258,84.0
4812060,7.517619420516837,7.845416036592485,95.0
4812120,17.198636504493336,8.079308192051961,88.0
4812180,9.861690809395204,9.410747396316522,94.0
4812220,11.492816989381636,8.07153089355666,95.0
4812390,5.187319884726225,7.45876269238096,95.0
4812420,11.204136912090618,8.309184527686298,96.0
4812460,9.48945615982242,7.496652438168283,95.0
4812480,15.081799591002046,8.271804031154709,93.0
4812640,14.347357065803669,7.5251007461258,95.0
4812750,6.135531135531135,7.688913336864796,95.0
4812780,7.466537655216901,8.732465848349879,94.0
4812810,9.250879839115134,9.204825191288073,95.0
4812990,20.8955223880597,7.701200180857446,92.0
4813020,4.343663994256312,9.030854790001436,99.0
4813050,12.83915306081913,10.13352727053818,95.0
4813110,14.115456238361263,7.895436006942965,95.0
4813170,15.593047034764826,8.271804031154709,90.0
4813230,12.023945994140874,8.968396191198256,94.0
4813290,6.25,7.853993087224244,95.0
4813320,10.224719101123595,7.8898337513942955,92.0
4813500,11.368142762723068,7.321849713788356,95.0
4813530,11.755877938969483,8.293549515060345,90.0
4813590,17.016693591814754,9.136155473786806,87.0
4813650,10.25568980050576,8.177234885510194,92.0
4813960,6.899055918663762,7.9208096792886,99.0
4814280,10.801451974972537,10.642420388245206,95.0
4814310,17.24189229396013,8.81314100828505,92.0
4814370,22.01291711517761,8.625868208041894,82.0
4814430,8.658271819366044,9.351405812254786,93.0
4814520,16.026058631921824,7.336285660021297,87.0
4814670,18.26309067688378,8.049427057110695,93.0
4814700,11.393229166666668,7.336936913707618,92.0
4814730,11.278097795487028,10.047111592619004,95.0
4814820,11.690885072655217,7.322510433997394,95.0
4814850,8.366533864541832,7.7226775164680035,95.0
4814970,14.817987152034265,7.755767170102998,92.0
4815000,8.957771203797016,11.027150113404021,93.0
4815180,6.808781419026408,8.746080217357513,98.0
4815210,4.888290286800824,9.443196602144186,98.0
4815240,16.60073839662447,8.933796043934858,93.0
4815270,20.285624112356004,10.545920218551572,89.0
4815330,12.888336587963783,8.636397438894713,93.0
4815400,12.8705712219812,7.232010331664759,87.0
4815510,8.207663782447467,8.305236829492593,98.0
4815750,13.076168682576006,8.718990524710849,89.0
4815910,15.387653020929315,9.628655892063167,93.0
4815930,20.23385866802237,7.584264818389059,92.0
4815960,17.16216216216216,7.299797366758161,95.0
4816110,9.956252309860847,11.664349573936304,93.0
4816200,10.7727016356458,7.480428306074208,95.0
4816230,13.564996911874657,11.943505860556789,87.0
4816410,14.707585408222352,8.552753366814787,96.0
4816500,7.567567567567568,8.110727582974489,96.0
4816530,11.267828843106182,9.443038136095204,88.0
4816620,20.62595282934266,9.319284458965361,90.0
4816710,14.825144818708432,8.446985296372741,92.0
4816740,9.251624624414786,10.261930931870822,95.0
4816770,7.07070707070707,7.428333194190806,95.0
4816860,15.395449620801733,9.130214327496898,91.0
4816950,10.906374501992032,7.60489448081162,92.0
4817040,15.425531914893616,7.433666540166168,95.0
4817070,15.098347031120142,9.28998299962838,86.0
4817390,18.933387544893947,9.59947282546345,85.0
4817610,8.26580226904376,8.3707791729607,98.0
4817640,20.424506297620898,9.462032506694808,92.0
4817700,12.417086760413904,9.844002905701236,95.0
4817730,19.028789455428377,9.576024610072503,92.0
4817760,5.57279384386248,8.994296557777195,98.0
4817850,20.4830143300932,9.208238163884312,90.0
4818000,22.15559209465777,10.342290720254804,82.0
4818060,17.093852380034686,8.55429627936774,91.0
4818150,28.010638297872344,9.148464968258095,87.0
4818180,13.414891373128032,10.409913511957432,88.0
4818210,16.159695817490494,7.363913501405819,95.0
4818280,12.329885683179096,8.20903626577507,97.0
4818300,14.501038608779249,10.972516538662564,84.0
4818360,15.886984715145902,8.370547611074752,91.0
4818540,11.728395061728394,8.671115273688494,95.0
4818720,7.000642260757868,7.350516171833998,95.0
4818810,13.849845731916352,8.671458150427666,94.0
4818900,11.749232792634809,7.732369222284388,87.0
4818940,8.264462809917356,7.503840746698951,95.0
4819080,6.589383770591824,7.40184157874383,92.0
4819170,9.634551495016613,7.904334842085095,95.0
4819350,13.877144988808752,8.299285906897275,92.0
4819380,14.380081300813009,8.683385366280309,89.0
4819560,8.47171124589838,9.21602418844448,97.0
4819650,6.540564268326748,11.227600612092125,95.0
4819700,18.023194824873244,11.35971600871972,86.0
4819830,9.991742361684558,9.178643285232928,97.0
4819840,10.761235096300826,8.092851027538384,96.0
4819950,6.44045462032614,8.711278615130434,97.0
4820010,5.166762058379729,10.962266940702515,98.0
4820160,6.343283582089552,7.382746449738912,95.0
4820190,24.9093107617896,7.816416983691801,92.0
4820220,13.79422265498215,8.033009498596668,92.0
4820250,10.236325013276684,10.025528178445153,89.0
4820280,21.73408728432652,8.83884181343129,85.0
4820340,10.58376323649199,10.919533117547275,92.0
4820500,16.2782359268555,7.933438387627489,95.0
4820600,11.104363667910125,9.352447388601012,96.0
4820640,10.026246719160104,7.552237287560802,95.0
4820700,12.428454619787408,7.802209316247118,92.0
4820760,14.957983193277313,7.487173694213739,92.0
4820850,4.87264673311185,7.498869733976931,95.0
4820960,11.194029850746269,7.605890001053122,92.0
4821060,11.94239550403934,7.954021087278037,92.0
4821150,15.663058186738835,10.071033823747928,90.0
4821360,11.233108108108109,7.769800996003896,95.0
4821390,16.944639103013316,8.872767529910936,93.0
4821420,17.163889965129794,10.253827472516985,90.0
4821450,12.82051282051282,6.9957661563048505,95.0
4821660,6.2781954887218046,9.495519314209846,97.0
4821720,15.595075239398083,8.540323608805092,90.0
4821750,13.197781885397411,7.902857191280582,95.0
4821780,23.500206868018203,8.483429561263428,92.0
4821810,13.676148796498904,7.510977752014095,95.0
4822170,9.264139468883032,8.503702601233739,82.0
4822320,12.577639751552796,7.566311014772463,95.0
4822410,8.09608540925267,7.717796211013582,95.0
4822470,20.03058103975535,9.574149804815514,93.0
4822530,12.245342629916111,9.817820725779036,90.0
4822970,8.402122641509434,8.129174996911793,95.0
4823010,14.029238266222109,8.268475388982598,83.0
4823100,7.735849056603773,8.064636475774222,94.0
4823250,4.006318207926479,8.848509300888079,98.0
4823280,13.041125541125542,7.521859252201629,95.0
4823430,14.02805611222445,7.59890045687141,95.0
4823640,13.841877468296888,12.260456658721854,79.0
4823790,7.929362880886427,7.968319500012717,95.0
4823820,11.208853575482406,8.16735198705607,98.0
4823910,9.556281442979424,10.644019147757733,94.0
4824000,16.065192083818395,7.4489161025442,95.0
4824030,14.051282051282053,8.674196940225903,84.0
4824060,8.301644947660757,10.06070495373417,96.0
4824100,7.427385892116183,8.88599431515281,92.0
4824180,16.090482287665388,7.759187438507795,95.0
4824260,5.824175824175824,7.506591780070841,95.0
4824420,10.53889613211647,10.380156419650625,92.0
4824590,11.660635303578609,8.51197962436335,87.0
4824600,5.394190871369295,7.430707082545968,95.0
4824630,15.257648953301128,7.81762544305337,92.0
4824930,9.079353550027236,8.613775289262481,97.0
4824990,16.71230495066719,10.043553796432969,85.0
4825170,5.91486723835107,11.257155410828924,94.0
4825200,11.003811944091488,8.277666160851503,97.0
4825260,9.211409885842748,10.441471040344437,94.0
4825320,15.018541409147096,7.388946097618437,95.0
4825500,9.021113243761995,8.047509510981422,91.0
4825590,11.20016874077199,8.464003362902119,95.0
4825620,10.835989213042414,8.313607139317558,95.0
4825660,19.274115229125737,10.698220633849886,87.0
4825680,18.766676549066112,8.12355783506165,85.0
4825740,11.23516299274106,10.868320798869437,93.0
4825980,8.00376647834275,7.66105638236183,95.0
4826040,9.72940103374886,8.098338846189057,90.0
4826100,9.608540925266905,7.584264818389059,92.0
4826130,19.392911410297184,10.250581747317963,85.0
4826190,15.357190017166248,8.932344569113823,92.0
4826280,11.878631375080698,8.038512020976814,87.0
4826310,12.155351319300326,8.12355783506165,98.0
4826400,7.244414353419093,7.29776828253138,95.0
4826430,9.065515490096496,8.278428259199071,98.0
4826470,10.595581171950048,9.250522161609014,95.0
4826490,21.17400419287212,8.113426639943654,87.0
4826580,10.27740747794071,10.357933282865915,93.0
4826610,18.39793281653747,7.5678626054638825,95.0
4826640,12.852007189934092,8.11312710422178,98.0
4826670,9.89951113525258,8.904358542352968,99.0
4826790,10.809794417516295,10.082971754509922,94.0
4827030,7.853443413158299,10.571368205848186,97.0
4827240,12.037345781927309,8.00603417874901,87.0
4827300,8.35684966649564,10.753125529855506,95.0
4827390,16.300439472632842,7.8252452914317745,92.0
4827420,6.220452848967405,8.2987883944492,96.0
4827450,12.867996201329534,7.652545692693921,92.0
4827510,6.957373836354728,8.31434234336979,97.0
4827690,17.431485022307204,8.051340933292979,98.0
4827720,9.058260175578612,8.925055424124123,95.0
4827780,11.406096361848574,8.31090675716845,92.0
4827810,13.26644370122631,7.492203042618741,95.0
4827870,19.44983248104391,8.643120748014027,90.0
4828110,9.011220196353436,9.054388070202297,95.0
4828200,4.934770277935337,7.47477218239787,95.0
4828290,11.238042165877218,9.284241179815718,94.0
4828380,4.620075046904315,8.357962965845681,99.0
4828500,14.102381291886497,10.241815209656801,89.0
4828550,12.90583322106965,8.912338567117548,91.0
4828620,14.958091553836232,7.346655163176539,92.0
4828650,15.062020082693444,7.4342573821331355,92.0
4828680,9.10643141718839,8.164510268747042,96.0
4828710,8.998302207130731,7.764720544771477,95.0
4828740,10.370313342058664,9.471858124407284,93.0
4828890,15.806841931580683,9.115040192121858,86.0
4828920,7.489530147438472,10.459152689774811,94.0
4829010,10.0,8.349957272040324,94.0
4829100,12.17687074829932,7.293017679772782,95.0
4829160,19.020678891923527,8.542080906924017,90.0
4829670,12.23648619638487,10.055822298839407,94.0
4829820,5.85802894555479,7.280008252884188,95.0
4829850,9.17955892034233,10.098396224835554,97.0
4830060,10.700236034618412,8.533853632309345,99.0
4830120,3.977069150841992,7.934155233536322,95.0
4830250,17.540687160940323,8.61794309451638,96.0
4830390,7.951607395482707,10.621278564008833,90.0
4830420,15.56420233463035,7.4949862339505335,92.0
4830570,17.488719464758052,10.154557506491177,89.0
4830600,6.5839909808342725,9.090430075303626,91.0
4830640,5.735166604731822,8.996280439395015,97.0
4830930,9.45945945945946,7.395107546562485,95.0
4830950,16.189024390243905,8.09559870137819,97.0
4831040,18.8506044346758,9.646593300236665,91.0
4831170,18.306832831972496,7.752335163302292,95.0
4831260,11.229395604395604,9.075207697984686,97.0
4831760,11.866316184754035,8.580355766373877,96.0
4831770,8.86153846153846,7.393263094763838,95.0
4832090,12.702226493672914,8.739216115061744,91.0
4832160,7.430664573521717,7.555381944240273,95.0
4832190,10.867430441898527,8.024534871605695,92.0
4832280,12.49303879710414,8.591743922680534,93.0
4832310,7.713754646840148,8.07961802938984,96.0
4832340,12.041884816753926,7.198183577101943,95.0
4832370,12.485508926501277,9.062536177207788,95.0
4832400,16.29639483836637,9.618069581737414,93.0
4832940,13.91408731063196,11.094542276593797,91.0
4833010,6.589595375722543,7.861341795599989,96.0
4833120,15.332151010320173,11.571250975265857,94.0
4833180,8.130081300813007,10.048626318202366,94.0
4833720,16.56899307405434,7.537430036586509,95.0
4833780,11.179429849077698,7.489412083508719,95.0
4834050,12.411018260600432,8.080546965824498,97.0
4834170,10.996082820369333,8.181440695719374,94.0
4834290,14.351057747284164,8.159946655578548,94.0
4834320,16.551345414607358,10.908338461389762,88.0
4834440,5.4510148411854455,9.981790285793302,97.0
4834470,15.041539134236992,7.734996194022781,92.0
4834550,20.498511904761905,7.89655270164304,92.0
4834650,8.142150247413406,7.706612913964197,95.0
4834830,10.383961406144964,10.138124797561552,97.0
4834860,12.266842220759273,10.370329940319197,91.0
4834980,14.50854700854701,8.451053388911692,93.0
4835010,11.006825938566552,7.759614150696903,95.0
4835070,12.62488646684832,8.61341204915678,92.0
4835100,7.727989962168019,10.87049040995193,95.0
4835130,8.974358974358974,7.652545692693921,95.0
4835190,16.02904216699246,8.183397369998433,95.0
4835250,7.746188710341986,7.794411205726601,92.0
4835310,7.258632840028188,7.257707677160043,95.0
4835400,22.42338031811716,8.953252164609035,86.0
4835430,8.749500599280863,8.518392471991719,94.0
4835520,19.228554979850315,7.459914766241105,95.0
4835570,5.6241426611796985,7.284820912568604,95.0
4835580,9.887005649717514,7.255591274253665,92.0
4835800,18.678815489749432,7.183111701743281,92.0
4835850,10.682492581602371,8.385032287813898,92.0
4835910,14.855643044619423,7.552237287560802,87.0
4836000,5.112219451371571,9.395158808968725,99.0
4836240,15.399239543726235,7.874739125171811,91.0
4836360,15.343601895734595,7.431299675155903,87.0
4836450,3.459320948110186,7.353081920515432,95.0
4836540,21.039725355566453,7.620214770574455,87.0
4836660,7.13055459869101,8.666647144584575,94.0
4836970,13.07861866274798,7.215975002651466,77.0
4837020,12.011896520780454,10.57139384523028,88.0
4837140,11.97398622800306,9.254931255304058,93.0
4837150,7.232037691401649,8.353497098745448,99.0
4837170,13.134940995382246,7.575071699507561,92.0
4837410,6.377551020408164,7.763021309018518,95.0
4837440,24.73967684021544,7.932003152361385,91.0
4837590,12.434895833333332,7.336936913707618,87.0
4837650,5.835034960707877,9.690356211348643,97.0
4837740,14.13793103448276,8.760923376338836,89.0
4838080,10.009171507184348,10.800901228640594,95.0
4838190,11.5257048092869,7.788211557847076,95.0
4838220,9.719298245614034,8.648221453822641,96.0
4838360,11.866791744840526,7.664815785285735,92.0
4838580,8.53462157809984,7.529943370601589,95.0
4838700,15.251778683428888,9.580316462154043,89.0
4838730,23.09767061708214,10.798350336996663,82.0
4838790,18.582210757619183,9.255982729854884,91.0
4838820,24.335378323108383,7.2909747781429814,92.0
4838850,12.43741765480896,8.24143968982973,87.0
4838900,14.850204041007268,9.215029361462314,82.0
4838970,19.52258064516129,8.955448122347393,87.0
4839180,10.976505139500734,7.909856667269403,89.0
4839270,15.007305364224589,8.474494436883122,93.0
4839480,9.679274214157935,9.658353983330302,96.0
4839630,10.349699752737548,7.9483852851118995,92.0
4839690,25.14840017373679,8.840290669088972,90.0
4839750,11.644782308223911,7.970394907191429,92.0
4839870,5.9038344491783326,7.404279118037268,95.0
4839930,4.986695575046811,9.224933374279082,97.0
4839990,17.52169614412831,9.116359308505288,90.0
4840020,15.445544554455443,7.61085279039525,92.0
4840080,16.470588235294116,8.87346805533363,88.0
4840230,12.45308768338451,7.983098940710892,95.0
4840350,13.00043047783039,7.750614732770409,95.0
4840550,12.695749440715884,7.488852955733459,95.0
4840650,18.175046554934823,7.895436006942965,92.0
4840680,21.518159014069145,9.1235835080499,78.0
4840710,9.609390115441666,10.747573116161046,90.0
4840740,17.991929741276998,8.345930261979017,92.0
4840920,21.359051495310563,8.639587799629844,89.0
4840950,19.896268549200403,9.53834831589953,93.0
4841070,13.296812749003983,8.298041661371565,96.0
4841100,12.540010170809776,10.417179065715164,90.0
4841190,8.147773279352228,7.588829878307813,95.0
4841220,20.348885504637963,10.494463570484948,83.0
4841280,13.016759776536311,8.183118079394745,87.0
4841350,10.205213533000554,8.190354403763262,93.0
4841520,9.785596481583289,8.199189359078067,97.0
4841820,10.709253170502585,8.356554845453426,90.0
4841880,2.4820739106453393,7.502738210754851,95.0
4841970,11.2353838332486,7.584264818389059,95.0
4842030,15.51556420233463,7.628517626575055,92.0
4842210,9.846827133479213,7.510977752014095,95.0
4842240,9.771573604060912,7.362645270417825,95.0
4842280,9.887359198998748,8.069655306886165,92.0
4842300,15.372035977105478,7.109062135687172,95.0
4842330,21.701024564868536,8.999742789830492,84.0
4842450,16.057533600565904,8.352554369474591,93.0
4842480,14.784514243973703,8.83127373772255,93.0
4842510,29.523255813953487,9.0595174822416,86.0
4842960,6.247253092233315,9.675771061251782,96.0
4843350,15.926214601195117,8.255568653283746,98.0
4843470,11.903431317760145,9.792220740107542,91.0
4843650,10.290310650887577,10.675076159402636,95.0
4843720,24.074074074074073,8.407824654360873,87.0
4843800,8.214285714285714,8.40737832540903,95.0
4843890,6.629143214509068,7.377133712833954,95.0
4843920,14.0321914981428,7.792761720816526,98.0
4844010,6.244131455399061,7.6638772587034705,95.0
4844110,14.732142857142858,7.60887062919126,92.0
4844150,17.68369489153254,9.567315270923913,90.0
4844160,16.713574366746048,8.437933510430605,89.0
4844280,19.645874163681828,9.602179736502535,73.0
4844430,9.160839160839162,8.874867635688053,97.0
4844730,11.034980165885324,9.026297334283887,88.0
4844800,13.681868743047833,8.99850761180784,97.0
4844960,12.2273864855202,9.728062162430014,91.0
4845090,24.199623352165727,7.66105638236183,87.0
4845120,21.815589353612168,7.651595573857601,92.0
4845380,12.541726275631854,7.64826303090192,95.0
4845480,8.160535117056856,7.3098814858247865,95.0
4845540,14.763231197771589,8.82776136765472,86.0
4845600,8.785805899957246,8.450625947144124,91.0
4845630,9.652996845425868,7.368339686311381,95.0
4845720,17.30263157894737,7.326465613840322,92.0
4845780,11.168831168831169,9.508591395777199,98.0
4845900,16.200274348422496,8.894258825002703,85.0
4845950,12.557172557172558,7.785305182539862,87.0
4846200,6.903353057199212,7.327123292259293,95.0
4846500,6.394557823129252,8.391629968440892,97.0
4846530,6.020875763747454,9.662180030594246,96.0
4846620,15.0278293135436,7.388327859577107,95.0
4846680,11.439105198913884,10.600203357973099,90.0
4846710,24.680488497585912,8.166500319155052,91.0
5100060,8.965252447686696,8.558143177745192,83.0
5100090,7.265540783327344,9.54072267395999,90.0
5100120,7.790153145171496,9.667891793282678,75.0
5100152,16.148215919487647,7.689828668736484,86.0
5100180,17.84718349135527,7.491645473605133,92.0
5100210,13.166996047430828,8.305978210967302,91.0
5100240,9.995615957913197,7.732369222284388,92.0
5100270,6.911104227969646,10.159214453746358,85.0
5100300,9.945397815912637,9.23561817916045,92.0
5100360,9.30802204531537,9.18993356219852,89.0
5100420,6.196213425129088,8.444192298531748,95.0
5100450,19.947159841479525,7.7279755421055585,82.0
5100480,18.75,7.397561535524052,87.0
5100510,24.885603660682857,7.951911381854188,89.0
5100540,13.461538461538462,7.588829878307813,92.0
5100600,9.209506587445103,8.954415331137593,90.0
5100660,24.012229539040455,8.355144739461839,79.0
5100690,7.163550171187779,8.241966560231802,87.0
5100750,20.83997873471558,7.53955882930103,87.0
5100780,6.341463414634147,8.414052432496725,88.0
5100810,6.895607813860893,10.60124907064682,90.0
5100840,9.334159990863258,11.023388292222021,88.0
5100870,10.505050505050503,7.590852123688581,95.0
5100960,12.979247274006331,7.952615111651,89.0
5101050,12.296983758700696,9.010547069270189,89.0
5101080,16.654219566840926,7.199678345691172,92.0
5101110,18.041882942545197,8.628197749459149,75.0
5101140,25.31527323680523,7.669028288589683,92.0
5101170,17.53576372865713,8.374246182096304,82.0
5101200,9.737029140014217,7.249215057114389,92.0
5101260,8.133106756437007,12.133265365571027,86.0
5101290,4.136346227499042,7.8674885686991285,97.0
5101320,6.697875405113432,9.31542084842669,94.0
5101350,8.390578999018645,7.61972421378267,92.0
5101380,19.38718662952646,8.185907481482324,94.0
5101440,9.343853820598008,8.88516409509682,87.0
5101470,12.737487986988985,9.512442967089195,92.0
5101510,9.761766414875073,8.143807976771484,81.0
5101590,11.632571199358203,7.821242083523558,87.0
5101620,11.143802868701728,8.601166625192416,88.0
5101650,14.33990895295903,7.877017895622398,90.0
5101690,12.397734424166142,7.370860166536716,87.0
5101710,16.23959000640615,8.046229101075378,93.0
5101740,18.10957758260142,7.779466967458324,82.0
5101770,15.791615791615794,8.499843553081124,85.0
5101800,16.15911173395138,9.828386780026877,87.0
5101830,4.582633053221288,9.789758787207784,94.0
5101860,10.69102462271644,8.747510946478448,83.0
5101890,10.1531369638253,10.843416682975683,89.0
5101920,11.478703455665684,8.91811465947453,83.0
5101980,16.77065136011979,8.295798110636145,82.0
5102010,9.683290862759373,8.611411866655219,93.0
5102100,13.8257993384785,8.419580362549237,91.0
5102120,14.10373066424022,7.6953031349635665,87.0
5102190,23.37106148669318,8.092239406724211,82.0
5102250,7.403709343251541,11.29130575202436,93.0
5102280,8.996539792387544,8.499640032168648,89.0
5102310,14.444444444444445,7.333023014386481,77.0
5102340,14.647782333209095,8.993303139093733,85.0
5102360,16.18289237092217,8.960082528170402,68.0
5102370,8.159819921215531,7.482681828154651,87.0
5102390,10.493827160493826,8.223090551161533,84.0
5102400,12.079831932773107,7.55171221535131,82.0
5102430,15.187557182067705,6.996681488176539,87.0
5102460,15.270708005552985,8.371473537066832,82.0
5102490,13.629283489096572,7.157735484249907,87.0
5102520,9.666666666666666,9.20029003612268,91.0
5102580,11.571125265392782,7.5411524551363085,87.0
5102610,9.71023427866831,8.084562415235304,90.0
5102640,14.926411364135609,10.21515467023837,88.0
5102670,15.42837906076418,10.299070660789841,78.0
5102710,11.91772534785239,7.410347097821024,92.0
5102730,13.732928679817904,7.183870715062453,92.0
5102790,15.111758989310008,7.629489916393995,87.0
5102820,12.797188339880092,8.484049972822984,92.0
5102850,12.239428231089937,8.119100837637486,96.0
5102880,11.60220994475138,7.906547232368036,87.0
5102910,28.37171052631579,8.201934351194222,74.0
5102940,14.48960949988582,9.077722847361343,88.0
5102980,6.825619448340346,7.668093709082406,92.0
5103000,18.26334208223972,9.526318313582811,82.0
5103030,6.164858000461787,8.373553741214627,92.0
5103060,16.94915254237288,7.632885505395133,82.0
5103090,11.41055949566588,8.755422380148488,89.0
5103130,12.101285042816151,11.402764556954535,88.0
5103150,14.593698175787727,8.347827345782498,90.0
5103180,9.98759305210918,7.385230923066573,87.0
5103240,17.707850002109083,10.073525642163233,66.0
5103300,17.06223822470424,9.518486617560317,81.0
5103330,6.722808010756492,9.556126244582746,92.0
5103370,19.37080240367621,7.947678571301568,88.0
5103390,6.868294331333953,9.378985497953893,92.0
5103420,16.405433646812956,8.250097752572845,87.0
5103460,9.686393525543751,8.282483003730562,93.0
5103480,11.850828729281767,8.194229304819817,90.0
5103510,12.723141837065889,8.726156679156613,93.0
5103520,14.179608372721134,8.399085102935908,90.0
5103600,12.14820092625579,7.939871576361883,82.0
5103640,12.651996465687718,10.076053342881366,88.0
5103660,9.209126779893635,10.28003865047965,92.0
5103690,12.34380916319576,7.878912912297133,84.0
5103710,9.678317783038574,9.572341108670264,85.0
5103810,22.6480234766097,8.664405571096625,82.0
5103840,8.419465347114457,11.131752889431096,90.0
5103870,19.620136455836253,8.59840444684106,89.0
5103900,16.304048471495456,8.89041055197428,90.0
5103930,12.445923460898504,8.008032846969307,82.0
5103980,17.50465549348231,7.384610383176974,87.0
5104020,10.370804386038335,9.388235479817224,90.0
5104050,13.971422091177136,8.391403185357937,80.0
5104080,15.841930407413884,8.651549243915316,94.0
5104110,14.443643354962749,8.333510708982942,92.0
5104150,7.100591715976331,9.460632055209405,95.0
5300001,19.10528917449333,8.305484017727691,92.0
5300003,24.135250680139915,8.545974992841689,89.0
5300030,25.720104742508,8.142354276849835,80.0
5300150,15.104350902016272,7.946971357693591,92.0
5300240,20.781108083560397,8.61341204915678,91.0
5300300,26.741760534000836,9.727883383489697,88.0
5300330,16.11338100102145,8.272826003650401,94.0
5300380,22.440828402366865,9.511925349596956,82.0
5300390,8.101549374649991,9.972453757000851,94.0
5300420,20.171636615811373,9.353227859524731,95.0
5300480,22.116083480427783,9.86588952212081,95.0
5300570,24.357798165137616,7.687080155783135,92.0
5300660,26.30712227254014,8.488382109562117,76.0
5300780,27.944827586206895,8.195609567288775,92.0
5300810,13.587185611915134,8.87024156729927,94.0
5300950,16.074766355140188,6.975413927455952,95.0
5300960,9.096385542168676,7.414572881350589,95.0
5301080,22.087912087912088,9.298351249298896,93.0
5301110,25.639559811347723,9.546383945305841,92.0
5301140,23.764044943820224,8.177515823846075,82.0
5301170,21.4215525712414,8.023879992734878,91.0
5301200,18.676470588235293,7.215239978730097,95.0
5301230,23.80054473077729,8.470730317005897,90.0
5301320,29.44297082228117,7.878155336503324,72.0
5301410,25.712566744378428,9.495293724856706,97.0
5301630,29.312227074235807,7.513163545234075,87.0
5302070,20.42491549975857,7.635786861395585,95.0
5302280,22.71308523409364,8.334471554600944,81.0
5302310,18.85950939789742,8.744806737401898,86.0
5302370,24.10856838744013,7.538494999413465,95.0
5302400,18.14739149932732,9.906931614938683,92.0
5302460,25.287356321839084,8.10349427838097,95.0
5302490,22.933333333333337,7.313220387090301,92.0
5302610,22.957198443579767,7.851661177889265,95.0
5302670,18.67614611424369,9.923045051751659,97.0
5302700,31.26294805144041,10.14968334738049,91.0
5302820,28.28888888888889,10.021270588192511,91.0
5302850,24.56066059707813,8.460199469896118,89.0
5302880,17.049608355091383,8.250620082174692,95.0
5302940,22.029640793770408,8.982435503560263,95.0
5303150,18.28071106394269,8.234564993267135,93.0
5303180,12.467700258397931,7.344719054149673,92.0
5303210,24.41454907822621,7.604396348796338,87.0
5303540,32.073339838734526,9.876681458115621,86.0
5303570,23.562628336755647,7.5745584842024805,95.0
5303660,23.62204724409449,7.409136443920128,87.0
5303750,12.473623633224632,9.945205145887996,95.0
5303930,21.10004741583689,9.851193757814993,83.0
5303960,23.11370304632883,10.225824642736724,87.0
5304020,25.802047781569964,7.289610521451167,92.0
5304170,16.38385020479813,7.443663683115591,92.0
5304200,15.871934604904633,9.083415678402515,90.0
5304230,10.805120149727616,10.306315853989789,98.0
5304260,27.775534921275735,7.814803429489359,92.0
5304470,31.96244970943228,8.811503250158239,93.0
5304560,11.880896226415096,8.129174996911793,94.0
5304620,11.508309814989024,8.067462667010057,92.0
5304860,31.008380643417137,9.314430080500564,83.0
5304920,13.021686746987951,9.247154345098899,91.0
5304950,16.276703967446593,7.583756300707112,95.0
5304980,8.638166593212869,8.420241665339788,96.0
5305010,19.97380484610347,7.3310603052186325,95.0
5305130,20.44420171126889,8.61122983334262,87.0
5305160,14.215686274509803,7.2640301428995295,95.0
5305220,32.785566536428405,9.071308163280625,92.0
5305310,23.13472893183038,7.529943370601589,67.0
5305370,17.51464693185322,8.084254106307318,95.0
5305400,27.89974070872947,8.663023639627777,83.0
5305430,19.66982339390837,9.656819456174961,87.0
5305460,20.98865478119935,7.1180162044653335,95.0
5305610,32.92797006548176,6.974478911025045,92.0
5305640,14.012738853503183,7.253470382684528,95.0
5305670,15.633724176437743,7.490529402060711,77.0
5305730,15.787037037037038,7.67786350067821,95.0
5305760,18.912608405603734,8.698847859222488,95.0
5305790,19.23947487550928,7.700295203420117,81.0
5305850,19.828264289459884,9.632728147280256,88.0
5305910,10.15555948382535,10.026943356463047,95.0
5305940,23.543902868203418,8.645234541297121,92.0
5306180,18.51222104144527,9.149528232579426,95.0
5306450,19.78309648466717,7.891330757661889,92.0
5306480,19.24086894246837,8.340217320947035,90.0
5306570,19.231184537306987,9.826714493730215,79.0
5306690,15.481849611063096,9.133027268873512,89.0
5306820,25.45121632226001,8.248790733696413,92.0
5306900,20.576431959139,7.916078096302786,95.0
5306930,15.16603902773023,7.979681302387741,95.0
5306960,23.27851552194178,10.031968714184668,91.0
5307080,24.175824175824175,8.00736706798333,92.0
5307230,23.884250831711757,9.676022175572895,82.0
5307320,18.279409572088863,9.504054216659682,85.0
5307350,18.320859095346567,8.030409562130485,92.0
5307440,17.24397590361446,7.191429330036379,95.0
5307470,19.35483870967742,7.751475318021456,87.0
5307620,17.253121452894437,7.474204806496124,82.0
5307710,16.600010957102942,10.910697017730893,86.0
5307740,30.99622285174693,8.351374706721296,75.0
5307770,21.74721189591078,8.233768709217097,81.0
5307830,20.325779036827196,7.945909598613133,92.0
5307900,32.990413841477675,8.361007108226909,77.0
5307920,14.717762817193163,9.175231194862615,93.0
5308020,19.28264561894295,9.211239967219019,87.0
5308040,13.032331576698477,8.85666093701725,96.0
5308130,25.03280839895013,8.022240916806537,87.0
5308160,21.75508492346404,9.16303909885817,88.0
5308190,38.4115523465704,7.233455418621439,92.0
5308250,22.777706516162137,10.347660421747342,92.0
5308340,23.225951790943903,8.398184404834035,89.0
5308460,16.317228805834095,8.098946748943339,95.0
5308550,15.392456676860348,7.581719640125308,92.0
5308610,17.844845047599758,9.197660318818809,94.0
5308670,25.48048922539313,8.834628222017367,91.0
5308700,30.620514405411903,10.279214842380336,92.0
5308760,11.15644672417813,9.056956065076825,94.0
5308970,24.9079754601227,8.312626025674962,90.0
5309100,23.072641246868912,8.879889967673464,87.0
5309180,14.87502184932704,8.651898894268529,95.0
5309270,29.35728439734643,10.052510823928568,89.0
5309300,23.567708333333336,7.336936913707618,95.0
5309360,20.121703853955378,7.80994708647679,92.0
5309450,26.635674931129476,8.666991556504632,91.0
5309480,33.1813398807436,7.955425088912672,86.0
5309540,23.875968992248065,8.078688229229872,95.0
5309660,25.132941505737477,8.874308038583354,89.0
5309690,32.44055752937961,8.204945165019208,95.0
5309720,23.04463945059138,8.564458383883352,96.0
5309780,21.726876761465537,8.269500767180615,95.0
5309810,29.65250965250965,7.166265974133638,92.0
5310050,18.338355574687903,7.750614732770409,92.0
5310110,30.09419930589985,9.688808079634049,85.0
5310140,20.056051847959363,8.64979915596426,84.0
5400030,22.61437908496732,7.738488122494646,92.0
5400060,20.13874508179747,9.868689046993433,94.0
5400090,41.8610484073238,8.290794347381356,88.0
5400120,21.99703410776075,7.612336837167746,87.0
5400150,18.321392016376663,7.983098940710892,94.0
5400180,24.014421192883457,9.453992183921743,83.0
5400240,18.632202477113623,7.526717561352706,95.0
5400300,17.89913366336634,8.774003600200931,86.0
5400360,15.0,7.426549072397305,92.0
5400390,24.519846350832267,8.452334619067742,91.0
5400420,20.21444339325134,8.061802274538348,87.0
5400450,16.764132553606238,8.319717386850606,90.0
5400480,17.31748726655348,7.764720544771477,87.0
5400510,16.904428904428904,9.280332743796217,90.0
5400540,20.0473220047322,8.444407421690585,94.0
5400570,13.048700589648396,9.12238309321704,91.0
5400600,17.095673747867888,10.157974720130268,83.0
5400630,18.522815158546017,7.857867559331803,95.0
5400660,38.26589595375722,8.14902386805177,87.0
5400690,47.568854131247875,8.67965211911394,91.0
5400720,16.33461205296374,8.997270906233448,94.0
5400750,19.225037257824145,8.454679286026995,96.0
5400780,18.426856162705217,8.314097335405807,92.0
5400810,42.42718446601942,8.035926369891792,92.0
5400840,24.105064834312312,9.107532151994501,90.0
5400870,15.252598501329464,8.327726166461412,95.0
5400900,33.33333333333333,8.285513309079741,97.0
5400930,11.755607115235886,9.361944956108077,90.0
5400960,22.671840354767184,7.4977617006225685,95.0
5400990,15.221987315010573,7.768533300926033,95.0
5401020,16.977611940298505,8.230044310126114,93.0
5401050,13.458618071374335,8.569406062863171,96.0
5401110,17.99126637554585,7.0431599159883405,92.0
5401170,18.131503210095197,8.415603335654604,86.0
5401200,20.91915950729738,9.17585244151751,97.0
5401230,22.308905303344677,9.396736947923277,85.0
5401260,11.025957972805934,8.305236829492593,93.0
5401320,21.82061579651941,7.714677473800927,87.0
5401350,22.92207792207792,7.3395376954076745,87.0
5401380,16.60377358490566,7.776954403322442,92.0
5401440,15.311355311355312,7.21890970761906,95.0
5401470,14.312317105613197,8.231908243564177,86.0
5401500,32.0,8.85366542803745,88.0
5401530,11.233480176211454,7.216709486709457,95.0
5401560,21.137254901960784,7.843848638152472,95.0
5401620,19.386386939033045,9.447702360527948,89.0
5401650,35.921843687374746,8.292047637431354,92.0
5500060,24.491094147582697,7.360103972989152,92.0
5500074,17.03056768558952,6.82001636467413,95.0
5500300,11.30718954248366,7.333023014386481,95.0
5500360,13.670661340434975,7.720017940432244,94.0
5500390,9.384852753739857,9.60958618027043,89.0
5500510,29.022848808945067,7.6290038896529575,95.0
5500540,8.723599632690542,8.09162741160107,95.0
5500720,6.874638937030618,7.456454555176209,95.0
5500810,14.610817941952506,8.016977746762262,90.0
5500870,9.395484340859433,7.224753405767971,92.0
5500960,17.766934557979333,8.155936337972394,85.0
5501050,23.572496263079223,8.808369153122275,85.0
5501080,10.495436766623207,7.335633981927201,95.0
5501140,11.341463414634148,7.402451520818244,87.0
5501260,23.93617021276596,7.433666540166168,92.0
5501770,6.430062630480167,8.879750798513125,96.0
5501800,13.52405721716515,7.338238150065589,95.0
5501890,14.323432343234323,8.016317898503415,90.0
5502160,7.991038088125467,7.199678345691172,92.0
5502460,12.03883495145631,8.035926369891792,99.0
5502520,5.716723549488054,7.066466970136958,92.0
5502550,13.094990646435251,8.478660241699453,84.0
5502670,24.858299595141705,7.118826249062078,92.0
5502820,6.245461147421931,7.227662498728654,87.0
5503060,25.89865742745777,7.744569809354496,92.0
5503180,8.928055475296157,8.149312843635345,94.0
5503210,5.7605760576057605,8.39931015075952,95.0
5503510,7.114728275137831,8.245121966478605,98.0
5503640,19.399428026692085,7.6487397889562425,87.0
5503660,3.664921465968586,7.331714969726466,95.0
5503690,9.816440542697526,7.133295954896068,95.0
5503860,9.083910700538876,7.1693500166706,95.0
5504020,10.47087980173482,7.3864708488298945,95.0
5504050,17.04022988505747,9.25339986143663,85.0
5504110,7.072282891315653,7.56164174558878,95.0
5504290,2.0826857320484926,8.076204527239026,97.0
5504320,7.683000604960677,7.410347097821024,92.0
5504440,11.332227750138198,7.500529485395295,95.0
5504680,20.110352838681575,8.837390855544697,90.0
5504740,8.224163027656479,7.91862865334224,90.0
5504830,9.584595413241022,8.438582790834326,85.0
5504920,25.20074119827054,7.389563953677635,95.0
5504960,7.188612099644128,7.247792581767846,95.0
5505160,12.202609363008442,8.271036865792954,96.0
5505490,7.065217391304348,7.00669522683704,96.0
5505610,4.967197750702906,7.665753431861699,95.0
5505670,14.726027397260276,7.286191714702382,82.0
5505820,22.151806171696,9.928814110482136,86.0
5505910,3.761504601840736,7.823645930834952,97.0
5505940,12.720546385885031,8.164510268747042,88.0
5506000,9.267687215556474,7.790282380703483,96.0
5506030,5.581999134573778,8.438582790834326,96.0
5506060,10.18573996405033,7.419979923661835,92.0
5506120,17.954378219278883,7.214504414151143,93.0
5506180,1.655933762649494,7.684324067681155,99.0
5506270,19.88571428571429,7.4673710669175595,87.0
5506540,2.5984462898473075,8.224967478914584,95.0
5506600,8.147956544231764,8.259975659768276,98.0
5506630,11.279490270363354,8.66681936537205,93.0
5506690,12.089356110381075,8.580543506917,97.0
5507020,23.585990590695243,9.165865881874353,88.0
5507050,11.462655601659751,7.564238475170491,92.0
5507290,7.159062263675321,8.28576542051433,95.0
5507320,19.39685355492274,9.972127028252816,89.0
5507380,11.567982456140353,7.508787170634276,92.0
5507440,6.396761133603239,7.118826249062078,95.0
5507470,5.127161749745676,8.500047032581268,97.0
5507530,16.603024285932488,8.786762208441091,88.0
5507650,12.642045454545457,7.249925536717988,94.0
5507710,6.261859582542694,7.365812837209472,92.0
5508160,11.58422041327489,7.3758821482150125,92.0
5508190,5.756457564575646,7.2115567333138015,95.0
5508340,4.809200209095661,7.556427969440253,92.0
5508520,21.348484848484848,10.181119289134408,82.0
5508610,17.41106719367589,8.52912176228151,83.0
5508640,15.112075198843094,7.232010331664759,95.0
5508700,18.05902951475738,7.6004023345004,87.0
5508820,13.25848703555199,8.227108234348146,92.0
5508850,18.275154004106778,7.2868764117507,92.0
5508910,6.014712245781047,7.745435610274381,75.0
5508940,7.1563088512241055,7.66105638236183,92.0
5509030,17.2103487064117,8.176391596633795,93.0
5509060,8.227690778026348,8.299783171949787,98.0
5509090,18.34509300833868,8.044947049617722,94.0
5509130,6.272060819983709,8.211482916445066,97.0
5509210,22.37851662404092,7.76046702921342,91.0
5509510,13.251798561151078,8.846496938558838,95.0
5509570,9.6987087517934,8.156223323194624,97.0
5509600,42.24825160957681,11.233753743203248,67.0
5509630,22.191011235955056,6.568077911411976,92.0
5509810,11.061552185548615,8.12058871174027,92.0
5509840,12.048698572628044,7.775695749915245,92.0
5509960,13.3130081300813,7.584773077612199,95.0
5509990,8.521303258145362,7.780720886117918,95.0
5510060,5.615683071268123,8.496378051702317,97.0
5510170,5.794735768210569,8.497194544909547,97.0
5510320,12.198604060913706,8.748939631537715,94.0
5510470,4.603174603174604,8.391629968440892,99.0
5510590,13.901918976545844,7.76004068088038,92.0
5510620,9.12535522576571,8.06054004653864,95.0
5510740,10.163710777626193,7.290292882446597,87.0
5510830,10.91053048297704,8.750683034784592,95.0
5510890,8.164808164808164,8.57376254290413,97.0
5510950,8.671586715867159,7.3938782901077555,87.0
5511010,5.316137150047185,8.064321960910803,97.0
5511100,3.439291297550807,8.252706676567644,94.0
5511160,8.876474239602732,7.384610383176974,95.0
5511190,15.1961322931546,9.116139576577355,90.0
5511640,8.71743486973948,8.004365564979574,98.0
5511940,9.995557529986671,7.719129840906732,94.0
5512000,6.848756624541378,7.8050670442584895,98.0
5512060,13.03960836671117,7.717351272185329,91.0
5512240,9.534883720930234,7.162397497355718,92.0
5512330,11.37467847956559,8.160232492367689,98.0
5512360,29.790758019102302,9.804385191492917,76.0
5512660,17.709437963944858,7.947678571301568,94.0
5512720,11.217282924802658,7.786136437783072,96.0
5512810,14.883093525179856,7.707062655370473,95.0
5513020,7.229647630619684,7.406103381237015,92.0
5513050,4.655493482309125,8.07775756373692,91.0
5513170,9.369433558959743,8.633018756921828,94.0
5513260,21.44725370531822,7.044905117129371,92.0
5513290,16.266173752310536,6.9865664594064265,93.0
5513410,16.48898365316276,7.942362237674335,89.0
5513530,7.865168539325842,7.707512194600341,92.0
5513620,18.709415584415584,7.80954132465341,92.0
5513650,18.66125760649087,9.14494815320913,89.0
5513680,6.729634002361275,7.434847875211999,95.0
5513800,7.602064758329423,7.664346632098617,95.0
5513950,4.425583510154593,8.101374671228582,99.0
5514010,8.167202572347266,7.349230824613334,95.0
5514040,16.56711725872367,8.064950891749143,90.0
5514160,13.516405135520683,7.938802248154481,97.0
5514250,21.231766612641813,7.1180162044653335,95.0
5514490,13.963161021984552,8.814627555310697,93.0
5514550,11.056105610561056,8.016317898503415,94.0
5514640,16.507207551983672,8.966866554188723,93.0
5514670,8.980921358771523,8.365905077202456,86.0
5514910,1.8740031897926632,7.827240901752812,92.0
5514940,2.3519870235198703,7.117205503164344,95.0
5515120,15.757938885560216,7.419979923661835,87.0
5515150,5.982053838484546,6.910750787961936,98.0
5515330,10.241766609556445,8.566554620953962,95.0
5515480,16.48590021691974,6.133398042996649,92.0
5515600,8.935018050541517,7.010311867307229,96.0
5515750,13.530594656707844,8.15507488781144,95.0
5515780,10.796154794182891,9.406811351874557,86.0
5515810,6.673407482305358,8.282988692742602,98.0
5515840,14.642678660669665,7.601402334583733,92.0
5515870,12.35897435897436,7.575584651557793,92.0
5515900,11.555502335049695,9.03013657115323,91.0
5515960,12.435991221653255,7.220373836723949,87.0
5515990,11.496956281128943,8.885717651712119,89.0
5516260,23.696337618239145,9.017483513266844,88.0
5516290,10.90880303989867,8.750841375375533,90.0
5516320,4.669798286819563,8.193953023563742,95.0
5516350,10.21978021978022,7.506591780070841,95.0
5516620,5.197777051323962,8.025843344150903,92.0
5516680,13.436006372809349,7.5406215286571525,92.0
5516770,14.887640449438203,6.97354301952014,91.0
5516830,5.344418052256532,7.428927194802272,95.0
5517070,15.12639867384998,8.481773246184977,93.0
5517190,9.798055347793568,7.198183577101943,95.0
5600730,2.0246913580246915,8.306472160100585,82.0
5601030,2.710843373493976,6.903747257584598,82.0
5601420,1.9776440240756663,7.0587581525186645,52.0
5601470,1.5673981191222568,9.097395612960048,83.0
5601980,1.7956481937891695,9.561067663645012,80.0
5602070,1.37524557956778,7.618742377670413,92.0
5602140,2.237926972909305,7.437206366871292,87.0
5602760,1.8959107806691449,7.897296472595885,84.0
5602870,2.4760832864378166,7.482681828154651,87.0
5602990,2.4203069657615113,7.434847875211999,87.0
5604060,1.3508832698302735,7.967973179662935,88.0
5604230,7.371794871794872,5.7430031878094825,57.0
5604510,1.7113992762364294,9.492808877375076,78.0
5605160,1.7993456924754636,7.51425465281641,92.0
5605220,2.67639902676399,7.81035268372429,77.0
5605302,1.928622927180966,8.621192781434722,74.0
5605695,1.438645980253879,8.173293438966228,89.0
5605762,1.9252984212552944,7.862112211662748,92.0
5605830,1.5309672929714684,7.96346006663897,87.0
7200030,8.939907105937229,12.629030525729327,74.0
