LEAID,grad_rate,chron_absent,enrolled,absent_rate
100005,94.0,731.0,5444.0,13.42762674504041
100006,91.0,928.0,5698.0,16.286416286416287
100007,94.0,1330.0,14369.0,9.256037302526272
100008,96.0,1066.0,10804.0,9.866716031099592
100011,95.0,241.0,2027.0,11.889491859891466
100012,92.0,355.0,2378.0,14.928511354079058
100013,97.0,313.0,4558.0,6.867046950416849
100030,89.0,334.0,3032.0,11.015831134564644
100060,95.0,269.0,1773.0,15.172024816694869
100090,77.0,374.0,1854.0,20.17259978425027
100100,92.0,268.0,2603.0,10.295812524010756
100120,89.0,421.0,3511.0,11.990885787524922
100180,92.0,498.0,1506.0,33.067729083665334
100185,95.0,525.0,3086.0,17.012313674659755
100189,95.0,153.0,1457.0,10.501029512697322
100190,97.0,615.0,6064.0,10.141820580474931
100194,93.0,278.0,3206.0,8.671241422333125
100210,95.0,488.0,8623.0,5.659283312072365
100240,89.0,1792.0,9070.0,19.7574421168688
100270,88.0,5729.0,31844.0,17.990830297701294
100330,77.0,851.0,3559.0,23.911211014329865
100360,88.0,1003.0,3159.0,31.750553972776196
100390,79.0,6666.0,22842.0,29.18308379301287
100420,93.0,987.0,7774.0,12.696166709544638
100480,87.0,297.0,1418.0,20.944992947813823
100510,83.0,595.0,3060.0,19.444444444444446
100540,92.0,1126.0,8642.0,13.029391344596158
100600,82.0,515.0,3542.0,14.539808018068886
100630,94.0,1059.0,3918.0,27.029096477794795
100660,87.0,1367.0,7654.0,17.859942513718316
100690,82.0,237.0,1363.0,17.388114453411593
100720,93.0,378.0,2571.0,14.7024504084014
100750,87.0,378.0,1923.0,19.65678627145086
100780,94.0,382.0,2584.0,14.783281733746133
100810,95.0,419.0,2014.0,20.80436941410129
100840,93.0,257.0,2584.0,9.945820433436532
100870,82.0,179.0,1503.0,11.909514304723883
100930,92.0,414.0,3116.0,13.286264441591785
100960,92.0,496.0,2224.0,22.302158273381295
100990,93.0,399.0,3251.0,12.273146724084896
101020,94.0,1378.0,9641.0,14.293123120008296
101050,97.0,533.0,3159.0,16.872427983539097
101110,92.0,871.0,3180.0,27.38993710691824
101140,92.0,1555.0,8878.0,17.515206127506193
101170,87.0,1433.0,8849.0,16.19392021697367
101200,92.0,392.0,2309.0,16.977046340407103
101230,87.0,1642.0,8998.0,18.248499666592576
101290,90.0,1650.0,11210.0,14.71900089206066
101320,93.0,1255.0,7216.0,17.39190687361419
101350,92.0,987.0,4237.0,23.29478404531508
101380,95.0,1996.0,8460.0,23.59338061465721
101410,84.0,797.0,2520.0,31.626984126984127
101440,82.0,491.0,1699.0,28.899352560329604
101470,92.0,250.0,2323.0,10.76194575979337
101530,95.0,793.0,4362.0,18.17973406694177
101560,97.0,363.0,3229.0,11.241870548157324
101590,91.0,537.0,3779.0,14.210108494310663
101620,84.0,1266.0,5198.0,24.355521354367063
101660,92.0,545.0,2996.0,18.190921228304404
101680,82.0,177.0,1083.0,16.343490304709142
101690,95.0,298.0,1926.0,15.472481827622014
101710,91.0,392.0,2563.0,15.294576667967224
101720,92.0,269.0,1652.0,16.283292978208234
101730,96.0,457.0,3511.0,13.016234690971237
101740,92.0,316.0,2477.0,12.757367783609205
101760,93.0,297.0,4249.0,6.98987997175806
101770,94.0,1168.0,6363.0,18.356121326418357
101800,88.0,4271.0,23768.0,17.969538875799394
101830,92.0,748.0,5293.0,14.131872284148876
101860,87.0,321.0,1610.0,19.937888198757765
101890,92.0,297.0,2727.0,10.891089108910892
101920,92.0,6336.0,35962.0,17.618597408375507
101950,92.0,410.0,2373.0,17.277707543194268
102010,93.0,1693.0,8255.0,20.50878255602665
102040,93.0,686.0,4792.0,14.31552587646077
102070,90.0,1949.0,9503.0,20.509312848574133
102100,90.0,1734.0,8343.0,20.783890686803307
102160,82.0,252.0,1366.0,18.448023426061493
102190,87.0,399.0,1935.0,20.62015503875969
102220,95.0,2469.0,19531.0,12.641441810455174
102310,89.0,533.0,3219.0,16.55793724759242
102370,86.0,11301.0,56216.0,20.10281770314501
102400,86.0,484.0,3319.0,14.582705634227178
102430,81.0,5416.0,29142.0,18.58486033902958
102480,94.0,1482.0,7751.0,19.12011353373758
102490,97.0,187.0,4334.0,4.314720812182741
102520,96.0,240.0,2850.0,8.421052631578947
102550,92.0,162.0,1497.0,10.821643286573146
102580,88.0,579.0,4489.0,12.898195589218089
102635,94.0,376.0,4076.0,9.224730127576054
102640,92.0,310.0,2088.0,14.846743295019158
102650,90.0,908.0,3955.0,22.9582806573957
102670,95.0,241.0,1312.0,18.36890243902439
102700,97.0,801.0,7128.0,11.237373737373735
102730,98.0,198.0,2557.0,7.743449354712554
102790,92.0,375.0,2193.0,17.099863201094394
102820,92.0,533.0,2416.0,22.061258278145697
102850,95.0,215.0,1558.0,13.7997432605905
102880,88.0,926.0,3502.0,26.442033123929185
102910,95.0,217.0,2456.0,8.835504885993485
102940,92.0,345.0,2519.0,13.69591107582374
102970,89.0,602.0,3083.0,19.526435290301656
103030,95.0,2624.0,20593.0,12.74219394940028
103062,90.0,1237.0,9247.0,13.377311560506111
103090,82.0,291.0,1540.0,18.896103896103895
103120,95.0,392.0,2166.0,18.09787626962142
103150,87.0,367.0,2019.0,18.17731550272412
103180,93.0,1356.0,7569.0,17.91518034086405
103210,93.0,485.0,2877.0,16.857838025721236
103240,92.0,420.0,1799.0,23.346303501945524
103300,92.0,161.0,1157.0,13.915298184961106
103330,92.0,469.0,1929.0,24.313115603939867
103360,91.0,1254.0,10558.0,11.877249479068006
103390,87.0,2428.0,18680.0,12.997858672376877
103420,87.0,253.0,1497.0,16.90046760187041
103430,94.0,545.0,7226.0,7.542208690838638
103450,90.0,1589.0,7424.0,21.40355603448276
103480,90.0,575.0,2651.0,21.68992832893248
103510,92.0,367.0,1679.0,21.858248957712924
103580,84.0,519.0,2365.0,21.945031712473572
200001,61.0,1788.0,4238.0,42.18971212836243
200003,62.0,1034.0,1930.0,53.575129533678755
200006,95.0,26.0,430.0,6.046511627906977
200020,77.0,873.0,2002.0,43.60639360639361
200130,80.0,23.0,337.0,6.824925816023739
200150,82.0,589.0,2360.0,24.95762711864407
200180,81.0,11972.0,46269.0,25.87477576779269
200210,83.0,1049.0,4753.0,22.070271407532086
200240,77.0,409.0,1271.0,32.17938630999213
200390,85.0,2728.0,8106.0,33.65408339501604
200480,87.0,481.0,2274.0,21.152154793315745
200510,83.0,4982.0,18801.0,26.498590500505298
200540,37.0,112.0,183.0,61.20218579234973
200600,78.0,4037.0,13516.0,29.86830423202131
200610,67.0,958.0,2186.0,43.82433668801464
200625,77.0,1135.0,2082.0,54.51488952929875
200862,55.0,71.0,248.0,28.62903225806452
400001,94.0,853.0,5695.0,14.978050921861282
400003,92.0,870.0,2427.0,35.84672435105068
400053,95.0,51.0,703.0,7.254623044096728
400079,22.0,201.0,326.0,61.65644171779141
400082,83.0,487.0,1731.0,28.134026574234543
400107,52.0,2.0,467.0,0.4282655246252677
400112,87.0,1183.0,5943.0,19.905771495877502
400149,52.0,330.0,459.0,71.89542483660131
400212,92.0,332.0,1225.0,27.10204081632653
400219,19.0,75.0,200.0,37.5
400241,95.0,299.0,2474.0,12.085691188358933
400261,18.0,175.0,684.0,25.584795321637426
400295,77.0,2865.0,6939.0,41.2883700821444
400311,32.0,122.0,492.0,24.796747967479675
400327,95.0,239.0,1173.0,20.375106564364877
400330,27.0,187.0,426.0,43.89671361502347
400353,28.0,447.0,487.0,91.78644763860368
400355,37.0,424.0,439.0,96.58314350797266
400450,93.0,2048.0,8026.0,25.51706952404685
400619,87.0,119.0,498.0,23.895582329317268
400621,42.0,87.0,117.0,74.35897435897436
400680,82.0,4111.0,13935.0,29.501255830642272
400790,85.0,1391.0,3666.0,37.94326241134752
400800,95.0,502.0,3063.0,16.389160953313745
400828,95.0,44.0,443.0,9.932279909706546
400880,27.0,171.0,333.0,51.35135135135135
401410,93.0,957.0,4165.0,22.97719087635054
401460,92.0,1817.0,5887.0,30.86461695260744
401600,82.0,613.0,1552.0,39.49742268041237
401740,83.0,884.0,3603.0,24.535109630863168
401760,98.0,692.0,5209.0,13.284699558456516
401870,92.0,6170.0,46115.0,13.379594492030792
401940,71.0,1853.0,3742.0,49.51897381079636
402320,77.0,919.0,2233.0,41.15539632781013
402530,91.0,1108.0,4004.0,27.672327672327672
402690,94.0,4961.0,24927.0,19.902114173386288
402860,86.0,2922.0,9875.0,29.589873417721517
402920,85.0,2413.0,8854.0,27.253218884120173
403010,89.0,1158.0,5473.0,21.158414032523297
403040,92.0,313.0,1337.0,23.410620792819746
403290,87.0,312.0,1140.0,27.368421052631582
403400,91.0,4455.0,35122.0,12.68435738283697
403450,89.0,3959.0,15472.0,25.58815925542916
403500,87.0,710.0,1698.0,41.81389870435807
403780,95.0,2087.0,12414.0,16.811664250040277
403820,92.0,539.0,2034.0,26.499508357915435
403860,1.0,338.0,718.0,47.07520891364902
403870,89.0,1238.0,5671.0,21.830365014988537
403990,91.0,1197.0,4739.0,25.258493353028065
404060,82.0,996.0,1832.0,54.366812227074234
404280,91.0,1247.0,5527.0,22.561968518183463
404630,85.0,3401.0,12002.0,28.33694384269289
404720,76.0,1803.0,6834.0,26.382791922739244
404970,79.0,12663.0,63345.0,19.990528060620413
405070,80.0,332.0,1231.0,26.96994313566206
405530,92.0,1283.0,5881.0,21.816017684067333
405820,82.0,1161.0,2727.0,42.57425742574257
405930,88.0,6220.0,32162.0,19.339593308873827
405980,77.0,820.0,1911.0,42.90947148090005
406070,72.0,898.0,2174.0,41.306347746090154
406250,95.0,5913.0,37867.0,15.615179443842925
406330,82.0,13428.0,27353.0,49.091507330091765
406580,82.0,778.0,2176.0,35.75367647058824
406730,84.0,917.0,3902.0,23.500768836494107
406810,94.0,1363.0,7574.0,17.995775019804594
406960,62.0,1064.0,1566.0,67.94380587484035
407130,77.0,408.0,1330.0,30.67669172932331
407170,95.0,427.0,1697.0,25.16205067766647
407240,83.0,667.0,3020.0,22.08609271523179
407300,86.0,1211.0,6563.0,18.45192747219259
407520,95.0,894.0,3374.0,26.496739774748075
407530,82.0,176.0,443.0,39.729119638826184
407570,90.0,4188.0,23231.0,18.027635487064696
407700,82.0,654.0,2490.0,26.265060240963855
407750,95.0,5593.0,34467.0,16.22711579191691
407820,92.0,575.0,2570.0,22.37354085603113
408170,78.0,4961.0,16016.0,30.975274725274726
408280,95.0,412.0,2119.0,19.443133553563
408340,88.0,3088.0,14003.0,22.052417339141613
408520,90.0,5418.0,11833.0,45.78720527338798
408680,72.0,835.0,1685.0,49.55489614243323
408800,85.0,18254.0,46234.0,39.481766665224725
408850,90.0,2383.0,12896.0,18.478598014888338
409160,67.0,1096.0,2229.0,49.17003140421714
409190,77.0,385.0,1438.0,26.773296244784422
409430,72.0,984.0,1806.0,54.48504983388705
409460,82.0,440.0,2074.0,21.215043394406944
409630,92.0,2422.0,11272.0,21.486870120652945
409733,87.0,216.0,969.0,22.291021671826623
500006,87.0,275.0,1611.0,17.070142768466788
500015,93.0,953.0,4090.0,23.30073349633252
500017,92.0,1020.0,3280.0,31.097560975609756
500019,94.0,176.0,3302.0,5.3301029678982434
500026,74.0,1071.0,3793.0,28.236224624307937
500028,95.0,361.0,1592.0,22.675879396984925
500042,92.0,454.0,1901.0,23.88216728037875
500043,87.0,887.0,3898.0,22.75525910723448
500044,87.0,443.0,2868.0,15.446304044630404
500047,82.0,264.0,1643.0,16.068167985392577
500049,82.0,436.0,2427.0,17.96456530696333
500394,77.0,140.0,2053.0,6.819288845591817
500398,95.0,469.0,1969.0,23.819197562214324
500419,83.0,851.0,4394.0,19.367319071461083
502250,95.0,613.0,3222.0,19.025450031036623
502430,92.0,291.0,1827.0,15.92775041050903
502580,92.0,229.0,1414.0,16.195190947666198
502700,92.0,251.0,1173.0,21.398124467178175
502790,92.0,274.0,1727.0,15.865662999420962
502880,86.0,395.0,3396.0,11.63133097762073
502960,95.0,1037.0,5382.0,19.267930137495355
503030,87.0,133.0,2164.0,6.146025878003697
503060,94.0,2551.0,16869.0,15.122413895310928
503150,87.0,314.0,1978.0,15.874620829120325
503320,87.0,671.0,2085.0,32.18225419664268
503450,95.0,255.0,1280.0,19.921875
503640,95.0,402.0,2635.0,15.2561669829222
503690,92.0,1536.0,9256.0,16.594641313742436
503750,91.0,1914.0,10798.0,17.72550472309687
504020,92.0,241.0,1763.0,13.66988088485536
504380,92.0,604.0,2585.0,23.365570599613154
504590,89.0,2084.0,10285.0,20.26251823043267
504800,87.0,268.0,1810.0,14.806629834254142
504930,87.0,214.0,1741.0,12.291786329695578
505500,87.0,189.0,1294.0,14.605873261205565
505680,93.0,859.0,4437.0,19.359927879197656
505760,95.0,93.0,1242.0,7.487922705314009
506060,87.0,451.0,2575.0,17.514563106796118
506090,95.0,367.0,2474.0,14.834276475343572
506120,92.0,1388.0,10015.0,13.85921118322516
506270,87.0,341.0,2601.0,13.11034217608612
506330,89.0,2503.0,14773.0,16.94307182021255
506420,92.0,224.0,1485.0,15.084175084175085
506840,82.0,309.0,1909.0,16.186485070717655
506900,95.0,1156.0,3561.0,32.462791350744176
506990,98.0,540.0,3863.0,13.97877297437225
507320,92.0,172.0,1292.0,13.312693498452012
507380,92.0,400.0,2637.0,15.168752370117558
507560,82.0,194.0,1679.0,11.55449672424062
507680,82.0,381.0,1355.0,28.11808118081181
507770,92.0,266.0,1637.0,16.24923640806353
507840,77.0,424.0,2346.0,18.073316283034956
507890,74.0,738.0,3704.0,19.9244060475162
508040,89.0,2313.0,5557.0,41.62317797372683
508130,82.0,245.0,2274.0,10.77396657871592
508280,87.0,2112.0,6476.0,32.61272390364422
508400,87.0,238.0,1322.0,18.00302571860817
508610,84.0,692.0,4467.0,15.491381240205952
508670,87.0,818.0,3586.0,22.810931399888453
508940,87.0,96.0,1227.0,7.823960880195599
509000,82.0,7006.0,24049.0,29.132188448584134
509060,92.0,183.0,1833.0,9.983633387888707
509240,92.0,216.0,1752.0,12.32876712328767
509390,88.0,949.0,3826.0,24.80397281756403
509540,87.0,159.0,1136.0,13.996478873239438
509750,95.0,286.0,1721.0,16.61824520627542
509840,95.0,343.0,1975.0,17.367088607594937
510200,95.0,187.0,1689.0,11.071640023682653
510380,95.0,327.0,1933.0,16.916709777547855
510440,95.0,523.0,3424.0,15.274532710280376
510680,78.0,1879.0,8800.0,21.352272727272727
511010,95.0,361.0,1891.0,19.09042834479112
511130,95.0,212.0,1098.0,19.30783242258652
511610,92.0,179.0,2081.0,8.601633829889476
511700,92.0,142.0,1717.0,8.270238788584741
511760,92.0,287.0,1938.0,14.80908152734778
511850,85.0,3556.0,12576.0,28.27608142493639
511970,87.0,2571.0,16027.0,16.04167966556436
512060,93.0,1049.0,5453.0,19.237117183201907
512210,89.0,661.0,4111.0,16.078812940890295
512450,90.0,755.0,4420.0,17.081447963800905
512520,87.0,267.0,2312.0,11.548442906574396
512540,87.0,112.0,2072.0,5.405405405405405
512660,86.0,2630.0,23793.0,11.053671247846005
512960,87.0,210.0,1616.0,12.995049504950495
513080,95.0,561.0,3852.0,14.56386292834891
513110,83.0,1108.0,4421.0,25.062203121465732
513380,95.0,527.0,2751.0,19.15667030170847
513410,87.0,770.0,5367.0,14.346934972983044
513530,95.0,464.0,3281.0,14.142029868942396
513930,92.0,438.0,2567.0,17.062719127386053
514140,87.0,664.0,2925.0,22.7008547008547
514430,91.0,418.0,2721.0,15.361999264976111
600013,97.0,1035.0,12031.0,8.602776161582579
600014,91.0,3784.0,21872.0,17.300658376005853
600016,95.0,1283.0,11027.0,11.635077536954748
600017,87.0,2290.0,12867.0,17.79746638688117
600019,95.0,524.0,11315.0,4.631020768890853
600020,97.0,624.0,14794.0,4.21792618629174
600022,72.0,470.0,3450.0,13.623188405797102
600025,99.0,314.0,6608.0,4.75181598062954
600027,87.0,3411.0,21334.0,15.988562857410708
600028,94.0,3692.0,28268.0,13.060704683741331
600029,97.0,2560.0,23129.0,11.068355743871331
600032,95.0,661.0,9961.0,6.635879931733761
600033,92.0,495.0,2512.0,19.705414012738853
600034,88.0,582.0,4988.0,11.668003207698478
600035,86.0,382.0,2531.0,15.092848676412483
600036,95.0,1742.0,12989.0,13.411348063746248
600039,95.0,309.0,2520.0,12.26190476190476
600040,95.0,193.0,1620.0,11.91358024691358
600043,95.0,199.0,2450.0,8.122448979591837
600044,92.0,175.0,1521.0,11.505588428665352
600045,92.0,305.0,2229.0,13.683266038582325
600046,94.0,305.0,2369.0,12.874630645842128
600047,90.0,1891.0,14943.0,12.654754734658368
600048,90.0,1161.0,7087.0,16.38210808522647
600051,87.0,280.0,2048.0,13.671875
600052,90.0,725.0,3733.0,19.42137690865256
600060,95.0,184.0,2019.0,9.113422486379395
600061,91.0,386.0,2795.0,13.810375670840788
600062,88.0,648.0,5319.0,12.18274111675127
600063,92.0,228.0,1772.0,12.866817155756207
600064,91.0,1981.0,14431.0,13.727392419097775
600065,89.0,630.0,6663.0,9.45520036019811
600067,92.0,133.0,1426.0,9.326788218793828
600068,92.0,145.0,1898.0,7.639620653319283
600069,90.0,649.0,3972.0,16.339375629405843
600153,95.0,721.0,14256.0,5.057519640852974
600158,94.0,1937.0,14175.0,13.66490299823633
600160,87.0,378.0,1714.0,22.0536756126021
601332,85.0,4549.0,26720.0,17.024700598802394
601409,87.0,349.0,1938.0,18.008255933952526
601410,96.0,515.0,4891.0,10.52954406051932
601414,91.0,1808.0,13992.0,12.92166952544311
601415,87.0,483.0,2681.0,18.01566579634465
601418,87.0,238.0,2126.0,11.194731890874882
601421,96.0,418.0,5299.0,7.888280807699566
601423,90.0,344.0,2895.0,11.882556131260795
601620,91.0,1603.0,20166.0,7.949023108201924
601650,96.0,485.0,5629.0,8.616095221176053
601770,93.0,911.0,9495.0,9.594523433385993
601860,92.0,235.0,3660.0,6.420765027322404
602430,90.0,2944.0,19022.0,15.47681631794764
602450,90.0,688.0,3916.0,17.56894790602656
602630,86.0,3861.0,32006.0,12.06336311941511
602670,90.0,314.0,1934.0,16.23578076525336
602700,90.0,451.0,1778.0,25.365579302587175
602820,82.0,5141.0,21372.0,24.054838105933
602850,80.0,3592.0,16653.0,21.569687143457635
602970,98.0,433.0,9461.0,4.5766832258746435
603030,91.0,404.0,1618.0,24.969097651421507
603300,94.0,628.0,4759.0,13.196049590250054
603600,90.0,871.0,8403.0,10.365345709865524
603690,93.0,1202.0,12918.0,9.304845951385664
603840,69.0,968.0,4551.0,21.27005053834322
604020,80.0,1812.0,6387.0,28.370126820103337
604110,94.0,390.0,3604.0,10.821309655937847
604230,87.0,488.0,2503.0,19.496604075109868
604290,92.0,1343.0,10048.0,13.365843949044589
604440,90.0,1434.0,12127.0,11.824853632390534
604620,96.0,431.0,4948.0,8.710590137429264
604740,86.0,954.0,9744.0,9.79064039408867
604830,95.0,384.0,3924.0,9.785932721712538
605610,93.0,909.0,9635.0,9.434353918007265
605820,94.0,407.0,1859.0,21.89349112426036
605880,97.0,399.0,5900.0,6.76271186440678
605940,92.0,117.0,686.0,17.05539358600583
606450,92.0,1425.0,15135.0,9.41526263627354
606780,93.0,331.0,3205.0,10.32761310452418
606870,90.0,622.0,2905.0,21.411359724612737
606900,84.0,1895.0,9255.0,20.475418692598595
607230,89.0,1012.0,8527.0,11.868183417380086
607440,96.0,4498.0,46492.0,9.674782758324014
607500,95.0,926.0,11317.0,8.182380489529027
607530,96.0,306.0,2590.0,11.814671814671817
607560,92.0,229.0,2207.0,10.376076121431808
607800,95.0,756.0,9304.0,8.125537403267412
607900,89.0,766.0,4178.0,18.334131163236
607920,88.0,1398.0,6311.0,22.15179844715576
607970,86.0,2513.0,15902.0,15.803043642309143
608010,90.0,500.0,4072.0,12.278978388998036
608130,85.0,1881.0,15210.0,12.366863905325443
608160,89.0,3088.0,23885.0,12.9286162863722
608190,96.0,503.0,4811.0,10.455206817709415
608370,89.0,1690.0,12568.0,13.446849140674727
608460,92.0,2268.0,28174.0,8.049975154397671
608550,87.0,233.0,1129.0,20.637732506643047
608760,94.0,593.0,7194.0,8.242980261328885
608970,87.0,201.0,1429.0,14.065780265920225
609030,93.0,3798.0,44118.0,8.608731130150959
609070,81.0,3091.0,16421.0,18.823457767492844
609120,79.0,669.0,4273.0,15.656447460800374
609390,86.0,3156.0,22191.0,14.221981884547793
609570,82.0,196.0,1506.0,13.01460823373174
609620,82.0,3907.0,22546.0,17.32901623347822
609640,95.0,1300.0,18779.0,6.922626337930667
609690,87.0,484.0,3319.0,14.582705634227178
609810,90.0,163.0,966.0,16.873706004140786
609850,94.0,4565.0,53634.0,8.511392027445277
609870,93.0,202.0,3141.0,6.431072906717605
609940,77.0,658.0,5885.0,11.180968564146134
610050,96.0,1247.0,11813.0,10.55616693473292
610260,93.0,588.0,7034.0,8.359397213534262
610350,85.0,395.0,4152.0,9.51348747591522
610620,93.0,742.0,8616.0,8.61188486536676
610770,91.0,866.0,3625.0,23.889655172413793
610860,95.0,681.0,4313.0,15.789473684210526
611110,90.0,4790.0,28368.0,16.885222786238014
611280,81.0,435.0,3266.0,13.319044703000612
611460,95.0,2602.0,21967.0,11.845040287704284
611520,90.0,335.0,3749.0,8.935716190984262
611820,86.0,3559.0,23089.0,15.414266533847288
612070,94.0,820.0,6644.0,12.3419626730885
612120,85.0,1203.0,8835.0,13.616298811544992
612180,93.0,977.0,8627.0,11.324910165758665
612210,96.0,199.0,3474.0,5.728267127230858
612330,92.0,7126.0,63971.0,11.139422550843353
612840,95.0,175.0,2557.0,6.8439577630035195
612910,83.0,877.0,7444.0,11.78130037614186
613360,80.0,3003.0,21550.0,13.93503480278422
613530,84.0,450.0,2162.0,20.814061054579096
613800,91.0,349.0,3867.0,9.025084044478923
613840,92.0,121.0,2260.0,5.353982300884956
613890,91.0,2173.0,20600.0,10.54854368932039
613920,90.0,4243.0,38939.0,10.89653047073628
614070,82.0,357.0,1848.0,19.318181818181817
614190,75.0,267.0,1080.0,24.72222222222222
614250,95.0,209.0,2604.0,8.026113671274961
614400,94.0,2196.0,35900.0,6.116991643454039
614430,95.0,726.0,11096.0,6.542898341744772
614550,86.0,14741.0,73735.0,19.99186275174612
614760,93.0,1875.0,13878.0,13.510592304366623
614820,96.0,374.0,2191.0,17.069831127339114
614880,90.0,3522.0,43152.0,8.161846496106785
614950,82.0,556.0,2318.0,23.986194995685935
615180,89.0,1593.0,11278.0,14.124844830643733
615240,90.0,1855.0,26373.0,7.033708717248702
615270,97.0,487.0,7359.0,6.617746976491371
616230,82.0,3511.0,21255.0,16.518466243236883
616323,95.0,269.0,1861.0,14.454594304137562
616325,93.0,1686.0,18470.0,9.128316188413644
616500,92.0,598.0,3792.0,15.770042194092824
616740,79.0,3320.0,20332.0,16.328939602596893
616920,87.0,4786.0,21984.0,21.77037845705968
617220,95.0,196.0,2387.0,8.211143695014663
617430,92.0,137.0,1577.0,8.687381103360812
618060,91.0,1752.0,16174.0,10.83219982688265
618210,95.0,181.0,4075.0,4.441717791411043
618390,86.0,1561.0,9085.0,17.182168409466154
618930,87.0,745.0,4315.0,17.265353418308226
618990,87.0,310.0,1447.0,21.423635107118173
619260,91.0,2533.0,18934.0,13.378050068659556
619320,87.0,363.0,1690.0,21.4792899408284
619490,89.0,455.0,5049.0,9.011685482273718
619540,89.0,6440.0,39201.0,16.428152343052474
619650,83.0,405.0,2307.0,17.555266579973992
619700,78.0,849.0,9799.0,8.664149403000305
619830,90.0,173.0,1158.0,14.939550949913643
620070,58.0,1176.0,3416.0,34.42622950819672
620130,97.0,141.0,4184.0,3.369980879541109
620370,96.0,314.0,2939.0,10.683906090506976
620640,85.0,756.0,3909.0,19.33998465080583
620670,95.0,305.0,1512.0,20.17195767195767
621000,95.0,863.0,11299.0,7.637844056996195
621060,87.0,149.0,824.0,18.08252427184466
621270,92.0,91.0,499.0,18.236472945891784
621400,92.0,319.0,1958.0,16.292134831460675
621600,90.0,1409.0,8205.0,17.172455819622183
621690,92.0,1399.0,9402.0,14.879812805786004
621810,95.0,261.0,2252.0,11.589698046181171
621870,90.0,382.0,4447.0,8.590060715088823
622050,95.0,263.0,1844.0,14.262472885032537
622110,95.0,962.0,13747.0,6.997890448825199
622230,85.0,4449.0,29435.0,15.114659419058944
622410,88.0,1593.0,9709.0,16.407456998661036
622500,85.0,10864.0,75029.0,14.479734502658973
622590,98.0,398.0,9820.0,4.05295315682281
622710,77.0,70826.0,511129.0,13.856775882409334
622740,96.0,1760.0,10474.0,16.803513461905673
622800,97.0,231.0,3409.0,6.7761806981519515
623080,93.0,1173.0,10564.0,11.103748580083302
623160,83.0,2725.0,14851.0,18.348932731802577
623340,88.0,2836.0,20492.0,13.839547140347452
623610,93.0,3055.0,23854.0,12.807076381319696
623940,87.0,414.0,1679.0,24.65753424657534
624030,90.0,423.0,4104.0,10.307017543859647
624090,82.0,1546.0,9651.0,16.01906538182572
624230,94.0,438.0,3542.0,12.365894974590628
624500,95.0,798.0,10306.0,7.743062293809431
624660,91.0,2011.0,10487.0,19.176122818727947
624750,95.0,240.0,1424.0,16.853932584269664
625150,87.0,3341.0,15085.0,22.147828969174675
625230,87.0,812.0,2840.0,28.591549295774648
625320,89.0,721.0,5460.0,13.205128205128206
625530,91.0,1466.0,9760.0,15.020491803278688
625690,93.0,465.0,6302.0,7.378609965090448
625800,89.0,6415.0,33198.0,19.323453220073496
625830,86.0,1296.0,8506.0,15.236303785563132
625860,81.0,2005.0,8664.0,23.14173591874423
626310,93.0,492.0,4292.0,11.46318732525629
626370,86.0,3973.0,31138.0,12.759329436701137
626490,95.0,345.0,1763.0,19.568916619398752
626640,87.0,2080.0,17802.0,11.684080440399956
626880,89.0,1277.0,2545.0,50.176817288801566
626910,86.0,1109.0,11717.0,9.464880088759925
627060,88.0,991.0,5810.0,17.05679862306368
627200,95.0,202.0,3120.0,6.474358974358975
627240,90.0,2413.0,21732.0,11.103441928952696
627590,84.0,670.0,4742.0,14.129059468578658
627690,91.0,1809.0,17777.0,10.176070203071385
627720,89.0,698.0,7577.0,9.212089217368352
627850,96.0,164.0,4547.0,3.6067736969430393
628050,73.0,7251.0,37062.0,19.564513517888944
628250,84.0,2767.0,18336.0,15.090532286212916
628270,87.0,363.0,2442.0,14.864864864864863
628650,94.0,3050.0,27343.0,11.15459166880006
629130,85.0,669.0,2125.0,31.482352941176472
629270,85.0,3242.0,16857.0,19.23236637598624
629370,95.0,160.0,1971.0,8.117706747843734
629490,89.0,2636.0,19851.0,13.27892801370208
629550,92.0,4790.0,23105.0,20.7314434105172
629610,95.0,670.0,12236.0,5.475645635828702
629640,87.0,514.0,2990.0,17.190635451505017
629700,98.0,740.0,11343.0,6.5238473067089835
629820,86.0,866.0,3459.0,25.0361376120266
629850,86.0,1375.0,15590.0,8.81975625400898
629910,93.0,228.0,3397.0,6.711804533411835
629940,85.0,2039.0,16959.0,12.023114570434576
630030,87.0,822.0,6091.0,13.495320965358726
630210,90.0,2171.0,10810.0,20.08325624421832
630250,89.0,706.0,5256.0,13.43226788432268
630330,98.0,99.0,2613.0,3.788748564867968
630360,95.0,124.0,1477.0,8.395396073121193
630600,88.0,1945.0,11777.0,16.515241572556675
630660,96.0,2320.0,25865.0,8.969650106321284
630750,95.0,575.0,4030.0,14.267990074441686
631320,88.0,3451.0,25235.0,13.675450762829405
631530,95.0,2503.0,36416.0,6.87335237258348
631710,88.0,1012.0,5587.0,18.11347771612672
632010,89.0,418.0,1649.0,25.348696179502728
632070,90.0,3077.0,20940.0,14.694364851957976
632270,87.0,250.0,2617.0,9.552923194497517
632370,89.0,3237.0,26311.0,12.302839116719245
632550,79.0,5357.0,28931.0,18.516470222252945
632610,89.0,740.0,3343.0,22.135806162129825
632880,97.0,207.0,3196.0,6.476846057571965
633110,87.0,277.0,1859.0,14.90048413125336
633150,91.0,5020.0,42112.0,11.920592705167172
633630,90.0,1085.0,9966.0,10.887015853903272
633750,87.0,1205.0,13641.0,8.833663221171468
633840,84.0,7990.0,43668.0,18.297151232023452
633860,92.0,2455.0,27455.0,8.941904935348752
633980,86.0,2557.0,15667.0,16.320929341928895
634140,90.0,449.0,3036.0,14.78919631093544
634170,89.0,9940.0,50819.0,19.5596135303725
634320,87.0,14278.0,105159.0,13.57753497085366
634380,96.0,1213.0,13023.0,9.314290102127003
634410,85.0,7467.0,50547.0,14.772390052822129
634425,93.0,372.0,5121.0,7.264206209724663
634440,88.0,1636.0,9983.0,16.387859360913552
634590,91.0,3792.0,30694.0,12.354206033752526
634620,88.0,6809.0,39835.0,17.09300866072549
634680,91.0,1430.0,8859.0,16.14177672423524
634710,89.0,1533.0,10464.0,14.650229357798164
634740,92.0,339.0,2603.0,13.023434498655398
634800,94.0,814.0,7652.0,10.637741766858335
634860,96.0,86.0,3050.0,2.819672131147541
634880,94.0,1946.0,20077.0,9.692683169796284
634980,92.0,937.0,8903.0,10.52454228911603
635110,78.0,501.0,2644.0,18.948562783661117
635130,97.0,1708.0,32644.0,5.23220193603725
635250,93.0,1169.0,11897.0,9.826006556274692
635310,88.0,3871.0,48328.0,8.009849362688296
635430,89.0,1744.0,15483.0,11.26396693147323
635600,90.0,833.0,4630.0,17.99136069114471
635670,91.0,1170.0,7923.0,14.76713366149186
635700,91.0,1055.0,10846.0,9.727088327494007
635830,83.0,2195.0,10945.0,20.05481955230699
635850,93.0,99.0,945.0,10.476190476190476
636270,89.0,827.0,6455.0,12.81177381874516
636390,88.0,1684.0,9160.0,18.38427947598253
636600,88.0,861.0,4319.0,19.93517017828201
636800,86.0,790.0,5100.0,15.490196078431373
636805,92.0,294.0,1293.0,22.73781902552204
636840,89.0,1802.0,16474.0,10.938448464246692
636940,82.0,97.0,540.0,17.962962962962965
636970,88.0,1729.0,7526.0,22.973691203826736
636972,81.0,1919.0,9951.0,19.284494020701437
637050,93.0,627.0,4874.0,12.86417726713172
637200,88.0,487.0,3577.0,13.614760972882303
637260,86.0,284.0,995.0,28.542713567839193
637500,91.0,262.0,4789.0,5.470870745458342
637530,81.0,1162.0,8664.0,13.411819021237305
637620,87.0,832.0,3663.0,22.713622713622712
637830,92.0,88.0,1193.0,7.3763621123218766
638010,76.0,8902.0,39074.0,22.78241285765471
638280,92.0,4.0,652.0,0.6134969325153374
638610,95.0,142.0,790.0,17.974683544303797
638640,86.0,5230.0,38922.0,13.43713067159961
638730,92.0,199.0,1022.0,19.47162426614481
638770,90.0,500.0,3800.0,13.157894736842104
638790,94.0,802.0,4807.0,16.684002496359476
638880,85.0,803.0,4239.0,18.94314696862467
638980,96.0,306.0,5825.0,5.253218884120172
639000,96.0,238.0,1839.0,12.941816204458943
639420,95.0,1214.0,23414.0,5.184932091910823
639630,97.0,403.0,5509.0,7.315302232710111
639930,96.0,539.0,5404.0,9.974093264248705
640150,95.0,1844.0,24080.0,7.657807308970099
640300,87.0,1173.0,5983.0,19.605549055657697
640590,89.0,1543.0,12400.0,12.443548387096774
640740,72.0,4541.0,13369.0,33.96663924003291
640980,91.0,1293.0,17249.0,7.496086729665488
641160,93.0,3903.0,28863.0,13.522502858330734
641190,89.0,2292.0,21156.0,10.833806012478728
641280,98.0,603.0,14301.0,4.2164883574575205
641430,87.0,330.0,1864.0,17.703862660944207
641580,88.0,1087.0,7952.0,13.669517102615696
642000,93.0,834.0,8982.0,9.285237140948563
642140,91.0,38.0,4692.0,0.8098891730605285
642350,95.0,102.0,780.0,13.076923076923078
642480,90.0,1825.0,11788.0,15.481845945028844
642510,96.0,2198.0,23689.0,9.27856811178184
642540,92.0,166.0,1355.0,12.250922509225092
642560,77.0,475.0,1528.0,31.086387434554975
642710,92.0,213.0,1439.0,14.801945795691452
642930,82.0,173.0,1551.0,11.154094132817535
643080,90.0,1665.0,10388.0,16.028109356950328
643410,77.0,171.0,611.0,27.986906710310965
643470,86.0,1843.0,12522.0,14.718096150774636
643560,92.0,1286.0,9060.0,14.194260485651212
684500,96.0,1974.0,34410.0,5.736704446381865
691005,27.0,291.0,541.0,53.789279112754166
691007,22.0,563.0,992.0,56.75403225806451
691012,29.0,1501.0,3051.0,49.19698459521468
691020,43.0,918.0,1458.0,62.96296296296296
691024,31.0,2258.0,2476.0,91.19547657512116
691026,18.0,1131.0,2167.0,52.19197046608214
691027,22.0,963.0,2218.0,43.41749323715058
691029,23.0,1563.0,2024.0,77.22332015810277
691030,19.0,1099.0,1418.0,77.50352609308887
691031,31.0,1228.0,2714.0,45.24686809137804
691035,17.0,958.0,1412.0,67.84702549575071
691036,48.0,296.0,804.0,36.81592039800995
691041,29.0,707.0,844.0,83.76777251184834
691045,5.0,573.0,1764.0,32.482993197278915
691049,17.0,206.0,271.0,76.01476014760148
691078,45.0,1547.0,2708.0,57.12703101920237
691122,12.0,214.0,362.0,59.11602209944752
691135,93.0,2454.0,20215.0,12.139500371011623
800020,53.0,2808.0,17548.0,16.001823569637565
800282,25.0,1427.0,2246.0,63.53517364203027
801920,93.0,3048.0,25831.0,11.79977546359026
801950,64.0,2607.0,7404.0,35.210696920583466
802070,82.0,531.0,2332.0,22.77015437392796
802280,95.0,442.0,1676.0,26.37231503579952
802340,77.0,14449.0,40890.0,35.33626803619467
802490,92.0,3193.0,31282.0,10.207147880570297
802580,82.0,3190.0,17881.0,17.84016553884011
802610,92.0,164.0,1508.0,10.875331564986736
802700,57.0,1805.0,2867.0,62.95779560516219
802790,85.0,332.0,3553.0,9.344216155361666
802910,89.0,10866.0,55662.0,19.5213970033416
802940,95.0,296.0,5222.0,5.668326311757947
803030,32.0,89.0,449.0,19.821826280623608
803060,70.0,10645.0,27429.0,38.809289438185864
803090,72.0,1109.0,2782.0,39.86340762041697
803330,84.0,1023.0,5056.0,20.233386075949365
803360,70.0,31475.0,91782.0,34.29321653483254
803450,91.0,7371.0,67537.0,10.914017501517687
803480,78.0,1060.0,5068.0,20.91554853985793
803540,75.0,1449.0,6929.0,20.912108529369316
803600,95.0,139.0,1912.0,7.269874476987448
803720,87.0,303.0,2471.0,12.2622420072845
803780,53.0,687.0,2759.0,24.90032620514679
803870,56.0,4062.0,21449.0,18.937945824980183
803990,84.0,6133.0,30013.0,20.434478392696494
804020,72.0,535.0,2430.0,22.016460905349795
804050,74.0,773.0,3273.0,23.61747632141766
804080,82.0,1864.0,8335.0,22.36352729454109
804200,92.0,425.0,1966.0,21.617497456765005
804260,84.0,888.0,5639.0,15.747472956197909
804320,82.0,93.0,1302.0,7.142857142857142
804350,81.0,5928.0,22065.0,26.866077498300477
804410,81.0,7521.0,22325.0,33.68868980963045
804470,95.0,393.0,2068.0,19.003868471953577
804530,80.0,3561.0,11737.0,30.339950583624436
804800,85.0,20840.0,86094.0,24.206100308964626
804830,86.0,695.0,3890.0,17.866323907455012
804920,87.0,784.0,2474.0,31.689571544058204
805220,92.0,391.0,1567.0,24.952137843012125
805250,82.0,998.0,1722.0,57.955865272938446
805310,90.0,2524.0,15161.0,16.64797836554317
805370,86.0,5609.0,32424.0,17.298914384406615
805400,80.0,4375.0,16279.0,26.87511517906505
805490,87.0,277.0,1400.0,19.78571428571429
805550,60.0,2485.0,8912.0,27.883752244165173
805730,77.0,713.0,2234.0,31.915846016114592
805790,79.0,2367.0,6255.0,37.84172661870503
805820,96.0,612.0,6703.0,9.130240190959272
806120,82.0,6131.0,16897.0,36.28454755282003
806150,89.0,1990.0,9862.0,20.178462786453053
806240,83.0,1174.0,4813.0,24.39227093289009
806480,81.0,1612.0,9695.0,16.62712738525013
806540,67.0,333.0,1403.0,23.734853884533145
806660,92.0,692.0,2678.0,25.840179238237493
806690,82.0,332.0,2290.0,14.497816593886462
806810,95.0,969.0,3595.0,26.954102920723223
806900,84.0,9241.0,38865.0,23.777177408979803
807230,68.0,2545.0,9441.0,26.956890159940684
807350,92.0,453.0,6303.0,7.187053783912423
807380,85.0,610.0,2502.0,24.380495603517183
899200,47.0,3.0,171.0,1.7543859649122806
900002,97.0,1348.0,10723.0,12.571108831483729
900005,92.0,57.0,1227.0,4.645476772616137
900060,87.0,387.0,2167.0,17.858790955237655
900120,96.0,106.0,3147.0,3.368287257705751
900210,94.0,98.0,2778.0,3.5277177825773935
900270,93.0,153.0,3036.0,5.0395256916996045
900330,87.0,134.0,2134.0,6.279287722586692
900420,93.0,230.0,2819.0,8.158921603405462
900450,75.0,3813.0,20434.0,18.660076343349317
900510,86.0,547.0,7739.0,7.068096653314382
900540,96.0,122.0,2628.0,4.642313546423135
900690,95.0,93.0,1589.0,5.852737570799245
900700,95.0,1106.0,8230.0,13.438639125151882
900750,95.0,197.0,4188.0,4.703915950334289
900810,92.0,118.0,1761.0,6.700738216922203
900840,94.0,161.0,2395.0,6.722338204592902
900960,92.0,147.0,1555.0,9.45337620578778
900990,95.0,80.0,1958.0,4.085801838610827
901020,81.0,805.0,11302.0,7.122633162272164
901050,97.0,173.0,4784.0,3.616220735785953
901110,77.0,143.0,1304.0,10.966257668711656
901230,95.0,108.0,1857.0,5.815831987075929
901260,88.0,939.0,6282.0,14.947468958930276
901290,84.0,392.0,2607.0,15.036440352896047
901320,95.0,142.0,2690.0,5.278810408921933
901440,95.0,162.0,2673.0,6.0606060606060606
901470,90.0,533.0,4872.0,10.940065681444992
901530,96.0,474.0,9770.0,4.851586489252814
901560,96.0,189.0,3988.0,4.739217652958876
901620,97.0,177.0,5809.0,3.046996040626614
901680,95.0,88.0,1860.0,4.731182795698925
901710,95.0,378.0,9029.0,4.186510134012626
901740,87.0,213.0,1768.0,12.047511312217194
901770,84.0,429.0,4261.0,10.0680591410467
901800,97.0,160.0,3361.0,4.760487950014877
901860,87.0,689.0,5062.0,13.611220861319635
901920,67.0,4262.0,19086.0,22.330504034370744
902070,87.0,290.0,2356.0,12.30899830220713
902160,92.0,119.0,2390.0,4.97907949790795
902280,97.0,66.0,2780.0,2.3741007194244603
902310,82.0,1044.0,5814.0,17.956656346749224
902400,79.0,1004.0,7580.0,13.24538258575198
902490,90.0,370.0,4503.0,8.216744392627136
902520,93.0,398.0,5690.0,6.994727592267136
902550,95.0,146.0,3128.0,4.667519181585678
902580,92.0,149.0,2089.0,7.132599329822882
902640,86.0,503.0,4069.0,12.361759646104694
902670,73.0,1902.0,9512.0,19.995794785534063
902700,98.0,97.0,4217.0,2.300213421863885
902730,97.0,96.0,2291.0,4.190309908336971
902790,77.0,3649.0,20481.0,17.816512865582734
902820,82.0,520.0,3644.0,14.270032930845224
902850,92.0,316.0,4103.0,7.701681696319766
902880,95.0,248.0,4052.0,6.1204343534057255
902910,96.0,170.0,4301.0,3.9525691699604746
902970,92.0,90.0,1775.0,5.070422535211268
903030,91.0,168.0,3257.0,5.158120970217992
903090,92.0,1150.0,11257.0,10.215865683574666
903180,95.0,65.0,1257.0,5.171042163882259
903240,95.0,188.0,1835.0,10.245231607629428
903270,82.0,303.0,2224.0,13.624100719424462
903300,92.0,202.0,2359.0,8.562950402713014
903330,92.0,133.0,1453.0,9.153475567790778
903450,92.0,323.0,2434.0,13.270336894001645
903515,95.0,84.0,919.0,9.140369967355822
903520,96.0,158.0,2395.0,6.597077244258872
903535,92.0,82.0,1649.0,4.972710733778047
903536,95.0,144.0,1704.0,8.450704225352112
903537,95.0,135.0,3531.0,3.823279524214104
903538,95.0,145.0,2173.0,6.672802577082375
903539,95.0,70.0,2038.0,3.434739941118744
903540,95.0,74.0,1224.0,6.045751633986928
903630,95.0,86.0,910.0,9.45054945054945
903660,95.0,125.0,2197.0,5.689576695493855
903720,95.0,24.0,1044.0,2.2988505747126435
903750,95.0,97.0,1482.0,6.5452091767881235
903780,97.0,70.0,893.0,7.838745800671893
903810,96.0,286.0,4885.0,5.854657113613102
903840,95.0,117.0,2693.0,4.344597103601931
903990,92.0,203.0,2167.0,9.367789570835257
904050,90.0,462.0,4608.0,10.026041666666668
904110,94.0,192.0,4105.0,4.677222898903776
904140,95.0,157.0,1344.0,11.68154761904762
904170,95.0,204.0,4225.0,4.828402366863906
904230,94.0,286.0,6424.0,4.4520547945205475
904320,87.0,1586.0,15514.0,10.223024365089596
904380,92.0,110.0,2033.0,5.410723069355632
904440,92.0,793.0,6739.0,11.767324528861849
904470,95.0,156.0,2207.0,7.068418667874942
904560,94.0,101.0,2441.0,4.137648504711184
904590,83.0,499.0,3929.0,12.700432680071264
904620,97.0,264.0,6460.0,4.086687306501548
904680,78.0,237.0,3058.0,7.750163505559189
904740,93.0,305.0,5924.0,5.148548278190412
904830,77.0,2765.0,18485.0,14.958074114146603
904860,91.0,169.0,2512.0,6.727707006369426
904890,92.0,311.0,2767.0,11.23960968558005
904920,93.0,492.0,9566.0,5.143215555090947
904950,82.0,578.0,5755.0,10.043440486533449
905010,98.0,94.0,2329.0,4.03606698153714
905040,99.0,712.0,5485.0,12.980856882406565
905070,94.0,126.0,3562.0,3.537338573834924
905130,98.0,129.0,4021.0,3.208157174832131
905190,77.0,422.0,3059.0,13.795357960117686
905220,89.0,237.0,3143.0,7.540566337893733
905250,87.0,154.0,1500.0,10.266666666666667
905280,95.0,83.0,2260.0,3.672566371681416
905371,86.0,355.0,2325.0,15.268817204301074
905373,99.0,75.0,1091.0,6.8744271310724105
1000004,99.0,20.0,970.0,2.061855670103093
1000015,95.0,50.0,2354.0,2.1240441801189465
1000016,95.0,43.0,582.0,7.388316151202749
1000080,95.0,1315.0,10878.0,12.088619231476375
1000170,87.0,842.0,5448.0,15.455212922173276
1000180,89.0,1073.0,7931.0,13.529189257344598
1000190,84.0,1503.0,6486.0,23.172987974098056
1000200,70.0,4270.0,14229.0,30.00913627099585
1000230,80.0,2048.0,9873.0,20.74344170971336
1000270,92.0,209.0,1360.0,15.36764705882353
1000680,84.0,1801.0,10603.0,16.985758747524287
1000750,95.0,129.0,1194.0,10.804020100502512
1000790,85.0,643.0,3779.0,17.015083355385023
1000810,82.0,447.0,2449.0,18.252347897100854
1001080,86.0,680.0,4020.0,16.91542288557214
1001240,85.0,1812.0,10480.0,17.290076335877863
1001280,94.0,569.0,4723.0,12.047427482532289
1001300,87.0,3409.0,15735.0,21.665077851922465
1001530,77.0,837.0,3464.0,24.162817551963048
1001620,89.0,724.0,5490.0,13.187613843351548
1001680,96.0,31.0,1233.0,2.51419302514193
1001850,82.0,550.0,2537.0,21.6791486007095
1100005,77.0,447.0,1176.0,38.01020408163265
1100008,77.0,889.0,3992.0,22.26953907815631
1100030,69.0,14861.0,47660.0,31.18128409567772
1100031,82.0,1467.0,5919.0,24.78459199189052
1100043,87.0,214.0,1130.0,18.938053097345133
1200002,81.0,541.0,6748.0,8.017190278601067
1200030,88.0,6454.0,29362.0,21.980791499216675
1200060,76.0,1235.0,5040.0,24.503968253968253
1200090,81.0,9108.0,27956.0,32.57976820718271
1200120,87.0,1236.0,3215.0,38.444790046656294
1200150,88.0,11334.0,73171.0,15.489743204274916
1200180,84.0,53828.0,271315.0,19.83966975655603
1200210,87.0,864.0,2229.0,38.76177658142665
1200240,88.0,3188.0,15727.0,20.270871749221083
1200270,84.0,4161.0,15402.0,27.015971951694585
1200300,91.0,8859.0,37489.0,23.63093173997706
1200330,92.0,5705.0,46807.0,12.18834789668212
1200360,88.0,2767.0,10157.0,27.242295953529585
1200390,86.0,68325.0,353914.0,19.30553750346129
1200420,61.0,1302.0,4801.0,27.11935013538846
1200450,95.0,678.0,2182.0,31.072410632447298
1200480,85.0,40038.0,129129.0,31.00620309922635
1200510,81.0,10553.0,39924.0,26.432722172127043
1200540,88.0,2703.0,12975.0,20.832369942196532
1200600,66.0,795.0,4707.0,16.889738687061822
1200630,87.0,413.0,2666.0,15.4913728432108
1200690,82.0,575.0,1967.0,29.232333502796138
1200720,72.0,569.0,1624.0,35.03694581280788
1200750,80.0,1178.0,5205.0,22.632084534101825
1200780,84.0,2274.0,7288.0,31.201975850713502
1200810,89.0,5406.0,22443.0,24.087688811656196
1200840,77.0,3002.0,12321.0,24.36490544598653
1200870,87.0,47236.0,215965.0,21.872062602736555
1200900,77.0,1034.0,3279.0,31.53400426959439
1200930,92.0,5135.0,17784.0,28.874269005847953
1200960,78.0,2126.0,6420.0,33.115264797507784
1201050,84.0,10770.0,43022.0,25.033703686485985
1201080,83.0,20988.0,92854.0,22.60322657074547
1201110,93.0,7881.0,34033.0,23.156935915141187
1201140,87.0,1723.0,5568.0,30.944683908045977
1201200,82.0,642.0,2729.0,23.52510076951264
1201230,85.0,10668.0,48810.0,21.856177012907192
1201260,84.0,12672.0,43015.0,29.459490875276067
1201290,88.0,3183.0,18554.0,17.155330386978548
1201320,86.0,1358.0,8500.0,15.976470588235294
1201350,93.0,3221.0,11857.0,27.165387534789577
1201380,88.0,6415.0,31635.0,20.278172909751856
1201410,77.0,1796.0,6233.0,28.814375100272745
1201440,89.0,49522.0,204312.0,24.23841967187439
1201470,89.0,17838.0,65861.0,27.084313933891075
1201500,88.0,27009.0,192544.0,14.02744307794582
1201530,87.0,15788.0,73636.0,21.440599706665218
1201560,86.0,25312.0,101562.0,24.922707311789843
1201590,80.0,21844.0,101060.0,21.614882248169405
1201620,85.0,4679.0,11103.0,42.14176348734576
1201650,89.0,4343.0,27537.0,15.771507426371793
1201680,90.0,6072.0,42799.0,14.187247365592654
1201710,92.0,9898.0,67686.0,14.623408090299325
1201740,93.0,5551.0,39933.0,13.900783812886583
1201770,92.0,12796.0,40703.0,31.437486180379825
1201800,88.0,2000.0,8636.0,23.158869847151458
1201830,96.0,1748.0,5975.0,29.255230125523013
1201860,92.0,1109.0,2659.0,41.70740880030087
1201890,82.0,574.0,2303.0,24.924012158054712
1201920,80.0,13456.0,62692.0,21.463663625342942
1201950,90.0,1402.0,4899.0,28.618085323535414
1201980,87.0,1974.0,9440.0,20.911016949152543
1202010,80.0,1219.0,3350.0,36.38805970149254
1202012,95.0,200.0,2554.0,7.830853563038372
1202013,95.0,266.0,2406.0,11.055694098088113
1202015,95.0,100.0,1154.0,8.665511265164644
1300001,84.0,1638.0,12209.0,13.416332213940535
1300026,7.0,29.0,205.0,14.146341463414632
1300060,89.0,511.0,3641.0,14.03460587750618
1300090,87.0,177.0,1706.0,10.37514654161782
1300120,80.0,12277.0,51924.0,23.64417225175256
1300150,92.0,287.0,2158.0,13.29935125115848
1300210,92.0,824.0,5219.0,15.78846522322284
1300227,45.0,736.0,3885.0,18.944658944658947
1300232,53.0,60.0,14286.0,0.4199916001679966
1300240,93.0,497.0,2793.0,17.794486215538846
1300290,86.0,1918.0,13719.0,13.980610831693271
1300330,87.0,2285.0,13541.0,16.874676907170816
1300360,80.0,446.0,3159.0,14.118391896169674
1300390,79.0,548.0,3149.0,17.40234995236583
1300420,78.0,3913.0,24108.0,16.231126596980257
1300440,92.0,357.0,2550.0,14.000000000000002
1300480,83.0,551.0,3430.0,16.06413994169096
1300510,95.0,146.0,2284.0,6.3922942206655
1300540,87.0,337.0,2148.0,15.689013035381748
1300570,88.0,940.0,9168.0,10.25305410122164
1300600,93.0,243.0,4808.0,5.054076539101497
1300630,85.0,1620.0,10606.0,15.274372996417124
1300660,89.0,455.0,4181.0,10.882563979909111
1300690,81.0,515.0,3482.0,14.790350373348652
1300720,98.0,377.0,4041.0,9.329373917347192
1300780,93.0,1334.0,9254.0,14.41538794035012
1300810,92.0,172.0,2195.0,7.835990888382688
1300840,92.0,2073.0,14811.0,13.996354061170752
1300870,89.0,631.0,5119.0,12.326626294198086
1300900,91.0,369.0,4528.0,8.14929328621908
1300930,88.0,1532.0,10788.0,14.200964034111976
1300990,87.0,284.0,1727.0,16.444701795020265
1301020,87.0,3334.0,36801.0,9.059536425640609
1301050,82.0,145.0,845.0,17.159763313609467
1301080,82.0,580.0,2808.0,20.655270655270655
1301110,87.0,4051.0,41624.0,9.73236594272535
1301140,95.0,43.0,1304.0,3.2975460122699385
1301170,80.0,2359.0,13603.0,17.34176284643093
1301230,72.0,11058.0,54381.0,20.334307938434375
1301290,85.0,12365.0,111331.0,11.106520196531063
1301350,83.0,1212.0,7715.0,15.709656513285807
1301380,80.0,1602.0,9645.0,16.609642301710732
1301410,91.0,2874.0,27159.0,10.58212747155639
1301470,90.0,458.0,3222.0,14.214773432650526
1301500,85.0,2857.0,22491.0,12.702858921346316
1301530,82.0,326.0,1705.0,19.120234604105573
1301560,88.0,844.0,4079.0,20.691345918117182
1301590,92.0,370.0,2144.0,17.257462686567166
1301620,79.0,700.0,7900.0,8.860759493670885
1301650,95.0,480.0,3517.0,13.647995450668182
1301680,95.0,295.0,5513.0,5.3509885724650825
1301710,84.0,1186.0,5184.0,22.878086419753085
1301740,75.0,21143.0,99296.0,21.292902030293263
1301770,93.0,344.0,3171.0,10.848312835067803
1301830,86.0,2011.0,13933.0,14.433359649752386
1301860,87.0,3758.0,26420.0,14.224072672218016
1301870,92.0,462.0,2380.0,19.411764705882355
1301890,84.0,787.0,6498.0,12.1114188981225
1301920,92.0,346.0,2052.0,16.86159844054581
1301980,91.0,1386.0,12048.0,11.50398406374502
1302010,82.0,466.0,3058.0,15.238718116415958
1302040,84.0,760.0,4299.0,17.678529890672248
1302070,82.0,343.0,1923.0,17.836713468538743
1302100,94.0,501.0,2951.0,16.97729583192138
1302130,89.0,1622.0,20112.0,8.0648369132856
1302190,94.0,1157.0,9797.0,11.809737674798408
1302220,94.0,3361.0,47671.0,7.05040800486669
1302250,91.0,562.0,3696.0,15.205627705627704
1302280,87.0,12539.0,95105.0,13.184375164292096
1302310,88.0,1210.0,7972.0,15.178123432012042
1302340,84.0,813.0,4131.0,19.680464778503996
1302400,95.0,1906.0,12799.0,14.89178842097039
1302430,95.0,1181.0,6762.0,17.465246968352556
1302460,91.0,548.0,4695.0,11.671991480298187
1302490,92.0,281.0,2522.0,11.141950832672483
1302520,85.0,1846.0,10291.0,17.93800408123603
1302550,82.0,18187.0,178921.0,10.164821345733593
1302580,92.0,839.0,6907.0,12.14709714782105
1302610,88.0,4588.0,27433.0,16.724383042321293
1302670,94.0,552.0,3452.0,15.990730011587488
1302700,92.0,442.0,5290.0,8.35538752362949
1302730,95.0,478.0,3567.0,13.400616764788335
1302790,92.0,373.0,2115.0,17.63593380614657
1302820,88.0,6068.0,42012.0,14.443492335523183
1302880,87.0,3483.0,29492.0,11.809982368099824
1302910,92.0,316.0,1733.0,18.234275822273514
1302940,94.0,909.0,7698.0,11.808261886204209
1302970,87.0,237.0,2415.0,9.813664596273291
1303000,90.0,534.0,3133.0,17.044366421959783
1303030,95.0,331.0,3723.0,8.89067955949503
1303060,87.0,394.0,2635.0,14.952561669829224
1303150,88.0,697.0,5161.0,13.505134663824842
1303210,87.0,271.0,2692.0,10.066864784546803
1303240,77.0,216.0,1735.0,12.44956772334294
1303270,88.0,592.0,6456.0,9.169764560099132
1303300,85.0,2070.0,9385.0,22.056473095364947
1303330,87.0,170.0,1130.0,15.04424778761062
1303360,92.0,640.0,3715.0,17.227456258411845
1303390,92.0,937.0,10643.0,8.803908672366815
1303420,90.0,481.0,3857.0,12.470832253046408
1303450,87.0,408.0,1368.0,29.82456140350877
1303480,90.0,706.0,4924.0,14.337936636880585
1303510,76.0,1126.0,8913.0,12.63323235723101
1303540,92.0,114.0,1408.0,8.096590909090908
1303570,77.0,617.0,3974.0,15.52591847005536
1303600,77.0,368.0,1379.0,26.68600435097897
1303630,82.0,369.0,2752.0,13.40843023255814
1303690,95.0,132.0,2181.0,6.052269601100413
1303720,85.0,379.0,4062.0,9.33037912358444
1303780,90.0,373.0,3090.0,12.071197411003237
1303840,93.0,1319.0,7441.0,17.72611208170945
1303870,89.0,5591.0,31766.0,17.600579235660767
1303930,87.0,3259.0,18667.0,17.4586168104141
1303960,94.0,455.0,7752.0,5.869453044375645
1303990,92.0,274.0,2152.0,12.732342007434944
1304020,86.0,4579.0,29411.0,15.569004794124648
1304050,81.0,545.0,3644.0,14.95609220636663
1304080,92.0,109.0,1462.0,7.455540355677155
1304110,96.0,614.0,4394.0,13.97360036413291
1304140,91.0,339.0,3658.0,9.267359212684529
1304170,88.0,403.0,3369.0,11.962006530127637
1304200,80.0,1587.0,7837.0,20.25009569988516
1304260,92.0,413.0,2939.0,14.05239877509357
1304320,92.0,313.0,2252.0,13.898756660746002
1304380,78.0,7635.0,30859.0,24.741566479795196
1304410,82.0,2642.0,16701.0,15.819412011256812
1304440,90.0,821.0,6393.0,12.842171124667606
1304470,95.0,53.0,1320.0,4.015151515151516
1304500,82.0,364.0,2347.0,15.509160630592245
1304530,87.0,92.0,1502.0,6.125166444740346
1304540,92.0,224.0,1779.0,12.59134345137718
1304560,90.0,702.0,4011.0,17.5018698578908
1304620,87.0,369.0,4577.0,8.06204937732139
1304770,84.0,599.0,3873.0,15.466046991995867
1304800,87.0,202.0,1369.0,14.755295836376916
1304830,77.0,352.0,1756.0,20.04555808656036
1304890,91.0,847.0,5840.0,14.503424657534246
1304950,77.0,470.0,2876.0,16.342141863699585
1304980,85.0,1130.0,7502.0,15.062649960010663
1305040,88.0,668.0,2994.0,22.31128924515698
1305130,95.0,56.0,1401.0,3.9971448965024985
1305190,82.0,206.0,1237.0,16.653193209377527
1305250,98.0,424.0,2883.0,14.706902532084634
1305280,87.0,531.0,3984.0,13.328313253012048
1305310,88.0,1506.0,7888.0,19.092292089249497
1305340,92.0,176.0,2544.0,6.918238993710692
1305370,88.0,1698.0,8810.0,19.27355278093076
1305390,88.0,2469.0,13951.0,17.697656082001288
1305430,90.0,950.0,6139.0,15.474833034696204
1305490,95.0,458.0,2731.0,16.770413767850602
1305550,91.0,970.0,5391.0,17.992951214987944
1305670,87.0,539.0,3808.0,14.154411764705882
1305700,80.0,1469.0,13081.0,11.230028285299287
1305760,82.0,188.0,1560.0,12.051282051282053
1305790,92.0,84.0,1387.0,6.056236481614996
1305850,77.0,506.0,3271.0,15.469275450932438
1500030,84.0,33493.0,176927.0,18.930406325772775
1600002,88.0,127.0,3538.0,3.5895986433013
1600004,50.0,8.0,1676.0,0.477326968973747
1600011,42.0,32.0,1180.0,2.711864406779661
1600060,87.0,37.0,1395.0,2.6523297491039424
1600144,17.0,26.0,406.0,6.403940886699508
1600155,47.0,23.0,517.0,4.448742746615087
1600240,77.0,31.0,1179.0,2.629346904156064
1600270,83.0,165.0,3756.0,4.39297124600639
1600300,86.0,113.0,3393.0,3.3303860890067787
1600360,81.0,997.0,27833.0,3.582078827291345
1600420,77.0,63.0,1514.0,4.16116248348745
1600480,72.0,39.0,1325.0,2.943396226415094
1600510,76.0,271.0,6131.0,4.420159843418691
1600600,81.0,306.0,9065.0,3.3756205184776613
1600660,85.0,182.0,5443.0,3.3437442586808745
1600780,88.0,265.0,10602.0,2.499528390869647
1600930,81.0,299.0,12415.0,2.408376963350785
1600960,82.0,46.0,2374.0,1.9376579612468408
1601020,79.0,79.0,3169.0,2.4928999684443043
1601050,82.0,64.0,1673.0,3.825463239689181
1601110,87.0,72.0,2154.0,3.3426183844011144
1601140,87.0,60.0,1772.0,3.3860045146726865
1601260,82.0,64.0,1379.0,4.641044234952864
1601530,76.0,310.0,10657.0,2.908886178098902
1601570,89.0,98.0,5942.0,1.649276337933356
1601590,78.0,112.0,3970.0,2.8211586901763224
1601710,92.0,39.0,1969.0,1.9807008633824277
1601770,85.0,137.0,5171.0,2.6493908334944885
1601800,92.0,115.0,4319.0,2.6626533919888864
1601860,85.0,128.0,4480.0,2.857142857142857
1601920,90.0,81.0,4804.0,1.6860949208992508
1602100,87.0,926.0,38418.0,2.4103284918527774
1602130,85.0,85.0,3941.0,2.15681299162649
1602190,77.0,126.0,4026.0,3.129657228017884
1602220,82.0,94.0,2545.0,3.693516699410609
1602250,83.0,135.0,3854.0,3.502854177477946
1602340,82.0,500.0,15426.0,3.241280954233113
1602520,52.0,56.0,1026.0,5.458089668615984
1602580,82.0,76.0,1508.0,5.039787798408488
1602640,90.0,333.0,12421.0,2.6809435633201835
1602670,86.0,152.0,5926.0,2.564967937900776
1602910,95.0,49.0,2348.0,2.086882453151618
1602970,92.0,80.0,1796.0,4.4543429844097995
1603090,92.0,22.0,1613.0,1.3639181649101055
1603180,87.0,72.0,1790.0,4.022346368715084
1603240,77.0,311.0,9040.0,3.440265486725664
1603330,87.0,57.0,1525.0,3.7377049180327866
1700005,92.0,231.0,1902.0,12.145110410094636
1700006,72.0,2.0,23.0,8.695652173913043
1700044,82.0,185.0,1375.0,13.454545454545457
1700110,57.0,426.0,2963.0,14.377320283496456
1700320,92.0,274.0,1704.0,16.079812206572768
1701403,92.0,241.0,1145.0,21.048034934497817
1703600,81.0,1563.0,5939.0,26.31756187910423
1703780,92.0,29.0,499.0,5.811623246492986
1703870,97.0,431.0,2805.0,15.36541889483066
1704020,90.0,402.0,1884.0,21.337579617834397
1704170,93.0,2247.0,11872.0,18.92688679245283
1704680,71.0,3774.0,13541.0,27.870910567904883
1704710,82.0,1968.0,11685.0,16.842105263157894
1704770,92.0,69.0,598.0,11.538461538461538
1704920,93.0,558.0,4882.0,11.429741909053666
1705050,97.0,794.0,8687.0,9.140094393921952
1705220,95.0,217.0,5845.0,3.7125748502994016
1705310,82.0,228.0,3186.0,7.1563088512241055
1705640,91.0,1147.0,4658.0,24.624302275654788
1705790,92.0,1418.0,8160.0,17.377450980392155
1705970,87.0,32.0,546.0,5.86080586080586
1706120,95.0,284.0,2474.0,11.479385610347617
1706420,82.0,1068.0,2992.0,35.6951871657754
1706480,89.0,1027.0,5024.0,20.44187898089172
1706540,87.0,1365.0,5302.0,25.745001886080725
1706960,94.0,663.0,2080.0,31.874999999999996
1707050,88.0,1302.0,4972.0,26.186645213193888
1707650,87.0,261.0,1369.0,19.06501095690285
1707830,97.0,332.0,4173.0,7.955907021327582
1708010,92.0,91.0,1510.0,6.026490066225165
1708040,70.0,1915.0,3435.0,55.74963609898108
1708280,87.0,312.0,2433.0,12.82367447595561
1708370,89.0,346.0,980.0,35.30612244897959
1708400,93.0,1204.0,7564.0,15.917503966155474
1708430,77.0,228.0,1448.0,15.745856353591158
1708550,92.0,2430.0,20464.0,11.874511336982016
1708640,95.0,365.0,2234.0,16.338406445837066
1709300,79.0,197.0,861.0,22.880371660859467
1709420,84.0,2098.0,9640.0,21.763485477178424
1709600,92.0,607.0,2714.0,22.36551215917465
1709930,77.0,76364.0,370759.0,20.59666791635537
1710440,87.0,366.0,1865.0,19.62466487935657
1710530,92.0,161.0,2218.0,7.258791704238051
1710650,90.0,1178.0,6299.0,18.701381171614543
1710740,92.0,161.0,1991.0,8.086388749372176
1710820,82.0,278.0,1291.0,21.53369481022463
1711250,94.0,1226.0,4764.0,25.734676742233415
1711370,97.0,917.0,6119.0,14.98610884131394
1711790,74.0,1741.0,5548.0,31.380677721701517
1711850,76.0,2806.0,8376.0,33.50047755491882
1712000,84.0,1503.0,6245.0,24.067253803042433
1712330,79.0,483.0,2764.0,17.47467438494935
1712570,94.0,895.0,4963.0,18.033447511585734
1712700,97.0,330.0,4398.0,7.503410641200546
1712760,92.0,241.0,1464.0,16.46174863387978
1712990,82.0,158.0,577.0,27.38301559792028
1713230,95.0,343.0,987.0,34.751773049645394
1713290,92.0,430.0,2403.0,17.8942987931752
1713320,75.0,3378.0,5183.0,65.17460929963342
1713530,92.0,1166.0,7516.0,15.513571048430016
1713560,92.0,234.0,2488.0,9.405144694533762
1713710,86.0,7996.0,37738.0,21.18819227304044
1713940,89.0,720.0,3881.0,18.551919608348364
1713970,95.0,735.0,8237.0,8.923151632876047
1714100,88.0,357.0,2917.0,12.23860130270826
1714430,95.0,109.0,1579.0,6.903103229892336
1714490,92.0,1083.0,3519.0,30.775788576300084
1714580,95.0,113.0,802.0,14.089775561097255
1715030,94.0,178.0,1460.0,12.191780821917808
1715840,92.0,61.0,656.0,9.298780487804878
1715900,77.0,1032.0,3969.0,26.00151171579743
1716080,86.0,882.0,4130.0,21.35593220338983
1716350,98.0,176.0,2606.0,6.753645433614736
1716380,98.0,587.0,5707.0,10.285614158051516
1716410,92.0,184.0,1643.0,11.199026171637248
1716830,93.0,1215.0,8150.0,14.9079754601227
1717280,72.0,2228.0,6065.0,36.73536685902721
1717340,91.0,304.0,1797.0,16.91708402893712
1717550,97.0,412.0,2796.0,14.73533619456366
1717730,92.0,184.0,1795.0,10.250696378830083
1718240,81.0,1247.0,6542.0,19.061449098135128
1718270,87.0,308.0,1874.0,16.435432230522945
1718420,72.0,443.0,2514.0,17.62132060461416
1718810,87.0,527.0,2452.0,21.49265905383361
1718840,95.0,175.0,1747.0,10.01717229536348
1718990,92.0,15.0,2788.0,0.5380200860832138
1719080,95.0,414.0,3685.0,11.234735413839893
1719200,87.0,314.0,1738.0,18.06674338319908
1719320,92.0,730.0,4282.0,17.048108360579167
1719560,97.0,450.0,2840.0,15.845070422535212
1719620,93.0,322.0,2012.0,16.003976143141152
1719660,77.0,313.0,1220.0,25.65573770491803
1719830,92.0,896.0,9563.0,9.369444734915822
1719970,87.0,238.0,2064.0,11.531007751937985
1720280,73.0,798.0,3153.0,25.309229305423408
1720380,92.0,258.0,1320.0,19.545454545454547
1720430,86.0,279.0,2544.0,10.966981132075473
1720490,92.0,174.0,1862.0,9.344790547798066
1720610,78.0,2993.0,6615.0,45.245653817082385
1720760,88.0,1367.0,4660.0,29.334763948497855
1721000,82.0,427.0,1843.0,23.168746608790016
1721780,97.0,327.0,1561.0,20.948110185778347
1721840,95.0,368.0,2598.0,14.164742109314856
1721900,96.0,543.0,5639.0,9.629366909026423
1722110,86.0,199.0,1218.0,16.338259441707716
1722500,97.0,218.0,1394.0,15.63845050215208
1722740,88.0,932.0,3437.0,27.11667151585685
1722830,98.0,388.0,3394.0,11.431938715380085
1722950,83.0,262.0,997.0,26.278836509528585
1723050,80.0,190.0,753.0,25.232403718459494
1723070,97.0,712.0,6944.0,10.253456221198157
1723200,95.0,170.0,1447.0,11.748445058742226
1723350,95.0,551.0,3774.0,14.599894011658716
1723880,95.0,521.0,4002.0,13.018490754622688
1723920,87.0,249.0,1930.0,12.901554404145076
1724060,91.0,470.0,3128.0,15.025575447570333
1724090,94.0,1345.0,6388.0,21.055103318722605
1724390,92.0,273.0,1839.0,14.845024469820556
1724480,97.0,429.0,4422.0,9.701492537313433
1724570,92.0,116.0,688.0,16.86046511627907
1724600,79.0,753.0,3878.0,19.41722537390407
1724750,92.0,135.0,1217.0,11.092851273623666
1724940,96.0,287.0,3791.0,7.570561857029808
1725000,87.0,565.0,1999.0,28.264132066033017
1725050,96.0,687.0,3387.0,20.28343666961913
1725320,95.0,436.0,2238.0,19.48168007149241
1725650,87.0,111.0,564.0,19.680851063829788
1725690,95.0,152.0,1651.0,9.206541490006057
1725770,97.0,154.0,974.0,15.811088295687886
1726180,77.0,120.0,410.0,29.268292682926827
1726340,93.0,373.0,2817.0,13.241036563720272
1726400,91.0,1407.0,7011.0,20.068463842533163
1726550,95.0,191.0,1624.0,11.761083743842365
1726640,95.0,64.0,913.0,7.0098576122672505
1726800,92.0,287.0,3063.0,9.369898792033954
1726880,78.0,3089.0,8296.0,37.23481195756991
1727360,85.0,283.0,1152.0,24.56597222222222
1727390,92.0,199.0,2255.0,8.824833702882483
1727570,90.0,110.0,2012.0,5.467196819085487
1727610,82.0,474.0,1944.0,24.382716049382715
1727710,98.0,1870.0,16213.0,11.53395423425646
1728200,98.0,439.0,3936.0,11.153455284552846
1728530,93.0,788.0,4563.0,17.269340346263423
1728620,92.0,2062.0,12082.0,17.06671080946863
1728700,92.0,66.0,1144.0,5.769230769230769
1729010,97.0,211.0,5169.0,4.0820274714644995
1729220,92.0,306.0,1772.0,17.268623024830703
1729280,94.0,931.0,3371.0,27.617917531889645
1729790,90.0,385.0,2446.0,15.739983646770236
1729890,92.0,272.0,1832.0,14.847161572052403
1730160,92.0,129.0,1416.0,9.110169491525424
1730270,97.0,8231.0,17379.0,47.3617584440992
1730330,85.0,471.0,1329.0,35.44018058690745
1730450,95.0,2183.0,11706.0,18.648556295916624
1731110,83.0,624.0,1821.0,34.2668863261944
1731230,72.0,4342.0,12572.0,34.53706649697741
1731290,92.0,163.0,1400.0,11.642857142857142
1731500,92.0,117.0,1313.0,8.91089108910891
1731620,92.0,56.0,434.0,12.903225806451612
1731740,95.0,3958.0,26215.0,15.098226206370398
1731770,92.0,307.0,2367.0,12.970004224757076
1731920,92.0,82.0,1253.0,6.5442936951316835
1732220,95.0,150.0,647.0,23.183925811437405
1732580,97.0,581.0,4213.0,13.790647994303344
1732700,92.0,131.0,529.0,24.763705103969755
1732910,77.0,120.0,4182.0,2.8694404591104736
1733000,91.0,1376.0,6445.0,21.34988363072149
1733240,87.0,290.0,763.0,38.00786369593709
1733270,88.0,218.0,1820.0,11.978021978021978
1733380,95.0,164.0,1417.0,11.573747353563869
1733420,85.0,964.0,2962.0,32.545577312626605
1733510,95.0,112.0,669.0,16.741405082212257
1733720,93.0,231.0,852.0,27.11267605633803
1734020,95.0,231.0,1621.0,14.250462677359652
1734100,92.0,248.0,1453.0,17.068134893324157
1734230,92.0,244.0,1604.0,15.211970074812967
1734290,93.0,129.0,936.0,13.782051282051285
1734320,95.0,160.0,2288.0,6.993006993006993
1734380,87.0,101.0,636.0,15.880503144654089
1734410,79.0,1404.0,5941.0,23.63238512035011
1734510,65.0,8044.0,26103.0,30.81638125885913
1734990,89.0,1280.0,6846.0,18.697049371896
1735010,87.0,366.0,1884.0,19.426751592356688
1735190,87.0,146.0,694.0,21.037463976945244
1735370,92.0,271.0,2068.0,13.104448742746616
1735850,95.0,58.0,447.0,12.97539149888143
1736180,95.0,125.0,1484.0,8.423180592991914
1737080,75.0,4406.0,13262.0,33.22274166792339
1737170,96.0,1959.0,12795.0,15.310668229777258
1737350,98.0,246.0,3614.0,6.806862202545656
1737410,92.0,32.0,468.0,6.837606837606838
1738100,79.0,279.0,872.0,31.995412844036696
1738460,96.0,456.0,3740.0,12.192513368983956
1738700,92.0,484.0,2474.0,19.56345998383185
1738940,97.0,58.0,3302.0,1.756511205330103
1738970,78.0,2057.0,4920.0,41.8089430894309
1739120,92.0,202.0,1662.0,12.154031287605296
1739420,87.0,108.0,1373.0,7.86598689002185
1739870,95.0,439.0,1661.0,26.42986152919928
1739960,80.0,1155.0,4100.0,28.17073170731707
1740070,88.0,3534.0,16356.0,21.606749816581072
1740140,87.0,260.0,1453.0,17.894012388162423
1740440,95.0,313.0,2103.0,14.883499762244412
1740470,77.0,201.0,1521.0,13.214990138067062
1740800,94.0,446.0,4025.0,11.080745341614907
1740980,91.0,216.0,1351.0,15.988156920799408
1741070,92.0,213.0,2571.0,8.284714119019837
1741190,88.0,439.0,4588.0,9.568439407149084
1741250,72.0,2600.0,15676.0,16.58586374075019
1741580,77.0,443.0,1734.0,25.547866205305652
1741690,96.0,2283.0,26974.0,8.463705790761473
1741980,95.0,150.0,1281.0,11.7096018735363
1742180,94.0,1429.0,12617.0,11.325988745343585
1742310,87.0,586.0,3344.0,17.523923444976077
1742480,95.0,81.0,1553.0,5.215711526078557
1742630,92.0,149.0,1317.0,11.313591495823845
1742790,95.0,91.0,1251.0,7.274180655475619
1743330,95.0,1318.0,6783.0,19.43093026684358
1743890,84.0,769.0,2575.0,29.864077669902912
1743960,90.0,1004.0,6085.0,16.499589153656533
1800025,82.0,332.0,1092.0,30.4029304029304
1800030,96.0,232.0,7409.0,3.13132676474558
1800052,95.0,665.0,1439.0,46.21264767199444
1800058,95.0,76.0,862.0,8.816705336426914
1800098,51.0,1795.0,4502.0,39.87116836961351
1800112,67.0,473.0,734.0,64.44141689373298
1800118,92.0,210.0,1168.0,17.97945205479452
1800120,95.0,165.0,1478.0,11.163734776725304
1800150,94.0,1459.0,6751.0,21.61161309435639
1800179,22.0,474.0,783.0,60.53639846743295
1800240,92.0,259.0,2449.0,10.575745202123317
1800270,97.0,459.0,9213.0,4.982090524259199
1800360,90.0,1078.0,11517.0,9.36007640878701
1800390,95.0,169.0,2195.0,7.699316628701594
1800420,92.0,260.0,1884.0,13.800424628450106
1800450,90.0,672.0,3026.0,22.20753469927297
1800480,95.0,101.0,1831.0,5.516111414527581
1800570,92.0,189.0,1649.0,11.461491813220134
1800630,94.0,1422.0,11054.0,12.864121584946623
1800690,95.0,245.0,2239.0,10.94238499330058
1800840,93.0,567.0,4069.0,13.934627672646844
1800900,92.0,123.0,1491.0,8.249496981891348
1800960,95.0,251.0,1991.0,12.6067302862883
1801020,98.0,463.0,8582.0,5.3950128175250525
1801050,95.0,139.0,1560.0,8.91025641025641
1801200,97.0,689.0,15940.0,4.32245922208281
1801440,95.0,439.0,8325.0,5.273273273273273
1801560,95.0,147.0,1925.0,7.636363636363637
1801590,88.0,273.0,3602.0,7.579122709605775
1801890,91.0,710.0,7119.0,9.973310858266611
1801920,95.0,215.0,1375.0,15.636363636363637
1802040,95.0,88.0,1818.0,4.84048404840484
1802280,95.0,260.0,3601.0,7.220216606498195
1802400,89.0,721.0,5268.0,13.68640850417616
1802440,92.0,281.0,1494.0,18.80856760374833
1802460,92.0,302.0,2443.0,12.361850184199756
1802490,97.0,1000.0,8499.0,11.766090128250385
1802550,92.0,184.0,2514.0,7.319013524264122
1802610,95.0,211.0,1977.0,10.672736469398078
1802640,88.0,1299.0,6825.0,19.032967032967033
1802660,92.0,303.0,2670.0,11.348314606741573
1802800,93.0,686.0,5811.0,11.805197040096369
1802830,97.0,294.0,7123.0,4.127474378772989
1802850,89.0,1266.0,9749.0,12.985947276643758
1802880,69.0,1166.0,3695.0,31.55615696887686
1802970,94.0,377.0,3646.0,10.34009873834339
1803000,92.0,250.0,1415.0,17.6678445229682
1803030,95.0,87.0,1611.0,5.400372439478584
1803120,95.0,156.0,1227.0,12.71393643031785
1803150,95.0,102.0,1504.0,6.781914893617021
1803270,90.0,2845.0,12601.0,22.577573208475517
1803450,81.0,1670.0,21514.0,7.762387282699637
1803480,87.0,187.0,2155.0,8.677494199535962
1803510,91.0,612.0,3450.0,17.739130434782606
1803630,87.0,3968.0,29432.0,13.48192443598804
1803660,87.0,443.0,3117.0,14.212383702277831
1803690,94.0,534.0,5144.0,10.381026438569208
1803700,95.0,285.0,2378.0,11.984861227922623
1803750,98.0,800.0,9322.0,8.581849388543231
1803840,95.0,125.0,1766.0,7.078142695356739
1803870,84.0,1932.0,4726.0,40.88023698688109
1803930,85.0,467.0,6650.0,7.022556390977444
1803940,95.0,1923.0,10323.0,18.62830572507992
1803960,95.0,94.0,3181.0,2.955045583149953
1803990,95.0,220.0,1914.0,11.494252873563218
1804050,93.0,328.0,4588.0,7.149084568439407
1804080,95.0,171.0,2172.0,7.872928176795579
1804110,94.0,317.0,4000.0,7.925
1804140,95.0,85.0,1507.0,5.640345056403451
1804170,95.0,140.0,2467.0,5.6749087961086335
1804260,92.0,212.0,2392.0,8.862876254180602
1804320,82.0,2317.0,13771.0,16.825212402875607
1804350,95.0,56.0,2269.0,2.46804759806082
1804470,95.0,316.0,2663.0,11.866316184754035
1804560,92.0,213.0,3231.0,6.592386258124419
1804590,93.0,428.0,4122.0,10.383309073265403
1804620,82.0,267.0,1658.0,16.103739445114595
1804710,95.0,488.0,5142.0,9.490470633994557
1804770,77.0,6302.0,25922.0,24.311395725638455
1804980,87.0,613.0,3315.0,18.491704374057317
1805190,94.0,651.0,4212.0,15.455840455840455
1805280,95.0,439.0,3394.0,12.934590453741896
1805340,95.0,217.0,1905.0,11.391076115485564
1805370,92.0,1024.0,6128.0,16.710182767624023
1805400,81.0,948.0,7670.0,12.359843546284225
1805450,93.0,891.0,9468.0,9.4106463878327
1805460,95.0,148.0,1917.0,7.720396452790819
1805520,92.0,213.0,1903.0,11.19285338938518
1805550,91.0,490.0,3045.0,16.091954022988507
1805580,91.0,713.0,6411.0,11.121509904851038
1805670,92.0,2313.0,16162.0,14.31134760549437
1805700,92.0,266.0,2062.0,12.900096993210475
1805790,93.0,312.0,3511.0,8.886357163201367
1806030,97.0,539.0,4259.0,12.655552946701103
1806090,95.0,252.0,2257.0,11.165263624280016
1806120,85.0,400.0,2700.0,14.814814814814811
1806270,95.0,203.0,1617.0,12.554112554112551
1806390,96.0,746.0,3444.0,21.660859465737513
1806510,93.0,553.0,4570.0,12.100656455142232
1806570,84.0,1292.0,5409.0,23.88611573303753
1806600,90.0,529.0,4544.0,11.641725352112676
1806660,95.0,62.0,1548.0,4.0051679586563305
1806840,94.0,1077.0,5538.0,19.447453954496208
1806870,95.0,135.0,2505.0,5.389221556886228
1806900,87.0,188.0,1593.0,11.80163214061519
1807140,97.0,445.0,4377.0,10.166780900159928
1807230,95.0,157.0,2589.0,6.0641174198532255
1807260,96.0,289.0,3977.0,7.266784008046266
1807290,92.0,178.0,2040.0,8.72549019607843
1807320,93.0,1091.0,5166.0,21.11885404568331
1807350,97.0,88.0,4053.0,2.1712311867752283
1807410,93.0,1516.0,11458.0,13.23093035433758
1807440,95.0,427.0,3166.0,13.48704990524321
1807560,94.0,207.0,2960.0,6.993243243243243
1807620,92.0,158.0,1865.0,8.471849865951743
1807650,97.0,706.0,10519.0,6.711664606901797
1807680,95.0,190.0,1788.0,10.626398210290828
1807770,92.0,288.0,2001.0,14.3928035982009
1807860,85.0,952.0,4872.0,19.54022988505747
1807900,95.0,159.0,1895.0,8.390501319261213
1807920,92.0,170.0,1366.0,12.445095168374817
1807950,95.0,67.0,1467.0,4.567143830947512
1807980,95.0,152.0,1355.0,11.21771217712177
1808010,95.0,109.0,2024.0,5.3853754940711465
1808100,95.0,93.0,1902.0,4.889589905362776
1808220,95.0,139.0,2580.0,5.387596899224807
1808250,97.0,305.0,7555.0,4.037061548643282
1808310,95.0,147.0,1520.0,9.671052631578949
1808340,92.0,118.0,1734.0,6.805074971164937
1808760,96.0,641.0,10860.0,5.902394106813996
1808820,95.0,1777.0,16509.0,10.763825791992248
1808850,95.0,263.0,2121.0,12.3998114097124
1808900,92.0,175.0,1822.0,9.604829857299672
1808910,93.0,1193.0,11238.0,10.615767930236697
1808970,92.0,317.0,5397.0,5.873633500092644
1809000,99.0,146.0,2537.0,5.754828537642885
1809060,91.0,415.0,3556.0,11.670416197975252
1809120,92.0,190.0,1907.0,9.96329313057158
1809150,94.0,1112.0,7677.0,14.484824801354696
1809180,95.0,157.0,1458.0,10.768175582990398
1809370,94.0,398.0,4745.0,8.387776606954688
1809420,95.0,107.0,1656.0,6.461352657004831
1809480,92.0,224.0,2837.0,7.895664434261544
1809510,97.0,972.0,4967.0,19.5691564324542
1809630,92.0,199.0,1745.0,11.404011461318053
1809690,88.0,569.0,6406.0,8.88229784576959
1809750,95.0,294.0,2124.0,13.84180790960452
1809810,92.0,260.0,1898.0,13.6986301369863
1810020,87.0,245.0,2649.0,9.248773121932803
1810080,93.0,665.0,4860.0,13.68312757201646
1810140,95.0,384.0,4048.0,9.486166007905137
1810290,80.0,5126.0,17191.0,29.81792798557385
1810350,95.0,117.0,2015.0,5.806451612903226
1810360,93.0,365.0,3118.0,11.70622193713919
1810440,95.0,255.0,4458.0,5.720053835800807
1810450,95.0,206.0,1682.0,12.247324613555293
1810590,92.0,274.0,1675.0,16.35820895522388
1810650,97.0,1253.0,21519.0,5.822761280728658
1810680,95.0,114.0,1309.0,8.708938120702827
1810710,96.0,294.0,3667.0,8.017452958821925
1810860,95.0,227.0,1706.0,13.305978898007034
1810870,92.0,121.0,1722.0,7.0267131242741
1810920,95.0,165.0,1858.0,8.880516684607104
1810950,92.0,252.0,2570.0,9.80544747081712
1811100,88.0,529.0,2755.0,19.201451905626136
1811190,96.0,341.0,3786.0,9.006867406233491
1811250,92.0,255.0,1289.0,19.78277734678045
1811340,96.0,872.0,13245.0,6.5836164590411475
1811370,95.0,203.0,1866.0,10.878885316184352
1811400,92.0,166.0,1582.0,10.493046776232616
1811460,98.0,302.0,3292.0,9.173754556500608
1811580,92.0,156.0,2412.0,6.467661691542288
1811610,92.0,71.0,1409.0,5.039034776437189
1811700,95.0,86.0,1454.0,5.914718019257221
1811970,92.0,420.0,6382.0,6.581009088060169
1812090,84.0,2638.0,14745.0,17.89081044421838
1812120,95.0,329.0,2714.0,12.122328666175388
1812150,95.0,115.0,1539.0,7.472384665367121
1812180,85.0,241.0,2176.0,11.075367647058822
1812240,95.0,225.0,2970.0,7.575757575757576
1812360,82.0,2392.0,11992.0,19.94663108739159
1812390,90.0,804.0,10183.0,7.8955121280565645
1812420,94.0,1068.0,6944.0,15.380184331797231
1812450,92.0,430.0,2589.0,16.60872923908845
1812720,89.0,1237.0,11284.0,10.962424672102092
1812810,80.0,2930.0,16223.0,18.060777907908527
1812870,95.0,152.0,2375.0,6.4
1812880,94.0,321.0,3108.0,10.328185328185327
1812900,82.0,355.0,2373.0,14.959966287399917
1812990,95.0,92.0,1701.0,5.408583186360964
1813080,96.0,355.0,7907.0,4.489692677374478
1813110,95.0,154.0,2236.0,6.887298747763864
1813230,82.0,149.0,1404.0,10.612535612535613
1903150,95.0,121.0,1875.0,6.453333333333333
1903360,92.0,96.0,1481.0,6.482106684672519
1903540,98.0,455.0,4636.0,9.814495254529769
1903690,96.0,761.0,11688.0,6.510951403148528
1903930,95.0,154.0,1441.0,10.687022900763358
1904200,95.0,101.0,1725.0,5.855072463768115
1904830,87.0,151.0,1553.0,9.723116548615582
1904860,94.0,450.0,4606.0,9.769865392965697
1905070,95.0,141.0,2166.0,6.509695290858726
1905130,92.0,143.0,1808.0,7.90929203539823
1905790,79.0,785.0,3807.0,20.619910690832675
1906270,92.0,209.0,2195.0,9.521640091116174
1906330,95.0,122.0,1806.0,6.755260243632337
1906510,97.0,425.0,5438.0,7.815373299006987
1906540,84.0,2300.0,16613.0,13.844579546138569
1906660,92.0,114.0,1595.0,7.147335423197493
1906810,92.0,156.0,1539.0,10.1364522417154
1907080,95.0,189.0,1530.0,12.352941176470589
1907590,95.0,197.0,2455.0,8.024439918533604
1907620,92.0,82.0,1323.0,6.198034769463341
1907710,80.0,527.0,3645.0,14.458161865569272
1907860,92.0,569.0,5727.0,9.93539374890868
1908220,87.0,1073.0,9100.0,11.791208791208792
1908310,92.0,134.0,1428.0,9.38375350140056
1908520,95.0,299.0,3170.0,9.43217665615142
1908580,82.0,2773.0,14733.0,18.821692798479603
1908730,95.0,95.0,1680.0,5.654761904761905
1908910,87.0,228.0,2314.0,9.853068280034574
1908970,81.0,3457.0,32271.0,10.712404325865329
1909480,89.0,1074.0,10568.0,10.162755488266464
1911340,87.0,187.0,1635.0,11.43730886850153
1911820,85.0,556.0,3952.0,14.068825910931174
1911850,87.0,191.0,1860.0,10.268817204301076
1912510,95.0,62.0,1560.0,3.974358974358974
1912690,92.0,171.0,2102.0,8.135109419600381
1913200,92.0,225.0,1695.0,13.274336283185844
1913500,95.0,125.0,1575.0,7.936507936507936
1914370,92.0,50.0,1439.0,3.4746351633078527
1914580,92.0,134.0,1396.0,9.598853868194842
1914640,97.0,652.0,3634.0,17.94166208035223
1914700,91.0,1737.0,14317.0,12.13242997834742
1914730,92.0,94.0,1259.0,7.466243050039714
1915210,82.0,126.0,1296.0,9.722222222222223
1915450,96.0,420.0,7298.0,5.755001370238421
1915630,87.0,197.0,1727.0,11.407064273306313
1915840,95.0,178.0,1656.0,10.748792270531402
1916530,95.0,175.0,2175.0,8.045977011494253
1916680,92.0,177.0,2970.0,5.95959595959596
1917220,93.0,660.0,7549.0,8.742879851635978
1918510,92.0,127.0,1394.0,9.110473457675754
1918690,95.0,257.0,2193.0,11.719106247150023
1918720,88.0,949.0,5134.0,18.48461238800156
1918780,89.0,461.0,3838.0,12.011464304325168
1919890,92.0,213.0,1897.0,11.228255139694255
1920130,84.0,881.0,4898.0,17.986933442221314
1920250,95.0,106.0,1579.0,6.713109563014566
1920610,93.0,365.0,3060.0,11.9281045751634
1920910,95.0,88.0,1779.0,4.946599213041035
1920940,95.0,202.0,3207.0,6.298721546616775
1921240,97.0,188.0,2920.0,6.438356164383562
1921870,87.0,202.0,2174.0,9.291628334866605
1922110,91.0,538.0,4227.0,12.727702862550272
1922470,95.0,122.0,2442.0,4.995904995904995
1922530,95.0,216.0,1702.0,12.690951821386603
1923110,98.0,188.0,4876.0,3.855619360131255
1925320,92.0,159.0,1337.0,11.892296185489904
1925590,95.0,105.0,1617.0,6.493506493506493
1926400,86.0,1681.0,14236.0,11.808092160719305
1926580,95.0,26.0,1501.0,1.73217854763491
1926730,95.0,182.0,1550.0,11.741935483870968
1926820,95.0,555.0,7141.0,7.772020725388601
1926910,92.0,237.0,2054.0,11.538461538461538
1927000,92.0,122.0,1284.0,9.501557632398754
1927390,67.0,282.0,2452.0,11.500815660685156
1928680,94.0,278.0,4172.0,6.66347075743049
1929310,92.0,144.0,1510.0,9.536423841059603
1930240,87.0,187.0,1811.0,10.325786858089453
1930480,84.0,1946.0,10716.0,18.159761104889885
1930510,99.0,854.0,10422.0,8.194204567261561
1930540,92.0,122.0,2165.0,5.635103926096998
1930630,92.0,143.0,1608.0,8.893034825870647
1930900,95.0,161.0,1431.0,11.250873515024455
1930930,93.0,766.0,9033.0,8.480017712830731
1930990,95.0,177.0,1439.0,12.300208478109798
1931350,98.0,190.0,3453.0,5.502461627570229
1931680,95.0,65.0,1167.0,5.569837189374464
1931860,95.0,83.0,1758.0,4.721274175199089
2000003,92.0,203.0,1620.0,12.530864197530864
2000015,82.0,375.0,2326.0,16.122098022355978
2003180,87.0,173.0,1473.0,11.744738628649015
2003200,94.0,612.0,6332.0,9.665192672141504
2003300,95.0,179.0,1650.0,10.84848484848485
2003360,85.0,441.0,5931.0,7.435508345978755
2003450,82.0,533.0,2951.0,18.06167400881057
2003540,82.0,386.0,1709.0,22.586307782328845
2003630,87.0,359.0,2177.0,16.49058337161231
2003720,87.0,181.0,1423.0,12.719606465214335
2003780,85.0,250.0,2594.0,9.637625289128758
2004050,87.0,430.0,2626.0,16.374714394516374
2004200,92.0,189.0,2350.0,8.042553191489361
2004590,95.0,297.0,1794.0,16.555183946488295
2004890,87.0,109.0,1333.0,8.177044261065266
2004980,82.0,286.0,1913.0,14.950339780449555
2005460,90.0,1456.0,7062.0,20.617388841687905
2005490,98.0,399.0,6919.0,5.766729296141061
2005580,91.0,944.0,7078.0,13.33710087595366
2005730,92.0,363.0,1966.0,18.463886063072227
2005790,82.0,170.0,1213.0,14.014839241549875
2005940,91.0,1009.0,4184.0,24.11567877629063
2006090,92.0,154.0,1677.0,9.183064997018484
2006180,87.0,302.0,1865.0,16.193029490616624
2006390,81.0,1200.0,7090.0,16.92524682651622
2006420,94.0,754.0,6040.0,12.48344370860927
2006540,92.0,618.0,5572.0,11.091170136396268
2006660,83.0,700.0,2840.0,24.647887323943664
2007020,88.0,319.0,3118.0,10.230917254650416
2007050,91.0,1313.0,5622.0,23.35467805051583
2007590,87.0,52.0,658.0,7.90273556231003
2007620,84.0,876.0,4095.0,21.39194139194139
2007650,87.0,334.0,2011.0,16.608652411735456
2007740,82.0,261.0,1198.0,21.786310517529213
2007890,86.0,983.0,7154.0,13.7405647190383
2007950,74.0,5075.0,21362.0,23.757138844677463
2008340,96.0,437.0,2637.0,16.57186196435343
2008400,82.0,1482.0,11778.0,12.582781456953644
2008430,88.0,863.0,3776.0,22.85487288135593
2008730,82.0,936.0,5000.0,18.72
2008970,92.0,182.0,1675.0,10.865671641791044
2009140,93.0,740.0,7024.0,10.535307517084282
2009180,83.0,1139.0,6593.0,17.275898680418624
2009390,87.0,297.0,2478.0,11.98547215496368
2009840,95.0,247.0,1794.0,13.768115942028986
2009960,85.0,504.0,3247.0,15.522020326455188
2010140,94.0,667.0,20753.0,3.2139931576157665
2010500,92.0,243.0,1996.0,12.17434869739479
2010680,92.0,192.0,2365.0,8.118393234672304
2010710,90.0,764.0,3133.0,24.385572933290774
2011080,95.0,142.0,1925.0,7.376623376623377
2011250,92.0,168.0,1574.0,10.673443456162644
2011370,88.0,1012.0,6359.0,15.914451957855007
2011490,93.0,523.0,3931.0,13.304502671076063
2011640,90.0,4587.0,27100.0,16.92619926199262
2011850,56.0,441.0,2932.0,15.040927694406548
2012000,97.0,1780.0,22374.0,7.95566282291946
2012180,94.0,352.0,3441.0,10.229584423132811
2012210,95.0,237.0,1941.0,12.210200927357032
2012260,82.0,3023.0,13125.0,23.03238095238095
2012300,87.0,197.0,1885.0,10.450928381962864
2012360,76.0,1011.0,4156.0,24.326275264677573
2012420,82.0,279.0,1665.0,16.756756756756758
2012510,90.0,310.0,2968.0,10.444743935309972
2012840,95.0,163.0,1562.0,10.435339308578746
2012990,74.0,11498.0,49130.0,23.403215957663345
2013050,87.0,360.0,2118.0,16.997167138810198
2100030,95.0,462.0,2685.0,17.206703910614525
2100070,92.0,540.0,3097.0,17.43622860833064
2100081,89.0,1053.0,4739.0,22.219877611310405
2100120,95.0,712.0,3731.0,19.08335566872152
2100150,92.0,603.0,3151.0,19.136781973976515
2100270,92.0,456.0,2486.0,18.34271922767498
2100300,91.0,832.0,5003.0,16.630021986807915
2100330,92.0,525.0,1988.0,26.408450704225352
2100360,95.0,53.0,1375.0,3.854545454545454
2100390,95.0,798.0,2785.0,28.653500897666067
2100510,94.0,2158.0,20371.0,10.59349074664965
2100540,89.0,430.0,2691.0,15.97918989223337
2100570,90.0,428.0,4198.0,10.195331110052406
2100620,94.0,578.0,2984.0,19.369973190348524
2100630,99.0,265.0,2729.0,9.71051667277391
2100690,92.0,473.0,1898.0,24.92096944151739
2100720,93.0,683.0,2885.0,23.67417677642981
2100750,89.0,1940.0,13260.0,14.630467571644044
2100810,92.0,405.0,2201.0,18.400726942298956
2100840,95.0,240.0,2024.0,11.857707509881422
2100870,97.0,309.0,2856.0,10.819327731092438
2100900,97.0,498.0,4965.0,10.030211480362537
2100990,92.0,389.0,1902.0,20.4521556256572
2101020,99.0,1037.0,4331.0,23.943661971830984
2101050,95.0,281.0,2324.0,12.091222030981069
2101150,91.0,1430.0,8812.0,16.22787108488425
2101200,98.0,1071.0,5183.0,20.663708277059616
2101230,83.0,1211.0,3270.0,37.03363914373089
2101260,95.0,420.0,1914.0,21.9435736677116
2101320,96.0,530.0,2932.0,18.076398362892224
2101350,82.0,522.0,3659.0,14.266192948893138
2101440,95.0,338.0,1928.0,17.531120331950206
2101470,94.0,1717.0,11721.0,14.648920740551146
2101620,92.0,381.0,2023.0,18.833415719228867
2101650,95.0,307.0,2420.0,12.68595041322314
2101740,92.0,399.0,2512.0,15.88375796178344
2101760,92.0,486.0,2239.0,21.706118803037068
2101860,87.0,6865.0,41412.0,16.57732058340578
2101920,95.0,279.0,2296.0,12.151567944250871
2101950,97.0,1126.0,5954.0,18.91165602955996
2102010,90.0,1029.0,6385.0,16.11589663273297
2102040,96.0,118.0,3128.0,3.7723785166240407
2102130,92.0,259.0,1643.0,15.763846622032869
2102160,87.0,429.0,2695.0,15.918367346938776
2102220,92.0,395.0,2333.0,16.930990141448778
2102250,89.0,576.0,3774.0,15.262321144674084
2102280,92.0,326.0,4306.0,7.570831398049234
2102300,93.0,843.0,4330.0,19.468822170900697
2102340,92.0,268.0,1661.0,16.134858518964478
2102400,95.0,508.0,2828.0,17.963224893917964
2102460,95.0,197.0,1691.0,11.64991129509166
2102490,91.0,2343.0,14273.0,16.415609892804596
2102540,96.0,1601.0,3946.0,40.5727318803852
2102580,95.0,475.0,2920.0,16.267123287671232
2102640,95.0,458.0,2368.0,19.341216216216218
2102710,88.0,1280.0,7055.0,18.14316087880935
2102760,95.0,311.0,2097.0,14.830710538865045
2102860,89.0,935.0,6608.0,14.149515738498788
2102940,87.0,629.0,2223.0,28.29509671614935
2102990,82.0,22008.0,96907.0,22.710433714798725
2103030,94.0,1256.0,8347.0,15.047322391278303
2103060,95.0,849.0,3490.0,24.326647564469912
2103090,94.0,1382.0,14394.0,9.601222731693762
2103120,95.0,897.0,2340.0,38.333333333333336
2103150,88.0,1495.0,4414.0,33.86950611690077
2103180,95.0,325.0,2396.0,13.564273789649416
2103210,87.0,2426.0,9252.0,26.221357544314746
2103240,95.0,552.0,2586.0,21.34570765661253
2103330,95.0,400.0,1671.0,23.937761819269895
2103360,95.0,983.0,3108.0,31.628056628056623
2103390,95.0,461.0,2246.0,20.52537845057881
2103480,93.0,635.0,3932.0,16.149542217700915
2103540,91.0,479.0,3624.0,13.217439293598234
2103720,94.0,2198.0,11746.0,18.71275327771156
2103750,92.0,774.0,2079.0,37.22943722943723
2103780,95.0,555.0,3258.0,17.03499079189687
2103810,95.0,701.0,4810.0,14.573804573804576
2103840,92.0,391.0,1819.0,21.49532710280374
2103870,94.0,534.0,2803.0,19.05101676774884
2103900,95.0,233.0,1870.0,12.459893048128343
2103960,93.0,843.0,7059.0,11.942201444963876
2103990,95.0,622.0,2753.0,22.593534326189612
2104020,92.0,274.0,1529.0,17.920209287115764
2104050,93.0,718.0,4988.0,14.394546912590217
2104110,97.0,311.0,2842.0,10.942997888810696
2104140,87.0,305.0,1629.0,18.723143032535297
2104200,95.0,292.0,1867.0,15.640064274236742
2104250,91.0,1032.0,4590.0,22.483660130718956
2104290,92.0,569.0,1982.0,28.70837537840565
2104380,95.0,113.0,1627.0,6.945298094652736
2104410,94.0,781.0,4321.0,18.074519787086324
2104500,95.0,909.0,4325.0,21.01734104046243
2104530,96.0,1015.0,12407.0,8.18086564036431
2104560,92.0,312.0,1916.0,16.2839248434238
2104590,84.0,944.0,4791.0,19.703610937173867
2104650,81.0,440.0,2852.0,15.427769985974754
2104740,95.0,382.0,2389.0,15.989953955629971
2104770,93.0,1007.0,4030.0,24.98759305210918
2104800,96.0,1516.0,8225.0,18.43161094224924
2104890,92.0,712.0,2371.0,30.029523407844792
2104950,98.0,1355.0,8245.0,16.43420254699818
2105070,95.0,714.0,2868.0,24.89539748953975
2105100,94.0,680.0,3176.0,21.41057934508816
2105130,95.0,189.0,2266.0,8.340688437775816
2105160,97.0,427.0,3107.0,13.743160605085292
2105260,93.0,1123.0,9039.0,12.423940701405025
2105320,93.0,732.0,6841.0,10.700190030697266
2105400,95.0,605.0,3001.0,20.15994668443852
2105430,92.0,325.0,1642.0,19.792935444579783
2105490,96.0,415.0,3004.0,13.81491344873502
2105520,95.0,357.0,2682.0,13.31096196868009
2105550,92.0,286.0,2002.0,14.285714285714285
2105580,92.0,308.0,2076.0,14.836223506743735
2105640,92.0,354.0,2063.0,17.159476490547746
2105700,95.0,124.0,1717.0,7.22189866045428
2105730,98.0,1776.0,15695.0,11.315705638738452
2105760,95.0,293.0,1721.0,17.024985473561884
2105790,94.0,738.0,3206.0,23.019338739862757
2105820,82.0,356.0,2300.0,15.478260869565217
2105880,97.0,1028.0,4438.0,23.16358720144209
2106000,97.0,531.0,4062.0,13.07237813884786
2200022,95.0,55.0,1448.0,3.798342541436464
2200030,93.0,2059.0,9835.0,20.935434672089475
2200039,93.0,295.0,5306.0,5.559743686392763
2200040,72.0,328.0,1414.0,23.196605374823196
2200047,5.0,64.0,280.0,22.857142857142858
2200060,95.0,521.0,4328.0,12.037892791127542
2200090,88.0,2041.0,22170.0,9.206134415877312
2200120,94.0,521.0,3509.0,14.847534910230836
2200125,85.0,425.0,4617.0,9.20511154429283
2200148,95.0,33.0,575.0,5.739130434782608
2200150,85.0,1206.0,5374.0,22.44138444361742
2200156,82.0,81.0,556.0,14.568345323741008
2200157,40.0,2.0,2372.0,0.0843170320404721
2200160,95.0,122.0,763.0,15.98951507208388
2200180,94.0,917.0,6049.0,15.15953050090924
2200197,87.0,199.0,549.0,36.247723132969035
2200207,79.0,559.0,1153.0,48.482220294882914
2200210,92.0,321.0,2267.0,14.15968239964711
2200233,37.0,92.0,1911.0,4.814233385661957
2200237,92.0,94.0,565.0,16.63716814159292
2200238,52.0,40.0,455.0,8.791208791208792
2200240,72.0,454.0,2054.0,22.103213242453748
2200261,82.0,64.0,626.0,10.22364217252396
2200265,72.0,458.0,809.0,56.61310259579728
2200270,86.0,3683.0,22612.0,16.287811781355032
2200281,92.0,97.0,474.0,20.464135021097047
2200291,92.0,216.0,803.0,26.899128268991284
2200294,98.0,244.0,1108.0,22.021660649819495
2200297,95.0,53.0,1762.0,3.0079455164585696
2200299,95.0,29.0,971.0,2.9866117404737382
2200300,81.0,6325.0,39125.0,16.166134185303516
2200330,88.0,5069.0,32744.0,15.480698753970191
2200360,95.0,291.0,1540.0,18.896103896103895
2200480,80.0,612.0,3397.0,18.01589637915808
2200510,93.0,651.0,5222.0,12.466487935656836
2200540,72.0,7219.0,40148.0,17.980970409484907
2200600,82.0,331.0,1924.0,17.203742203742202
2200630,81.0,1326.0,5932.0,22.353337828725557
2200660,82.0,1131.0,3101.0,36.4721057723315
2200690,83.0,575.0,3020.0,19.039735099337747
2200720,86.0,1810.0,13127.0,13.788375104745942
2200750,94.0,604.0,4975.0,12.14070351758794
2200780,87.0,539.0,2255.0,23.902439024390244
2200810,98.0,1027.0,5963.0,17.222874392084524
2200840,73.0,8853.0,48617.0,18.209679741654153
2200870,77.0,4282.0,30271.0,14.145551848303656
2200900,96.0,2272.0,14113.0,16.09863246652023
2200960,95.0,494.0,2650.0,18.641509433962263
2200990,98.0,632.0,5428.0,11.643330876934414
2201020,87.0,3203.0,24506.0,13.07026850567208
2201080,90.0,1128.0,7897.0,14.28390528048626
2201110,72.0,775.0,3869.0,20.031015766347892
2201140,86.0,1031.0,6197.0,16.63708245925448
2201170,79.0,660.0,4895.0,13.48314606741573
2201200,87.0,2567.0,19407.0,13.227186066883084
2201230,93.0,356.0,4185.0,8.506571087216248
2201260,72.0,750.0,2789.0,26.89135891000359
2201290,82.0,3774.0,23389.0,16.135790328787035
2201350,82.0,488.0,2892.0,16.874135546334717
2201380,95.0,692.0,4440.0,15.585585585585584
2201410,95.0,1063.0,7724.0,13.762299326773691
2201440,86.0,555.0,9372.0,5.921895006402049
2201500,85.0,351.0,3860.0,9.093264248704664
2201530,81.0,856.0,5950.0,14.38655462184874
2201560,74.0,2120.0,13677.0,15.500475250420417
2201590,82.0,1236.0,8047.0,15.359761401764631
2201620,95.0,1265.0,8603.0,14.704172962919912
2201650,84.0,4371.0,38344.0,11.399436678489463
2201680,76.0,4629.0,19419.0,23.837478757917506
2201740,90.0,3227.0,17887.0,18.041035388829876
2201770,87.0,405.0,2069.0,19.57467375543741
2201800,95.0,1320.0,9720.0,13.580246913580249
2201830,94.0,1489.0,8898.0,16.73409755001124
2201860,84.0,817.0,5282.0,15.467625899280575
2201890,84.0,1302.0,6269.0,20.768862657521137
2201920,83.0,396.0,3926.0,10.086602139582272
2201980,92.0,244.0,2301.0,10.604085180356366
2202010,87.0,508.0,2267.0,22.40846934274371
2300053,95.0,92.0,691.0,13.314037626628076
2302610,78.0,784.0,3555.0,22.053445850914205
2302640,77.0,555.0,2401.0,23.11536859641816
2302820,85.0,748.0,3680.0,20.32608695652174
2303150,87.0,646.0,2441.0,26.464563703400245
2303510,87.0,331.0,1698.0,19.49352179034158
2303780,92.0,292.0,2358.0,12.383375742154367
2303930,95.0,84.0,1603.0,5.240174672489083
2305500,87.0,279.0,1337.0,20.867614061331334
2305670,95.0,147.0,2101.0,6.996668253212755
2306060,94.0,185.0,2724.0,6.791483113069016
2306510,92.0,163.0,1257.0,12.967382657120128
2307320,64.0,1169.0,5422.0,21.560309848764295
2308500,87.0,121.0,540.0,22.407407407407405
2309930,87.0,1161.0,6731.0,17.248551478235033
2310500,82.0,621.0,3149.0,19.72054620514449
2310530,96.0,265.0,2930.0,9.044368600682594
2310590,87.0,231.0,2051.0,11.262798634812286
2310710,87.0,270.0,1978.0,13.65015166835187
2310770,78.0,619.0,3635.0,17.028885832187072
2310860,87.0,338.0,1733.0,19.503750721292555
2311370,92.0,275.0,2303.0,11.940946591402518
2311520,87.0,342.0,1324.0,25.83081570996979
2311550,87.0,406.0,1851.0,21.934089681253376
2311790,85.0,301.0,3554.0,8.469330332020258
2312330,88.0,450.0,3130.0,14.376996805111824
2313350,82.0,499.0,1788.0,27.908277404921694
2313490,95.0,152.0,1273.0,11.940298507462686
2313560,82.0,498.0,2496.0,19.951923076923077
2313860,87.0,225.0,1182.0,19.035532994923855
2314100,95.0,133.0,1625.0,8.184615384615384
2314130,95.0,169.0,1739.0,9.718228867165038
2314160,87.0,261.0,1945.0,13.419023136246786
2314210,87.0,352.0,1856.0,18.96551724137931
2314240,95.0,167.0,2043.0,8.174253548702888
2314330,87.0,431.0,2061.0,20.912178554099953
2314590,82.0,521.0,2434.0,21.405094494658996
2314670,89.0,391.0,3015.0,12.96849087893864
2314700,85.0,383.0,3048.0,12.565616797900262
2314768,87.0,253.0,2514.0,10.063643595863166
2314772,82.0,356.0,1889.0,18.84595023822128
2314773,95.0,226.0,2339.0,9.662248824283882
2314775,87.0,248.0,1699.0,14.596821659799884
2314776,87.0,354.0,2073.0,17.0767004341534
2314779,92.0,390.0,2661.0,14.656144306651631
2314782,82.0,326.0,1573.0,20.724729815638906
2314783,77.0,230.0,1475.0,15.593220338983052
2314785,92.0,466.0,2020.0,23.06930693069307
2314787,72.0,365.0,1578.0,23.130544993662863
2314789,95.0,186.0,1946.0,9.558067831449128
2314793,88.0,347.0,3124.0,11.107554417413573
2314795,82.0,438.0,1781.0,24.59292532285233
2314809,87.0,438.0,2358.0,18.575063613231553
2314815,87.0,255.0,2401.0,10.620574760516453
2314822,82.0,369.0,1553.0,23.76046361880232
2400030,90.0,1747.0,8630.0,20.243337195828506
2400060,89.0,14124.0,77600.0,18.201030927835053
2400090,72.0,34513.0,80577.0,42.832321878451665
2400120,89.0,24665.0,113143.0,21.799846212315387
2400150,94.0,1915.0,15901.0,12.043267719011382
2400180,89.0,1075.0,5782.0,18.59218263576617
2400210,96.0,3073.0,25290.0,12.151047844998022
2400240,91.0,4067.0,15272.0,26.6304347826087
2400270,93.0,3976.0,27014.0,14.718294217812986
2400300,82.0,1243.0,4765.0,26.08604407135362
2400330,92.0,5381.0,42126.0,12.773584009875137
2400360,90.0,561.0,3813.0,14.712824547600317
2400390,89.0,5837.0,37780.0,15.449973530968766
2400420,92.0,6377.0,56787.0,11.229682849948052
2400450,92.0,418.0,1995.0,20.952380952380953
2400480,88.0,29702.0,161945.0,18.34079471425484
2400510,78.0,32818.0,143455.0,22.87686033947928
2400540,96.0,1149.0,7779.0,14.77053605861936
2400570,87.0,730.0,2918.0,25.01713502398903
2400600,95.0,3321.0,17861.0,18.593583785902247
2400630,94.0,738.0,4646.0,15.884631941455016
2400660,93.0,3917.0,22523.0,17.39111130844026
2400690,83.0,3442.0,14956.0,23.014174913078364
2400720,93.0,1362.0,7027.0,19.38238223993169
2500001,82.0,289.0,2266.0,12.753751103265667
2500013,92.0,148.0,1520.0,9.736842105263158
2500028,95.0,142.0,1574.0,9.021601016518424
2500058,95.0,126.0,408.0,30.88235294117647
2500067,95.0,76.0,1426.0,5.329593267882188
2500082,87.0,172.0,1237.0,13.904607922392886
2500085,95.0,52.0,984.0,5.284552845528456
2500541,95.0,112.0,1002.0,11.177644710578845
2500544,87.0,224.0,1852.0,12.095032397408207
2500554,99.0,233.0,1380.0,16.884057971014492
2500556,31.0,831.0,1609.0,51.64698570540709
2501650,92.0,214.0,1950.0,10.974358974358974
2501710,96.0,313.0,5497.0,5.6940149172275785
2501800,93.0,357.0,3695.0,9.6617050067659
2501860,82.0,319.0,2147.0,14.857941313460644
2501920,91.0,222.0,1342.0,16.542473919523097
2501950,94.0,430.0,5833.0,7.371849819989714
2501980,93.0,477.0,5632.0,8.469460227272728
2502040,95.0,112.0,2419.0,4.6300124018189335
2502100,95.0,171.0,2625.0,6.514285714285714
2502110,95.0,138.0,1113.0,12.398921832884096
2502160,77.0,386.0,1534.0,25.16297262059974
2502190,91.0,737.0,5782.0,12.746454514008992
2502220,92.0,189.0,2612.0,7.23583460949464
2502310,88.0,713.0,4736.0,15.05489864864865
2502400,95.0,164.0,2647.0,6.195693237627503
2502430,92.0,228.0,2323.0,9.814894532931554
2502460,87.0,278.0,2166.0,12.83471837488458
2502490,98.0,189.0,4593.0,4.11495754408883
2502530,92.0,317.0,1257.0,25.218774860779636
2502640,88.0,527.0,4443.0,11.861354940355616
2502670,87.0,373.0,4829.0,7.724166494098157
2502710,99.0,57.0,1224.0,4.6568627450980395
2502715,87.0,158.0,1680.0,9.404761904761903
2502740,98.0,52.0,854.0,6.0889929742388755
2502790,75.0,13466.0,54476.0,24.719142374623686
2502820,92.0,216.0,1973.0,10.947795235681705
2502940,93.0,457.0,5690.0,8.031634446397188
2503030,94.0,395.0,5255.0,7.516650808753568
2503070,95.0,3.0,456.0,0.6578947368421052
2503080,95.0,89.0,1278.0,6.964006259780908
2503090,74.0,3881.0,16417.0,23.640129134433817
2503150,93.0,587.0,7623.0,7.700380427653155
2503240,95.0,255.0,3577.0,7.1288789488398105
2503270,88.0,1120.0,6916.0,16.194331983805668
2503300,98.0,211.0,3204.0,6.585518102372035
2503310,92.0,89.0,591.0,15.059221658206429
2503360,92.0,153.0,1578.0,9.695817490494296
2503390,92.0,155.0,1603.0,9.669369931378665
2503510,93.0,319.0,4859.0,6.565136859436098
2503540,59.0,1448.0,6328.0,22.88242730720607
2503660,81.0,1329.0,7310.0,18.180574555403556
2503750,87.0,259.0,1873.0,13.82808328884143
2503870,98.0,120.0,1272.0,9.433962264150944
2503990,92.0,373.0,3462.0,10.774119006354708
2504020,93.0,228.0,3642.0,6.260296540362438
2504050,87.0,343.0,2645.0,12.967863894139883
2504140,82.0,550.0,2982.0,18.443997317236754
2504200,91.0,245.0,2912.0,8.413461538461538
2504290,95.0,47.0,1192.0,3.942953020134228
2504320,89.0,467.0,3760.0,12.420212765957448
2504360,91.0,239.0,3723.0,6.419554123019071
2504410,96.0,160.0,3105.0,5.152979066022544
2504440,95.0,308.0,2296.0,13.414634146341465
2504500,98.0,200.0,2641.0,7.572889057175312
2504560,90.0,258.0,1524.0,16.92913385826772
2504590,87.0,181.0,1568.0,11.543367346938776
2504620,96.0,240.0,3728.0,6.437768240343347
2504770,79.0,1364.0,6880.0,19.82558139534884
2504800,92.0,189.0,2049.0,9.224011713030746
2504830,71.0,2686.0,9851.0,27.266267384021926
2504860,84.0,463.0,3379.0,13.702278780704347
2504890,76.0,1471.0,5368.0,27.40312965722802
2504950,95.0,184.0,2599.0,7.079646017699115
2504980,82.0,1174.0,8444.0,13.903363334912363
2505010,97.0,381.0,5212.0,7.310053722179585
2505020,92.0,101.0,474.0,21.308016877637133
2505070,92.0,226.0,2817.0,8.022719204827832
2505130,82.0,528.0,2348.0,22.487223168654175
2505220,95.0,123.0,1333.0,9.227306826706675
2505280,86.0,442.0,2797.0,15.802645691812655
2505370,95.0,235.0,3222.0,7.293606455617629
2505470,94.0,168.0,1509.0,11.133200795228628
2505480,93.0,298.0,2163.0,13.777161349976886
2505485,98.0,122.0,1397.0,8.732999284180387
2505500,98.0,100.0,2357.0,4.242681374628765
2505670,92.0,93.0,1777.0,5.233539673607203
2505730,96.0,225.0,3162.0,7.115749525616698
2505740,92.0,138.0,717.0,19.246861924686193
2505790,95.0,152.0,2684.0,5.663189269746647
2505880,95.0,102.0,1095.0,9.315068493150685
2505970,81.0,1712.0,7175.0,23.86062717770035
2506090,99.0,201.0,4337.0,4.634540004611483
2506240,95.0,158.0,2910.0,5.429553264604811
2506270,72.0,1426.0,5296.0,26.92598187311178
2506330,98.0,183.0,3481.0,5.257110025854639
2506390,87.0,301.0,2632.0,11.436170212765957
2506480,92.0,105.0,1871.0,5.611972207375735
2506510,95.0,207.0,2041.0,10.142087212150908
2506660,72.0,3645.0,16097.0,22.643970926259552
2506720,95.0,159.0,1585.0,10.03154574132492
2506780,87.0,924.0,5871.0,15.738375063873274
2506840,96.0,221.0,7290.0,3.0315500685871055
2506930,97.0,64.0,1583.0,4.042956411876184
2506960,95.0,94.0,1663.0,5.652435357787132
2506990,96.0,150.0,2876.0,5.21557719054242
2507020,80.0,2358.0,14462.0,16.304798783017564
2507050,90.0,274.0,2656.0,10.316265060240964
2507110,74.0,3144.0,15505.0,20.277329893582717
2507140,95.0,86.0,2185.0,3.935926773455378
2507170,80.0,1009.0,6225.0,16.208835341365464
2507230,94.0,281.0,3765.0,7.463479415670651
2507260,97.0,218.0,3094.0,7.045895281189399
2507320,79.0,691.0,4389.0,15.743905217589427
2507350,97.0,200.0,4187.0,4.776689754000478
2507380,92.0,153.0,643.0,23.79471228615863
2507410,95.0,138.0,1794.0,7.6923076923076925
2507440,92.0,237.0,1658.0,14.294330518697226
2507530,97.0,89.0,2636.0,3.376327769347496
2507560,90.0,530.0,4369.0,12.130922407873657
2507590,96.0,182.0,2271.0,8.014090708938793
2507620,94.0,220.0,3591.0,6.126427179058758
2507680,92.0,164.0,2265.0,7.240618101545254
2507740,89.0,1298.0,7314.0,17.746786983866556
2507770,95.0,302.0,3173.0,9.5178064922786
2507860,85.0,543.0,4031.0,13.47060282808236
2507890,92.0,104.0,1822.0,5.708013172338091
2507920,95.0,88.0,1314.0,6.69710806697108
2507980,94.0,178.0,4210.0,4.228028503562945
2507985,87.0,72.0,542.0,13.284132841328416
2508050,99.0,157.0,1426.0,11.009817671809255
2508250,82.0,239.0,1623.0,14.72581638940234
2508280,87.0,107.0,1429.0,7.4877536738978305
2508310,95.0,205.0,3342.0,6.134051466187911
2508320,95.0,31.0,697.0,4.447632711621234
2508340,97.0,295.0,5475.0,5.3881278538812785
2508370,97.0,291.0,5666.0,5.135898340981291
2508430,59.0,3021.0,12617.0,23.943885234207816
2508440,91.0,132.0,2208.0,5.978260869565218
2508580,95.0,152.0,2269.0,6.698986337593654
2508610,96.0,979.0,12734.0,7.688079158159258
2508650,95.0,76.0,548.0,13.86861313868613
2508700,96.0,455.0,4807.0,9.465363012273768
2508730,95.0,350.0,4166.0,8.401344215074412
2508790,94.0,282.0,2974.0,9.482178883658372
2508820,98.0,128.0,2488.0,5.144694533762058
2508850,93.0,306.0,2656.0,11.521084337349398
2508860,95.0,81.0,498.0,16.265060240963855
2508910,95.0,165.0,1464.0,11.270491803278688
2508940,92.0,289.0,2175.0,13.28735632183908
2508950,95.0,104.0,489.0,21.267893660531698
2508960,98.0,97.0,1246.0,7.784911717495987
2509000,93.0,236.0,2464.0,9.57792207792208
2509030,95.0,133.0,2198.0,6.050955414012739
2509060,94.0,436.0,3405.0,12.804698972099851
2509140,95.0,28.0,534.0,5.2434456928838955
2509150,95.0,112.0,1255.0,8.924302788844622
2509270,87.0,217.0,1675.0,12.955223880597014
2509310,82.0,34.0,614.0,5.537459283387622
2509420,98.0,601.0,2894.0,20.76710435383552
2509450,95.0,204.0,2469.0,8.262454434993925
2509630,81.0,1278.0,5478.0,23.329682365826944
2509720,92.0,760.0,7389.0,10.285559615644878
2509870,92.0,1129.0,9180.0,12.29847494553377
2509900,82.0,78.0,846.0,9.219858156028367
2509930,77.0,643.0,2750.0,23.381818181818183
2509990,96.0,148.0,4118.0,3.5939776590577948
2510050,80.0,1093.0,7540.0,14.49602122015915
2510170,87.0,298.0,2175.0,13.701149425287356
2510380,82.0,904.0,3602.0,25.09716823986674
2510470,92.0,228.0,2609.0,8.738980452280568
2510500,82.0,496.0,2587.0,19.17278701198299
2510560,92.0,216.0,2983.0,7.241032517599731
2510590,92.0,114.0,2001.0,5.697151424287856
2510615,99.0,94.0,1325.0,7.09433962264151
2510620,97.0,179.0,3489.0,5.130409859558613
2510770,95.0,621.0,5976.0,10.39156626506024
2510830,96.0,196.0,1892.0,10.359408033826638
2510890,84.0,669.0,4886.0,13.692181743757676
2510920,92.0,256.0,1899.0,13.480779357556608
2510930,92.0,330.0,648.0,50.92592592592593
2511010,67.0,642.0,2002.0,32.06793206793207
2511020,96.0,143.0,1426.0,10.02805049088359
2511050,95.0,88.0,1123.0,7.836153161175423
2511060,95.0,141.0,732.0,19.262295081967213
2511130,77.0,5704.0,25341.0,22.508977546268895
2511220,92.0,280.0,2344.0,11.945392491467576
2511250,91.0,357.0,3492.0,10.2233676975945
2511400,92.0,100.0,1419.0,7.047216349541931
2511430,92.0,226.0,2209.0,10.23087369850611
2511460,95.0,245.0,2099.0,11.672224868985232
2511490,98.0,238.0,1784.0,13.340807174887892
2511520,89.0,1281.0,7848.0,16.322629969418962
2511580,93.0,269.0,3479.0,7.732106927277954
2511735,94.0,149.0,987.0,15.096251266464034
2511740,92.0,307.0,2564.0,11.973478939157566
2511760,95.0,141.0,1696.0,8.31367924528302
2511800,95.0,85.0,715.0,11.888111888111888
2511850,82.0,193.0,1760.0,10.965909090909092
2511880,96.0,390.0,7080.0,5.508474576271186
2511910,95.0,261.0,3382.0,7.71732702542874
2511970,95.0,220.0,3728.0,5.901287553648069
2512000,82.0,773.0,5650.0,13.681415929203538
2512060,77.0,417.0,2253.0,18.508655126498
2512180,92.0,258.0,2506.0,10.295291300877892
2512210,97.0,123.0,2704.0,4.548816568047338
2512240,67.0,375.0,1855.0,20.21563342318059
2512270,97.0,518.0,5106.0,10.144927536231885
2512510,89.0,576.0,3986.0,14.450577019568488
2512600,97.0,214.0,3944.0,5.425963488843814
2512630,88.0,880.0,5286.0,16.647748770336737
2512660,98.0,176.0,4958.0,3.5498184751916093
2512750,95.0,132.0,2488.0,5.305466237942122
2512810,99.0,118.0,3082.0,3.8286826735885784
2512840,86.0,920.0,5830.0,15.780445969125214
2512930,94.0,462.0,3905.0,11.830985915492958
2512950,97.0,42.0,1254.0,3.349282296650718
2513050,97.0,196.0,3335.0,5.877061469265367
2513110,94.0,256.0,4806.0,5.326674989596338
2513170,82.0,282.0,2000.0,14.099999999999998
2513200,90.0,500.0,4615.0,10.834236186348862
2513230,84.0,3657.0,24730.0,14.78770723817226
2600005,73.0,1973.0,4016.0,49.1284860557769
2600013,82.0,568.0,3264.0,17.401960784313726
2600015,77.0,3931.0,11123.0,35.34118493212263
2600016,95.0,774.0,4011.0,19.29693343305909
2600139,87.0,876.0,2308.0,37.954939341421145
2600164,87.0,5.0,709.0,0.7052186177715092
2600168,95.0,388.0,2269.0,17.100044072278536
2600171,92.0,116.0,529.0,21.928166351606805
2600225,95.0,520.0,1918.0,27.111574556830032
2600227,77.0,574.0,1136.0,50.52816901408451
2600232,95.0,381.0,1408.0,27.05965909090909
2600242,82.0,1157.0,2013.0,57.47640337804272
2600284,92.0,391.0,1509.0,25.911199469847578
2600949,47.0,164.0,214.0,76.63551401869158
2600952,92.0,216.0,1495.0,14.448160535117058
2600956,92.0,356.0,1961.0,18.15400305966344
2600961,92.0,235.0,1254.0,18.74003189792663
2600969,67.0,420.0,1709.0,24.57577530719719
2600972,34.0,498.0,2840.0,17.535211267605632
2600977,92.0,18.0,599.0,3.005008347245409
2600981,72.0,157.0,457.0,34.35448577680525
2600993,92.0,119.0,417.0,28.53717026378897
2601030,92.0,199.0,532.0,37.40601503759399
2601050,52.0,509.0,1029.0,49.46550048590865
2601070,37.0,690.0,2498.0,27.622097678142516
2601077,30.0,349.0,741.0,47.09851551956815
2601095,87.0,147.0,645.0,22.79069767441861
2601103,77.0,41255.0,51533.0,80.05549841848912
2601104,12.0,15.0,508.0,2.952755905511811
2601950,87.0,781.0,2669.0,29.261895841139
2601980,81.0,398.0,1954.0,20.36847492323439
2602190,92.0,256.0,1549.0,16.52679147837314
2602220,64.0,1143.0,2538.0,45.0354609929078
2602520,87.0,535.0,3846.0,13.910556422256889
2602550,93.0,315.0,2675.0,11.775700934579438
2602640,92.0,434.0,2125.0,20.423529411764708
2602670,92.0,189.0,1513.0,12.491738268341043
2602730,78.0,549.0,3837.0,14.308053166536356
2602790,92.0,727.0,5982.0,12.15312604480107
2602820,89.0,3698.0,17465.0,21.17377612367592
2603240,95.0,187.0,1848.0,10.11904761904762
2603540,67.0,254.0,888.0,28.60360360360361
2603690,88.0,612.0,3358.0,18.225134008338298
2603870,57.0,337.0,1170.0,28.8034188034188
2603900,87.0,408.0,2449.0,16.6598611678236
2604260,82.0,2038.0,7555.0,26.975512905360688
2604440,87.0,172.0,1027.0,16.747809152872446
2604470,93.0,606.0,4400.0,13.772727272727272
2604530,92.0,312.0,1797.0,17.362270450751254
2604830,65.0,1502.0,2192.0,68.52189781021897
2604950,77.0,291.0,1473.0,19.75560081466395
2605010,96.0,570.0,3987.0,14.296463506395789
2605430,32.0,1001.0,3615.0,27.69017980636238
2605780,72.0,307.0,1883.0,16.303770578863517
2605820,87.0,193.0,1909.0,10.110005238344682
2605850,97.0,474.0,8137.0,5.825242718446602
2606090,95.0,589.0,5455.0,10.7974335472044
2606500,87.0,176.0,1411.0,12.473423104181432
2606570,87.0,436.0,2519.0,17.308455736403335
2606600,67.0,279.0,1402.0,19.90014265335235
2606720,95.0,204.0,1872.0,10.897435897435898
2606780,77.0,681.0,1615.0,42.1671826625387
2606870,94.0,588.0,6058.0,9.706173654671508
2606990,67.0,174.0,1457.0,11.942347288949898
2607080,77.0,566.0,2016.0,28.075396825396822
2607140,82.0,103.0,1659.0,6.208559373116335
2607320,95.0,142.0,1822.0,7.793633369923161
2607560,94.0,559.0,3944.0,14.173427991886408
2607590,77.0,662.0,3351.0,19.75529692629066
2607620,91.0,441.0,4938.0,8.930741190765493
2607690,52.0,256.0,1367.0,18.72713972201902
2607890,82.0,1468.0,4774.0,30.749895266024296
2608040,77.0,289.0,1710.0,16.900584795321638
2608070,77.0,504.0,1858.0,27.125941872981706
2608520,85.0,424.0,3532.0,12.004530011325029
2608580,72.0,730.0,2474.0,29.50687146321746
2608770,82.0,443.0,2428.0,18.245469522240526
2608910,82.0,230.0,1687.0,13.633669235328986
2608940,94.0,255.0,2454.0,10.39119804400978
2609150,87.0,313.0,1530.0,20.45751633986928
2609560,72.0,486.0,2075.0,23.42168674698795
2609570,92.0,2097.0,16188.0,12.954040029651596
2609750,82.0,237.0,1559.0,15.202052597819115
2609840,87.0,431.0,1795.0,24.011142061281337
2609900,90.0,918.0,7409.0,12.390336077743283
2609930,82.0,276.0,1606.0,17.18555417185554
2610080,34.0,1689.0,3139.0,53.80694488690666
2610110,65.0,368.0,3039.0,12.10924646265219
2610140,77.0,528.0,2971.0,17.771794008751264
2610380,57.0,292.0,1410.0,20.70921985815603
2610590,52.0,742.0,2200.0,33.72727272727273
2610620,87.0,242.0,1902.0,12.723449001051526
2610830,91.0,246.0,2662.0,9.241172051089409
2610860,92.0,308.0,1819.0,16.932380428807036
2611030,82.0,284.0,1563.0,18.170185540627
2611140,82.0,347.0,2079.0,16.69071669071669
2611430,86.0,754.0,5788.0,13.026952315134762
2611550,97.0,273.0,3202.0,8.525921299188008
2611600,95.0,2056.0,20956.0,9.81103263981676
2611610,82.0,614.0,2511.0,24.45240939864596
2611640,47.0,948.0,1800.0,52.666666666666664
2611910,77.0,256.0,1292.0,19.814241486068113
2612030,97.0,252.0,3641.0,6.921175501235924
2612150,77.0,585.0,2235.0,26.174496644295303
2612300,92.0,189.0,1622.0,11.652281134401973
2612330,87.0,248.0,1442.0,17.198335644937586
2612420,93.0,434.0,4100.0,10.585365853658535
2612450,70.0,1872.0,2827.0,66.21860629642731
2612480,94.0,104.0,2921.0,3.560424512153372
2612600,93.0,446.0,3651.0,12.215831279101616
2612690,82.0,429.0,2409.0,17.80821917808219
2612930,67.0,794.0,1113.0,71.33872416891285
2612990,95.0,366.0,2739.0,13.362541073384444
2613500,82.0,365.0,2241.0,16.28737170905846
2613530,92.0,129.0,1728.0,7.465277777777778
2614070,91.0,1345.0,9451.0,14.231298275314783
2614100,77.0,306.0,1233.0,24.817518248175183
2614230,72.0,878.0,1326.0,66.21417797888385
2614250,91.0,396.0,3560.0,11.123595505617978
2614280,73.0,756.0,2939.0,25.72303504593399
2614460,78.0,1020.0,2659.0,38.36028582173749
2614520,67.0,2824.0,4617.0,61.16525882607754
2614550,85.0,540.0,4305.0,12.54355400696864
2614610,96.0,712.0,9822.0,7.24903278354714
2614730,87.0,264.0,2863.0,9.2210967516591
2614760,95.0,78.0,1269.0,6.1465721040189125
2614820,94.0,934.0,5223.0,17.88244304039824
2615060,92.0,155.0,1959.0,7.912200102092905
2615150,77.0,400.0,1941.0,20.607934054611025
2615390,80.0,541.0,2751.0,19.665576154125773
2615540,65.0,971.0,3963.0,24.50164017158718
2615730,82.0,465.0,3102.0,14.990328820116051
2615870,87.0,555.0,3756.0,14.77635782747604
2615970,67.0,190.0,1590.0,11.949685534591197
2615990,82.0,346.0,1688.0,20.497630331753555
2616080,82.0,440.0,1907.0,23.072889355007867
2616110,87.0,493.0,2167.0,22.75034610059991
2616320,95.0,145.0,2163.0,6.703652334720296
2616350,91.0,879.0,8348.0,10.529468136080498
2616380,79.0,734.0,6231.0,11.779810624297864
2616410,95.0,512.0,4359.0,11.745813259922
2616440,71.0,4287.0,15661.0,27.373730923951214
2616470,94.0,543.0,5996.0,9.056037358238829
2616500,87.0,350.0,1782.0,19.640852974186306
2617160,89.0,471.0,3747.0,12.57005604483587
2617220,95.0,216.0,1845.0,11.707317073170731
2617250,88.0,394.0,4046.0,9.738012852199704
2617400,87.0,199.0,2677.0,7.433694434067986
2617520,77.0,926.0,3290.0,28.14589665653495
2617730,95.0,357.0,2793.0,12.781954887218044
2617760,54.0,928.0,1920.0,48.333333333333336
2617820,87.0,319.0,1439.0,22.1681723419041
2617910,94.0,516.0,5556.0,9.287257019438446
2617940,96.0,295.0,2657.0,11.102747459540836
2617970,82.0,368.0,2662.0,13.82419233658903
2618030,47.0,1533.0,3429.0,44.70691163604549
2618180,72.0,106.0,1187.0,8.930075821398484
2618390,87.0,265.0,1443.0,18.364518364518364
2618420,88.0,516.0,3566.0,14.46999439147504
2618450,90.0,719.0,3493.0,20.58402519324363
2618480,82.0,764.0,4700.0,16.25531914893617
2618570,92.0,168.0,1667.0,10.077984403119377
2618600,62.0,473.0,1295.0,36.52509652509652
2618720,89.0,707.0,7081.0,9.984465470978677
2618810,77.0,87.0,1012.0,8.596837944664031
2618840,93.0,371.0,7253.0,5.1151247759547775
2618930,92.0,437.0,2578.0,16.9511249030256
2618990,91.0,1386.0,8749.0,15.841810492627728
2619050,95.0,106.0,1505.0,7.043189368770763
2619100,92.0,373.0,2063.0,18.080465341735337
2619250,80.0,794.0,2956.0,26.860622462787553
2619410,67.0,249.0,930.0,26.7741935483871
2619580,82.0,184.0,1159.0,15.875754961173424
2619620,59.0,1758.0,5533.0,31.77299837339599
2619800,87.0,266.0,1743.0,15.261044176706829
2619830,95.0,329.0,5468.0,6.016825164594001
2619920,77.0,219.0,1480.0,14.797297297297296
2619950,75.0,3814.0,13171.0,28.95755827196113
2620050,72.0,350.0,1535.0,22.80130293159609
2620070,82.0,627.0,3071.0,20.416802344513187
2620160,77.0,655.0,2320.0,28.23275862068966
2620280,88.0,397.0,3049.0,13.020662512299111
2620340,78.0,1753.0,9002.0,19.47345034436792
2620380,87.0,324.0,1618.0,20.024721878862795
2620550,92.0,189.0,1134.0,16.666666666666664
2620670,95.0,175.0,2084.0,8.397312859884837
2620730,95.0,641.0,7313.0,8.765212635033501
2620820,92.0,273.0,2876.0,9.492350486787204
2620850,92.0,782.0,4148.0,18.852459016393443
2620880,95.0,669.0,4265.0,15.685814771395076
2620940,82.0,226.0,1184.0,19.08783783783784
2620980,92.0,319.0,1845.0,17.289972899728998
2621120,87.0,323.0,2601.0,12.418300653594772
2621150,64.0,5818.0,11136.0,52.24497126436781
2621180,85.0,617.0,5008.0,12.320287539936102
2621240,87.0,175.0,1067.0,16.40112464854733
2621450,92.0,176.0,1263.0,13.935075217735552
2621570,87.0,576.0,3409.0,16.896450572015254
2621600,86.0,1563.0,4839.0,32.30006199628022
2621690,94.0,309.0,2828.0,10.926449787835926
2621840,93.0,1829.0,13947.0,13.11393131139313
2621870,86.0,1777.0,10392.0,17.09969207082371
2622050,92.0,433.0,3862.0,11.211807353702746
2622200,87.0,288.0,2153.0,13.376683697166744
2622290,82.0,465.0,2063.0,22.539990305380513
2622410,82.0,467.0,1501.0,31.11259160559627
2622970,62.0,535.0,2979.0,17.959046659953003
2623040,95.0,303.0,2773.0,10.926794085827623
2623070,92.0,417.0,3133.0,13.309926587934887
2623130,87.0,277.0,1277.0,21.69146436961629
2623250,93.0,446.0,3821.0,11.672337084532844
2623460,93.0,659.0,3078.0,21.410006497725796
2623550,82.0,207.0,1296.0,15.97222222222222
2623790,82.0,158.0,1468.0,10.762942779291553
2623820,93.0,522.0,7674.0,6.802189210320562
2623850,85.0,471.0,2146.0,21.947809878844364
2623910,92.0,148.0,1053.0,14.055080721747387
2624120,95.0,578.0,3867.0,14.946987328678564
2624150,85.0,1334.0,5384.0,24.777117384843983
2624420,72.0,199.0,1484.0,13.409703504043128
2624720,59.0,809.0,1960.0,41.275510204081634
2624750,70.0,794.0,3607.0,22.01275298031605
2624840,78.0,1541.0,3765.0,40.929614873837984
2624960,87.0,168.0,1445.0,11.626297577854672
2625230,72.0,267.0,1220.0,21.885245901639344
2625320,87.0,277.0,1475.0,18.779661016949152
2625560,69.0,715.0,3777.0,18.930368016944666
2625680,89.0,375.0,2350.0,15.95744680851064
2625740,95.0,1059.0,7889.0,13.423754595005704
2625950,84.0,460.0,3303.0,13.926733272782318
2625980,97.0,523.0,7460.0,7.010723860589812
2626010,86.0,764.0,3464.0,22.0554272517321
2626130,95.0,391.0,6553.0,5.966732794140088
2626190,61.0,3714.0,5190.0,71.5606936416185
2626220,77.0,384.0,2042.0,18.8050930460333
2626280,95.0,472.0,4451.0,10.604358571107616
2626370,92.0,231.0,1477.0,15.639810426540285
2626520,82.0,78.0,1337.0,5.833956619296933
2626760,48.0,1083.0,2541.0,42.62101534828808
2627060,95.0,423.0,2320.0,18.232758620689655
2627150,92.0,261.0,1562.0,16.709346991037133
2627210,86.0,729.0,3120.0,23.365384615384617
2627240,92.0,496.0,5309.0,9.342625729892635
2627420,82.0,369.0,1624.0,22.72167487684729
2627660,82.0,341.0,2205.0,15.46485260770975
2627810,92.0,409.0,2196.0,18.6247723132969
2627900,77.0,184.0,1133.0,16.24007060900265
2627930,92.0,498.0,2867.0,17.370073247296826
2628140,81.0,294.0,2780.0,10.575539568345324
2628170,77.0,245.0,1321.0,18.54655563966692
2628530,84.0,434.0,2835.0,15.308641975308642
2628560,90.0,1922.0,17379.0,11.059324472063985
2628740,60.0,2276.0,4249.0,53.56554483407861
2628830,78.0,2075.0,8233.0,25.20344953236973
2628890,92.0,163.0,1437.0,11.343075852470424
2628950,91.0,952.0,8509.0,11.18815371959102
2629120,77.0,280.0,1936.0,14.46280991735537
2629460,59.0,1313.0,2866.0,45.81297976273552
2629490,87.0,193.0,1480.0,13.04054054054054
2629540,85.0,606.0,3704.0,16.360691144708422
2629670,87.0,162.0,1449.0,11.180124223602483
2629760,78.0,1483.0,2150.0,68.97674418604652
2629910,92.0,504.0,2630.0,19.16349809885932
2629940,97.0,1150.0,15016.0,7.658497602557272
2630030,93.0,629.0,7894.0,7.968077020521916
2630090,90.0,736.0,5006.0,14.702357171394326
2630210,89.0,1886.0,4748.0,39.72198820556024
2630300,84.0,594.0,5069.0,11.718287630696391
2630390,79.0,2579.0,5370.0,48.02607076350093
2630450,80.0,958.0,4753.0,20.155691142436353
2630660,95.0,333.0,5158.0,6.455990694067467
2630990,84.0,501.0,2219.0,22.577737719693555
2631320,77.0,209.0,1305.0,16.015325670498086
2631380,82.0,386.0,1809.0,21.337755666113875
2632220,95.0,505.0,1715.0,29.44606413994169
2632250,94.0,821.0,8489.0,9.671339380374604
2632280,94.0,1094.0,3298.0,33.171619163129165
2632300,72.0,447.0,1989.0,22.473604826546005
2632310,90.0,1885.0,6122.0,30.7905913100294
2632340,72.0,871.0,3736.0,23.31370449678801
2632370,87.0,209.0,2594.0,8.057054741711642
2632550,99.0,294.0,2511.0,11.708482676224612
2632670,79.0,705.0,3673.0,19.19411924857065
2632820,90.0,288.0,2906.0,9.910529938059188
2632850,95.0,203.0,2776.0,7.312680115273776
2632940,92.0,312.0,1581.0,19.734345351043643
2633030,87.0,225.0,1299.0,17.321016166281755
2633090,93.0,683.0,3304.0,20.67191283292978
2633410,87.0,144.0,1786.0,8.062709966405375
2633420,82.0,405.0,3741.0,10.82598235765838
2633540,66.0,2701.0,6298.0,42.8866306764052
2633720,87.0,274.0,2919.0,9.386776293251112
2633810,92.0,267.0,3117.0,8.565928777670837
2633840,87.0,472.0,2625.0,17.98095238095238
2633870,83.0,1867.0,10083.0,18.51631458891203
2633900,94.0,229.0,2557.0,8.955807587016034
2633930,82.0,373.0,1941.0,19.21689850592478
2634260,90.0,593.0,11113.0,5.336092864213084
2634470,93.0,3289.0,28524.0,11.530640863833964
2634560,91.0,1284.0,4594.0,27.949499346974317
2634680,72.0,1090.0,2520.0,43.25396825396825
2634950,82.0,350.0,2605.0,13.43570057581574
2635160,92.0,1619.0,12728.0,12.719987429289755
2635190,82.0,2593.0,13906.0,18.64662735509852
2635220,87.0,765.0,3276.0,23.35164835164835
2635310,85.0,1417.0,8836.0,16.03666817564509
2635460,82.0,411.0,1465.0,28.054607508532424
2635520,92.0,664.0,3004.0,22.103861517976032
2635550,89.0,571.0,3006.0,18.99534264803726
2635820,91.0,1188.0,5306.0,22.389747455710516
2635850,92.0,579.0,2087.0,27.74317201724964
2635910,91.0,1380.0,7097.0,19.444835846132168
2635940,76.0,394.0,2969.0,13.270461434826542
2635970,46.0,842.0,1478.0,56.968876860622466
2636300,92.0,443.0,2185.0,20.274599542334094
2636420,95.0,159.0,1824.0,8.717105263157894
2636485,76.0,746.0,5297.0,14.083443458561453
2636540,78.0,1115.0,4776.0,23.345896147403685
2636570,76.0,634.0,4102.0,15.45587518283764
2636600,92.0,240.0,1915.0,12.532637075718014
2636630,60.0,1204.0,3611.0,33.342564386596514
2636660,92.0,621.0,6133.0,10.125550301646827
2700008,87.0,385.0,2061.0,18.680252304706453
2700017,93.0,371.0,3406.0,10.892542571931884
2700025,18.0,932.0,987.0,94.4275582573455
2700058,62.0,26.0,44.0,59.09090909090909
2700117,51.0,1391.0,2837.0,49.03066619668664
2700124,92.0,225.0,1797.0,12.520868113522535
2700128,92.0,196.0,1543.0,12.702527543745951
2700342,87.0,193.0,1800.0,10.72222222222222
2700351,92.0,113.0,501.0,22.55489021956088
2700379,92.0,213.0,2040.0,10.441176470588236
2702930,95.0,85.0,1754.0,4.846066134549601
2702970,78.0,926.0,3402.0,27.219282774838337
2703060,88.0,462.0,4207.0,10.98169717138103
2703150,92.0,180.0,1885.0,9.549071618037134
2703180,87.0,5234.0,37990.0,13.777309818373256
2703450,76.0,1080.0,5089.0,21.22224405580664
2703870,95.0,317.0,3192.0,9.931077694235588
2704050,87.0,108.0,1638.0,6.593406593406594
2704440,76.0,793.0,5016.0,15.809409888357257
2705460,93.0,195.0,3049.0,6.395539521154476
2705790,81.0,1469.0,10712.0,13.713592233009708
2706090,85.0,1267.0,6749.0,18.773151578011557
2706240,61.0,1077.0,2575.0,41.8252427184466
2707200,93.0,542.0,5821.0,9.311114928706408
2707290,78.0,2494.0,8973.0,27.794494594895795
2707350,95.0,113.0,2210.0,5.113122171945701
2707410,87.0,1070.0,4892.0,21.87244480784955
2708070,42.0,801.0,1141.0,70.20157756354075
2708100,90.0,834.0,6711.0,12.4273580688422
2708190,95.0,690.0,9702.0,7.111935683364255
2709420,82.0,531.0,2555.0,20.78277886497065
2709440,92.0,191.0,2228.0,8.572710951526032
2709510,87.0,835.0,3285.0,25.41856925418569
2709720,82.0,398.0,1307.0,30.45141545524101
2710060,87.0,379.0,2320.0,16.336206896551726
2710170,95.0,161.0,2501.0,6.437425029988004
2710230,87.0,506.0,3000.0,16.866666666666667
2710260,92.0,193.0,1616.0,11.943069306930692
2711040,78.0,2408.0,8508.0,28.30277385989657
2711130,92.0,220.0,1744.0,12.614678899082568
2711250,97.0,739.0,8643.0,8.550271896332292
2711370,91.0,1356.0,13145.0,10.315709395207303
2711670,97.0,1335.0,10696.0,12.481301421091995
2711760,68.0,835.0,3701.0,22.561469873007297
2711820,93.0,688.0,7278.0,9.453146468810113
2711880,69.0,554.0,2567.0,21.581612777561357
2712240,92.0,136.0,2085.0,6.522781774580336
2712270,85.0,891.0,6316.0,14.107029765674476
2712420,81.0,846.0,3079.0,27.476453393959076
2713170,91.0,568.0,3972.0,14.300100704934543
2713530,96.0,542.0,4304.0,12.59293680297398
2713920,95.0,350.0,2067.0,16.932752781809384
2713980,87.0,300.0,2495.0,12.024048096192384
2714190,92.0,64.0,1139.0,5.618964003511852
2714220,88.0,1059.0,8224.0,12.876945525291829
2714260,86.0,804.0,6642.0,12.104787714543813
2714280,59.0,789.0,2208.0,35.733695652173914
2714970,86.0,254.0,2911.0,8.72552387495706
2715000,92.0,110.0,1095.0,10.04566210045662
2715030,88.0,531.0,3655.0,14.528043775649795
2715750,92.0,182.0,1823.0,9.983543609434998
2716980,95.0,169.0,2206.0,7.660924750679963
2717780,93.0,1150.0,10928.0,10.523426061493412
2718240,88.0,443.0,2444.0,18.126022913256957
2718750,93.0,256.0,3250.0,7.876923076923077
2718780,88.0,1117.0,8504.0,13.13499529633114
2718940,77.0,280.0,2591.0,10.80663836356619
2720550,92.0,103.0,1320.0,7.803030303030304
2720670,92.0,361.0,1800.0,20.055555555555554
2721240,69.0,9007.0,35890.0,25.096127054889944
2721390,94.0,451.0,4277.0,10.544774374561609
2721420,76.0,1285.0,5292.0,24.281934996220713
2721480,87.0,370.0,1660.0,22.289156626506024
2722920,95.0,221.0,2359.0,9.36837643069097
2722950,90.0,1642.0,11397.0,14.407300166710538
2723430,93.0,418.0,4155.0,10.060168471720818
2723490,95.0,170.0,2307.0,7.368877329865627
2723820,85.0,485.0,2981.0,16.269708151626972
2723850,85.0,1582.0,10465.0,15.117056856187292
2723880,92.0,659.0,4248.0,15.513182674199625
2723910,95.0,105.0,1062.0,9.887005649717514
2725080,97.0,495.0,2830.0,17.491166077738516
2725200,85.0,4117.0,20802.0,19.79136621478704
2728050,83.0,349.0,4849.0,7.1973602804702
2728080,72.0,385.0,1639.0,23.48993288590604
2728200,95.0,190.0,1698.0,11.189634864546523
2728230,77.0,379.0,1640.0,23.109756097560975
2728380,92.0,517.0,1642.0,31.485992691839225
2730030,81.0,507.0,3441.0,14.734088927637314
2730060,92.0,1056.0,8852.0,11.92950745594216
2730090,92.0,290.0,1806.0,16.057585825027683
2730480,92.0,630.0,2626.0,23.99086062452399
2731750,79.0,587.0,4333.0,13.54719593814909
2731780,80.0,2197.0,11849.0,18.54164908431091
2731800,87.0,3151.0,17689.0,17.813330318276897
2732070,92.0,231.0,1825.0,12.657534246575342
2732390,91.0,3475.0,29011.0,11.978215159766984
2732430,88.0,1836.0,7849.0,23.391514842655113
2732820,98.0,293.0,3891.0,7.530197892572603
2732880,90.0,706.0,4605.0,15.33116178067318
2733000,83.0,1231.0,8413.0,14.632116961844762
2733270,81.0,908.0,3456.0,26.273148148148145
2733330,82.0,896.0,5754.0,15.571776155717762
2733420,95.0,155.0,1855.0,8.355795148247978
2733510,71.0,2747.0,9210.0,29.82627578718784
2733540,86.0,834.0,4572.0,18.241469816272964
2733780,92.0,653.0,4597.0,14.204916249728084
2733790,95.0,557.0,6612.0,8.424077434966728
2733810,92.0,2536.0,18402.0,13.781110748831647
2733840,75.0,7215.0,37679.0,19.14859736192574
2733870,92.0,124.0,2182.0,5.682859761686526
2738160,87.0,208.0,2082.0,9.99039385206532
2738190,92.0,1282.0,8427.0,15.213005814643408
2738850,92.0,478.0,2141.0,22.326015880429708
2740740,92.0,180.0,1385.0,12.996389891696747
2741460,96.0,340.0,4137.0,8.21851583272903
2741880,82.0,387.0,1989.0,19.457013574660635
2741910,95.0,113.0,1620.0,6.9753086419753085
2742160,97.0,803.0,11561.0,6.945765937202664
2742270,92.0,686.0,5038.0,13.616514489876936
2742360,88.0,1267.0,8518.0,14.874383658135711
2742720,72.0,912.0,4328.0,21.072088724584106
2744070,79.0,425.0,2935.0,14.480408858603068
2744160,75.0,405.0,3129.0,12.943432406519657
2800185,77.0,163.0,1296.0,12.577160493827162
2800187,74.0,774.0,3829.0,20.21415513188822
2800189,86.0,1025.0,5117.0,20.031268321282
2800191,85.0,653.0,3064.0,21.312010443864228
2800390,88.0,519.0,3245.0,15.993836671802775
2800450,87.0,282.0,1661.0,16.977724262492476
2800570,92.0,331.0,1834.0,18.047982551799347
2800600,87.0,258.0,1103.0,23.390752493200363
2800630,85.0,1102.0,6201.0,17.77132720528947
2800750,86.0,384.0,3407.0,11.270912826533609
2800820,92.0,205.0,1257.0,16.308671439936358
2800840,79.0,478.0,2814.0,16.986496090973702
2800870,87.0,328.0,2477.0,13.24182478805006
2800900,72.0,643.0,3342.0,19.23997606223818
2801020,87.0,114.0,1481.0,7.697501688048616
2801050,82.0,628.0,2629.0,23.88740966146824
2801090,88.0,766.0,5267.0,14.543383330168975
2801170,92.0,244.0,1654.0,14.752116082224909
2801200,80.0,833.0,3688.0,22.586767895878527
2801220,82.0,355.0,2729.0,13.008427995602784
2801260,95.0,469.0,2604.0,18.010752688172044
2801290,82.0,659.0,2876.0,22.91376912378303
2801320,88.0,6565.0,33979.0,19.320756938108833
2801510,87.0,159.0,588.0,27.040816326530617
2801530,87.0,199.0,1308.0,15.214067278287462
2801560,83.0,1035.0,4082.0,25.355218030377262
2801590,87.0,355.0,1888.0,18.802966101694913
2801620,71.0,994.0,4878.0,20.37720377203772
2801650,82.0,583.0,2783.0,20.948616600790515
2801680,82.0,642.0,4032.0,15.922619047619047
2801710,89.0,1366.0,6143.0,22.23669216994954
2801740,84.0,985.0,4352.0,22.63327205882353
2801770,87.0,2660.0,14787.0,17.988773923040508
2801800,72.0,1053.0,4117.0,25.576876366286132
2801830,77.0,322.0,1505.0,21.3953488372093
2801860,85.0,1111.0,5867.0,18.936424066814386
2801980,72.0,289.0,2762.0,10.463432295438087
2802010,87.0,255.0,1715.0,14.868804664723031
2802040,82.0,297.0,1617.0,18.367346938775512
2802100,84.0,742.0,3613.0,20.536949903127592
2802160,89.0,1583.0,9192.0,17.221496953872933
2802190,74.0,6360.0,25681.0,24.76539075581169
2802250,82.0,178.0,1395.0,12.759856630824371
2802280,88.0,1753.0,8683.0,20.1888748128527
2802340,82.0,387.0,2413.0,16.038126813095733
2802370,82.0,457.0,2886.0,15.835065835065834
2802400,93.0,1240.0,9854.0,12.583722346255326
2802430,84.0,1075.0,6178.0,17.400453221107153
2802460,77.0,791.0,3182.0,24.858579509742302
2802490,92.0,465.0,2175.0,21.379310344827587
2802520,82.0,533.0,2883.0,18.487686437738468
2802550,81.0,1450.0,6962.0,20.82734846308532
2802580,77.0,152.0,2178.0,6.978879706152434
2802640,88.0,715.0,3122.0,22.901985906470212
2802670,90.0,562.0,3230.0,17.39938080495356
2802700,83.0,496.0,2843.0,17.446359479423144
2802730,92.0,889.0,5409.0,16.435570345720095
2802790,91.0,1595.0,13275.0,12.015065913370998
2802820,92.0,416.0,2076.0,20.03853564547206
2802850,77.0,531.0,3070.0,17.29641693811075
2802880,67.0,737.0,2577.0,28.599146294140475
2802910,73.0,1113.0,5463.0,20.373421197144424
2802940,92.0,808.0,2247.0,35.959056519804186
2803000,77.0,470.0,1885.0,24.93368700265252
2803030,84.0,886.0,3203.0,27.661567280674365
2803060,84.0,763.0,3224.0,23.666253101736977
2803120,87.0,285.0,2160.0,13.194444444444445
2803150,92.0,395.0,1715.0,23.03206997084548
2803240,87.0,448.0,2486.0,18.020917135961383
2803270,87.0,173.0,1272.0,13.60062893081761
2803300,77.0,376.0,1573.0,23.903369357914812
2803360,87.0,936.0,5865.0,15.959079283887467
2803450,90.0,489.0,4307.0,11.353610401671697
2803480,87.0,1270.0,7037.0,18.047463407702143
2803510,82.0,215.0,2024.0,10.622529644268774
2803520,94.0,825.0,4228.0,19.512771996215704
2803530,88.0,494.0,4043.0,12.218649517684888
2803540,87.0,915.0,3204.0,28.55805243445693
2803630,77.0,775.0,3459.0,22.40531945649032
2803660,79.0,744.0,3573.0,20.822837951301427
2803690,87.0,393.0,2282.0,17.22173531989483
2803720,95.0,318.0,1884.0,16.878980891719745
2803750,87.0,401.0,2416.0,16.5976821192053
2803780,77.0,397.0,1866.0,21.27545551982851
2803830,90.0,3148.0,19282.0,16.32610725028524
2803900,82.0,875.0,3927.0,22.281639928698752
2803930,87.0,416.0,1772.0,23.47629796839729
2803990,86.0,747.0,3700.0,20.18918918918919
2804020,82.0,360.0,2696.0,13.353115727002969
2804050,86.0,746.0,4268.0,17.478912839737582
2804080,82.0,281.0,1713.0,16.40396964389959
2804110,85.0,439.0,2811.0,15.617218071860547
2804170,86.0,600.0,2488.0,24.115755627009648
2804230,82.0,516.0,2410.0,21.410788381742737
2804260,87.0,529.0,3009.0,17.58059155865736
2804290,92.0,422.0,1954.0,21.596724667349022
2804320,88.0,1334.0,6934.0,19.238534756273435
2804350,88.0,431.0,2918.0,14.77039067854695
2804440,67.0,289.0,1823.0,15.852989577619308
2804470,72.0,2092.0,8080.0,25.89108910891089
2804530,77.0,541.0,3268.0,16.554467564259486
2804560,92.0,402.0,1851.0,21.71799027552674
2804680,82.0,339.0,1928.0,17.58298755186722
2804770,72.0,588.0,2483.0,23.681031010873944
2804800,77.0,454.0,1512.0,30.02645502645503
2900579,87.0,409.0,2414.0,16.942833471416733
2900595,95.0,60.0,712.0,8.426966292134832
2901000,88.0,2425.0,17940.0,13.517279821627648
2902910,92.0,270.0,2560.0,10.546875
2904020,95.0,151.0,1965.0,7.684478371501273
2904050,95.0,142.0,1364.0,10.410557184750733
2904500,92.0,131.0,1674.0,7.825567502986858
2904620,89.0,434.0,4434.0,9.788001804239965
2905310,95.0,1177.0,12828.0,9.17524165887122
2905370,92.0,311.0,2652.0,11.726998491704371
2905430,93.0,291.0,3008.0,9.674202127659576
2905580,95.0,191.0,1557.0,12.26718047527296
2905760,94.0,610.0,4741.0,12.866483864163678
2906120,95.0,176.0,1637.0,10.751374465485643
2906510,87.0,123.0,1330.0,9.24812030075188
2906990,90.0,516.0,4261.0,12.109833372447785
2907020,92.0,139.0,1716.0,8.100233100233101
2907120,89.0,332.0,4199.0,7.906644439152179
2907350,93.0,304.0,3384.0,8.983451536643026
2907460,91.0,396.0,4791.0,8.265497808390734
2908170,95.0,217.0,1729.0,12.550607287449392
2908250,87.0,392.0,2395.0,16.367432150313153
2908370,90.0,1519.0,17746.0,8.559675419812915
2908760,95.0,113.0,1846.0,6.121343445287107
2909720,99.0,213.0,2682.0,7.941834451901567
2909860,87.0,173.0,1578.0,10.963244613434728
2910500,91.0,372.0,2735.0,13.60146252285192
2910770,95.0,69.0,2043.0,3.3773861967694567
2911340,92.0,224.0,1916.0,11.691022964509392
2911650,95.0,459.0,3148.0,14.580686149936469
2911910,92.0,360.0,3870.0,9.30232558139535
2912010,87.0,1545.0,10303.0,14.99563234009512
2912030,92.0,235.0,2981.0,7.883260650788326
2912300,93.0,1145.0,11360.0,10.079225352112676
2912540,92.0,204.0,2065.0,9.878934624697337
2912550,92.0,302.0,2343.0,12.889457959880495
2913080,98.0,378.0,4357.0,8.675694285058526
2913140,87.0,643.0,4062.0,15.82964057114722
2913650,90.0,356.0,3390.0,10.501474926253689
2913760,92.0,367.0,2539.0,14.454509649468294
2913830,86.0,3151.0,17822.0,17.680395017394233
2914340,86.0,1095.0,5755.0,19.02693310165074
2914430,92.0,391.0,3544.0,11.03273137697517
2914550,95.0,236.0,1365.0,17.28937728937729
2915480,94.0,2101.0,13932.0,15.080390467987367
2915600,94.0,370.0,4980.0,7.429718875502007
2916190,84.0,1125.0,8773.0,12.823435540864017
2916290,87.0,358.0,2507.0,14.28001595532509
2916400,71.0,3414.0,15671.0,21.7854635951758
2916450,95.0,340.0,3505.0,9.700427960057064
2916500,95.0,118.0,1944.0,6.0699588477366255
2916740,92.0,267.0,2420.0,11.033057851239668
2916770,97.0,324.0,5778.0,5.607476635514018
2917820,96.0,308.0,4231.0,7.279602930749232
2917850,87.0,134.0,1188.0,11.27946127946128
2918270,92.0,383.0,4410.0,8.684807256235828
2918300,95.0,1306.0,17848.0,7.317346481398476
2918540,95.0,1177.0,12253.0,9.60581082183955
2918690,96.0,356.0,6887.0,5.169159285610571
2919170,92.0,193.0,2208.0,8.740942028985508
2920410,87.0,199.0,2396.0,8.30550918196995
2920430,93.0,252.0,3054.0,8.25147347740668
2920490,92.0,102.0,1401.0,7.28051391862955
2920610,92.0,336.0,3721.0,9.02983069067455
2920670,93.0,789.0,10015.0,7.878182725911133
2920810,82.0,253.0,2286.0,11.067366579177602
2921100,87.0,275.0,2326.0,11.82287188306105
2921120,92.0,304.0,1973.0,15.408008109477953
2921600,87.0,124.0,1481.0,8.37272113436867
2921810,82.0,418.0,4572.0,9.142607174103237
2921840,92.0,146.0,2373.0,6.152549515381374
2922530,91.0,460.0,5938.0,7.746716066015494
2922650,72.0,865.0,3034.0,28.51021753460778
2922740,92.0,110.0,1164.0,9.450171821305842
2922800,96.0,1518.0,11124.0,13.646170442286948
2922890,92.0,663.0,6087.0,10.892065056678168
2923010,95.0,205.0,1953.0,10.496671786994368
2923100,95.0,236.0,2029.0,11.631345490389354
2923160,87.0,129.0,1893.0,6.814580031695722
2923340,87.0,152.0,1915.0,7.93733681462141
2923430,96.0,485.0,5730.0,8.464223385689355
2923460,91.0,284.0,3083.0,9.21180668180344
2923550,92.0,1303.0,11237.0,11.595621607190532
2923700,91.0,500.0,5931.0,8.430281571404485
2923730,92.0,569.0,6034.0,9.42989724892277
2924530,87.0,179.0,2223.0,8.052181736392262
2925230,95.0,421.0,4154.0,10.13480982185845
2925330,95.0,166.0,2222.0,7.470747074707471
2925450,92.0,824.0,4877.0,16.895632561000614
2925500,95.0,227.0,2120.0,10.70754716981132
2926070,85.0,1329.0,8509.0,15.61875661064755
2926160,95.0,295.0,1792.0,16.462053571428573
2926220,93.0,417.0,4789.0,8.707454583420338
2926480,95.0,122.0,1588.0,7.682619647355164
2926640,79.0,907.0,6331.0,14.326330753435476
2926670,79.0,1238.0,5035.0,24.58788480635551
2926760,58.0,410.0,2918.0,14.050719671007538
2926850,97.0,1634.0,20934.0,7.805483901786567
2927060,81.0,1204.0,11646.0,10.3383135840632
2927090,95.0,90.0,1448.0,6.2154696132596685
2927570,95.0,209.0,2302.0,9.079061685490878
2927630,95.0,223.0,2036.0,10.952848722986246
2927830,95.0,427.0,4985.0,8.565697091273822
2927900,92.0,108.0,1385.0,7.79783393501805
2928260,90.0,310.0,3361.0,9.223445403153825
2928560,92.0,103.0,1747.0,5.89582140812822
2928860,86.0,4093.0,25178.0,16.256255461116847
2928920,85.0,467.0,5011.0,9.319497106365995
2928950,96.0,1093.0,16743.0,6.528101296064026
2929100,87.0,232.0,2105.0,11.021377672209026
2929170,95.0,195.0,2144.0,9.095149253731345
2929250,92.0,156.0,1835.0,8.501362397820165
2929280,78.0,3171.0,22372.0,14.173967459324157
2929370,87.0,119.0,1835.0,6.485013623978202
2929760,87.0,243.0,2141.0,11.349836524988325
2930450,96.0,610.0,6218.0,9.810228369250565
2930570,84.0,263.0,3094.0,8.50032320620556
2930660,87.0,436.0,2601.0,16.762783544790466
2931020,91.0,363.0,3294.0,11.020036429872496
2931050,94.0,401.0,3195.0,12.550860719874803
2931110,91.0,317.0,3971.0,7.982875849911861
2931500,91.0,220.0,4292.0,5.125815470643056
2931530,97.0,328.0,4505.0,7.280799112097669
2931650,95.0,1458.0,16332.0,8.927259368111683
2931680,94.0,322.0,2439.0,13.202132021320212
2932010,97.0,358.0,4596.0,7.789382071366406
2932100,95.0,261.0,2992.0,8.723262032085561
2932190,92.0,169.0,1534.0,11.016949152542372
2932310,82.0,256.0,1636.0,15.647921760391196
3003330,89.0,312.0,900.0,34.66666666666667
3003900,85.0,1354.0,5363.0,25.247063210889426
3004590,88.0,384.0,2140.0,17.94392523364486
3005190,57.0,510.0,576.0,88.54166666666666
3005310,86.0,583.0,1209.0,48.22167080231596
3007140,87.0,182.0,622.0,29.260450160771708
3007410,95.0,270.0,931.0,29.001074113856067
3007930,92.0,148.0,529.0,27.977315689981097
3011520,95.0,261.0,1329.0,19.63882618510158
3013050,80.0,1111.0,2894.0,38.38977194194886
3013260,95.0,418.0,1472.0,28.396739130434785
3013340,82.0,197.0,508.0,38.77952755905512
3013590,82.0,117.0,541.0,21.626617375231053
3013830,84.0,753.0,2980.0,25.268456375838927
3015420,88.0,801.0,2734.0,29.297732260424286
3016230,92.0,131.0,641.0,20.436817472698905
3018540,88.0,1207.0,3695.0,32.66576454668471
3020100,92.0,23.0,449.0,5.122494432071269
3021090,92.0,179.0,471.0,38.004246284501065
3024230,82.0,81.0,389.0,20.822622107969153
3027790,87.0,3.0,506.0,0.592885375494071
3100016,84.0,1714.0,10070.0,17.02085402184707
3100021,95.0,102.0,2043.0,4.992657856093979
3100022,90.0,724.0,4185.0,17.299880525686977
3100088,95.0,157.0,2364.0,6.641285956006768
3100095,82.0,253.0,2084.0,12.140115163147792
3100098,92.0,194.0,1849.0,10.49215792320173
3102910,82.0,345.0,1355.0,25.461254612546124
3103600,87.0,356.0,1905.0,18.68766404199475
3103810,94.0,1294.0,9694.0,13.348462966783575
3103990,95.0,106.0,2598.0,4.080061585835258
3104100,95.0,131.0,2322.0,5.641688199827734
3105340,90.0,361.0,4053.0,8.906982482112017
3170110,98.0,424.0,9001.0,4.710587712476391
3170710,84.0,791.0,4654.0,16.99613235926085
3171220,97.0,262.0,4872.0,5.377668308702791
3171580,83.0,527.0,3675.0,14.340136054421768
3172390,88.0,733.0,5592.0,13.108011444921315
3172810,92.0,238.0,2791.0,8.52740953063418
3172840,82.0,6037.0,40386.0,14.948249393354132
3173470,95.0,191.0,1447.0,13.199723565998616
3173740,93.0,2357.0,23746.0,9.92588225385328
3174160,82.0,237.0,1439.0,16.46977067407922
3174430,92.0,423.0,4348.0,9.728610855565778
3174580,95.0,81.0,1118.0,7.2450805008944545
3174820,78.0,15075.0,50537.0,29.829629776203575
3175270,95.0,1217.0,11809.0,10.305699043102718
3175630,95.0,73.0,1130.0,6.460176991150443
3175660,95.0,320.0,1530.0,20.91503267973856
3175900,90.0,553.0,3378.0,16.37063351095323
3176450,87.0,316.0,1850.0,17.08108108108108
3176470,91.0,803.0,3405.0,23.582966226138034
3176560,95.0,108.0,1377.0,7.84313725490196
3176710,87.0,185.0,1298.0,14.252696456086284
3176860,86.0,460.0,3850.0,11.948051948051948
3178660,90.0,640.0,6024.0,10.624169986719789
3179050,95.0,93.0,1246.0,7.463884430176565
3200001,70.0,5121.0,36436.0,14.054780985838184
3200030,76.0,841.0,3076.0,27.3407022106632
3200060,84.0,70153.0,328205.0,21.374750537011927
3200090,89.0,897.0,5836.0,15.370116518163126
3200120,92.0,1454.0,9793.0,14.84733993668947
3200210,91.0,957.0,3565.0,26.84431977559607
3200300,85.0,1849.0,8748.0,21.13625971650663
3200360,80.0,1387.0,5309.0,26.125447353550573
3200390,86.0,1253.0,7864.0,15.933367243133263
3200480,84.0,12808.0,66773.0,19.181405657975528
3200510,67.0,499.0,1894.0,26.346356916578667
3300003,92.0,95.0,668.0,14.221556886227546
3300017,93.0,340.0,2965.0,11.467116357504215
3300049,95.0,166.0,513.0,32.35867446393762
3301740,97.0,215.0,4458.0,4.822790489008524
3301860,82.0,244.0,1144.0,21.328671328671327
3301950,95.0,136.0,1691.0,8.042578356002366
3302340,77.0,512.0,1794.0,28.53957636566332
3302460,84.0,640.0,4543.0,14.08760730794629
3302480,93.0,353.0,2195.0,16.082004555808656
3302490,95.0,332.0,1782.0,18.6307519640853
3302640,89.0,482.0,4046.0,11.913000494315371
3302670,95.0,33.0,1096.0,3.010948905109489
3302990,87.0,255.0,1526.0,16.710353866317167
3303180,92.0,133.0,1157.0,11.495246326707
3303240,90.0,458.0,2814.0,16.27576403695807
3303330,92.0,502.0,2328.0,21.563573883161514
3303850,92.0,206.0,1210.0,17.024793388429753
3303930,89.0,426.0,3409.0,12.496333235552948
3304040,95.0,66.0,1691.0,3.903015966883501
3304050,88.0,570.0,3335.0,17.09145427286357
3304140,82.0,368.0,1960.0,18.77551020408163
3304230,92.0,210.0,1673.0,12.552301255230123
3304350,95.0,132.0,1297.0,10.17733230531997
3304410,95.0,371.0,4332.0,8.564173591874424
3304590,78.0,3856.0,13485.0,28.594734890619204
3304740,86.0,445.0,3774.0,11.791202967673556
3304760,92.0,331.0,2442.0,13.554463554463556
3304830,96.0,312.0,2344.0,13.31058020477816
3304890,82.0,312.0,1642.0,19.00121802679659
3304980,87.0,2221.0,11217.0,19.80030311134885
3305520,95.0,141.0,2148.0,6.564245810055866
3305550,92.0,366.0,1918.0,19.08237747653806
3305580,87.0,202.0,1499.0,13.475650433622416
3305820,95.0,283.0,2623.0,10.789172703011818
3305880,82.0,218.0,1312.0,16.615853658536587
3305940,82.0,580.0,4125.0,14.06060606060606
3306060,95.0,365.0,3540.0,10.310734463276836
3306080,92.0,141.0,1228.0,11.482084690553746
3306240,82.0,317.0,1550.0,20.451612903225808
3306260,97.0,70.0,807.0,8.674101610904584
3306720,94.0,396.0,3573.0,11.083123425692696
3307170,95.0,215.0,2965.0,7.251264755480608
3307230,93.0,268.0,1082.0,24.76894639556377
3307300,87.0,223.0,1447.0,15.411195577055976
3307330,95.0,47.0,713.0,6.5918653576437585
3307360,88.0,559.0,3287.0,17.006388804380894
3399965,95.0,62.0,647.0,9.582689335394129
3400004,99.0,162.0,4248.0,3.8135593220338984
3400009,93.0,125.0,1952.0,6.403688524590163
3400022,87.0,435.0,1384.0,31.430635838150287
3400024,95.0,805.0,5462.0,14.738191138777005
3400070,92.0,848.0,4037.0,21.00569729997523
3400073,95.0,7.0,438.0,1.5981735159817352
3400078,95.0,151.0,1540.0,9.805194805194803
3400785,95.0,183.0,2089.0,8.760172331258975
3400960,81.0,1403.0,6913.0,20.295096195573556
3400990,99.0,186.0,1555.0,11.961414790996784
3401050,92.0,162.0,1540.0,10.51948051948052
3401260,87.0,1427.0,9757.0,14.625397150763556
3401350,85.0,793.0,4495.0,17.641824249165737
3401440,92.0,59.0,727.0,8.11554332874828
3401470,99.0,45.0,1840.0,2.4456521739130435
3401500,97.0,89.0,3540.0,2.514124293785311
3401530,98.0,160.0,2604.0,6.1443932411674345
3401650,97.0,435.0,5414.0,8.034724787587736
3401770,89.0,470.0,3502.0,13.420902341519133
3401830,90.0,679.0,6269.0,10.831073536449194
3401950,92.0,119.0,1395.0,8.530465949820789
3402030,95.0,19.0,2608.0,0.7285276073619631
3402100,77.0,156.0,1883.0,8.284652150823154
3402220,91.0,932.0,8687.0,10.7286750316565
3402250,71.0,626.0,5437.0,11.513702409416958
3402280,95.0,459.0,8524.0,5.384795870483341
3402400,82.0,323.0,1692.0,19.08983451536643
3402430,92.0,184.0,1667.0,11.037792441511698
3402460,94.0,343.0,3871.0,8.860759493670885
3402490,97.0,217.0,2012.0,10.785288270377734
3402520,92.0,83.0,1187.0,6.992417860151642
3402580,99.0,174.0,2624.0,6.63109756097561
3402640,68.0,2176.0,7656.0,28.422152560083596
3402670,98.0,299.0,2096.0,14.265267175572518
3402730,95.0,74.0,573.0,12.914485165794066
3402800,92.0,50.0,481.0,10.395010395010395
3402820,83.0,346.0,3858.0,8.968377397615344
3402850,95.0,61.0,1575.0,3.8730158730158735
3402880,94.0,100.0,958.0,10.438413361169102
3402910,89.0,380.0,2136.0,17.790262172284642
3403000,96.0,894.0,10693.0,8.36060974469279
3403120,97.0,193.0,2477.0,7.791683488090433
3403150,95.0,87.0,2273.0,3.827540695116586
3403180,87.0,59.0,1423.0,4.146170063246662
3403210,95.0,232.0,2332.0,9.948542024013722
3403270,88.0,269.0,3072.0,8.756510416666668
3403300,86.0,1645.0,10616.0,15.495478522984174
3403420,83.0,184.0,2001.0,9.195402298850574
3403570,99.0,94.0,3820.0,2.4607329842931938
3403600,95.0,55.0,1847.0,2.977801840822956
3403620,93.0,221.0,1122.0,19.696969696969695
3403750,95.0,42.0,797.0,5.269761606022585
3403780,95.0,221.0,2952.0,7.486449864498645
3403900,86.0,392.0,4134.0,9.482341557813257
3403930,86.0,158.0,3262.0,4.843654199877376
3403990,95.0,171.0,2491.0,6.864712966680048
3404110,99.0,778.0,8065.0,9.646621202727838
3404230,79.0,1529.0,8852.0,17.272932670582918
3404320,95.0,261.0,5145.0,5.072886297376093
3404380,94.0,240.0,1959.0,12.251148545176113
3404500,95.0,971.0,15798.0,6.146347638941639
3404560,96.0,783.0,7376.0,10.615509761388289
3404590,82.0,3157.0,26223.0,12.039049689204134
3404660,90.0,349.0,2601.0,13.417916186082277
3404740,86.0,369.0,3006.0,12.275449101796406
3404800,95.0,64.0,2279.0,2.808249232119351
3404920,90.0,260.0,3571.0,7.280873704844581
3404980,98.0,292.0,4939.0,5.9121279611257345
3405310,96.0,267.0,3916.0,6.8181818181818175
3405490,88.0,615.0,7071.0,8.697496817988968
3405610,96.0,1785.0,10874.0,16.415302556556924
3405760,90.0,488.0,4390.0,11.116173120728927
3405820,92.0,239.0,911.0,26.23490669593853
3405880,87.0,226.0,2023.0,11.171527434503211
3405940,95.0,55.0,1899.0,2.896261190100053
3405970,98.0,108.0,2558.0,4.222048475371384
3406000,92.0,262.0,2146.0,12.208760484622552
3406040,95.0,60.0,1389.0,4.319654427645788
3406060,92.0,605.0,3125.0,19.36
3406270,90.0,646.0,5681.0,11.37123745819398
3406300,92.0,188.0,1928.0,9.75103734439834
3406330,92.0,60.0,1422.0,4.219409282700422
3406360,95.0,204.0,2056.0,9.922178988326849
3406390,95.0,120.0,2722.0,4.4085231447465105
3406540,91.0,1634.0,11278.0,14.488384465330734
3406570,94.0,509.0,3487.0,14.59707484944078
3406660,98.0,121.0,1505.0,8.039867109634551
3406870,95.0,75.0,2141.0,3.503035964502569
3406930,95.0,78.0,1801.0,4.330927262631872
3406990,87.0,160.0,2513.0,6.366892160764028
3407140,94.0,107.0,918.0,11.655773420479305
3407170,92.0,172.0,1718.0,10.011641443538998
3407230,95.0,313.0,7338.0,4.265467429817389
3407290,87.0,396.0,3087.0,12.82798833819242
3407350,92.0,158.0,1874.0,8.431163287086447
3407410,97.0,247.0,2992.0,8.255347593582888
3407440,95.0,150.0,1533.0,9.784735812133071
3407530,98.0,389.0,3535.0,11.004243281471004
3407570,98.0,229.0,2394.0,9.565580618212197
3407590,94.0,128.0,2968.0,4.31266846361186
3407680,78.0,1058.0,6571.0,16.101050068482728
3407740,94.0,1147.0,8200.0,13.98780487804878
3407800,95.0,201.0,3023.0,6.649024148197155
3407830,79.0,3681.0,26447.0,13.918402843422694
3407890,91.0,559.0,5554.0,10.064818149081743
3407920,87.0,127.0,1459.0,8.70459218642906
3407980,98.0,277.0,2708.0,10.228951255539142
3408040,95.0,107.0,1873.0,5.712760277629472
3408060,95.0,99.0,985.0,10.050761421319796
3408100,91.0,644.0,4027.0,15.99205363794388
3408190,94.0,121.0,949.0,12.750263435194942
3408220,82.0,785.0,5472.0,14.345760233918128
3408400,96.0,288.0,3844.0,7.492195629552549
3408490,96.0,600.0,6743.0,8.898116565327006
3408500,92.0,51.0,691.0,7.380607814761215
3408520,95.0,147.0,1879.0,7.823310271420969
3408610,90.0,751.0,6070.0,12.372322899505766
3408640,77.0,341.0,2611.0,13.060130218307162
3408820,97.0,126.0,6060.0,2.0792079207920793
3408850,90.0,348.0,3083.0,11.287706779111256
3408940,91.0,693.0,5708.0,12.140854940434478
3409090,86.0,115.0,1401.0,8.20842255531763
3409120,92.0,160.0,1758.0,9.101251422070536
3409210,94.0,342.0,2522.0,13.560666137985724
3409240,97.0,193.0,2628.0,7.343987823439877
3409270,95.0,960.0,8650.0,11.098265895953755
3409330,96.0,221.0,2865.0,7.713787085514834
3409360,95.0,121.0,1265.0,9.565217391304348
3409420,89.0,135.0,1524.0,8.858267716535433
3409450,96.0,309.0,2931.0,10.542476970317296
3409550,92.0,210.0,803.0,26.1519302615193
3409660,87.0,271.0,2162.0,12.534690101757633
3409750,94.0,347.0,3657.0,9.488651900464864
3409990,95.0,73.0,2255.0,3.237250554323725
3410020,82.0,339.0,2366.0,14.327979712595097
3410050,95.0,180.0,2064.0,8.720930232558139
3410080,96.0,120.0,1963.0,6.113092205807438
3410110,96.0,442.0,9559.0,4.623914635422115
3410200,99.0,319.0,4842.0,6.588186699710863
3410320,85.0,936.0,5125.0,18.26341463414634
3410440,94.0,199.0,972.0,20.473251028806587
3410470,92.0,545.0,5873.0,9.279754810148136
3410500,96.0,323.0,7070.0,4.5685997171145685
3410560,94.0,659.0,6670.0,9.880059970014992
3410590,98.0,220.0,4717.0,4.663981344074624
3410650,96.0,108.0,3614.0,2.9883785279468733
3410710,98.0,210.0,3931.0,5.34215212414144
3410720,99.0,19.0,968.0,1.962809917355372
3410740,95.0,185.0,2966.0,6.237356709372892
3410810,84.0,591.0,4997.0,11.827096257754652
3410980,96.0,303.0,4602.0,6.584093872229466
3411010,95.0,76.0,1567.0,4.850031908104659
3411160,81.0,856.0,3787.0,22.603644045418537
3411220,73.0,1077.0,8972.0,12.004012483281318
3411280,95.0,63.0,2008.0,3.137450199203187
3411310,95.0,84.0,2373.0,3.5398230088495577
3411340,76.0,11107.0,35808.0,31.018208221626452
3411400,93.0,188.0,1533.0,12.263535551206784
3411430,92.0,124.0,1756.0,7.061503416856492
3411460,83.0,556.0,7605.0,7.310979618671927
3411490,90.0,607.0,5972.0,10.164099129269928
3411610,97.0,294.0,2790.0,10.53763440860215
3411640,86.0,247.0,3258.0,7.58133824432167
3411700,96.0,230.0,2103.0,10.936757013789824
3411730,99.0,109.0,1397.0,7.802433786685755
3411760,98.0,96.0,2239.0,4.287628405538187
3411880,94.0,440.0,4061.0,10.834769761142576
3411970,96.0,221.0,2114.0,10.454115421002838
3411980,95.0,27.0,589.0,4.584040747028863
3412060,95.0,229.0,3631.0,6.306802533737263
3412260,96.0,95.0,1617.0,5.875077303648732
3412270,89.0,345.0,4909.0,7.027907924220819
3412360,87.0,199.0,1691.0,11.768184506209344
3412420,98.0,178.0,3695.0,4.817320703653586
3412480,95.0,355.0,7022.0,5.055539732270009
3412510,98.0,92.0,2020.0,4.554455445544554
3412540,79.0,2069.0,13629.0,15.180864333406706
3412570,90.0,164.0,1352.0,12.1301775147929
3412600,79.0,127.0,885.0,14.350282485875706
3412630,98.0,0.0,3447.0,0.0
3412690,85.0,6222.0,24332.0,25.571264178859117
3412720,77.0,249.0,1043.0,23.87344199424736
3412810,95.0,651.0,4275.0,15.228070175438596
3412840,77.0,358.0,2072.0,17.277992277992276
3412870,81.0,661.0,4577.0,14.441774087830456
3412900,95.0,103.0,2132.0,4.831144465290807
3412930,80.0,1139.0,9466.0,12.032537502641032
3412960,91.0,469.0,3848.0,12.188149688149688
3412990,92.0,168.0,1856.0,9.051724137931034
3413000,92.0,338.0,1578.0,21.419518377693283
3413050,92.0,469.0,7253.0,6.466289811112643
3413080,95.0,107.0,1386.0,7.72005772005772
3413110,92.0,93.0,1748.0,5.320366132723112
3413140,76.0,1197.0,7860.0,15.229007633587784
3413200,87.0,573.0,3279.0,17.47483989021043
3413230,92.0,112.0,1372.0,8.16326530612245
3413290,95.0,212.0,2753.0,7.700690156193243
3413320,92.0,94.0,820.0,11.463414634146345
3413350,95.0,49.0,1657.0,2.957151478575739
3413410,96.0,438.0,3947.0,11.097035723334178
3413530,87.0,662.0,3799.0,17.42563832587523
3413560,97.0,131.0,2291.0,5.718027062418158
3413590,98.0,130.0,2760.0,4.710144927536232
3413620,92.0,254.0,2111.0,12.03221222169588
3413650,97.0,453.0,4777.0,9.482939083106553
3413680,97.0,238.0,2843.0,8.371438621174814
3413750,94.0,98.0,1265.0,7.747035573122529
3413770,82.0,98.0,1665.0,5.885885885885886
3413800,94.0,199.0,2309.0,8.618449545257688
3413830,97.0,231.0,5617.0,4.112515577710521
3414010,87.0,165.0,1384.0,11.921965317919076
3414280,88.0,368.0,2801.0,13.138164941092468
3414310,95.0,128.0,2053.0,6.234778373112518
3414340,93.0,200.0,3596.0,5.561735261401557
3414400,98.0,63.0,981.0,6.422018348623854
3414460,92.0,121.0,2586.0,4.679040989945863
3414490,95.0,151.0,1670.0,9.04191616766467
3414580,95.0,69.0,815.0,8.466257668711656
3414640,92.0,626.0,6210.0,10.080515297906604
3414670,96.0,340.0,5494.0,6.188569348380051
3414850,95.0,136.0,2160.0,6.296296296296296
3414940,95.0,67.0,651.0,10.291858678955451
3415090,95.0,229.0,2362.0,9.695173581710414
3415210,96.0,511.0,8729.0,5.854049719326383
3415330,94.0,573.0,6918.0,8.282740676496097
3415360,93.0,229.0,3353.0,6.829704742022069
3415390,87.0,269.0,2244.0,11.98752228163993
3415450,93.0,210.0,1600.0,13.125
3415480,93.0,425.0,2887.0,14.721163837894007
3415510,98.0,802.0,3186.0,25.17263025737602
3415540,92.0,170.0,1668.0,10.191846522781775
3415630,92.0,157.0,2253.0,6.968486462494451
3415900,98.0,304.0,4005.0,7.590511860174781
3415930,95.0,118.0,795.0,14.842767295597485
3416080,93.0,79.0,3570.0,2.212885154061625
3416110,98.0,131.0,3677.0,3.562686973075877
3416230,92.0,1800.0,15563.0,11.565893465270191
3416290,68.0,3048.0,11819.0,25.788983839580336
3416380,85.0,1869.0,12290.0,15.207485760781122
3416470,88.0,442.0,3148.0,14.040660736975855
3416500,93.0,688.0,7187.0,9.572839849728677
3416560,98.0,174.0,2277.0,7.64163372859025
3416710,94.0,280.0,2517.0,11.124354390147
3416740,95.0,129.0,2215.0,5.823927765237021
3416800,83.0,1968.0,9404.0,20.927264993619737
3416860,95.0,97.0,1578.0,6.14702154626109
3416870,92.0,8.0,623.0,1.2841091492776886
3416890,98.0,324.0,3402.0,9.523809523809524
3416970,94.0,189.0,1806.0,10.465116279069768
3417070,96.0,395.0,7254.0,5.445271574303832
3417100,98.0,117.0,3153.0,3.7107516650808754
3417220,97.0,161.0,2031.0,7.92712949286066
3417280,95.0,702.0,7994.0,8.781586189642232
3417430,95.0,263.0,2906.0,9.050240880935997
3417460,97.0,103.0,1668.0,6.175059952038369
3417500,97.0,73.0,1632.0,4.473039215686274
3417520,94.0,237.0,3326.0,7.125676488274204
3417550,99.0,148.0,2496.0,5.929487179487179
3417580,80.0,704.0,7392.0,9.523809523809524
3417610,91.0,553.0,6537.0,8.459538014379685
3417700,98.0,504.0,9704.0,5.193734542456719
3417760,98.0,217.0,6318.0,3.4346312124089904
3417820,98.0,181.0,2744.0,6.596209912536444
3417920,95.0,70.0,463.0,15.118790496760258
3418000,89.0,643.0,3443.0,18.675573627650305
3418040,99.0,54.0,1568.0,3.4438775510204076
3418060,80.0,290.0,4720.0,6.1440677966101696
3418120,93.0,1614.0,13641.0,11.831977127776556
3418150,82.0,196.0,1547.0,12.669683257918551
3418300,92.0,78.0,1253.0,6.225059856344773
3418330,92.0,138.0,1486.0,9.286675639300135
3500010,85.0,3698.0,17066.0,21.668815188093284
3500030,80.0,561.0,5973.0,9.392265193370166
3500060,70.0,5627.0,83214.0,6.762083303290312
3500110,22.0,265.0,354.0,74.85875706214689
3500120,76.0,1153.0,3861.0,29.862729862729864
3500150,77.0,719.0,3109.0,23.12640720488903
3500160,41.0,761.0,1711.0,44.476914085330215
3500180,71.0,757.0,3915.0,19.33588761174968
3500210,63.0,901.0,2936.0,30.68801089918256
3500240,75.0,643.0,3005.0,21.397670549084857
3500300,69.0,765.0,7005.0,10.920770877944326
3500390,64.0,1336.0,5882.0,22.713362801768103
3500570,83.0,2128.0,8022.0,26.527050610820247
3500690,71.0,1723.0,4314.0,39.9397311080204
3500900,71.0,387.0,3609.0,10.723192019950124
3500990,75.0,2004.0,11317.0,17.707873111248563
3501080,82.0,2320.0,13123.0,17.678884401432597
3501110,73.0,4091.0,11488.0,35.611072423398326
3501170,62.0,975.0,3559.0,27.39533576847429
3501260,89.0,2103.0,10009.0,21.011090018982912
3501500,86.0,2709.0,24602.0,11.011299894317537
3501560,72.0,294.0,1497.0,19.639278557114228
3501650,89.0,669.0,3691.0,18.12516933080466
3501680,74.0,1450.0,8580.0,16.8997668997669
3501740,83.0,575.0,3656.0,15.727571115973744
3501890,74.0,669.0,2397.0,27.909887359198997
3502070,82.0,515.0,1968.0,26.168699186991866
3502100,65.0,353.0,2768.0,12.752890173410403
3502250,68.0,1814.0,9967.0,18.200060198655564
3502310,82.0,604.0,2026.0,29.81243830207305
3502370,73.0,3509.0,11833.0,29.654356460745372
3502430,79.0,580.0,2573.0,22.541780023319085
3502460,72.0,272.0,1702.0,15.98119858989424
3502520,72.0,584.0,2684.0,21.758569299552907
3600004,88.0,458.0,3046.0,15.036112934996718
3600005,92.0,345.0,1815.0,19.00826446280992
3600008,85.0,1225.0,4312.0,28.40909090909091
3600009,87.0,167.0,1501.0,11.12591605596269
3600010,82.0,261.0,1800.0,14.499999999999998
3600011,92.0,202.0,1446.0,13.96957123098202
3600013,77.0,416.0,2000.0,20.8
3600014,82.0,299.0,1568.0,19.068877551020407
3600016,84.0,252.0,2873.0,8.771319178558997
3600018,77.0,118.0,797.0,14.80552070263488
3600021,92.0,105.0,1167.0,8.997429305912597
3600025,95.0,309.0,2180.0,14.174311926605505
3600053,18.0,374.0,480.0,77.91666666666667
3600115,83.0,404.0,928.0,43.53448275862069
3600125,96.0,305.0,3358.0,9.08278737343657
3601022,87.0,181.0,438.0,41.32420091324201
3601061,22.0,154.0,268.0,57.46268656716418
3601072,95.0,135.0,544.0,24.816176470588236
3601087,82.0,544.0,2284.0,23.81786339754816
3601088,92.0,83.0,409.0,20.293398533007338
3601103,82.0,102.0,330.0,30.909090909090907
3602340,92.0,280.0,2077.0,13.480982185844969
3602430,82.0,169.0,1363.0,12.3991195891416
3602460,64.0,2438.0,9119.0,26.73538765215484
3602520,87.0,309.0,1812.0,17.052980132450333
3602550,92.0,220.0,1621.0,13.571869216533004
3602730,92.0,181.0,1678.0,10.786650774731823
3602820,82.0,272.0,1226.0,22.185970636215337
3602920,93.0,286.0,2892.0,9.889349930843707
3602940,74.0,574.0,3069.0,18.70316063864451
3602970,68.0,1314.0,3662.0,35.88203167667941
3603180,92.0,102.0,2213.0,4.609127880704925
3603270,88.0,1229.0,8148.0,15.083456062837506
3603420,92.0,200.0,1213.0,16.488046166529266
3603480,81.0,987.0,4139.0,23.84633969557864
3603720,92.0,187.0,1588.0,11.775818639798487
3603840,94.0,696.0,4540.0,15.330396475770923
3603870,91.0,678.0,5450.0,12.440366972477063
3603930,88.0,707.0,4653.0,15.194498173221575
3603990,92.0,505.0,2312.0,21.842560553633216
3604050,87.0,287.0,1096.0,26.186131386861316
3604080,90.0,375.0,5877.0,6.38080653394589
3604110,97.0,265.0,2161.0,12.262841277186489
3604140,83.0,543.0,2935.0,18.50085178875639
3604290,92.0,322.0,2041.0,15.7765801077903
3604710,93.0,352.0,4513.0,7.799689785065366
3604740,98.0,159.0,2930.0,5.426621160409556
3604870,65.0,2086.0,5353.0,38.96880254063142
3605280,73.0,3443.0,19073.0,18.05169611492686
3605310,94.0,337.0,3081.0,10.938007140538788
3605340,95.0,80.0,1435.0,5.574912891986063
3605460,96.0,262.0,3542.0,7.396950875211744
3605580,88.0,485.0,3334.0,14.547090581883625
3605640,95.0,62.0,1646.0,3.766707168894289
3605850,65.0,15748.0,31066.0,50.692074937230416
3605940,98.0,260.0,3030.0,8.58085808580858
3606060,99.0,69.0,2350.0,2.9361702127659575
3606160,82.0,356.0,1195.0,29.7907949790795
3606240,87.0,374.0,2190.0,17.077625570776256
3606330,92.0,263.0,3502.0,7.509994288977727
3606390,77.0,222.0,1301.0,17.06379707916987
3606470,92.0,300.0,1333.0,22.50562640660165
3606500,95.0,172.0,1462.0,11.76470588235294
3606540,87.0,118.0,1431.0,8.24598183088749
3606570,90.0,349.0,4109.0,8.49355074227306
3606630,87.0,500.0,3204.0,15.60549313358302
3606720,92.0,386.0,1448.0,26.65745856353591
3606780,95.0,140.0,1435.0,9.75609756097561
3606840,87.0,181.0,1565.0,11.565495207667732
3606870,85.0,2464.0,7579.0,32.51088534107402
3606900,87.0,831.0,3854.0,21.56201349247535
3606990,97.0,175.0,3789.0,4.618632884666138
3607020,95.0,269.0,2909.0,9.247163973874184
3607230,82.0,418.0,2182.0,19.156736938588452
3607260,95.0,211.0,1542.0,13.683527885862516
3607290,92.0,211.0,1701.0,12.404467960023515
3607320,92.0,161.0,1776.0,9.065315315315315
3607470,87.0,291.0,1971.0,14.76407914764079
3607530,90.0,338.0,3858.0,8.761016070502851
3607590,96.0,408.0,4357.0,9.364241450539362
3607980,82.0,525.0,2092.0,25.095602294455063
3608010,95.0,140.0,1749.0,8.00457404230989
3608130,98.0,362.0,6138.0,5.897686542847834
3608160,93.0,550.0,5810.0,9.46643717728055
3608310,90.0,709.0,4959.0,14.29723734623916
3608400,83.0,864.0,4837.0,17.862311350010337
3608430,93.0,378.0,3151.0,11.996191685179308
3608460,87.0,510.0,2358.0,21.62849872773537
3608490,92.0,256.0,1328.0,19.27710843373494
3608580,95.0,68.0,1608.0,4.228855721393035
3608790,87.0,287.0,1515.0,18.943894389438945
3608880,89.0,678.0,4126.0,16.43238002908386
3608970,87.0,414.0,2441.0,16.96026218762802
3609030,92.0,286.0,1804.0,15.853658536585366
3609090,95.0,321.0,2812.0,11.415362731152204
3609120,95.0,122.0,1472.0,8.28804347826087
3609210,82.0,298.0,1338.0,22.27204783258595
3609330,72.0,182.0,1439.0,12.647671994440584
3609420,77.0,509.0,2073.0,24.553786782440906
3609540,95.0,109.0,1798.0,6.0622914349276975
3609630,96.0,473.0,4028.0,11.742800397219463
3609660,82.0,269.0,1820.0,14.78021978021978
3609690,91.0,513.0,3092.0,16.591203104786544
3609720,93.0,479.0,3740.0,12.807486631016044
3609840,97.0,799.0,7092.0,11.266215454032713
3609990,93.0,537.0,3429.0,15.660542432195976
3610050,95.0,96.0,1705.0,5.6304985337243405
3610080,93.0,226.0,3257.0,6.938900828983726
3610170,92.0,154.0,1375.0,11.2
3610200,95.0,77.0,2019.0,3.813769192669638
3610500,82.0,558.0,1573.0,35.47361729179911
3610560,68.0,1931.0,6023.0,32.06043499916985
3610680,96.0,205.0,2193.0,9.347925216598266
3610710,86.0,961.0,3787.0,25.37628729865329
3610890,96.0,474.0,5860.0,8.088737201365188
3610950,67.0,444.0,1386.0,32.03463203463203
3610980,90.0,764.0,5608.0,13.62339514978602
3611520,92.0,171.0,1550.0,11.032258064516128
3611550,79.0,1479.0,6803.0,21.740408643245622
3611670,90.0,459.0,4782.0,9.598494353826853
3611700,83.0,972.0,3388.0,28.68949232585597
3611760,97.0,213.0,3881.0,5.488276217469725
3611880,80.0,535.0,4019.0,13.311769096790249
3611910,87.0,210.0,1458.0,14.40329218106996
3611970,82.0,514.0,2182.0,23.556370302474793
3612180,76.0,762.0,3187.0,23.90963288358958
3612240,87.0,358.0,2033.0,17.609444171175603
3612270,66.0,1134.0,2676.0,42.37668161434978
3612330,89.0,334.0,2879.0,11.601250434178532
3612360,77.0,334.0,1612.0,20.719602977667495
3612450,82.0,197.0,1066.0,18.48030018761726
3612510,94.0,419.0,6381.0,6.566368907694718
3612630,91.0,2064.0,10760.0,19.182156133828997
3612720,87.0,178.0,1118.0,15.92128801431127
3612990,92.0,138.0,1715.0,8.0466472303207
3613080,94.0,449.0,4828.0,9.299917149958576
3613290,94.0,897.0,8189.0,10.953718402735376
3613350,92.0,275.0,3553.0,7.739938080495357
3613530,92.0,166.0,2101.0,7.900999524036173
3613590,82.0,433.0,1421.0,30.47149894440535
3613620,98.0,211.0,3103.0,6.799871092491137
3613740,99.0,171.0,3577.0,4.780542353927872
3613950,95.0,84.0,1626.0,5.166051660516605
3613980,95.0,280.0,3466.0,8.078476630121177
3614010,83.0,988.0,7896.0,12.512664640324214
3614130,41.0,3191.0,7672.0,41.59280500521376
3614190,95.0,206.0,2320.0,8.879310344827585
3614280,97.0,138.0,3965.0,3.480453972257251
3614340,89.0,874.0,5351.0,16.33339562698561
3614400,95.0,292.0,1726.0,16.917728852838934
3614430,92.0,209.0,1050.0,19.904761904761905
3614460,94.0,4.0,1436.0,0.2785515320334262
3614580,92.0,217.0,1388.0,15.63400576368876
3614640,92.0,195.0,1874.0,10.40554962646745
3614700,95.0,131.0,2160.0,6.064814814814815
3614730,92.0,114.0,922.0,12.364425162689804
3614760,82.0,175.0,1158.0,15.112262521588946
3614820,87.0,265.0,1627.0,16.28764597418562
3614850,86.0,535.0,4139.0,12.925827494563904
3614940,77.0,358.0,1754.0,20.410490307867732
3614970,77.0,556.0,2367.0,23.489649345162658
3615090,93.0,934.0,4512.0,20.70035460992908
3615180,79.0,834.0,3467.0,24.05537929045284
3615210,87.0,182.0,1734.0,10.4959630911188
3615300,92.0,764.0,3761.0,20.31374634405743
3615360,96.0,165.0,2197.0,7.510241238051889
3615390,93.0,410.0,3579.0,11.455713886560492
3615450,95.0,115.0,1744.0,6.594036697247706
3615510,95.0,152.0,2207.0,6.887177163570457
3615540,97.0,402.0,2813.0,14.29079274795592
3615570,86.0,894.0,5330.0,16.77298311444653
3615630,75.0,1813.0,4807.0,37.715831079675475
3615780,90.0,706.0,4072.0,17.337917485265226
3615810,98.0,221.0,3037.0,7.276918011195259
3615900,82.0,662.0,2438.0,27.15340442986054
3615980,77.0,460.0,1809.0,25.42841348811498
3615990,82.0,301.0,1333.0,22.58064516129032
3616080,99.0,138.0,2689.0,5.132019338043882
3616170,87.0,179.0,1252.0,14.297124600638975
3616230,87.0,835.0,6591.0,12.668790775299652
3616260,96.0,229.0,3156.0,7.256020278833968
3616290,81.0,1862.0,6275.0,29.673306772908365
3616440,67.0,755.0,1986.0,38.01611278952669
3616560,89.0,456.0,2304.0,19.791666666666664
3616620,94.0,342.0,5662.0,6.0402684563758395
3616680,96.0,324.0,5643.0,5.741626794258373
3616740,77.0,936.0,2486.0,37.650844730490746
3616830,82.0,713.0,2546.0,28.00471327572663
3616980,87.0,209.0,1201.0,17.402164862614487
3617160,94.0,428.0,7006.0,6.109049386240365
3617190,92.0,192.0,1970.0,9.746192893401014
3617220,72.0,612.0,1687.0,36.27741553052756
3617380,91.0,624.0,5691.0,10.964681075382185
3617520,86.0,1119.0,7024.0,15.931093394077449
3617640,95.0,196.0,1501.0,13.057961359093936
3617670,88.0,922.0,4339.0,21.249135745563493
3617700,95.0,258.0,1653.0,15.60798548094374
3617730,91.0,662.0,3830.0,17.284595300261095
3617910,93.0,183.0,2804.0,6.526390870185448
3618120,95.0,312.0,4137.0,7.541696881798404
3618150,92.0,362.0,2516.0,14.3879173290938
3618180,87.0,374.0,2359.0,15.854175498092411
3618210,92.0,250.0,2173.0,11.50483202945237
3618240,92.0,395.0,5589.0,7.067453927357309
3618270,99.0,155.0,3276.0,4.7313797313797314
3618330,95.0,301.0,4224.0,7.12594696969697
3618480,95.0,163.0,1595.0,10.219435736677116
3618570,92.0,382.0,1873.0,20.395088093966898
3618600,87.0,449.0,2260.0,19.86725663716814
3618630,97.0,742.0,6890.0,10.76923076923077
3618660,83.0,493.0,2625.0,18.78095238095238
3618690,83.0,2343.0,8708.0,26.906293063849336
3618960,87.0,228.0,1531.0,14.89222730241672
3619020,95.0,538.0,5348.0,10.05983545250561
3619170,87.0,431.0,2072.0,20.801158301158303
3619200,91.0,895.0,9428.0,9.492999575731863
3619230,85.0,1855.0,9144.0,20.28652668416448
3619320,81.0,1751.0,7242.0,24.178403755868544
3619410,93.0,239.0,2611.0,9.153581003446956
3619500,95.0,278.0,2859.0,9.723679608254637
3619560,93.0,618.0,3639.0,16.982687551525146
3619650,94.0,642.0,6735.0,9.53229398663697
3619680,93.0,709.0,4190.0,16.92124105011933
3619740,78.0,1004.0,2883.0,34.82483524106833
3619950,91.0,360.0,4044.0,8.902077151335313
3620040,95.0,245.0,2266.0,10.812003530450133
3620100,69.0,2211.0,7999.0,27.640955119389925
3620160,95.0,188.0,1991.0,9.442491210447011
3620190,92.0,196.0,2182.0,8.982584784601283
3620340,96.0,1031.0,7996.0,12.893946973486743
3620370,99.0,194.0,2479.0,7.825736183945139
3620460,92.0,382.0,2171.0,17.59557807461999
3620490,81.0,1910.0,10395.0,18.374218374218373
3620640,87.0,432.0,2145.0,20.13986013986014
3620670,92.0,168.0,1159.0,14.49525452976704
3620700,74.0,2489.0,11141.0,22.34090297100799
3620760,95.0,204.0,1507.0,13.536828135368282
3620820,69.0,3969.0,7017.0,56.56263360410432
3620850,89.0,530.0,3516.0,15.073947667804324
3620880,95.0,319.0,4304.0,7.41171003717472
3620910,92.0,789.0,4564.0,17.2874671340929
3621000,93.0,469.0,5686.0,8.24832922968695
3621210,88.0,1506.0,8797.0,17.11947254745936
3621240,85.0,590.0,3353.0,17.59618252311363
3621250,92.0,208.0,1361.0,15.282880235121237
3621270,94.0,440.0,5338.0,8.242787560884226
3621330,82.0,318.0,1833.0,17.348608837970538
3621480,86.0,389.0,2963.0,13.128585892676345
3621570,94.0,438.0,5586.0,7.841031149301826
3621720,82.0,332.0,2072.0,16.023166023166024
3621780,87.0,311.0,1724.0,18.039443155452435
3621840,87.0,221.0,1256.0,17.595541401273884
3621900,94.0,351.0,4703.0,7.463321284286625
3622020,78.0,374.0,5052.0,7.403008709422012
3622050,76.0,990.0,3649.0,27.130720745409704
3622290,92.0,202.0,1567.0,12.890874282067646
3622380,87.0,248.0,1865.0,13.297587131367292
3622470,88.0,1291.0,7576.0,17.040654699049632
3622560,95.0,123.0,2437.0,5.047189167008617
3622650,68.0,349.0,3455.0,10.101302460202604
3622680,99.0,144.0,2907.0,4.953560371517028
3622710,97.0,294.0,4522.0,6.5015479876160995
3622740,82.0,205.0,1349.0,15.196441808747222
3622830,87.0,339.0,1978.0,17.138523761375126
3622890,92.0,208.0,1511.0,13.765718067504965
3622920,87.0,440.0,1762.0,24.971623155505107
3623010,89.0,964.0,5095.0,18.920510304219825
3623160,96.0,330.0,5638.0,5.853139411138701
3623190,94.0,317.0,2981.0,10.634015431063402
3623220,96.0,176.0,4940.0,3.562753036437247
3623280,82.0,419.0,1847.0,22.685435841905793
3623310,95.0,110.0,1696.0,6.485849056603773
3623460,84.0,691.0,4622.0,14.950237992211164
3623490,95.0,66.0,1115.0,5.9192825112107625
3623520,81.0,732.0,2519.0,29.059150456530368
3623580,92.0,420.0,5470.0,7.678244972577697
3623760,67.0,1770.0,4264.0,41.510318949343336
3624000,92.0,92.0,1613.0,5.7036577805331685
3624030,90.0,401.0,3273.0,12.251756798044608
3624150,82.0,344.0,1860.0,18.494623655913976
3624240,82.0,208.0,1911.0,10.884353741496598
3624480,92.0,150.0,1031.0,14.54898157129001
3624630,95.0,57.0,1563.0,3.646833013435701
3624690,80.0,1238.0,5482.0,22.582998905508937
3624750,57.0,13429.0,27330.0,49.136480058543725
3624780,98.0,358.0,3583.0,9.99162712810494
3624840,95.0,407.0,3050.0,13.344262295081968
3624900,79.0,1607.0,5595.0,28.722073279714028
3624960,87.0,493.0,1938.0,25.438596491228072
3624990,70.0,1097.0,3423.0,32.04791118901548
3625050,97.0,278.0,3145.0,8.839427662957075
3625140,92.0,147.0,1287.0,11.421911421911425
3625170,92.0,629.0,5212.0,12.068303914044511
3625260,97.0,216.0,3349.0,6.449686473574201
3625290,95.0,52.0,1603.0,3.2439176543980035
3625350,92.0,1259.0,13010.0,9.6771714066103
3625740,92.0,176.0,1188.0,14.814814814814811
3625770,92.0,912.0,6371.0,14.314864228535551
3625800,82.0,332.0,2525.0,13.14851485148515
3625920,97.0,232.0,2947.0,7.872412623006447
3625950,99.0,336.0,4768.0,7.046979865771812
3625980,87.0,215.0,1785.0,12.044817927170868
3626010,62.0,3470.0,9398.0,36.92274952117472
3626160,92.0,239.0,1597.0,14.96556042579837
3626310,87.0,369.0,2504.0,14.736421725239618
3626370,97.0,309.0,2630.0,11.749049429657797
3626400,95.0,111.0,2232.0,4.973118279569892
3626520,94.0,599.0,8237.0,7.272065072235037
3626670,92.0,734.0,9818.0,7.476064371562437
3626700,82.0,268.0,1335.0,20.0749063670412
3626760,92.0,280.0,1916.0,14.613778705636744
3626840,98.0,149.0,2174.0,6.853725850965961
3626940,95.0,121.0,1369.0,8.838568298027758
3627000,87.0,243.0,1323.0,18.367346938775512
3627060,96.0,1158.0,8874.0,13.049357674104126
3627150,92.0,391.0,1471.0,26.580557443915705
3627180,98.0,158.0,3009.0,5.250913924891991
3627210,92.0,696.0,4837.0,14.389084143063885
3627240,85.0,432.0,3078.0,14.035087719298245
3627300,91.0,882.0,5926.0,14.883563955450557
3627450,92.0,220.0,2994.0,7.348029392117568
3627540,87.0,110.0,998.0,11.022044088176353
3627660,92.0,159.0,1342.0,11.847988077496275
3627780,89.0,348.0,3640.0,9.56043956043956
3627810,59.0,1865.0,9052.0,20.60318161732214
3628050,95.0,189.0,2783.0,6.791232482932087
3628200,97.0,277.0,6132.0,4.517286366601435
3628320,95.0,742.0,4279.0,17.34050011684973
3628380,87.0,254.0,1597.0,15.904821540388228
3628500,91.0,630.0,3190.0,19.74921630094044
3628560,98.0,267.0,6466.0,4.129291679554593
3628590,64.0,8827.0,20914.0,42.20617768002295
3628620,82.0,402.0,1406.0,28.591749644381224
3628650,92.0,400.0,2701.0,14.80932987782303
3628740,87.0,310.0,1742.0,17.795637198622273
3628950,86.0,1696.0,4002.0,42.37881059470265
3629280,81.0,1701.0,6936.0,24.524221453287197
3629370,69.0,3369.0,10008.0,33.66306954436451
3629400,95.0,77.0,1437.0,5.358385525400139
3629520,94.0,213.0,4495.0,4.738598442714126
3629610,89.0,417.0,3315.0,12.57918552036199
3629640,94.0,368.0,4447.0,8.2752417360018
3629790,88.0,611.0,2898.0,21.083505866114564
3629850,98.0,180.0,2849.0,6.318006318006318
3629880,90.0,1866.0,10825.0,17.2378752886836
3629970,94.0,456.0,3497.0,13.039748355733485
3630030,97.0,695.0,3981.0,17.45792514443607
3630120,72.0,1106.0,4014.0,27.553562531141008
3630210,77.0,298.0,1331.0,22.389181066867017
3630270,77.0,388.0,1565.0,24.792332268370608
3630330,92.0,237.0,2197.0,10.787437414656347
3630360,96.0,682.0,8406.0,8.113252438734238
3630540,92.0,431.0,3843.0,11.2151964610981
3630630,91.0,568.0,4546.0,12.49450065992081
3630660,87.0,281.0,1887.0,14.89136195018548
3630690,97.0,218.0,4208.0,5.180608365019011
3630780,85.0,1190.0,6538.0,18.201284796573873
3630960,83.0,867.0,5293.0,16.38012469299074
3631020,92.0,139.0,1779.0,7.813378302417089
3631260,89.0,1124.0,7096.0,15.839909808342728
3631320,92.0,382.0,3145.0,12.146263910969791
3631380,77.0,268.0,1392.0,19.25287356321839
3631470,95.0,591.0,9962.0,5.932543665930536
3631560,82.0,184.0,1126.0,16.341030195381883
3631710,97.0,290.0,3023.0,9.59311941779689
3631800,67.0,1011.0,2793.0,36.19763694951665
3631920,86.0,6236.0,26465.0,23.563196674853582
3631980,96.0,224.0,3442.0,6.5078442765833815
3700011,82.0,9229.0,50780.0,18.174478141000392
3700012,85.0,3121.0,23986.0,13.011756858167264
3700030,81.0,4555.0,23092.0,19.725446041919277
3700062,95.0,90.0,2054.0,4.381694255111976
3700064,95.0,88.0,1905.0,4.619422572178477
3700069,95.0,89.0,1628.0,5.466830466830467
3700090,85.0,474.0,5014.0,9.453530115676106
3700097,95.0,86.0,565.0,15.221238938053098
3700112,95.0,122.0,1702.0,7.1680376028202115
3700120,92.0,208.0,1440.0,14.444444444444445
3700127,77.0,154.0,1271.0,12.116443745082613
3700128,92.0,15.0,829.0,1.8094089264173705
3700135,95.0,59.0,1365.0,4.322344322344322
3700139,92.0,75.0,1347.0,5.56792873051225
3700145,95.0,63.0,1859.0,3.388918773534158
3700180,84.0,918.0,3347.0,27.427547057066032
3700210,87.0,293.0,3050.0,9.60655737704918
3700240,93.0,418.0,4608.0,9.071180555555555
3700270,89.0,676.0,4605.0,14.679695982627578
3700300,92.0,351.0,2075.0,16.91566265060241
3700317,95.0,155.0,1409.0,11.00070972320795
3700330,83.0,1149.0,6770.0,16.971935007385525
3700334,87.0,69.0,1006.0,6.858846918489066
3700360,84.0,405.0,2301.0,17.60104302477184
3700390,89.0,669.0,4490.0,14.89977728285078
3700420,84.0,2302.0,12600.0,18.26984126984127
3700450,88.0,3183.0,24008.0,13.258080639786735
3700480,88.0,1289.0,12357.0,10.431334466294407
3700530,89.0,3648.0,32462.0,11.23775491343725
3700580,89.0,1922.0,11810.0,16.274343776460626
3700600,82.0,225.0,1867.0,12.05141938939475
3700630,85.0,1201.0,8362.0,14.362592681176752
3700660,84.0,558.0,2681.0,20.81312942931742
3700690,92.0,2130.0,16362.0,13.017968463513018
3700720,90.0,1203.0,11896.0,10.11264290517821
3700750,86.0,806.0,9025.0,8.930747922437673
3700780,92.0,589.0,3367.0,17.49331749331749
3700840,87.0,273.0,2026.0,13.47482724580454
3700870,87.0,181.0,1346.0,13.447251114413076
3700900,88.0,2343.0,15076.0,15.541257628018045
3700930,84.0,352.0,3091.0,11.387900355871883
3700960,81.0,1060.0,5929.0,17.878225670433462
3701080,87.0,490.0,4078.0,12.015693967631192
3701110,91.0,1012.0,5279.0,19.170297404811517
3701140,88.0,1516.0,19156.0,7.9139695134683645
3701170,87.0,692.0,6149.0,11.253862416653114
3701200,81.0,1408.0,9955.0,14.14364640883978
3701260,81.0,6150.0,33562.0,18.3242953340087
3701320,77.0,1259.0,6101.0,20.63596131781675
3701500,84.0,11124.0,55634.0,19.9949671064457
3701530,86.0,1367.0,8236.0,16.59786304031083
3701620,86.0,5533.0,32049.0,17.26418921027177
3701680,92.0,339.0,1679.0,20.190589636688504
3701770,87.0,263.0,1205.0,21.82572614107884
3701800,81.0,1153.0,7654.0,15.064018813692186
3701830,95.0,413.0,3074.0,13.43526350032531
3701920,89.0,13002.0,73220.0,17.757443321496858
3701950,70.0,673.0,2627.0,25.618576322801673
3702010,86.0,3200.0,20675.0,15.4776299879081
3702040,85.0,709.0,7295.0,9.71898560657985
3702100,91.0,1513.0,13521.0,11.190000739590268
3702160,86.0,778.0,2932.0,26.534788540245568
3702190,91.0,791.0,4234.0,18.682097307510627
3702250,82.0,1413.0,8933.0,15.817754393820666
3702310,89.0,2641.0,20482.0,12.894248608534324
3702340,92.0,834.0,3606.0,23.128119800332776
3702370,92.0,4410.0,36339.0,12.135721951622225
3702430,86.0,1096.0,5410.0,20.258780036968577
3702560,89.0,1167.0,10174.0,11.470414782779631
3702610,85.0,1512.0,8742.0,17.295813315030887
3702640,92.0,502.0,3167.0,15.850963056520367
3702680,90.0,1464.0,11463.0,12.771525778591991
3702760,91.0,667.0,4440.0,15.022522522522522
3702820,87.0,352.0,2280.0,15.43859649122807
3702880,70.0,535.0,3146.0,17.005721551176098
3702940,85.0,953.0,6074.0,15.689825485676652
3702970,85.0,21935.0,149688.0,14.653813264924375
3703000,87.0,185.0,1857.0,9.96230479267636
3703060,90.0,678.0,4049.0,16.744875277846383
3703090,89.0,1576.0,12748.0,12.362723564480705
3703120,91.0,626.0,6089.0,10.280834291345048
3703210,87.0,228.0,1656.0,13.768115942028986
3703270,83.0,2861.0,15328.0,18.665187891440503
3703310,86.0,2210.0,14062.0,15.716114350732472
3703330,86.0,3843.0,26324.0,14.598845160309985
3703360,91.0,477.0,3089.0,15.441890579475558
3703420,62.0,495.0,1740.0,28.448275862068968
3703450,89.0,4052.0,26657.0,15.200510184942043
3703480,86.0,959.0,7472.0,12.83458244111349
3703510,87.0,253.0,1278.0,19.796557120500783
3703540,83.0,685.0,3246.0,21.102895871842268
3703570,89.0,1765.0,9518.0,18.54381172515234
3703600,92.0,321.0,1634.0,19.64504283965728
3703630,87.0,705.0,4483.0,15.726076288199868
3703720,92.0,258.0,2246.0,11.487088156723065
3703780,89.0,2046.0,16886.0,12.116546251332466
3703870,81.0,999.0,7363.0,13.5678391959799
3703900,80.0,537.0,3011.0,17.834606443042176
3703930,86.0,5739.0,22853.0,25.112676672646916
3703990,86.0,2482.0,12245.0,20.26949775418538
3704050,84.0,3558.0,19076.0,18.65170895365905
3704080,84.0,1516.0,8277.0,18.315814908783377
3704140,83.0,1358.0,8012.0,16.949575636545184
3704200,87.0,1086.0,5691.0,19.08276225619399
3704320,89.0,1055.0,8317.0,12.684862330167126
3704380,83.0,1004.0,6009.0,16.70827092694292
3704410,92.0,1129.0,8045.0,14.03356121814792
3704440,77.0,474.0,2074.0,22.854387656702023
3704500,82.0,399.0,2371.0,16.828342471531
3704530,86.0,572.0,3436.0,16.647264260768335
3704620,93.0,3737.0,41686.0,8.96464040685122
3704650,82.0,1543.0,6195.0,24.90718321226796
3704720,89.0,18745.0,162339.0,11.5468248541632
3704740,72.0,641.0,2135.0,30.02341920374707
3704800,72.0,222.0,1496.0,14.83957219251337
3704830,90.0,499.0,4622.0,10.796192124621376
3704880,83.0,3416.0,18717.0,18.250788053641077
3704920,92.0,439.0,2305.0,19.045553145336225
3704950,88.0,1076.0,9766.0,11.017816915830432
3705020,78.0,1618.0,11609.0,13.937462313722111
3705040,88.0,611.0,5227.0,11.68930552898412
3705070,92.0,395.0,2234.0,17.68128916741271
3800014,89.0,1071.0,12653.0,8.464395795463526
3800021,87.0,153.0,2145.0,7.1328671328671325
3800038,91.0,372.0,3581.0,10.388159731918458
3802530,82.0,489.0,1749.0,27.958833619210974
3805040,87.0,257.0,1674.0,15.352449223416963
3806780,84.0,1486.0,11969.0,12.415406466705656
3808130,86.0,1132.0,7641.0,14.814814814814811
3811820,79.0,446.0,3667.0,12.16253067902918
3813030,86.0,872.0,7419.0,11.753605607224692
3819410,87.0,728.0,10555.0,6.89720511605874
3819880,84.0,867.0,4055.0,21.381011097410603
3900042,92.0,77.0,497.0,15.492957746478872
3900094,92.0,289.0,2758.0,10.478607686729514
3900151,32.0,119.0,652.0,18.25153374233129
3900180,56.0,1815.0,9287.0,19.54344783030042
3900203,24.0,830.0,1068.0,77.71535580524345
3900237,12.0,295.0,356.0,82.86516853932584
3900250,72.0,1159.0,4558.0,25.427819218955683
3900252,38.0,422.0,487.0,86.652977412731
3900488,34.0,61.0,254.0,24.015748031496063
3900530,47.0,204.0,657.0,31.05022831050228
3901450,21.0,741.0,873.0,84.87972508591065
3904348,78.0,5526.0,19944.0,27.707581227436823
3904349,85.0,615.0,3144.0,19.561068702290076
3904350,87.0,437.0,3208.0,13.62219451371571
3904351,72.0,874.0,3316.0,26.357056694813032
3904352,90.0,509.0,2621.0,19.420068676077832
3904353,69.0,1098.0,3780.0,29.04761904761905
3904354,98.0,123.0,2431.0,5.059646236116825
3904355,95.0,141.0,1506.0,9.362549800796812
3904358,87.0,376.0,2323.0,16.18596642272923
3904359,92.0,216.0,1998.0,10.81081081081081
3904360,92.0,938.0,6115.0,15.339329517579722
3904362,95.0,262.0,2380.0,11.008403361344538
3904363,90.0,161.0,2813.0,5.723426946320654
3904364,95.0,250.0,3784.0,6.60676532769556
3904365,92.0,255.0,1293.0,19.721577726218097
3904366,96.0,541.0,6760.0,8.002958579881657
3904367,92.0,307.0,2164.0,14.186691312384472
3904368,87.0,259.0,1325.0,19.547169811320757
3904369,82.0,336.0,1459.0,23.029472241261136
3904371,78.0,2239.0,8361.0,26.7790934098792
3904373,91.0,706.0,8175.0,8.636085626911315
3904374,80.0,876.0,2861.0,30.618664802516605
3904375,74.0,12957.0,35042.0,36.97562924490611
3904376,92.0,481.0,2177.0,22.09462563160312
3904377,92.0,307.0,1878.0,16.347177848775292
3904378,75.0,14202.0,37933.0,37.43969630664593
3904379,85.0,1478.0,5166.0,28.61014324428959
3904380,73.0,23721.0,49946.0,47.49329275617667
3904381,82.0,336.0,1687.0,19.91701244813278
3904382,87.0,188.0,1544.0,12.176165803108807
3904383,80.0,786.0,4834.0,16.259826230864707
3904384,67.0,4737.0,12833.0,36.912647081742385
3904386,91.0,368.0,3064.0,12.010443864229766
3904387,93.0,719.0,5674.0,12.671836446951003
3904389,90.0,232.0,2720.0,8.529411764705882
3904390,66.0,1134.0,2181.0,51.99449793672627
3904391,87.0,602.0,2158.0,27.89620018535681
3904393,92.0,224.0,1985.0,11.28463476070529
3904394,85.0,1571.0,6253.0,25.123940508555897
3904395,70.0,2030.0,4980.0,40.76305220883534
3904396,90.0,949.0,4159.0,22.81798509257033
3904397,92.0,136.0,1794.0,7.58082497212932
3904399,87.0,348.0,1850.0,18.81081081081081
3904400,94.0,476.0,2893.0,16.453508468717594
3904401,92.0,710.0,3958.0,17.938352703385547
3904402,92.0,274.0,1738.0,15.765247410817032
3904403,87.0,295.0,2014.0,14.64746772591857
3904404,86.0,1258.0,3651.0,34.456313338811285
3904405,86.0,537.0,2410.0,22.28215767634855
3904406,95.0,429.0,1717.0,24.98543972044263
3904408,88.0,951.0,3621.0,26.26346313173157
3904409,88.0,318.0,2519.0,12.624057165541885
3904410,78.0,2515.0,9932.0,25.322190898107127
3904411,87.0,278.0,1720.0,16.162790697674417
3904412,92.0,443.0,2390.0,18.535564853556487
3904413,95.0,113.0,1326.0,8.521870286576169
3904415,90.0,505.0,2424.0,20.833333333333336
3904416,91.0,538.0,3134.0,17.166560306317805
3904418,89.0,603.0,7717.0,7.813917325385512
3904419,86.0,505.0,5052.0,9.996041171813143
3904420,89.0,1217.0,6342.0,19.18953011668243
3904421,97.0,401.0,5535.0,7.244805781391148
3904422,65.0,1181.0,3762.0,31.392876129718232
3904424,86.0,730.0,3913.0,18.655762841809352
3904425,82.0,463.0,2136.0,21.676029962546817
3904426,65.0,3124.0,6567.0,47.571189279732
3904427,92.0,400.0,4500.0,8.88888888888889
3904428,95.0,57.0,1565.0,3.642172523961661
3904429,77.0,1008.0,3415.0,29.51683748169839
3904430,92.0,1449.0,3524.0,41.11804767309875
3904431,95.0,148.0,1682.0,8.799048751486325
3904433,82.0,1199.0,4415.0,27.157417893544732
3904434,87.0,330.0,1456.0,22.664835164835164
3904435,91.0,942.0,3775.0,24.95364238410596
3904436,94.0,195.0,2363.0,8.252221752010156
3904437,91.0,559.0,3826.0,14.610559330893883
3904438,95.0,796.0,6738.0,11.813594538438704
3904439,93.0,633.0,5077.0,12.467992909198346
3904440,83.0,1793.0,6353.0,28.22288682512199
3904441,76.0,906.0,3223.0,28.11045609680422
3904443,87.0,154.0,2267.0,6.793118659020732
3904445,80.0,1522.0,6266.0,24.289818065751675
3904447,77.0,334.0,1752.0,19.06392694063927
3904448,85.0,436.0,3086.0,14.128321451717436
3904449,87.0,680.0,2307.0,29.475509319462507
3904450,95.0,345.0,4217.0,8.18117144889732
3904451,77.0,562.0,1633.0,34.41518677281078
3904452,89.0,501.0,3804.0,13.170347003154577
3904453,93.0,474.0,3950.0,12.0
3904454,95.0,307.0,4091.0,7.504277682718162
3904455,92.0,358.0,2535.0,14.122287968441816
3904456,94.0,392.0,2687.0,14.588760699665054
3904457,82.0,561.0,1980.0,28.333333333333332
3904458,95.0,92.0,2087.0,4.408241494968855
3904460,86.0,461.0,3708.0,12.43257820927724
3904461,87.0,179.0,1502.0,11.917443408788282
3904463,88.0,2284.0,11279.0,20.250022165085557
3904464,76.0,516.0,2501.0,20.631747301079567
3904465,92.0,227.0,1714.0,13.2438739789965
3904467,83.0,1306.0,5919.0,22.064537928704173
3904468,74.0,504.0,2718.0,18.543046357615893
3904469,92.0,370.0,1596.0,23.182957393483708
3904470,96.0,121.0,2623.0,4.613038505528022
3904472,87.0,151.0,2001.0,7.546226886556721
3904474,82.0,720.0,3262.0,22.072348252605764
3904475,93.0,685.0,4936.0,13.877633711507292
3904476,87.0,212.0,1668.0,12.709832134292563
3904479,82.0,532.0,3346.0,15.899581589958158
3904480,87.0,5191.0,22110.0,23.478064224332883
3904481,66.0,2369.0,7281.0,32.53673945886554
3904482,95.0,260.0,2534.0,10.260457774269929
3904483,91.0,679.0,5288.0,12.840393343419064
3904484,91.0,511.0,5331.0,9.58544363158882
3904485,92.0,353.0,1860.0,18.978494623655916
3904486,94.0,389.0,5425.0,7.170506912442397
3904487,89.0,708.0,7723.0,9.167421986274764
3904488,95.0,271.0,2371.0,11.429776465626318
3904489,91.0,344.0,2704.0,12.72189349112426
3904490,68.0,5943.0,22444.0,26.479237212618074
3904492,93.0,534.0,4357.0,12.25613954555887
3904493,96.0,505.0,6088.0,8.295006570302235
3904494,77.0,354.0,1995.0,17.74436090225564
3904495,92.0,247.0,3039.0,8.127673576834486
3904498,80.0,415.0,3122.0,13.292761050608584
3904499,76.0,1784.0,5041.0,35.389803610394765
3904500,87.0,582.0,1680.0,34.64285714285714
3904502,87.0,365.0,1403.0,26.01568068424804
3904504,87.0,1856.0,14865.0,12.48570467541204
3904505,83.0,633.0,3644.0,17.371020856201977
3904506,93.0,275.0,3499.0,7.859388396684768
3904507,73.0,861.0,3509.0,24.536905101168426
3904508,92.0,196.0,1306.0,15.007656967840736
3904509,92.0,266.0,1546.0,17.205692108667527
3904510,87.0,1129.0,7663.0,14.733133237635393
3904511,85.0,364.0,2818.0,12.916962384669976
3904513,90.0,963.0,9846.0,9.780621572212066
3904514,95.0,151.0,1953.0,7.731694828469022
3904515,75.0,874.0,4279.0,20.425333021734048
3904516,85.0,2324.0,5299.0,43.85733157199472
3904517,87.0,760.0,3142.0,24.188415022278804
3904519,94.0,408.0,3693.0,11.047928513403736
3904524,92.0,298.0,1454.0,20.495185694635488
3904527,92.0,306.0,1916.0,15.970772442588729
3904528,95.0,152.0,2022.0,7.51730959446093
3904529,95.0,344.0,1333.0,25.806451612903224
3904531,95.0,52.0,1379.0,3.770848440899202
3904539,98.0,191.0,2489.0,7.673764564081961
3904540,92.0,206.0,1913.0,10.76842655514898
3904542,95.0,247.0,1933.0,12.778065183652354
3904543,95.0,130.0,2027.0,6.413418845584608
3904547,94.0,627.0,5144.0,12.18895800933126
3904549,95.0,820.0,7700.0,10.649350649350648
3904550,98.0,622.0,6417.0,9.69300296088515
3904551,87.0,188.0,1487.0,12.642905178211164
3904555,87.0,333.0,2365.0,14.080338266384778
3904557,92.0,128.0,1449.0,8.83367839889579
3904558,94.0,381.0,5261.0,7.241969207375024
3904560,92.0,220.0,1604.0,13.71571072319202
3904561,92.0,177.0,2390.0,7.405857740585773
3904563,95.0,28.0,1310.0,2.137404580152672
3904564,87.0,176.0,2007.0,8.769307424015944
3904576,87.0,185.0,1856.0,9.967672413793103
3904577,87.0,382.0,2447.0,15.610952186350632
3904579,89.0,236.0,2425.0,9.7319587628866
3904585,92.0,308.0,1770.0,17.401129943502823
3904586,92.0,147.0,1137.0,12.928759894459102
3904587,92.0,217.0,1557.0,13.937058445728969
3904588,87.0,175.0,1124.0,15.569395017793594
3904590,87.0,233.0,1595.0,14.608150470219435
3904599,92.0,208.0,1753.0,11.865373645179693
3904601,92.0,260.0,1445.0,17.99307958477509
3904606,83.0,408.0,3092.0,13.195342820181114
3904609,92.0,712.0,3667.0,19.416416689391873
3904610,90.0,1460.0,9779.0,14.929951937825953
3904611,94.0,1195.0,16071.0,7.435753842324684
3904612,92.0,196.0,1504.0,13.031914893617024
3904614,97.0,264.0,2841.0,9.292502639915522
3904615,89.0,350.0,2991.0,11.70177198261451
3904619,87.0,196.0,1853.0,10.5774419859687
3904623,82.0,273.0,1613.0,16.924984500929945
3904624,78.0,417.0,2855.0,14.605954465849388
3904625,94.0,447.0,3192.0,14.00375939849624
3904626,95.0,179.0,1531.0,11.691704768125408
3904628,87.0,307.0,1865.0,16.46112600536193
3904630,95.0,421.0,2239.0,18.803037070120592
3904631,95.0,200.0,1462.0,13.679890560875512
3904632,87.0,274.0,1375.0,19.92727272727273
3904634,92.0,532.0,2783.0,19.11606180380884
3904635,87.0,1503.0,8269.0,18.176321199661384
3904638,92.0,183.0,1494.0,12.248995983935744
3904639,95.0,172.0,1778.0,9.67379077615298
3904640,87.0,188.0,1291.0,14.562354763749031
3904642,92.0,332.0,1858.0,17.868675995694293
3904645,95.0,162.0,1231.0,13.160032493907392
3904648,92.0,157.0,1967.0,7.981698017285206
3904657,90.0,324.0,3657.0,8.859721082854799
3904660,98.0,170.0,4442.0,3.8271049076992343
3904674,98.0,273.0,3666.0,7.446808510638298
3904675,92.0,277.0,2263.0,12.240388864339373
3904676,96.0,1236.0,20806.0,5.9405940594059405
3904678,95.0,132.0,1619.0,8.153180975911056
3904681,95.0,136.0,1854.0,7.335490830636461
3904682,92.0,343.0,1897.0,18.081180811808117
3904684,87.0,231.0,1367.0,16.898317483540602
3904686,95.0,156.0,2033.0,7.6733890801770785
3904687,87.0,277.0,1946.0,14.23432682425488
3904688,95.0,134.0,1281.0,10.460577673692429
3904689,94.0,1310.0,10489.0,12.489274478024596
3904694,95.0,515.0,3773.0,13.649615690432018
3904695,89.0,567.0,3020.0,18.774834437086092
3904696,90.0,762.0,7854.0,9.702062643239111
3904697,79.0,1498.0,5545.0,27.015329125338145
3904699,99.0,303.0,4953.0,6.1175045427013925
3904700,92.0,1559.0,7509.0,20.761752563590356
3904701,89.0,1364.0,15513.0,8.792625539869785
3904702,93.0,1567.0,16156.0,9.699182966080713
3904704,95.0,68.0,1372.0,4.956268221574344
3904705,95.0,36.0,887.0,4.058624577226606
3904709,92.0,170.0,1324.0,12.83987915407855
3904716,82.0,135.0,1258.0,10.731319554848968
3904718,94.0,311.0,2851.0,10.9084531743248
3904719,97.0,142.0,2809.0,5.055179779280882
3904722,95.0,186.0,1803.0,10.316139767054908
3904724,95.0,652.0,7517.0,8.673673007848876
3904726,92.0,172.0,1312.0,13.109756097560975
3904727,93.0,152.0,2579.0,5.8937572702597905
3904730,77.0,388.0,1650.0,23.515151515151516
3904733,82.0,254.0,1411.0,18.001417434443656
3904734,95.0,512.0,7441.0,6.880795591990324
3904736,86.0,1592.0,8576.0,18.563432835820898
3904737,88.0,1133.0,7690.0,14.7334200260078
3904738,86.0,617.0,3944.0,15.644016227180527
3904739,92.0,301.0,2104.0,14.306083650190113
3904763,92.0,102.0,1144.0,8.916083916083917
3904769,82.0,205.0,2216.0,9.250902527075812
3904778,92.0,446.0,1704.0,26.173708920187792
3904779,77.0,200.0,1543.0,12.961762799740765
3904780,92.0,663.0,2208.0,30.027173913043477
3904788,93.0,446.0,2980.0,14.966442953020136
3904790,95.0,148.0,1698.0,8.716136631330977
3904792,92.0,206.0,1107.0,18.60885275519422
3904793,92.0,162.0,1573.0,10.298792116973935
3904794,92.0,321.0,1475.0,21.762711864406786
3904795,92.0,290.0,1621.0,17.890191239975323
3904798,92.0,204.0,1602.0,12.734082397003746
3904799,87.0,357.0,1870.0,19.090909090909093
3904800,87.0,614.0,4467.0,13.74524289232147
3904801,92.0,229.0,2033.0,11.264141662567631
3904802,92.0,217.0,1609.0,13.48663766314481
3904803,92.0,135.0,1165.0,11.587982832618025
3904804,94.0,493.0,3938.0,12.519045200609447
3904807,87.0,134.0,1691.0,7.924305144884683
3904808,92.0,122.0,1525.0,8.0
3904811,97.0,233.0,4378.0,5.3220648698035635
3904812,93.0,228.0,3849.0,5.9236165237724085
3904813,87.0,406.0,1668.0,24.34052757793765
3904815,92.0,138.0,1716.0,8.041958041958042
3904816,92.0,194.0,1580.0,12.278481012658228
3904817,93.0,480.0,3100.0,15.483870967741936
3904820,97.0,291.0,4503.0,6.4623584277148565
3904822,90.0,524.0,3995.0,13.11639549436796
3904823,87.0,1357.0,7043.0,19.26735766008803
3904826,92.0,144.0,2194.0,6.563354603463993
3904827,87.0,161.0,1124.0,14.323843416370108
3904829,91.0,755.0,4538.0,16.63728514764213
3904830,95.0,433.0,4065.0,10.651906519065191
3904831,97.0,238.0,2488.0,9.565916398713826
3904834,95.0,250.0,1852.0,13.498920086393088
3904836,95.0,76.0,1276.0,5.956112852664576
3904838,92.0,200.0,2048.0,9.765625
3904842,95.0,124.0,1216.0,10.197368421052632
3904844,95.0,193.0,2014.0,9.582919563058589
3904846,92.0,114.0,1135.0,10.044052863436123
3904847,92.0,144.0,2259.0,6.374501992031872
3904848,87.0,275.0,2313.0,11.889321227842627
3904849,98.0,195.0,3202.0,6.089943785134292
3904852,77.0,474.0,1717.0,27.606290040768783
3904861,87.0,108.0,1466.0,7.366984993178717
3904862,95.0,36.0,1304.0,2.7607361963190185
3904865,77.0,363.0,2182.0,16.636113657195235
3904867,87.0,85.0,1492.0,5.697050938337802
3904869,82.0,709.0,2589.0,27.385090768636537
3904870,79.0,782.0,3751.0,20.84777392695281
3904872,93.0,459.0,4901.0,9.365435625382574
3904873,72.0,599.0,1441.0,41.56835530881333
3904874,95.0,179.0,1845.0,9.70189701897019
3904875,87.0,1063.0,5529.0,19.225899801049017
3904877,77.0,271.0,1800.0,15.055555555555555
3904880,87.0,188.0,1850.0,10.162162162162163
3904883,92.0,210.0,1941.0,10.819165378670789
3904884,87.0,283.0,1959.0,14.446145992853497
3904885,92.0,352.0,2207.0,15.949252378794744
3904887,94.0,344.0,3087.0,11.143505021056042
3904888,95.0,238.0,1400.0,17.0
3904892,95.0,81.0,1492.0,5.428954423592494
3904894,92.0,119.0,1338.0,8.89387144992526
3904905,87.0,293.0,2392.0,12.249163879598662
3904908,92.0,185.0,1790.0,10.335195530726256
3904909,87.0,568.0,4017.0,14.139905402041324
3904910,87.0,52.0,601.0,8.652246256239602
3904913,95.0,226.0,1233.0,18.329278183292782
3904914,92.0,307.0,1819.0,16.877405167674546
3904917,97.0,126.0,2914.0,4.323953328757722
3904918,92.0,354.0,1693.0,20.90962787950384
3904919,92.0,250.0,2012.0,12.42544731610338
3904920,87.0,199.0,1413.0,14.08351026185421
3904922,95.0,323.0,1605.0,20.12461059190031
3904923,87.0,250.0,2212.0,11.301989150090415
3904924,87.0,195.0,1068.0,18.258426966292134
3904928,87.0,182.0,1383.0,13.159797541576284
3904937,95.0,70.0,1530.0,4.57516339869281
3904941,92.0,174.0,1649.0,10.55184960582171
3904943,96.0,189.0,2397.0,7.88485607008761
3904945,91.0,43.0,3015.0,1.4262023217247095
3904947,92.0,157.0,1950.0,8.051282051282051
3904953,92.0,394.0,2154.0,18.29155060352832
3904954,87.0,228.0,1427.0,15.977575332866154
3904962,87.0,194.0,1442.0,13.453536754507628
3904963,77.0,298.0,1440.0,20.694444444444443
3904965,95.0,159.0,1486.0,10.69986541049798
3904966,95.0,171.0,1618.0,10.568603213844252
3904983,92.0,239.0,2150.0,11.116279069767442
3904984,95.0,205.0,1510.0,13.57615894039735
3904985,94.0,320.0,6218.0,5.146349308459311
3904986,96.0,123.0,3344.0,3.67822966507177
3904987,97.0,346.0,2746.0,12.60014566642389
3904988,91.0,744.0,2477.0,30.036334275333065
3904989,95.0,170.0,2093.0,8.122312470138557
3904990,96.0,189.0,2004.0,9.431137724550895
3904992,94.0,550.0,4672.0,11.772260273972602
3904993,84.0,683.0,5991.0,11.400433984309798
3904995,95.0,144.0,1460.0,9.863013698630136
3904997,92.0,229.0,1971.0,11.618467782851344
3904998,93.0,176.0,2848.0,6.179775280898876
3904999,87.0,274.0,1945.0,14.087403598971724
3905000,92.0,139.0,1306.0,10.643185298621749
3905001,94.0,344.0,4080.0,8.431372549019608
3905002,93.0,238.0,4641.0,5.128205128205128
3905004,97.0,301.0,3704.0,8.12634989200864
3905005,96.0,143.0,2739.0,5.220883534136546
3905006,95.0,506.0,2181.0,23.20036680421825
3905007,98.0,308.0,4140.0,7.439613526570048
3905013,92.0,155.0,1372.0,11.29737609329446
3905016,89.0,429.0,2667.0,16.085489313835772
3905018,95.0,177.0,1606.0,11.021170610211705
3905027,92.0,46.0,1169.0,3.9349871685201023
3905028,92.0,214.0,1725.0,12.405797101449275
3905030,95.0,66.0,1350.0,4.888888888888889
3905033,92.0,223.0,1537.0,14.508783344176967
3905039,87.0,358.0,2052.0,17.446393762183234
3905041,95.0,132.0,1600.0,8.25
3905042,97.0,220.0,6107.0,3.6024234485017197
3905043,93.0,456.0,4380.0,10.41095890410959
3905044,95.0,385.0,4759.0,8.08993486026476
3905045,94.0,604.0,10790.0,5.597775718257646
3905046,92.0,91.0,1438.0,6.328233657858136
3905053,95.0,131.0,1247.0,10.505212510024055
3905056,87.0,112.0,1434.0,7.810320781032078
3905059,87.0,112.0,1610.0,6.956521739130435
3905067,95.0,97.0,1419.0,6.8357998590556734
3905069,92.0,173.0,1709.0,10.122878876535983
3905072,92.0,93.0,1678.0,5.542312276519666
3906190,85.0,668.0,3740.0,17.860962566844922
3906568,82.0,435.0,2284.0,19.04553415061296
3910000,90.0,678.0,5231.0,12.961192888549034
3910003,79.0,620.0,3278.0,18.913971934106165
3910004,95.0,54.0,1167.0,4.627249357326478
3910006,92.0,483.0,2132.0,22.654784240150093
3910009,87.0,149.0,1783.0,8.356702187324734
3910010,82.0,451.0,2623.0,17.194052611513534
3910011,82.0,419.0,2280.0,18.37719298245614
3910012,89.0,545.0,3721.0,14.646600376242947
3910014,88.0,456.0,4524.0,10.079575596816976
3910015,77.0,710.0,2780.0,25.539568345323744
3910016,87.0,159.0,1915.0,8.302872062663186
3910017,85.0,659.0,3197.0,20.61307475758524
3910018,92.0,206.0,2107.0,9.776934029425725
3910019,88.0,505.0,2672.0,18.899700598802397
3910020,92.0,286.0,2179.0,13.12528682882056
3910023,92.0,128.0,2060.0,6.213592233009709
3910024,92.0,132.0,1587.0,8.31758034026465
3910025,87.0,337.0,1851.0,18.206374932468936
3910029,94.0,294.0,4518.0,6.507304116865869
3910030,92.0,280.0,2600.0,10.76923076923077
3910032,92.0,460.0,3413.0,13.477878699091708
4000777,46.0,2086.0,8060.0,25.880893300248136
4000778,58.0,273.0,2233.0,12.225705329153604
4000783,92.0,20.0,922.0,2.1691973969631237
4000784,92.0,68.0,472.0,14.40677966101695
4000786,57.0,49.0,1400.0,3.5000000000000004
4000796,84.0,395.0,3212.0,12.29763387297634
4000800,58.0,1005.0,5099.0,19.709747009217494
4002430,87.0,431.0,2613.0,16.494450822809032
4002850,67.0,540.0,3397.0,15.89637915808066
4003000,77.0,224.0,1684.0,13.30166270783848
4003180,6.0,797.0,2847.0,27.994380049174573
4003630,73.0,1105.0,5985.0,18.462823725981615
4003810,95.0,144.0,1077.0,13.370473537604456
4004020,92.0,129.0,1241.0,10.394842868654312
4004110,92.0,136.0,1655.0,8.217522658610273
4004500,92.0,711.0,6423.0,11.069593647828118
4004630,87.0,244.0,1288.0,18.944099378881987
4004680,77.0,253.0,2043.0,12.383749388154676
4005400,87.0,209.0,1603.0,13.03805364940736
4005460,77.0,326.0,1755.0,18.575498575498575
4005490,89.0,3708.0,19084.0,19.429888912177734
4005520,92.0,354.0,1638.0,21.611721611721613
4006120,95.0,192.0,1992.0,9.63855421686747
4006870,77.0,367.0,2136.0,17.181647940074907
4007350,77.0,387.0,1434.0,26.98744769874477
4007560,77.0,568.0,2355.0,24.11889596602973
4007620,92.0,1332.0,5835.0,22.82776349614396
4007740,80.0,691.0,3858.0,17.910834629341625
4008040,82.0,390.0,1722.0,22.64808362369338
4008070,87.0,414.0,2226.0,18.598382749326145
4008370,90.0,276.0,2773.0,9.95311936530833
4008850,92.0,538.0,3305.0,16.278366111951588
4009240,92.0,350.0,1852.0,18.89848812095033
4009570,94.0,470.0,6235.0,7.538091419406576
4010290,80.0,1040.0,3486.0,29.83362019506598
4010350,87.0,522.0,3651.0,14.2974527526705
4010590,93.0,2976.0,24918.0,11.94317360943896
4010650,86.0,387.0,2714.0,14.25939572586588
4010710,95.0,389.0,2350.0,16.5531914893617
4010740,82.0,352.0,2110.0,16.682464454976305
4010920,85.0,1639.0,7864.0,20.84181078331638
4011970,51.0,273.0,1780.0,15.337078651685394
4012720,87.0,510.0,2783.0,18.325547969816743
4013530,82.0,622.0,2537.0,24.517146235711472
4013560,68.0,752.0,3412.0,22.039859320046897
4013590,60.0,330.0,3087.0,10.689990281827017
4013890,82.0,342.0,2226.0,15.363881401617252
4014520,95.0,184.0,1783.0,10.319685922602355
4015370,82.0,273.0,1244.0,21.94533762057878
4015480,92.0,147.0,1311.0,11.212814645308924
4015690,77.0,462.0,1636.0,28.23960880195599
4015720,89.0,1713.0,12286.0,13.942699006999836
4017250,81.0,3296.0,14063.0,23.437388892839365
4017880,82.0,341.0,1316.0,25.91185410334346
4018000,67.0,273.0,1432.0,19.064245810055866
4018090,92.0,255.0,1482.0,17.20647773279352
4018700,77.0,307.0,1789.0,17.160424818334267
4018840,87.0,336.0,1502.0,22.37017310252996
4019080,82.0,187.0,1429.0,13.086074177746676
4019440,77.0,621.0,2995.0,20.734557595993323
4019860,67.0,536.0,2183.0,24.553366926248284
4019950,96.0,2913.0,14379.0,20.258710619653662
4020250,85.0,4161.0,24682.0,16.858439348513084
4020880,92.0,112.0,1422.0,7.876230661040788
4020970,76.0,1527.0,5859.0,26.06246799795187
4021000,96.0,2033.0,11818.0,17.20257234726688
4021510,92.0,334.0,2210.0,15.1131221719457
4021630,80.0,760.0,2863.0,26.545581557806496
4021720,88.0,2970.0,15892.0,18.688648376541657
4022770,67.0,11078.0,37270.0,29.723638314998656
4022800,72.0,315.0,1371.0,22.975929978118163
4023040,87.0,215.0,1738.0,12.37054085155351
4023280,92.0,1015.0,9731.0,10.43058267392868
4023550,82.0,150.0,1381.0,10.861694424330196
4023970,92.0,446.0,4084.0,10.920666013712047
4024240,92.0,186.0,1525.0,12.19672131147541
4024690,93.0,925.0,4927.0,18.774101887558352
4024870,82.0,450.0,2469.0,18.226002430133654
4025200,87.0,687.0,2739.0,25.08214676889376
4025230,87.0,222.0,1402.0,15.834522111269614
4025290,81.0,4151.0,19515.0,21.27081732001025
4026790,72.0,539.0,2145.0,25.128205128205128
4026880,80.0,883.0,5124.0,17.23263075722092
4026910,86.0,917.0,3820.0,24.00523560209424
4027300,82.0,418.0,1644.0,25.42579075425791
4027390,87.0,112.0,1348.0,8.30860534124629
4027570,77.0,1148.0,4002.0,28.68565717141429
4027750,83.0,263.0,2534.0,10.378847671665351
4028650,82.0,221.0,1337.0,16.529543754674645
4028680,87.0,925.0,6333.0,14.6060318964156
4028710,82.0,368.0,1277.0,28.817541111981203
4029160,87.0,203.0,1514.0,13.408190224570674
4029380,90.0,750.0,3573.0,20.990764063811923
4029610,92.0,366.0,2163.0,16.920943134535367
4030240,75.0,12321.0,36171.0,34.06319980094551
4030420,95.0,322.0,1948.0,16.529774127310063
4030600,89.0,2914.0,15768.0,18.480466768138
4030870,82.0,170.0,871.0,19.517795637198624
4031290,67.0,330.0,1428.0,23.10924369747899
4031350,87.0,423.0,2379.0,17.78058007566204
4032070,87.0,255.0,2267.0,11.248345831495367
4032370,72.0,1351.0,3507.0,38.522954091816366
4033180,87.0,425.0,2832.0,15.007062146892656
4033480,94.0,1234.0,8779.0,14.056270645859437
4100020,87.0,704.0,2263.0,31.109147149801142
4100023,84.0,3945.0,20359.0,19.377179625718355
4100043,27.0,1.0,83.0,1.2048192771084338
4100048,75.0,775.0,2997.0,25.859192525859193
4101120,86.0,2487.0,9421.0,26.39847149984078
4101560,86.0,647.0,2723.0,23.760558207858978
4101620,77.0,397.0,1923.0,20.64482579303172
4101710,79.0,519.0,3168.0,16.382575757575758
4101920,86.0,7572.0,43130.0,17.556225365175052
4101980,82.0,4713.0,17978.0,26.21537434642341
4102040,66.0,1117.0,5468.0,20.42794440380395
4102310,72.0,658.0,1544.0,42.61658031088083
4102640,87.0,969.0,4657.0,20.807386729654283
4102780,87.0,487.0,2285.0,21.312910284463896
4102800,72.0,2078.0,6035.0,34.43247721623861
4102840,82.0,837.0,3315.0,25.248868778280546
4102940,83.0,1207.0,4778.0,25.261615738802845
4103390,62.0,419.0,1120.0,37.410714285714285
4103420,92.0,251.0,1260.0,19.92063492063492
4103480,87.0,1646.0,6787.0,24.252246942684543
4103660,65.0,1123.0,3244.0,34.61775585696671
4103720,78.0,682.0,2900.0,23.517241379310345
4103860,76.0,691.0,3114.0,22.190109184328836
4103940,76.0,2656.0,10575.0,25.115839243498815
4104500,72.0,911.0,4596.0,19.82158398607485
4104700,62.0,419.0,1677.0,24.985092426952892
4104740,74.0,4592.0,17105.0,26.845951476176555
4104950,62.0,428.0,1457.0,29.37542896362388
4105100,77.0,360.0,1345.0,26.765799256505577
4105160,80.0,1443.0,6135.0,23.52078239608802
4105610,87.0,489.0,2045.0,23.9119804400978
4105910,73.0,1373.0,6131.0,22.394389169792856
4106000,73.0,3269.0,11798.0,27.708086116290897
4106300,74.0,1383.0,5688.0,24.314345991561183
4106510,86.0,633.0,4075.0,15.533742331288344
4106740,77.0,925.0,2976.0,31.081989247311824
4106900,75.0,1348.0,4934.0,27.32063234698014
4106930,82.0,338.0,1680.0,20.11904761904762
4107020,79.0,1489.0,6463.0,23.038836453659293
4107080,63.0,993.0,3002.0,33.077948034643576
4107200,87.0,550.0,2523.0,21.79944510503369
4107230,93.0,781.0,7006.0,11.147587781901228
4107380,77.0,1306.0,4264.0,30.628517823639772
4107500,82.0,1874.0,5515.0,33.98005439709882
4108010,91.0,1286.0,6813.0,18.87567884925877
4108040,81.0,3557.0,14232.0,24.992973580663293
4108100,59.0,3448.0,4460.0,77.30941704035874
4108160,82.0,455.0,1739.0,26.164462334675097
4108310,77.0,794.0,2735.0,29.031078610603288
4108520,82.0,525.0,2202.0,23.841961852861036
4108720,84.0,1058.0,5031.0,21.02961637845359
4108820,55.0,1339.0,4314.0,31.03847936949467
4108830,85.0,3315.0,17106.0,19.379165205191164
4108880,82.0,409.0,1901.0,21.5149921094161
4109270,87.0,399.0,2365.0,16.871035940803385
4109330,85.0,1806.0,7562.0,23.88257074847924
4109480,79.0,967.0,3206.0,30.1621958827199
4109510,81.0,807.0,3166.0,25.48957675300063
4109600,87.0,330.0,1634.0,20.195838433292536
4109630,77.0,749.0,2594.0,28.87432536622976
4110040,80.0,10180.0,46933.0,21.69049496090171
4110350,83.0,2318.0,7394.0,31.34974303489316
4110520,68.0,3915.0,11159.0,35.08378886997043
4110710,62.0,1731.0,6004.0,28.830779480346436
4110820,77.0,13860.0,41779.0,33.17456138251275
4110890,82.0,1034.0,4395.0,23.52673492605233
4110980,92.0,433.0,2344.0,18.47269624573379
4111100,72.0,492.0,1585.0,31.041009463722396
4111290,97.0,783.0,5341.0,14.660175997004307
4111450,90.0,861.0,3997.0,21.541155866900176
4111490,87.0,248.0,1062.0,23.35216572504708
4111580,76.0,582.0,2188.0,26.599634369287017
4111610,77.0,515.0,1484.0,34.703504043126685
4111670,73.0,3272.0,10623.0,30.801091970253225
4111720,74.0,842.0,3013.0,27.94556920013276
4111940,82.0,359.0,1309.0,27.42551566080978
4111970,72.0,724.0,2316.0,31.26079447322971
4112240,87.0,3017.0,12810.0,23.55191256830601
4112320,82.0,494.0,2166.0,22.807017543859647
4112600,82.0,379.0,1346.0,28.157503714710252
4113170,95.0,1881.0,9933.0,18.93687707641196
4113490,67.0,480.0,1408.0,34.090909090909086
4113530,89.0,1657.0,5642.0,29.369018078695497
4200013,87.0,281.0,1220.0,23.0327868852459
4200036,92.0,164.0,610.0,26.885245901639344
4200038,87.0,176.0,595.0,29.57983193277311
4200051,95.0,47.0,1354.0,3.471196454948301
4200053,92.0,264.0,619.0,42.64943457189014
4200061,95.0,122.0,712.0,17.134831460674157
4200071,50.0,1710.0,9676.0,17.67259198015709
4200074,99.0,394.0,2430.0,16.213991769547327
4200075,95.0,93.0,709.0,13.117066290550069
4200076,92.0,371.0,1558.0,23.812580231065468
4200077,95.0,61.0,1168.0,5.222602739726027
4200079,92.0,288.0,1162.0,24.78485370051635
4200088,78.0,93.0,2154.0,4.3175487465181055
4200091,54.0,11.0,1041.0,1.0566762728146013
4200094,95.0,99.0,580.0,17.06896551724138
4200099,95.0,183.0,627.0,29.1866028708134
4200107,95.0,330.0,621.0,53.14009661835749
4200115,57.0,265.0,556.0,47.66187050359712
4200119,66.0,1010.0,8592.0,11.75512104283054
4200125,62.0,178.0,847.0,21.01534828807556
4200127,76.0,222.0,2594.0,8.558211256746338
4200128,52.0,178.0,447.0,39.821029082774054
4200140,49.0,2277.0,6022.0,37.81135835270674
4200143,95.0,211.0,731.0,28.864569083447332
4200144,87.0,310.0,1310.0,23.66412213740458
4200145,92.0,175.0,775.0,22.58064516129032
4200824,92.0,252.0,2351.0,10.718843045512548
4200843,69.0,1447.0,1984.0,72.93346774193549
4200848,52.0,270.0,439.0,61.50341685649203
4200851,83.0,527.0,1507.0,34.9701393497014
4200856,72.0,332.0,608.0,54.60526315789473
4200882,42.0,124.0,136.0,91.17647058823528
4200886,87.0,124.0,526.0,23.574144486692013
4202010,94.0,304.0,3370.0,9.020771513353116
4202040,92.0,899.0,8158.0,11.019857808286345
4202100,92.0,878.0,3563.0,24.6421554869492
4202280,72.0,3795.0,15910.0,23.85292269013199
4202340,85.0,1075.0,7608.0,14.129863301787593
4202400,98.0,156.0,4561.0,3.420302565226923
4202440,87.0,437.0,2405.0,18.170478170478173
4202490,92.0,130.0,1438.0,9.040333796940194
4202590,88.0,805.0,5064.0,15.89652448657188
4202600,95.0,95.0,337.0,28.18991097922849
4202670,87.0,263.0,2059.0,12.773190869354057
4202790,94.0,408.0,5019.0,8.12910938433951
4202850,98.0,239.0,4575.0,5.224043715846995
4202910,95.0,109.0,1637.0,6.658521686010996
4202970,90.0,296.0,4180.0,7.081339712918661
4203000,84.0,268.0,2813.0,9.527195165303946
4203120,92.0,164.0,2019.0,8.122833085685983
4203180,92.0,242.0,1763.0,13.726602382302891
4203210,92.0,632.0,2427.0,26.040379068809223
4203240,91.0,226.0,2697.0,8.379681127178348
4203330,79.0,1130.0,6505.0,17.371252882398156
4203450,92.0,143.0,1947.0,7.344632768361582
4203480,87.0,579.0,2810.0,20.604982206405698
4203510,97.0,201.0,4010.0,5.012468827930175
4203570,81.0,1703.0,13620.0,12.50367107195301
4203630,82.0,396.0,1701.0,23.28042328042328
4203660,94.0,197.0,2538.0,7.762017336485422
4203688,96.0,227.0,2365.0,9.59830866807611
4203750,92.0,256.0,1514.0,16.90885072655218
4203840,95.0,144.0,1505.0,9.56810631229236
4203870,88.0,249.0,2591.0,9.610189116171362
4203960,94.0,462.0,6881.0,6.714140386571719
4204020,87.0,402.0,2551.0,15.758526068208544
4204050,92.0,79.0,1397.0,5.654974946313529
4204080,82.0,523.0,1572.0,33.26972010178117
4204140,95.0,157.0,1201.0,13.072439633638636
4204230,86.0,732.0,6838.0,10.704884469143025
4204500,92.0,177.0,1109.0,15.960324616771867
4204530,95.0,189.0,1802.0,10.48834628190899
4204590,88.0,1087.0,6250.0,17.392
4204740,95.0,119.0,1350.0,8.814814814814815
4204860,92.0,64.0,1296.0,4.938271604938271
4204890,94.0,445.0,5262.0,8.45686050931205
4204980,92.0,422.0,1581.0,26.691967109424414
4205010,89.0,524.0,5007.0,10.465348512083084
4205040,92.0,156.0,1345.0,11.598513011152416
4205160,92.0,192.0,1494.0,12.851405622489958
4205190,93.0,487.0,5479.0,8.88848329987224
4205310,96.0,1110.0,18701.0,5.935511469974868
4205340,95.0,218.0,1650.0,13.212121212121213
4205370,92.0,99.0,1751.0,5.653912050256996
4205400,86.0,1413.0,11343.0,12.457021951864586
4205430,92.0,441.0,1717.0,25.684333139196276
4205460,94.0,290.0,2805.0,10.338680926916222
4205490,94.0,502.0,5695.0,8.814749780509219
4205550,84.0,1061.0,9157.0,11.586764224090858
4205640,87.0,276.0,1508.0,18.30238726790451
4205700,97.0,204.0,3293.0,6.194959003947767
4205730,95.0,182.0,1156.0,15.7439446366782
4205760,87.0,540.0,4550.0,11.868131868131869
4205860,36.0,1675.0,3048.0,54.95406824146981
4205880,92.0,232.0,1432.0,16.201117318435752
4205910,84.0,561.0,3197.0,17.547700969659054
4206150,87.0,334.0,2217.0,15.065403698691926
4206240,84.0,2825.0,6023.0,46.903536443632746
4206270,93.0,213.0,3073.0,6.931337455255451
4206360,77.0,272.0,1285.0,21.167315175097276
4206365,95.0,86.0,646.0,13.312693498452012
4206480,93.0,315.0,4214.0,7.475083056478406
4206550,90.0,326.0,3834.0,8.502869066249348
4206590,87.0,144.0,1673.0,8.607292289300657
4206660,79.0,1148.0,4078.0,28.151054438450217
4206780,93.0,230.0,2608.0,8.819018404907975
4206840,88.0,408.0,4797.0,8.505315822388994
4206860,87.0,271.0,2005.0,13.516209476309228
4206960,97.0,893.0,10977.0,8.135191764598707
4207080,91.0,630.0,3604.0,17.48057713651498
4207110,95.0,656.0,8937.0,7.340270784379547
4207200,94.0,799.0,2625.0,30.438095238095237
4207230,93.0,552.0,6271.0,8.802423855844363
4207290,92.0,742.0,3362.0,22.070196311719215
4207320,95.0,133.0,2287.0,5.815478793178837
4207385,98.0,266.0,1068.0,24.9063670411985
4207530,91.0,467.0,4574.0,10.20988194140796
4207540,92.0,213.0,1912.0,11.140167364016737
4207560,92.0,264.0,1981.0,13.326602725896011
4207590,96.0,284.0,3391.0,8.375110586847539
4207650,89.0,342.0,2994.0,11.422845691382763
4207680,85.0,326.0,3296.0,9.890776699029129
4207710,97.0,2282.0,12791.0,17.840669220545696
4207830,89.0,438.0,3490.0,12.550143266475644
4207980,92.0,285.0,1512.0,18.849206349206348
4208060,87.0,466.0,1566.0,29.757343550446997
4208460,92.0,180.0,2425.0,7.422680412371134
4208490,95.0,128.0,1661.0,7.706201083684528
4208550,93.0,613.0,7965.0,7.696170747018205
4208580,89.0,255.0,2637.0,9.670079635949945
4208670,83.0,1177.0,6635.0,17.739261492087415
4208790,92.0,101.0,2506.0,4.030327214684756
4208820,92.0,268.0,3125.0,8.576
4208850,88.0,800.0,8537.0,9.37097340986295
4209090,95.0,321.0,2317.0,13.854121709106604
4209120,91.0,354.0,3798.0,9.320695102685624
4209240,95.0,296.0,1663.0,17.799158147925436
4209270,88.0,362.0,4144.0,8.735521235521237
4209300,74.0,2977.0,10832.0,27.48338257016248
4209480,90.0,340.0,3912.0,8.69120654396728
4209570,95.0,84.0,1691.0,4.967474866942637
4209600,92.0,184.0,1423.0,12.9304286718201
4209780,95.0,202.0,2469.0,8.181449979748887
4209940,95.0,213.0,1817.0,11.722619702806824
4209990,95.0,214.0,2151.0,9.9488609948861
4210070,98.0,409.0,4001.0,10.222444388902774
4210110,92.0,252.0,1965.0,12.82442748091603
4210200,92.0,265.0,1946.0,13.617677286742037
4210230,96.0,113.0,3430.0,3.2944606413994166
4210380,92.0,180.0,1355.0,13.284132841328416
4210440,95.0,149.0,1878.0,7.933972310969116
4210590,97.0,168.0,4727.0,3.5540511952612652
4210620,89.0,403.0,3284.0,12.271619975639464
4210650,92.0,190.0,2159.0,8.800370541917554
4210710,95.0,297.0,2996.0,9.913217623497998
4210740,92.0,171.0,1660.0,10.301204819277109
4210860,89.0,426.0,4189.0,10.16949152542373
4210870,95.0,178.0,4172.0,4.266538830297219
4210920,87.0,358.0,2731.0,13.1087513731234
4210950,86.0,581.0,1455.0,39.93127147766323
4210980,95.0,452.0,3772.0,11.983032873807
4211010,93.0,342.0,3052.0,11.205766710353869
4211160,95.0,206.0,1303.0,15.809669992325404
4211220,87.0,354.0,2251.0,15.72634384717903
4211340,92.0,177.0,2133.0,8.29817158931083
4211400,99.0,189.0,2841.0,6.652587117212249
4211420,87.0,579.0,1981.0,29.227662796567387
4211450,87.0,225.0,2054.0,10.95423563777994
4211490,92.0,167.0,2141.0,7.800093414292386
4211580,65.0,2818.0,6366.0,44.266415331448314
4211610,96.0,518.0,4766.0,10.868652958455728
4211670,96.0,321.0,6145.0,5.223759153783564
4211700,77.0,2501.0,11947.0,20.934125721938564
4211730,92.0,155.0,2171.0,7.139567019806541
4211760,91.0,590.0,5613.0,10.511313023338678
4211790,92.0,424.0,6548.0,6.475259621258401
4211820,92.0,227.0,2065.0,10.99273607748184
4211880,77.0,664.0,2527.0,26.27621685793431
4211940,97.0,411.0,3402.0,12.081128747795416
4212030,92.0,301.0,2150.0,14.000000000000002
4212090,95.0,144.0,1898.0,7.586933614330875
4212150,89.0,344.0,2851.0,12.065941774815856
4212170,85.0,453.0,3360.0,13.482142857142856
4212480,87.0,222.0,2409.0,9.21544209215442
4212540,87.0,375.0,2019.0,18.573551263001487
4212600,92.0,252.0,2783.0,9.05497664390945
4212690,93.0,303.0,4175.0,7.25748502994012
4212725,93.0,917.0,3994.0,22.959439158738107
4212750,92.0,167.0,1849.0,9.031909140075715
4212840,90.0,351.0,3457.0,10.153312120335553
4212930,95.0,76.0,1303.0,5.832693783576362
4213020,92.0,271.0,1789.0,15.14812744550028
4213050,92.0,424.0,1475.0,28.74576271186441
4213080,95.0,138.0,1044.0,13.218390804597702
4213110,91.0,195.0,3034.0,6.427158866183256
4213140,77.0,2557.0,11058.0,23.12353047567372
4213320,91.0,945.0,2981.0,31.700771553170075
4213390,92.0,137.0,382.0,35.86387434554974
4213440,68.0,971.0,5122.0,18.957438500585702
4213500,92.0,211.0,2345.0,8.997867803837952
4213590,95.0,109.0,1995.0,5.463659147869674
4213710,95.0,210.0,1577.0,13.316423589093215
4213770,92.0,147.0,1648.0,8.91990291262136
4213980,95.0,255.0,2030.0,12.561576354679804
4214100,95.0,372.0,3771.0,9.86475735879077
4214160,97.0,509.0,8583.0,5.930327391355004
4214190,95.0,88.0,2277.0,3.864734299516908
4214250,93.0,254.0,4752.0,5.345117845117845
4214310,92.0,188.0,1532.0,12.27154046997389
4214550,91.0,192.0,2987.0,6.427854034147974
4214580,92.0,294.0,5778.0,5.088265835929388
4214730,92.0,185.0,1309.0,14.13292589763178
4214760,92.0,61.0,2879.0,2.1187912469607504
4214790,99.0,208.0,3310.0,6.283987915407856
4214880,95.0,289.0,1569.0,18.419375398342893
4214940,83.0,1292.0,3304.0,39.10411622276029
4215030,94.0,273.0,4128.0,6.613372093023257
4215120,95.0,142.0,1180.0,12.033898305084746
4215170,87.0,268.0,1812.0,14.79028697571744
4215210,92.0,220.0,2119.0,10.382255781028787
4215240,92.0,290.0,2338.0,12.403763900769889
4215290,91.0,712.0,4938.0,14.41879303361685
4215330,92.0,433.0,6563.0,6.597592564376048
4215480,87.0,184.0,2045.0,8.99755501222494
4215540,95.0,192.0,1458.0,13.168724279835391
4215720,97.0,369.0,2881.0,12.80805275945852
4215750,87.0,227.0,1997.0,11.367050575863797
4215810,95.0,247.0,1341.0,18.419090231170767
4215830,95.0,335.0,3824.0,8.760460251046025
4215990,82.0,354.0,1551.0,22.823984526112184
4216020,92.0,352.0,1393.0,25.269203158650395
4216110,97.0,391.0,5497.0,7.112970711297072
4216170,92.0,230.0,1956.0,11.758691206543968
4216200,92.0,316.0,3761.0,8.402020739165115
4216290,77.0,511.0,2309.0,22.13079255088783
4216380,95.0,418.0,4746.0,8.807416772018541
4216410,92.0,1241.0,9075.0,13.674931129476583
4216440,95.0,137.0,1212.0,11.303630363036303
4216500,84.0,1338.0,3461.0,38.65934700953482
4216530,92.0,232.0,1379.0,16.823785351704135
4216620,92.0,976.0,3025.0,32.264462809917354
4216740,77.0,387.0,1930.0,20.05181347150259
4216860,87.0,59.0,1428.0,4.131652661064425
4216980,80.0,1252.0,7473.0,16.75364646059146
4217010,92.0,495.0,8324.0,5.9466602594906295
4217160,92.0,160.0,1660.0,9.63855421686747
4217220,95.0,214.0,4393.0,4.871386296380606
4217280,95.0,1022.0,12603.0,8.109180353883996
4217310,92.0,484.0,2981.0,16.236162361623617
4217370,89.0,485.0,5481.0,8.848750228060572
4217430,92.0,140.0,1471.0,9.517335146159075
4217520,87.0,305.0,3812.0,8.001049317943338
4217640,87.0,218.0,2260.0,9.646017699115044
4217670,95.0,190.0,1568.0,12.11734693877551
4217730,92.0,273.0,2129.0,12.822921559417566
4217760,94.0,305.0,3188.0,9.567126725219572
4217850,95.0,113.0,2099.0,5.383515959980943
4217880,95.0,242.0,1399.0,17.29807005003574
4217940,95.0,404.0,5289.0,7.638494989601059
4218030,89.0,248.0,2327.0,10.65749892565535
4218090,92.0,243.0,1985.0,12.241813602015112
4218150,95.0,115.0,1635.0,7.033639143730887
4218270,96.0,297.0,5422.0,5.477683511619329
4218300,92.0,547.0,3738.0,14.633493846976997
4218330,95.0,86.0,1516.0,5.672823218997362
4218360,92.0,145.0,1695.0,8.55457227138643
4218390,93.0,339.0,3570.0,9.495798319327733
4218450,87.0,348.0,1686.0,20.640569395017792
4218510,95.0,691.0,9420.0,7.335456475583864
4218570,87.0,172.0,1628.0,10.565110565110563
4218580,96.0,298.0,3422.0,8.708357685563998
4218590,83.0,759.0,3199.0,23.72616442638325
4218630,90.0,521.0,5266.0,9.893657424990506
4218660,98.0,357.0,3829.0,9.323583180987203
4218740,96.0,277.0,2777.0,9.974792942023766
4218750,93.0,580.0,7182.0,8.07574491785018
4218810,92.0,173.0,1520.0,11.38157894736842
4218840,95.0,968.0,10034.0,9.64719952162647
4218900,87.0,125.0,1487.0,8.406186953597848
4218930,97.0,250.0,5510.0,4.537205081669692
4218960,99.0,372.0,4045.0,9.19653893695921
4218990,63.0,31398.0,130231.0,24.109467023980464
4219020,92.0,403.0,1729.0,23.308270676691727
4219050,92.0,273.0,3918.0,6.967840735068913
4219140,87.0,174.0,1702.0,10.223266745005876
4219170,79.0,8325.0,23142.0,35.97355457609541
4219200,88.0,1079.0,3287.0,32.826285366595684
4219290,88.0,897.0,4598.0,19.508481948673335
4219350,96.0,392.0,3724.0,10.526315789473683
4219470,93.0,240.0,4984.0,4.815409309791333
4219500,93.0,2716.0,8903.0,30.50657081882511
4219650,93.0,363.0,3195.0,11.36150234741784
4219680,66.0,720.0,3188.0,22.58469259723965
4219710,86.0,649.0,2632.0,24.6580547112462
4219800,92.0,336.0,2093.0,16.05351170568562
4219860,95.0,108.0,1912.0,5.648535564853557
4219890,93.0,562.0,5153.0,10.906268193285465
4219920,98.0,293.0,3661.0,8.003277792952746
4220040,67.0,4036.0,17462.0,23.113045470163783
4220100,91.0,457.0,5177.0,8.827506277767046
4220220,95.0,173.0,1105.0,15.656108597285067
4220250,95.0,98.0,1536.0,6.380208333333333
4220370,90.0,747.0,5456.0,13.691348973607036
4220400,94.0,752.0,2825.0,26.61946902654867
4220550,96.0,223.0,3870.0,5.762273901808785
4220580,94.0,180.0,3240.0,5.555555555555555
4220640,92.0,191.0,2045.0,9.339853300733497
4220730,92.0,120.0,1571.0,7.638446849140674
4220910,95.0,97.0,1185.0,8.185654008438819
4220970,92.0,104.0,2062.0,5.04364694471387
4221090,79.0,3296.0,9870.0,33.394123606889565
4221120,87.0,176.0,2550.0,6.901960784313725
4221150,95.0,433.0,1912.0,22.64644351464435
4221200,92.0,389.0,4311.0,9.02342843887729
4221240,82.0,878.0,2283.0,38.45816907577749
4221330,92.0,487.0,2019.0,24.120851906884596
4221420,92.0,75.0,1199.0,6.255212677231025
4221540,77.0,502.0,3019.0,16.628022524014575
4221570,88.0,396.0,3329.0,11.895464103334334
4221660,92.0,257.0,1933.0,13.295395757889292
4221810,84.0,393.0,3550.0,11.070422535211268
4221840,92.0,361.0,2090.0,17.272727272727273
4221870,91.0,729.0,6486.0,11.23959296947271
4221910,87.0,241.0,1533.0,15.7208088714938
4221930,94.0,254.0,2273.0,11.17465904091509
4222050,92.0,137.0,2145.0,6.386946386946386
4222060,92.0,161.0,1799.0,8.949416342412452
4222170,92.0,190.0,2522.0,7.53370340999207
4222260,95.0,62.0,1355.0,4.575645756457565
4222350,95.0,186.0,3169.0,5.869359419375197
4222370,87.0,166.0,1814.0,9.151047409040794
4222380,93.0,231.0,3049.0,7.576254509675303
4222400,81.0,1761.0,4283.0,41.11604015876722
4222410,95.0,231.0,1865.0,12.386058981233244
4222440,96.0,615.0,7172.0,8.575013943112102
4222470,92.0,255.0,4107.0,6.20891161431702
4222530,95.0,140.0,1804.0,7.760532150776053
4222560,96.0,680.0,7988.0,8.512769153730595
4222590,93.0,339.0,3782.0,8.963511369645689
4222600,96.0,231.0,4062.0,5.68685376661743
4222620,92.0,123.0,2493.0,4.9338146811071
4222740,87.0,269.0,2486.0,10.82059533386967
4222770,95.0,635.0,6801.0,9.336862226143214
4222790,87.0,392.0,1424.0,27.52808988764045
4222860,88.0,640.0,4971.0,12.874673104003218
4223010,95.0,420.0,2772.0,15.151515151515152
4223040,87.0,248.0,1780.0,13.93258426966292
4223220,87.0,255.0,2098.0,12.15443279313632
4223250,82.0,168.0,1603.0,10.480349344978166
4223490,92.0,203.0,1988.0,10.211267605633804
4223550,92.0,225.0,1552.0,14.497422680412372
4223640,98.0,604.0,6900.0,8.753623188405797
4223760,91.0,435.0,3139.0,13.857916533928002
4223790,82.0,152.0,1452.0,10.46831955922865
4223820,92.0,183.0,1434.0,12.761506276150628
4223850,92.0,257.0,2296.0,11.193379790940766
4224000,89.0,357.0,3608.0,9.894678492239468
4224030,92.0,194.0,1785.0,10.868347338935576
4224150,80.0,673.0,2737.0,24.588966021191087
4224210,96.0,111.0,3994.0,2.7791687531296945
4224300,87.0,171.0,1691.0,10.112359550561797
4224320,83.0,2200.0,12180.0,18.0623973727422
4224360,87.0,122.0,1143.0,10.673665791776028
4224390,98.0,179.0,4109.0,4.356291068386469
4224480,92.0,284.0,3913.0,7.257858420649119
4224510,97.0,196.0,3098.0,6.326662362814719
4224540,92.0,282.0,3126.0,9.021113243761995
4224570,96.0,158.0,4004.0,3.9460539460539463
4224650,92.0,474.0,2404.0,19.717138103161396
4224750,93.0,563.0,2945.0,19.117147707979623
4224790,96.0,167.0,3682.0,4.535578489951114
4224820,88.0,712.0,4308.0,16.527390900649955
4224870,92.0,121.0,1524.0,7.939632545931759
4224960,97.0,342.0,4076.0,8.390578999018645
4224970,89.0,367.0,2512.0,14.609872611464969
4224990,82.0,347.0,1466.0,23.669849931787176
4225080,95.0,131.0,1333.0,9.827456864216051
4225110,90.0,513.0,4241.0,12.09620372553643
4225170,87.0,105.0,1511.0,6.949040370615486
4225200,93.0,305.0,3401.0,8.967950602763892
4225290,96.0,668.0,11925.0,5.60167714884696
4225590,96.0,161.0,2913.0,5.526948163405424
4225680,90.0,686.0,2835.0,24.19753086419753
4225740,87.0,338.0,2411.0,14.019079220240563
4225830,90.0,912.0,7736.0,11.789038262668043
4225870,92.0,221.0,524.0,42.17557251908397
4225950,89.0,1399.0,4498.0,31.10271231658515
4225980,95.0,269.0,2895.0,9.29188255613126
4226010,92.0,256.0,2120.0,12.075471698113208
4226070,92.0,316.0,1894.0,16.68426610348469
4226130,95.0,101.0,1434.0,7.043235704323571
4226250,94.0,435.0,4275.0,10.175438596491228
4226300,85.0,1935.0,7061.0,27.40405041778785
4226390,73.0,1524.0,5018.0,30.370665603826225
4226460,82.0,955.0,5002.0,19.09236305477809
4226520,87.0,237.0,1146.0,20.680628272251308
4226550,95.0,258.0,2239.0,11.523001339883878
4226580,94.0,460.0,6068.0,7.580751483190508
4226730,87.0,642.0,2269.0,28.294402820625823
4226760,95.0,121.0,1923.0,6.292251690067603
4226810,94.0,316.0,1677.0,18.843172331544427
4226820,59.0,1340.0,5694.0,23.53354408148929
4226850,94.0,262.0,2997.0,8.742075408742075
4280090,98.0,218.0,1373.0,15.877640203932994
4280220,92.0,258.0,549.0,46.99453551912568
4400003,92.0,220.0,780.0,28.205128205128204
4400004,92.0,158.0,820.0,19.26829268292683
4400030,97.0,195.0,3343.0,5.833084056236913
4400065,86.0,582.0,3184.0,18.27889447236181
4400090,82.0,284.0,2241.0,12.672913877733157
4400120,77.0,922.0,2665.0,34.59662288930582
4400150,88.0,344.0,3194.0,10.770194113963685
4400210,92.0,689.0,4722.0,14.59127488352393
4400240,86.0,2261.0,10177.0,22.216763289771052
4400270,82.0,502.0,4600.0,10.91304347826087
4400300,95.0,91.0,2482.0,3.666398066075746
4400330,86.0,1124.0,5335.0,21.068416119962514
4400360,95.0,142.0,1662.0,8.543922984356197
4400420,92.0,192.0,1266.0,15.165876777251183
4400540,92.0,722.0,3215.0,22.457231726283048
4400570,87.0,511.0,3054.0,16.73215455140799
4400630,87.0,263.0,2230.0,11.79372197309417
4400660,87.0,144.0,1309.0,11.000763941940413
4400720,82.0,640.0,2208.0,28.985507246376812
4400750,89.0,432.0,3923.0,11.01198062707112
4400780,86.0,595.0,3563.0,16.699410609037326
4400810,82.0,179.0,1716.0,10.431235431235432
4400840,79.0,2248.0,7966.0,28.21993472257093
4400870,95.0,245.0,2422.0,10.115606936416183
4400900,75.0,10387.0,23914.0,43.43480806222297
4400960,92.0,157.0,1270.0,12.36220472440945
4400990,92.0,172.0,2407.0,7.145824678022435
4401020,94.0,321.0,3091.0,10.384988676803625
4401050,87.0,314.0,1880.0,16.70212765957447
4401110,83.0,1751.0,8718.0,20.084881853636155
4401140,85.0,822.0,3552.0,23.14189189189189
4401170,82.0,398.0,3218.0,12.367930391547546
4401200,72.0,2124.0,5199.0,40.85401038661281
4500002,92.0,289.0,2335.0,12.376873661670237
4500690,84.0,439.0,2970.0,14.78114478114478
4500720,89.0,4478.0,24372.0,18.373543410471033
4500750,72.0,304.0,1183.0,25.697379543533387
4500780,90.0,1155.0,10085.0,11.45265245413981
4500810,84.0,209.0,1955.0,10.690537084398976
4500840,92.0,472.0,2581.0,18.28748547074777
4500870,85.0,356.0,2874.0,12.386917188587336
4500900,83.0,2389.0,12851.0,18.589992996653955
4500930,77.0,227.0,1371.0,16.557257476294676
4501080,82.0,380.0,2236.0,16.99463327370304
4501110,86.0,2493.0,20914.0,11.920244812087596
4501170,84.0,5294.0,34933.0,15.154724758824036
4501250,87.0,163.0,1785.0,9.131652661064424
4501440,84.0,6749.0,48514.0,13.911448241744653
4501500,83.0,1634.0,8843.0,18.477892118059483
4501530,84.0,922.0,5253.0,17.55187511897963
4501560,83.0,1241.0,7148.0,17.361499720201454
4501770,80.0,418.0,2030.0,20.591133004926107
4501830,85.0,1240.0,5701.0,21.75057007542536
4501860,88.0,1583.0,9952.0,15.906350482315112
4501920,86.0,948.0,4134.0,22.93178519593614
4501950,87.0,128.0,1686.0,7.591933570581258
4502010,89.0,3801.0,26301.0,14.451921980152846
4502070,86.0,443.0,3464.0,12.78868360277136
4502100,86.0,383.0,2759.0,13.88184124682856
4502130,82.0,3116.0,15933.0,19.556894495700742
4502190,75.0,656.0,3478.0,18.861414606095455
4502250,87.0,176.0,1231.0,14.297319252640133
4502280,86.0,1039.0,9391.0,11.063784474496858
4502310,84.0,8947.0,73117.0,12.23655237496068
4502340,82.0,1455.0,8801.0,16.532212248608115
4502400,92.0,140.0,1554.0,9.00900900900901
4502430,87.0,407.0,2261.0,18.000884564352056
4502490,82.0,6887.0,43179.0,15.949883044998725
4502520,72.0,749.0,2631.0,28.468263017863933
4502550,86.0,1516.0,10740.0,14.115456238361263
4502580,83.0,1691.0,13162.0,12.847591551435952
4502610,80.0,902.0,5726.0,15.75270695075096
4502640,78.0,597.0,3045.0,19.60591133004926
4502670,92.0,362.0,1962.0,18.450560652395513
4502700,90.0,3367.0,26419.0,12.744615617547977
4502730,78.0,1899.0,8846.0,21.467329866606377
4502760,82.0,201.0,2061.0,9.75254730713246
4502790,76.0,907.0,3485.0,26.025824964131992
4502820,91.0,1560.0,17196.0,9.071877180739708
4502970,80.0,843.0,3972.0,21.22356495468278
4503030,88.0,991.0,6018.0,16.467264872050517
4503060,84.0,1571.0,10410.0,15.091258405379444
4503150,77.0,375.0,2078.0,18.046198267564968
4503180,81.0,538.0,3625.0,14.841379310344829
4503210,85.0,971.0,6517.0,14.89949363203928
4503330,84.0,2501.0,16349.0,15.297571716924582
4503360,78.0,4286.0,24017.0,17.845692634383976
4503390,87.0,2690.0,26993.0,9.965546623198607
4503460,77.0,320.0,2333.0,13.716245177882556
4503480,91.0,726.0,5144.0,14.11353032659409
4503510,87.0,1111.0,10112.0,10.986946202531646
4503540,84.0,493.0,2874.0,17.153792623521223
4503570,83.0,554.0,2922.0,18.9596167008898
4503600,87.0,878.0,8470.0,10.365997638724911
4503630,89.0,1757.0,11436.0,15.363763553690102
4503660,86.0,1628.0,7419.0,21.943658174956195
4503750,76.0,607.0,4043.0,15.013603759584468
4503780,81.0,688.0,3967.0,17.34308041341064
4503810,85.0,840.0,5309.0,15.822188736108494
4503840,91.0,809.0,7870.0,10.279542566709022
4503870,83.0,2134.0,17399.0,12.265072705327892
4503900,94.0,854.0,15010.0,5.689540306462358
4503901,64.0,1680.0,17128.0,9.808500700607192
4503902,81.0,3474.0,16670.0,20.83983203359328
4503907,95.0,4.0,269.0,1.486988847583643
4503908,75.0,910.0,4518.0,20.14165559982293
4602070,88.0,592.0,4521.0,13.09444813094448
4605610,92.0,163.0,1385.0,11.768953068592056
4607950,96.0,315.0,3945.0,7.984790874524715
4608520,87.0,446.0,3507.0,12.717422298260622
4612300,32.0,10.0,251.0,3.98406374501992
4619410,92.0,360.0,1922.0,18.730489073881373
4631350,89.0,220.0,4602.0,4.780530204259017
4631710,95.0,64.0,1359.0,4.7093451066961
4635480,67.0,437.0,2562.0,17.056986729117877
4636990,92.0,105.0,1374.0,7.641921397379912
4641300,67.0,141.0,830.0,16.987951807228914
4648390,92.0,341.0,2842.0,11.99859254046446
4655260,82.0,342.0,2767.0,12.359956631731118
4659820,75.0,2814.0,13810.0,20.376538740043447
4666270,84.0,4507.0,24813.0,18.163865715552333
4666930,92.0,249.0,2360.0,10.55084745762712
4669930,82.0,362.0,2663.0,13.593691325572662
4672090,62.0,1524.0,1887.0,80.7631160572337
4676620,87.0,391.0,4086.0,9.569260890846794
4680430,95.0,183.0,2871.0,6.374085684430512
4700001,95.0,111.0,9567.0,1.160238319222327
4700060,95.0,195.0,2045.0,9.535452322738386
4700090,96.0,1165.0,6554.0,17.775404333231613
4700144,92.0,79.0,523.0,15.105162523900573
4700148,79.0,14889.0,107528.0,13.846625995089653
4700149,95.0,607.0,8528.0,7.117729831144465
4700150,89.0,466.0,2632.0,17.705167173252278
4700151,94.0,397.0,6120.0,6.486928104575164
4700152,97.0,220.0,4645.0,4.736275565123789
4700153,97.0,821.0,8481.0,9.68046220964509
4700180,91.0,1353.0,8778.0,15.413533834586463
4700240,95.0,248.0,2133.0,11.626816690107828
4700270,92.0,266.0,1781.0,14.93542953396968
4700300,94.0,1043.0,10804.0,9.653831914105886
4700330,92.0,1517.0,9900.0,15.323232323232322
4700360,93.0,553.0,4141.0,13.354262255493843
4700420,92.0,1298.0,5684.0,22.83603096410978
4700450,92.0,219.0,1896.0,11.550632911392404
4700510,91.0,1350.0,5012.0,26.93535514764565
4700570,91.0,1056.0,6274.0,16.831367548613326
4700600,95.0,403.0,2878.0,14.002779708130648
4700630,93.0,1103.0,4149.0,26.58471920944806
4700690,94.0,747.0,5787.0,12.90824261275272
4700750,92.0,875.0,4867.0,17.978220669817134
4700780,93.0,430.0,4391.0,9.792757913914826
4700850,98.0,129.0,1992.0,6.475903614457831
4700900,92.0,1043.0,7426.0,14.045246431457045
4700960,92.0,248.0,1539.0,16.114359974009098
4700990,92.0,417.0,3024.0,13.78968253968254
4701020,94.0,1246.0,8837.0,14.099807627022743
4701050,95.0,574.0,3895.0,14.736842105263156
4701080,87.0,352.0,2666.0,13.203300825206302
4701110,92.0,314.0,2600.0,12.076923076923077
4701170,93.0,477.0,3569.0,13.365088260016812
4701290,91.0,902.0,5307.0,16.996419822875446
4701400,94.0,319.0,4109.0,7.763446093940131
4701410,93.0,440.0,3841.0,11.455350169226763
4701440,97.0,594.0,3474.0,17.098445595854923
4701470,93.0,607.0,6775.0,8.959409594095941
4701500,98.0,222.0,2884.0,7.69764216366158
4701530,92.0,205.0,2040.0,10.049019607843135
4701590,87.0,7044.0,44204.0,15.935209483304677
4701650,84.0,550.0,3692.0,14.897074756229689
4701680,92.0,666.0,3599.0,18.505140316754655
4701740,97.0,1096.0,6701.0,16.355767795851364
4701770,92.0,519.0,2961.0,17.52786220871327
4701800,95.0,465.0,3988.0,11.659979939819458
4701830,94.0,324.0,2851.0,11.364433532094004
4701860,91.0,446.0,3256.0,13.6977886977887
4701980,92.0,433.0,3020.0,14.33774834437086
4702070,92.0,159.0,1374.0,11.572052401746726
4702100,95.0,1032.0,7298.0,14.140860509728691
4702130,93.0,978.0,7793.0,12.54972411138201
4702160,95.0,210.0,2013.0,10.432190760059612
4702190,96.0,1306.0,7521.0,17.364712139343172
4702220,90.0,10715.0,60700.0,17.652388797364086
4702310,98.0,560.0,3959.0,14.14498610760293
4702340,96.0,724.0,6995.0,10.35025017869907
4702400,92.0,299.0,2300.0,13.0
4702430,87.0,286.0,1702.0,16.803760282021152
4702490,95.0,526.0,3780.0,13.915343915343914
4702520,95.0,414.0,4893.0,8.461066830165542
4702550,88.0,524.0,4005.0,13.083645443196003
4702580,86.0,3008.0,12371.0,24.314930078409184
4702640,87.0,729.0,4074.0,17.8939617083947
4702670,95.0,845.0,5578.0,15.148798852635354
4702700,97.0,191.0,5331.0,3.5828174826486583
4702760,88.0,1920.0,12878.0,14.909147383134028
4702790,95.0,56.0,1357.0,4.126750184229919
4702820,93.0,869.0,5684.0,15.288529204785362
4702880,95.0,439.0,4284.0,10.247432306255837
4702910,95.0,173.0,1776.0,9.74099099099099
4702970,95.0,146.0,1993.0,7.325639739086803
4703000,90.0,1040.0,5230.0,19.88527724665392
4703030,94.0,3754.0,34812.0,10.783637826037
4703090,99.0,196.0,2925.0,6.700854700854701
4703180,80.0,15935.0,84572.0,18.84193350044932
4703240,88.0,705.0,4317.0,16.330785267546908
4703270,87.0,501.0,3347.0,14.968628622647143
4703330,92.0,428.0,3144.0,13.61323155216285
4703450,95.0,401.0,2387.0,16.79932970255551
4703480,90.0,1546.0,11370.0,13.597185576077395
4703510,91.0,460.0,4321.0,10.64568386947466
4703590,94.0,864.0,6626.0,13.0395412013281
4703600,95.0,1379.0,11251.0,12.256688294373834
4703690,96.0,4642.0,45329.0,10.240684771338437
4703720,95.0,289.0,2988.0,9.67202141900937
4703750,92.0,366.0,2225.0,16.44943820224719
4703780,90.0,2896.0,14631.0,19.79358895495865
4703870,94.0,273.0,3086.0,8.846403110823072
4703960,95.0,253.0,2066.0,12.245885769603095
4703990,95.0,1644.0,9601.0,17.123216331632122
4704020,94.0,3006.0,29434.0,10.212679214513829
4704080,97.0,1116.0,11103.0,10.05133747635774
4704200,88.0,602.0,3479.0,17.303822937625753
4704230,92.0,515.0,2406.0,21.404821280133003
4704260,92.0,106.0,1668.0,6.3549160671462825
4704290,92.0,630.0,3930.0,16.030534351145036
4704350,96.0,994.0,6569.0,15.131679098797385
4704380,93.0,1218.0,8430.0,14.448398576512457
4704440,95.0,477.0,2311.0,20.64041540458676
4704470,93.0,547.0,4197.0,13.033118894448414
4704500,92.0,361.0,4004.0,9.015984015984015
4704530,96.0,2208.0,39330.0,5.614035087719298
4704550,96.0,2556.0,18407.0,13.886021622208942
4800008,98.0,544.0,6414.0,8.481446835048331
4800009,95.0,137.0,2439.0,5.617056170561706
4800010,89.0,2298.0,19830.0,11.588502269288956
4800011,95.0,446.0,3706.0,12.034538586076632
4800016,42.0,4501.0,5810.0,77.46987951807229
4800020,77.0,235.0,915.0,25.683060109289617
4800030,97.0,1194.0,17277.0,6.910922035075534
4800055,99.0,245.0,5662.0,4.327092900035323
4800115,72.0,21.0,194.0,10.824742268041238
4800133,77.0,312.0,384.0,81.25
4800163,93.0,997.0,10812.0,9.221235664076952
4800179,95.0,649.0,5650.0,11.486725663716816
4800204,95.0,73.0,1320.0,5.53030303030303
4800209,94.0,852.0,10859.0,7.846026337600147
4800210,97.0,230.0,3410.0,6.744868035190615
4800211,99.0,912.0,35497.0,2.5692312026368427
4800235,87.0,168.0,1658.0,10.132689987937274
4800241,97.0,340.0,3929.0,8.653601425299058
4800264,92.0,280.0,5171.0,5.414813382324502
4800266,95.0,542.0,4307.0,12.58416531228233
4800271,99.0,22.0,582.0,3.7800687285223367
4800274,95.0,306.0,4942.0,6.191825171995144
4800292,95.0,844.0,9623.0,8.770653642315287
4801405,95.0,214.0,3407.0,6.281185793953625
4801440,97.0,1610.0,16132.0,9.98016364988842
4807350,91.0,1002.0,13570.0,7.383935151068534
4807440,91.0,2767.0,15865.0,17.440907658367475
4807470,95.0,165.0,1588.0,10.390428211586904
4807590,97.0,367.0,4843.0,7.577947553169523
4807710,79.0,12585.0,63933.0,19.684669888789827
4807780,99.0,282.0,5719.0,4.93093198111558
4807800,85.0,1018.0,5066.0,20.09474930911962
4807830,90.0,7528.0,45803.0,16.43560465471694
4807890,96.0,990.0,21148.0,4.6812937393606955
4808090,94.0,2296.0,24824.0,9.24911376087657
4808130,89.0,4204.0,32936.0,12.764148651931018
4808190,95.0,127.0,1324.0,9.59214501510574
4808280,95.0,299.0,4025.0,7.428571428571429
4808310,95.0,818.0,6801.0,12.0276429936774
4808340,93.0,353.0,3456.0,10.21412037037037
4808550,93.0,528.0,2545.0,20.74656188605108
4808580,92.0,286.0,1472.0,19.429347826086957
4808670,95.0,114.0,2716.0,4.197349042709867
4808700,86.0,9488.0,60328.0,15.727357114441055
4808870,94.0,334.0,3116.0,10.718870346598203
4808880,95.0,178.0,1688.0,10.545023696682463
4808910,95.0,178.0,2495.0,7.134268537074148
4808940,92.0,12162.0,80480.0,15.11182902584493
4809200,97.0,811.0,6495.0,12.486528098537336
4809360,87.0,310.0,2280.0,13.596491228070176
4809450,98.0,381.0,5391.0,7.0673344462993875
4809570,95.0,1748.0,10896.0,16.04258443465492
4809630,91.0,716.0,3571.0,20.050406048725847
4809670,83.0,4173.0,18041.0,23.13064685993016
4809720,92.0,811.0,3313.0,24.479323875641413
4809810,95.0,147.0,2263.0,6.495802032699956
4809860,95.0,1256.0,11102.0,11.313276887047378
4810200,87.0,802.0,3844.0,20.86368366285119
4810230,92.0,2827.0,23663.0,11.946921354012591
4810260,95.0,154.0,1474.0,10.44776119402985
4810710,99.0,674.0,8690.0,7.756041426927503
4810800,92.0,173.0,1690.0,10.236686390532544
4810890,97.0,349.0,2729.0,12.788567240747524
4810990,95.0,204.0,1697.0,12.02121390689452
4811190,86.0,2022.0,12345.0,16.37910085054678
4811220,87.0,208.0,1498.0,13.885180240320429
4811280,93.0,531.0,4763.0,11.148435859752256
4811310,96.0,272.0,2985.0,9.112227805695143
4811340,92.0,151.0,2037.0,7.41286205203731
4811460,95.0,56.0,1371.0,4.084609773887673
4811580,92.0,255.0,1588.0,16.05793450881612
4811610,95.0,372.0,1751.0,21.245002855511135
4811640,95.0,342.0,2704.0,12.64792899408284
4811680,92.0,5819.0,45553.0,12.774131231752026
4811700,96.0,411.0,3692.0,11.132177681473456
4811790,84.0,2160.0,16132.0,13.389536325316143
4812060,95.0,192.0,2554.0,7.517619420516837
4812120,88.0,555.0,3227.0,17.198636504493336
4812180,94.0,1205.0,12219.0,9.861690809395204
4812220,95.0,368.0,3202.0,11.492816989381636
4812390,95.0,90.0,1735.0,5.187319884726225
4812420,96.0,455.0,4061.0,11.204136912090618
4812460,95.0,171.0,1802.0,9.48945615982242
4812480,93.0,590.0,3912.0,15.081799591002046
4812640,95.0,266.0,1854.0,14.347357065803669
4812750,95.0,134.0,2184.0,6.135531135531135
4812780,94.0,463.0,6201.0,7.466537655216901
4812810,95.0,920.0,9945.0,9.250879839115134
4812990,92.0,462.0,2211.0,20.8955223880597
4813020,99.0,363.0,8357.0,4.343663994256312
4813050,95.0,3232.0,25173.0,12.83915306081913
4813110,95.0,379.0,2685.0,14.115456238361263
4813170,90.0,610.0,3912.0,15.593047034764826
4813230,94.0,944.0,7851.0,12.023945994140874
4813290,95.0,161.0,2576.0,6.25
4813320,92.0,273.0,2670.0,10.224719101123595
4813500,95.0,172.0,1513.0,11.368142762723068
4813530,90.0,470.0,3998.0,11.755877938969483
4813590,87.0,1580.0,9285.0,17.016693591814754
4813650,92.0,365.0,3559.0,10.25568980050576
4813960,99.0,190.0,2754.0,6.899055918663762
4814280,95.0,4523.0,41874.0,10.801451974972537
4814310,92.0,1159.0,6722.0,17.24189229396013
4814370,82.0,1227.0,5574.0,22.01291711517761
4814430,93.0,997.0,11515.0,8.658271819366044
4814520,87.0,246.0,1535.0,16.026058631921824
4814670,93.0,572.0,3132.0,18.26309067688378
4814700,92.0,175.0,1536.0,11.393229166666668
4814730,95.0,2604.0,23089.0,11.278097795487028
4814820,95.0,177.0,1514.0,11.690885072655217
4814850,95.0,189.0,2259.0,8.366533864541832
4814970,92.0,346.0,2335.0,14.817987152034265
4815000,93.0,5511.0,61522.0,8.957771203797016
4815180,98.0,428.0,6286.0,6.808781419026408
4815210,98.0,617.0,12622.0,4.888290286800824
4815240,93.0,1259.0,7584.0,16.60073839662447
4815270,89.0,7713.0,38022.0,20.285624112356004
4815330,93.0,726.0,5633.0,12.888336587963783
4815400,87.0,178.0,1383.0,12.8705712219812
4815510,98.0,332.0,4045.0,8.207663782447467
4815750,89.0,800.0,6118.0,13.076168682576006
4815910,93.0,2338.0,15194.0,15.387653020929315
4815930,92.0,398.0,1967.0,20.23385866802237
4815960,95.0,254.0,1480.0,17.16216216216216
4816110,93.0,11584.0,116349.0,9.956252309860847
4816200,95.0,191.0,1773.0,10.7727016356458
4816230,87.0,20865.0,153815.0,13.564996911874657
4816410,96.0,762.0,5181.0,14.707585408222352
4816500,96.0,252.0,3330.0,7.567567567567568
4816530,88.0,1422.0,12620.0,11.267828843106182
4816620,90.0,2300.0,11151.0,20.62595282934266
4816710,92.0,691.0,4661.0,14.825144818708432
4816740,95.0,2648.0,28622.0,9.251624624414786
4816770,95.0,119.0,1683.0,7.07070707070707
4816860,91.0,1421.0,9230.0,15.395449620801733
4816950,92.0,219.0,2008.0,10.906374501992032
4817040,95.0,261.0,1692.0,15.425531914893616
4817070,86.0,1635.0,10829.0,15.098347031120142
4817390,85.0,2794.0,14757.0,18.933387544893947
4817610,98.0,357.0,4319.0,8.26580226904376
4817640,92.0,2627.0,12862.0,20.424506297620898
4817700,95.0,2340.0,18845.0,12.417086760413904
4817730,92.0,2743.0,14415.0,19.028789455428377
4817760,98.0,449.0,8057.0,5.57279384386248
4817850,90.0,2044.0,9979.0,20.4830143300932
4818000,82.0,6872.0,31017.0,22.15559209465777
4818060,91.0,887.0,5189.0,17.093852380034686
4818150,87.0,2633.0,9400.0,28.010638297872344
4818180,88.0,4452.0,33187.0,13.414891373128032
4818210,95.0,255.0,1578.0,16.159695817490494
4818280,97.0,453.0,3674.0,12.329885683179096
4818300,84.0,8447.0,58251.0,14.501038608779249
4818360,91.0,686.0,4318.0,15.886984715145902
4818540,95.0,684.0,5832.0,11.728395061728394
4818720,95.0,109.0,1557.0,7.000642260757868
4818810,94.0,808.0,5834.0,13.849845731916352
4818900,87.0,268.0,2281.0,11.749232792634809
4818940,95.0,150.0,1815.0,8.264462809917356
4819080,92.0,108.0,1639.0,6.589383770591824
4819170,95.0,261.0,2709.0,9.634551495016613
4819350,92.0,558.0,4021.0,13.877144988808752
4819380,89.0,849.0,5904.0,14.380081300813009
4819560,97.0,852.0,10057.0,8.47171124589838
4819650,95.0,4917.0,75177.0,6.540564268326748
4819700,86.0,15463.0,85795.0,18.023194824873244
4819830,97.0,968.0,9688.0,9.991742361684558
4819840,96.0,352.0,3271.0,10.761235096300826
4819950,97.0,391.0,6071.0,6.44045462032614
4820010,98.0,2979.0,57657.0,5.166762058379729
4820160,95.0,102.0,1608.0,6.343283582089552
4820190,92.0,618.0,2481.0,24.9093107617896
4820220,92.0,425.0,3081.0,13.79422265498215
4820250,89.0,2313.0,22596.0,10.236325013276684
4820280,85.0,1499.0,6897.0,21.73408728432652
4820340,92.0,5847.0,55245.0,10.58376323649199
4820500,95.0,454.0,2789.0,16.2782359268555
4820600,96.0,1280.0,11527.0,11.104363667910125
4820640,95.0,191.0,1905.0,10.026246719160104
4820700,92.0,304.0,2446.0,12.428454619787408
4820760,92.0,267.0,1785.0,14.957983193277313
4820850,95.0,88.0,1806.0,4.87264673311185
4820960,92.0,225.0,2010.0,11.194029850746269
4821060,92.0,340.0,2847.0,11.94239550403934
4821150,90.0,3704.0,23648.0,15.663058186738835
4821360,95.0,266.0,2368.0,11.233108108108109
4821390,93.0,1209.0,7135.0,16.944639103013316
4821420,90.0,4873.0,28391.0,17.163889965129794
4821450,95.0,140.0,1092.0,12.82051282051282
4821660,97.0,835.0,13300.0,6.2781954887218046
4821720,90.0,798.0,5117.0,15.595075239398083
4821750,95.0,357.0,2705.0,13.197781885397411
4821780,92.0,1136.0,4834.0,23.500206868018203
4821810,95.0,250.0,1828.0,13.676148796498904
4822170,82.0,457.0,4933.0,9.264139468883032
4822320,95.0,243.0,1932.0,12.577639751552796
4822410,95.0,182.0,2248.0,8.09608540925267
4822470,93.0,2882.0,14388.0,20.03058103975535
4822530,90.0,2248.0,18358.0,12.245342629916111
4822970,95.0,285.0,3392.0,8.402122641509434
4823010,83.0,547.0,3899.0,14.029238266222109
4823100,94.0,246.0,3180.0,7.735849056603773
4823250,98.0,279.0,6964.0,4.006318207926479
4823280,95.0,241.0,1848.0,13.041125541125542
4823430,95.0,280.0,1996.0,14.02805611222445
4823640,79.0,29231.0,211178.0,13.841877468296888
4823790,95.0,229.0,2888.0,7.929362880886427
4823820,98.0,395.0,3524.0,11.208853575482406
4823910,94.0,4008.0,41941.0,9.556281442979424
4824000,95.0,276.0,1718.0,16.065192083818395
4824030,84.0,822.0,5850.0,14.051282051282053
4824060,96.0,1943.0,23405.0,8.301644947660757
4824100,92.0,537.0,7230.0,7.427385892116183
4824180,95.0,377.0,2343.0,16.090482287665388
4824260,95.0,106.0,1820.0,5.824175824175824
4824420,92.0,3395.0,32214.0,10.53889613211647
4824590,87.0,580.0,4974.0,11.660635303578609
4824600,95.0,91.0,1687.0,5.394190871369295
4824630,92.0,379.0,2484.0,15.257648953301128
4824930,97.0,500.0,5507.0,9.079353550027236
4824990,85.0,3845.0,23007.0,16.71230495066719
4825170,94.0,4580.0,77432.0,5.91486723835107
4825200,97.0,433.0,3935.0,11.003811944091488
4825260,94.0,3155.0,34251.0,9.211409885842748
4825320,95.0,243.0,1618.0,15.018541409147096
4825500,91.0,282.0,3126.0,9.021113243761995
4825590,95.0,531.0,4741.0,11.20016874077199
4825620,95.0,442.0,4079.0,10.835989213042414
4825660,87.0,8534.0,44277.0,19.274115229125737
4825680,85.0,633.0,3373.0,18.766676549066112
4825740,93.0,5897.0,52487.0,11.23516299274106
4825980,95.0,170.0,2124.0,8.00376647834275
4826040,90.0,320.0,3289.0,9.72940103374886
4826100,92.0,189.0,1967.0,9.608540925266905
4826130,85.0,5488.0,28299.0,19.392911410297184
4826190,92.0,1163.0,7573.0,15.357190017166248
4826280,87.0,368.0,3098.0,11.878631375080698
4826310,98.0,410.0,3373.0,12.155351319300326
4826400,95.0,107.0,1477.0,7.244414353419093
4826430,98.0,357.0,3938.0,9.065515490096496
4826470,95.0,1103.0,10410.0,10.595581171950048
4826490,87.0,707.0,3339.0,21.17400419287212
4826580,93.0,3238.0,31506.0,10.27740747794071
4826610,95.0,356.0,1935.0,18.39793281653747
4826640,98.0,429.0,3338.0,12.852007189934092
4826670,99.0,729.0,7364.0,9.89951113525258
4826790,94.0,2587.0,23932.0,10.809794417516295
4827030,97.0,3063.0,39002.0,7.853443413158299
4827240,87.0,361.0,2999.0,12.037345781927309
4827300,95.0,3909.0,46776.0,8.35684966649564
4827390,92.0,408.0,2503.0,16.300439472632842
4827420,96.0,250.0,4019.0,6.220452848967405
4827450,92.0,271.0,2106.0,12.867996201329534
4827510,97.0,284.0,4082.0,6.957373836354728
4827690,98.0,547.0,3138.0,17.431485022307204
4827720,95.0,681.0,7518.0,9.058260175578612
4827780,92.0,464.0,4068.0,11.406096361848574
4827810,95.0,238.0,1794.0,13.26644370122631
4827870,90.0,1103.0,5671.0,19.44983248104391
4828110,95.0,771.0,8556.0,9.011220196353436
4828200,95.0,87.0,1763.0,4.934770277935337
4828290,94.0,1210.0,10767.0,11.238042165877218
4828380,99.0,197.0,4264.0,4.620075046904315
4828500,89.0,3956.0,28052.0,14.102381291886497
4828550,91.0,958.0,7423.0,12.90583322106965
4828620,92.0,232.0,1551.0,14.958091553836232
4828650,92.0,255.0,1693.0,15.062020082693444
4828680,96.0,320.0,3514.0,9.10643141718839
4828710,95.0,212.0,2356.0,8.998302207130731
4828740,93.0,1347.0,12989.0,10.370313342058664
4828890,86.0,1437.0,9091.0,15.806841931580683
4828920,94.0,2611.0,34862.0,7.489530147438472
4829010,94.0,423.0,4230.0,10.0
4829100,95.0,179.0,1470.0,12.17687074829932
4829160,90.0,975.0,5126.0,19.020678891923527
4829670,94.0,2850.0,23291.0,12.23648619638487
4829820,95.0,85.0,1451.0,5.85802894555479
4829850,97.0,2231.0,24304.0,9.17955892034233
4830060,99.0,544.0,5084.0,10.700236034618412
4830120,95.0,111.0,2791.0,3.977069150841992
4830250,96.0,970.0,5530.0,17.540687160940323
4830390,90.0,3260.0,40998.0,7.951607395482707
4830420,92.0,280.0,1799.0,15.56420233463035
4830570,89.0,4496.0,25708.0,17.488719464758052
4830600,91.0,584.0,8870.0,6.5839909808342725
4830640,97.0,463.0,8073.0,5.735166604731822
4830930,95.0,154.0,1628.0,9.45945945945946
4830950,97.0,531.0,3280.0,16.189024390243905
4831040,91.0,2916.0,15469.0,18.8506044346758
4831170,95.0,426.0,2327.0,18.306832831972496
4831260,97.0,981.0,8736.0,11.229395604395604
4831760,96.0,632.0,5326.0,11.866316184754035
4831770,95.0,144.0,1625.0,8.86153846153846
4832090,91.0,793.0,6243.0,12.702226493672914
4832160,95.0,142.0,1911.0,7.430664573521717
4832190,92.0,332.0,3055.0,10.867430441898527
4832280,93.0,673.0,5387.0,12.49303879710414
4832310,96.0,249.0,3228.0,7.713754646840148
4832340,95.0,161.0,1337.0,12.041884816753926
4832370,95.0,1077.0,8626.0,12.485508926501277
4832400,93.0,2450.0,15034.0,16.29639483836637
4832940,91.0,9157.0,65811.0,13.91408731063196
4833010,96.0,171.0,2595.0,6.589595375722543
4833120,94.0,16253.0,106006.0,15.332151010320173
4833180,94.0,1880.0,23124.0,8.130081300813007
4833720,95.0,311.0,1877.0,16.56899307405434
4833780,95.0,200.0,1789.0,11.179429849077698
4834050,97.0,401.0,3231.0,12.411018260600432
4834170,94.0,393.0,3574.0,10.996082820369333
4834290,94.0,502.0,3498.0,14.351057747284164
4834320,88.0,9042.0,54630.0,16.551345414607358
4834440,97.0,1179.0,21629.0,5.4510148411854455
4834470,92.0,344.0,2287.0,15.041539134236992
4834550,92.0,551.0,2688.0,20.498511904761905
4834650,95.0,181.0,2223.0,8.142150247413406
4834830,97.0,2626.0,25289.0,10.383961406144964
4834860,91.0,3913.0,31899.0,12.266842220759273
4834980,93.0,679.0,4680.0,14.50854700854701
4835010,95.0,258.0,2344.0,11.006825938566552
4835070,92.0,695.0,5505.0,12.62488646684832
4835100,95.0,4065.0,52601.0,7.727989962168019
4835130,95.0,189.0,2106.0,8.974358974358974
4835190,95.0,574.0,3581.0,16.02904216699246
4835250,92.0,188.0,2427.0,7.746188710341986
4835310,95.0,103.0,1419.0,7.258632840028188
4835400,86.0,1734.0,7733.0,22.42338031811716
4835430,94.0,438.0,5006.0,8.749500599280863
4835520,95.0,334.0,1737.0,19.228554979850315
4835570,95.0,82.0,1458.0,5.6241426611796985
4835580,92.0,140.0,1416.0,9.887005649717514
4835800,92.0,246.0,1317.0,18.678815489749432
4835850,92.0,468.0,4381.0,10.682492581602371
4835910,87.0,283.0,1905.0,14.855643044619423
4836000,99.0,615.0,12030.0,5.112219451371571
4836240,91.0,405.0,2630.0,15.399239543726235
4836360,87.0,259.0,1688.0,15.343601895734595
4836450,95.0,54.0,1561.0,3.459320948110186
4836540,87.0,429.0,2039.0,21.039725355566453
4836660,94.0,414.0,5806.0,7.13055459869101
4836970,77.0,178.0,1361.0,13.07861866274798
4837020,88.0,4685.0,39003.0,12.011896520780454
4837140,93.0,1252.0,10456.0,11.97398622800306
4837150,99.0,307.0,4245.0,7.232037691401649
4837170,92.0,256.0,1949.0,13.134940995382246
4837410,95.0,150.0,2352.0,6.377551020408164
4837440,91.0,689.0,2785.0,24.73967684021544
4837590,87.0,191.0,1536.0,12.434895833333332
4837650,97.0,943.0,16161.0,5.835034960707877
4837740,89.0,902.0,6380.0,14.13793103448276
4838080,95.0,4911.0,49065.0,10.009171507184348
4838190,95.0,278.0,2412.0,11.5257048092869
4838220,96.0,554.0,5700.0,9.719298245614034
4838360,92.0,253.0,2132.0,11.866791744840526
4838580,95.0,159.0,1863.0,8.53462157809984
4838700,89.0,2208.0,14477.0,15.251778683428888
4838730,82.0,11304.0,48940.0,23.09767061708214
4838790,91.0,1945.0,10467.0,18.582210757619183
4838820,92.0,357.0,1467.0,24.335378323108383
4838850,87.0,472.0,3795.0,12.43741765480896
4838900,82.0,1492.0,10047.0,14.850204041007268
4838970,87.0,1513.0,7750.0,19.52258064516129
4839180,89.0,299.0,2724.0,10.976505139500734
4839270,93.0,719.0,4791.0,15.007305364224589
4839480,96.0,1515.0,15652.0,9.679274214157935
4839630,92.0,293.0,2831.0,10.349699752737548
4839690,90.0,1737.0,6907.0,25.14840017373679
4839750,92.0,337.0,2894.0,11.644782308223911
4839870,95.0,97.0,1643.0,5.9038344491783326
4839930,97.0,506.0,10147.0,4.986695575046811
4839990,90.0,1595.0,9103.0,17.52169614412831
4840020,92.0,312.0,2020.0,15.445544554455443
4840080,88.0,1176.0,7140.0,16.470588235294116
4840230,95.0,365.0,2931.0,12.45308768338451
4840350,95.0,302.0,2323.0,13.00043047783039
4840550,95.0,227.0,1788.0,12.695749440715884
4840650,92.0,488.0,2685.0,18.175046554934823
4840680,78.0,1973.0,9169.0,21.518159014069145
4840710,90.0,4470.0,46517.0,9.609390115441666
4840740,92.0,758.0,4213.0,17.991929741276998
4840920,89.0,1207.0,5651.0,21.359051495310563
4840950,93.0,2762.0,13882.0,19.896268549200403
4841070,96.0,534.0,4016.0,13.296812749003983
4841100,90.0,4192.0,33429.0,12.540010170809776
4841190,95.0,161.0,1976.0,8.147773279352228
4841220,83.0,7349.0,36115.0,20.348885504637963
4841280,87.0,466.0,3580.0,13.016759776536311
4841350,93.0,368.0,3606.0,10.205213533000554
4841520,97.0,356.0,3638.0,9.785596481583289
4841820,90.0,456.0,4258.0,10.709253170502585
4841880,95.0,45.0,1813.0,2.4820739106453393
4841970,95.0,221.0,1967.0,11.2353838332486
4842030,92.0,319.0,2056.0,15.51556420233463
4842210,95.0,180.0,1828.0,9.846827133479213
4842240,95.0,154.0,1576.0,9.771573604060912
4842280,92.0,316.0,3196.0,9.887359198998748
4842300,95.0,188.0,1223.0,15.372035977105478
4842330,84.0,1758.0,8101.0,21.701024564868536
4842450,93.0,681.0,4241.0,16.057533600565904
4842480,93.0,1012.0,6845.0,14.784514243973703
4842510,86.0,2539.0,8600.0,29.523255813953487
4842960,96.0,995.0,15927.0,6.247253092233315
4843350,98.0,613.0,3849.0,15.926214601195117
4843470,91.0,2130.0,17894.0,11.903431317760145
4843650,95.0,4452.0,43264.0,10.290310650887577
4843720,87.0,1079.0,4482.0,24.074074074074073
4843800,95.0,368.0,4480.0,8.214285714285714
4843890,95.0,106.0,1599.0,6.629143214509068
4843920,98.0,340.0,2423.0,14.0321914981428
4844010,95.0,133.0,2130.0,6.244131455399061
4844110,92.0,297.0,2016.0,14.732142857142858
4844150,90.0,2527.0,14290.0,17.68369489153254
4844160,89.0,772.0,4619.0,16.713574366746048
4844280,73.0,2907.0,14797.0,19.645874163681828
4844430,97.0,655.0,7150.0,9.160839160839162
4844730,88.0,918.0,8319.0,11.034980165885324
4844800,97.0,1107.0,8091.0,13.681868743047833
4844960,91.0,2052.0,16782.0,12.2273864855202
4845090,87.0,514.0,2124.0,24.199623352165727
4845120,92.0,459.0,2104.0,21.815589353612168
4845380,95.0,263.0,2097.0,12.541726275631854
4845480,95.0,122.0,1495.0,8.160535117056856
4845540,86.0,1007.0,6821.0,14.763231197771589
4845600,91.0,411.0,4678.0,8.785805899957246
4845630,95.0,153.0,1585.0,9.652996845425868
4845720,92.0,263.0,1520.0,17.30263157894737
4845780,98.0,1505.0,13475.0,11.168831168831169
4845900,85.0,1181.0,7290.0,16.200274348422496
4845950,87.0,302.0,2405.0,12.557172557172558
4846200,95.0,105.0,1521.0,6.903353057199212
4846500,97.0,282.0,4410.0,6.394557823129252
4846530,96.0,946.0,15712.0,6.020875763747454
4846620,95.0,243.0,1617.0,15.0278293135436
4846680,90.0,4592.0,40143.0,11.439105198913884
4846710,91.0,869.0,3521.0,24.680488497585912
5100060,83.0,467.0,5209.0,8.965252447686696
5100090,90.0,1011.0,13915.0,7.265540783327344
5100120,75.0,1231.0,15802.0,7.790153145171496
5100152,86.0,353.0,2186.0,16.148215919487647
5100180,92.0,320.0,1793.0,17.84718349135527
5100210,91.0,533.0,4048.0,13.166996047430828
5100240,92.0,228.0,2281.0,9.995615957913197
5100270,85.0,1785.0,25828.0,6.911104227969646
5100300,92.0,1020.0,10256.0,9.945397815912637
5100360,89.0,912.0,9798.0,9.30802204531537
5100420,95.0,288.0,4648.0,6.196213425129088
5100450,82.0,453.0,2271.0,19.947159841479525
5100480,87.0,306.0,1632.0,18.75
5100510,89.0,707.0,2841.0,24.885603660682857
5100540,92.0,266.0,1976.0,13.461538461538462
5100600,90.0,713.0,7742.0,9.209506587445103
5100660,79.0,1021.0,4252.0,24.012229539040455
5100690,87.0,272.0,3797.0,7.163550171187779
5100750,87.0,392.0,1881.0,20.83997873471558
5100780,88.0,286.0,4510.0,6.341463414634147
5100810,90.0,2771.0,40185.0,6.895607813860893
5100840,88.0,5721.0,61291.0,9.334159990863258
5100870,95.0,208.0,1980.0,10.505050505050503
5100960,89.0,369.0,2843.0,12.979247274006331
5101050,89.0,1007.0,8189.0,12.296983758700696
5101080,92.0,223.0,1339.0,16.654219566840926
5101110,75.0,1008.0,5587.0,18.041882942545197
5101140,92.0,542.0,2141.0,25.31527323680523
5101170,82.0,760.0,4334.0,17.53576372865713
5101200,92.0,137.0,1407.0,9.737029140014217
5101260,86.0,15124.0,185956.0,8.133106756437007
5101290,97.0,108.0,2611.0,4.136346227499042
5101320,94.0,744.0,11108.0,6.697875405113432
5101350,92.0,171.0,2038.0,8.390578999018645
5101380,94.0,696.0,3590.0,19.38718662952646
5101440,87.0,675.0,7224.0,9.343853820598008
5101470,92.0,1723.0,13527.0,12.737487986988985
5101510,81.0,336.0,3442.0,9.761766414875073
5101590,87.0,290.0,2493.0,11.632571199358203
5101620,88.0,606.0,5438.0,11.143802868701728
5101650,90.0,378.0,2636.0,14.33990895295903
5101690,87.0,197.0,1589.0,12.397734424166142
5101710,93.0,507.0,3122.0,16.23959000640615
5101740,82.0,433.0,2391.0,18.10957758260142
5101770,85.0,776.0,4914.0,15.791615791615794
5101800,87.0,2998.0,18553.0,16.15911173395138
5101830,94.0,818.0,17850.0,4.582633053221288
5101860,83.0,673.0,6295.0,10.69102462271644
5101890,89.0,5198.0,51196.0,10.1531369638253
5101920,83.0,857.0,7466.0,11.478703455665684
5101980,82.0,672.0,4007.0,16.77065136011979
5102010,93.0,532.0,5494.0,9.683290862759373
5102100,91.0,627.0,4535.0,13.8257993384785
5102120,87.0,310.0,2198.0,14.10373066424022
5102190,82.0,764.0,3269.0,23.37106148669318
5102250,93.0,5932.0,80122.0,7.403709343251541
5102280,89.0,442.0,4913.0,8.996539792387544
5102310,77.0,221.0,1530.0,14.444444444444445
5102340,85.0,1179.0,8049.0,14.647782333209095
5102360,68.0,1260.0,7786.0,16.18289237092217
5102370,87.0,145.0,1777.0,8.159819921215531
5102390,84.0,391.0,3726.0,10.493827160493826
5102400,82.0,230.0,1904.0,12.079831932773107
5102430,87.0,166.0,1093.0,15.187557182067705
5102460,82.0,660.0,4322.0,15.270708005552985
5102490,87.0,175.0,1284.0,13.629283489096572
5102520,91.0,957.0,9900.0,9.666666666666666
5102580,87.0,218.0,1884.0,11.571125265392782
5102610,90.0,315.0,3244.0,9.71023427866831
5102640,88.0,4077.0,27314.0,14.926411364135609
5102670,78.0,4583.0,29705.0,15.42837906076418
5102710,92.0,197.0,1653.0,11.91772534785239
5102730,92.0,181.0,1318.0,13.732928679817904
5102790,87.0,311.0,2058.0,15.111758989310008
5102820,92.0,619.0,4837.0,12.797188339880092
5102850,96.0,411.0,3358.0,12.239428231089937
5102880,87.0,315.0,2715.0,11.60220994475138
5102910,74.0,1035.0,3648.0,28.37171052631579
5102940,88.0,1269.0,8758.0,14.48960949988582
5102980,92.0,146.0,2139.0,6.825619448340346
5103000,82.0,2505.0,13716.0,18.26334208223972
5103030,92.0,267.0,4331.0,6.164858000461787
5103060,82.0,350.0,2065.0,16.94915254237288
5103090,89.0,724.0,6345.0,11.41055949566588
5103130,88.0,10839.0,89569.0,12.101285042816151
5103150,90.0,616.0,4221.0,14.593698175787727
5103180,87.0,161.0,1612.0,9.98759305210918
5103240,66.0,4198.0,23707.0,17.707850002109083
5103300,81.0,2322.0,13609.0,17.06223822470424
5103330,92.0,950.0,14131.0,6.722808010756492
5103370,88.0,548.0,2829.0,19.37080240367621
5103390,92.0,813.0,11837.0,6.868294331333953
5103420,87.0,628.0,3828.0,16.405433646812956
5103460,93.0,383.0,3954.0,9.686393525543751
5103480,90.0,429.0,3620.0,11.850828729281767
5103510,93.0,784.0,6162.0,12.723141837065889
5103520,90.0,630.0,4443.0,14.179608372721134
5103600,82.0,341.0,2807.0,12.14820092625579
5103640,88.0,3007.0,23767.0,12.651996465687718
5103660,92.0,2684.0,29145.0,9.209126779893635
5103690,84.0,326.0,2641.0,12.34380916319576
5103710,85.0,1390.0,14362.0,9.678317783038574
5103810,82.0,1312.0,5793.0,22.6480234766097
5103840,90.0,5751.0,68306.0,8.419465347114457
5103870,89.0,1064.0,5423.0,19.620136455836253
5103900,90.0,1184.0,7262.0,16.304048471495456
5103930,82.0,374.0,3005.0,12.445923460898504
5103980,87.0,282.0,1611.0,17.50465549348231
5104020,90.0,1239.0,11947.0,10.370804386038335
5104050,80.0,616.0,4409.0,13.971422091177136
5104080,94.0,906.0,5719.0,15.841930407413884
5104110,92.0,601.0,4161.0,14.443643354962749
5104150,95.0,912.0,12844.0,7.100591715976331
5300001,92.0,773.0,4046.0,19.10528917449333
5300003,89.0,1242.0,5146.0,24.135250680139915
5300030,80.0,884.0,3437.0,25.720104742508
5300150,92.0,427.0,2827.0,15.104350902016272
5300240,91.0,1144.0,5505.0,20.781108083560397
5300300,88.0,4487.0,16779.0,26.741760534000836
5300330,94.0,631.0,3916.0,16.11338100102145
5300380,82.0,3034.0,13520.0,22.440828402366865
5300390,94.0,1736.0,21428.0,8.101549374649991
5300420,95.0,2327.0,11536.0,20.171636615811373
5300480,95.0,4260.0,19262.0,22.116083480427783
5300570,92.0,531.0,2180.0,24.357798165137616
5300660,76.0,1278.0,4858.0,26.30712227254014
5300780,92.0,1013.0,3625.0,27.944827586206895
5300810,94.0,967.0,7117.0,13.587185611915134
5300950,95.0,172.0,1070.0,16.074766355140188
5300960,95.0,151.0,1660.0,9.096385542168676
5301080,93.0,2412.0,10920.0,22.087912087912088
5301110,92.0,3588.0,13994.0,25.639559811347723
5301140,82.0,846.0,3560.0,23.764044943820224
5301170,91.0,654.0,3053.0,21.4215525712414
5301200,95.0,254.0,1360.0,18.676470588235293
5301230,90.0,1136.0,4773.0,23.80054473077729
5301320,72.0,777.0,2639.0,29.44297082228117
5301410,97.0,3419.0,13297.0,25.712566744378428
5301630,87.0,537.0,1832.0,29.312227074235807
5302070,95.0,423.0,2071.0,20.42491549975857
5302280,81.0,946.0,4165.0,22.71308523409364
5302310,86.0,1184.0,6278.0,18.85950939789742
5302370,95.0,453.0,1879.0,24.10856838744013
5302400,92.0,3642.0,20069.0,18.14739149932732
5302460,95.0,836.0,3306.0,25.287356321839084
5302490,92.0,344.0,1500.0,22.933333333333337
5302610,95.0,590.0,2570.0,22.957198443579767
5302670,97.0,3809.0,20395.0,18.67614611424369
5302700,91.0,7998.0,25583.0,31.26294805144041
5302820,91.0,6365.0,22500.0,28.28888888888889
5302850,89.0,1160.0,4723.0,24.56066059707813
5302880,95.0,653.0,3830.0,17.049608355091383
5302940,95.0,1754.0,7962.0,22.029640793770408
5303150,93.0,689.0,3769.0,18.28071106394269
5303180,92.0,193.0,1548.0,12.467700258397931
5303210,87.0,490.0,2007.0,24.41454907822621
5303540,86.0,6245.0,19471.0,32.073339838734526
5303570,95.0,459.0,1948.0,23.562628336755647
5303660,87.0,390.0,1651.0,23.62204724409449
5303750,95.0,2601.0,20852.0,12.473623633224632
5303930,83.0,4005.0,18981.0,21.10004741583689
5303960,87.0,6381.0,27607.0,23.11370304632883
5304020,92.0,378.0,1465.0,25.802047781569964
5304170,92.0,280.0,1709.0,16.38385020479813
5304200,90.0,1398.0,8808.0,15.871934604904633
5304230,98.0,3233.0,29921.0,10.805120149727616
5304260,92.0,688.0,2477.0,27.775534921275735
5304470,93.0,2145.0,6711.0,31.96244970943228
5304560,94.0,403.0,3392.0,11.880896226415096
5304620,92.0,367.0,3189.0,11.508309814989024
5304860,83.0,3441.0,11097.0,31.008380643417137
5304920,91.0,1351.0,10375.0,13.021686746987951
5304950,95.0,320.0,1966.0,16.276703967446593
5304980,96.0,392.0,4538.0,8.638166593212869
5305010,95.0,305.0,1527.0,19.97380484610347
5305130,87.0,1123.0,5493.0,20.44420171126889
5305160,95.0,203.0,1428.0,14.215686274509803
5305220,92.0,2853.0,8702.0,32.785566536428405
5305310,67.0,431.0,1863.0,23.13472893183038
5305370,95.0,568.0,3243.0,17.51464693185322
5305400,83.0,1614.0,5785.0,27.89974070872947
5305430,87.0,3074.0,15628.0,19.66982339390837
5305460,95.0,259.0,1234.0,20.98865478119935
5305610,92.0,352.0,1069.0,32.92797006548176
5305640,95.0,198.0,1413.0,14.012738853503183
5305670,77.0,280.0,1791.0,15.633724176437743
5305730,95.0,341.0,2160.0,15.787037037037038
5305760,95.0,1134.0,5996.0,18.912608405603734
5305790,81.0,425.0,2209.0,19.23947487550928
5305850,88.0,3025.0,15256.0,19.828264289459884
5305910,95.0,2298.0,22628.0,10.15555948382535
5305940,92.0,1338.0,5683.0,23.543902868203418
5306180,95.0,1742.0,9410.0,18.51222104144527
5306450,92.0,529.0,2674.0,19.78309648466717
5306480,90.0,806.0,4189.0,19.24086894246837
5306570,79.0,3562.0,18522.0,19.231184537306987
5306690,89.0,1433.0,9256.0,15.481849611063096
5306820,92.0,973.0,3823.0,25.45121632226001
5306900,95.0,564.0,2741.0,20.576431959139
5306930,95.0,443.0,2921.0,15.16603902773023
5306960,91.0,5294.0,22742.0,23.27851552194178
5307080,92.0,726.0,3003.0,24.175824175824175
5307230,82.0,3805.0,15931.0,23.884250831711757
5307320,85.0,2452.0,13414.0,18.279409572088863
5307350,92.0,563.0,3073.0,18.320859095346567
5307440,95.0,229.0,1328.0,17.24397590361446
5307470,87.0,450.0,2325.0,19.35483870967742
5307620,82.0,304.0,1762.0,17.253121452894437
5307710,86.0,9090.0,54759.0,16.600010957102942
5307740,75.0,1313.0,4236.0,30.99622285174693
5307770,81.0,819.0,3766.0,21.74721189591078
5307830,92.0,574.0,2824.0,20.325779036827196
5307900,77.0,1411.0,4277.0,32.990413841477675
5307920,93.0,1421.0,9655.0,14.717762817193163
5308020,87.0,1930.0,10009.0,19.28264561894295
5308040,96.0,915.0,7021.0,13.032331576698477
5308130,87.0,763.0,3048.0,25.03280839895013
5308160,88.0,2075.0,9538.0,21.75508492346404
5308190,92.0,532.0,1385.0,38.4115523465704
5308250,92.0,7103.0,31184.0,22.777706516162137
5308340,89.0,1031.0,4439.0,23.225951790943903
5308460,95.0,537.0,3291.0,16.317228805834095
5308550,92.0,302.0,1962.0,15.392456676860348
5308610,94.0,1762.0,9874.0,17.844845047599758
5308670,91.0,1750.0,6868.0,25.48048922539313
5308700,92.0,8917.0,29121.0,30.620514405411903
5308760,94.0,957.0,8578.0,11.15644672417813
5308970,90.0,1015.0,4075.0,24.9079754601227
5309100,87.0,1658.0,7186.0,23.072641246868912
5309180,95.0,851.0,5721.0,14.87502184932704
5309270,89.0,6815.0,23214.0,29.35728439734643
5309300,95.0,362.0,1536.0,23.567708333333336
5309360,92.0,496.0,2465.0,20.121703853955378
5309450,91.0,1547.0,5808.0,26.635674931129476
5309480,86.0,946.0,2851.0,33.1813398807436
5309540,95.0,770.0,3225.0,23.875968992248065
5309660,89.0,1796.0,7146.0,25.132941505737477
5309690,95.0,1187.0,3659.0,32.44055752937961
5309720,96.0,1208.0,5242.0,23.04463945059138
5309780,95.0,848.0,3903.0,21.726876761465537
5309810,92.0,384.0,1295.0,29.65250965250965
5310050,92.0,426.0,2323.0,18.338355574687903
5310110,85.0,4856.0,16136.0,30.09419930589985
5310140,84.0,1145.0,5709.0,20.056051847959363
5400030,92.0,519.0,2295.0,22.61437908496732
5400060,94.0,3890.0,19316.0,20.13874508179747
5400090,88.0,1669.0,3987.0,41.8610484073238
5400120,87.0,445.0,2023.0,21.99703410776075
5400150,94.0,537.0,2931.0,18.321392016376663
5400180,83.0,3064.0,12759.0,24.014421192883457
5400240,95.0,346.0,1857.0,18.632202477113623
5400300,86.0,1157.0,6464.0,17.89913366336634
5400360,92.0,252.0,1680.0,15.0
5400390,91.0,1149.0,4686.0,24.519846350832267
5400420,87.0,641.0,3171.0,20.21444339325134
5400450,90.0,688.0,4104.0,16.764132553606238
5400480,87.0,408.0,2356.0,17.31748726655348
5400510,90.0,1813.0,10725.0,16.904428904428904
5400540,94.0,932.0,4649.0,20.0473220047322
5400570,91.0,1195.0,9158.0,13.048700589648396
5400600,83.0,4410.0,25796.0,17.095673747867888
5400630,95.0,479.0,2586.0,18.522815158546017
5400660,87.0,1324.0,3460.0,38.26589595375722
5400690,91.0,2798.0,5882.0,47.568854131247875
5400720,94.0,1320.0,8081.0,16.33461205296374
5400750,96.0,903.0,4697.0,19.225037257824145
5400780,92.0,752.0,4081.0,18.426856162705217
5400810,92.0,1311.0,3090.0,42.42718446601942
5400840,90.0,2175.0,9023.0,24.105064834312312
5400870,95.0,631.0,4137.0,15.252598501329464
5400900,97.0,1322.0,3966.0,33.33333333333333
5400930,90.0,1368.0,11637.0,11.755607115235886
5400960,95.0,409.0,1804.0,22.671840354767184
5400990,95.0,360.0,2365.0,15.221987315010573
5401020,93.0,637.0,3752.0,16.977611940298505
5401050,96.0,709.0,5268.0,13.458618071374335
5401110,92.0,206.0,1145.0,17.99126637554585
5401170,86.0,819.0,4517.0,18.131503210095197
5401200,97.0,2021.0,9661.0,20.91915950729738
5401230,85.0,2688.0,12049.0,22.308905303344677
5401260,93.0,446.0,4045.0,11.025957972805934
5401320,87.0,489.0,2241.0,21.82061579651941
5401350,87.0,353.0,1540.0,22.92207792207792
5401380,92.0,396.0,2385.0,16.60377358490566
5401440,95.0,209.0,1365.0,15.311355311355312
5401470,86.0,538.0,3759.0,14.312317105613197
5401500,88.0,2240.0,7000.0,32.0
5401530,95.0,153.0,1362.0,11.233480176211454
5401560,95.0,539.0,2550.0,21.137254901960784
5401620,89.0,2458.0,12679.0,19.386386939033045
5401650,92.0,1434.0,3992.0,35.921843687374746
5500060,92.0,385.0,1572.0,24.491094147582697
5500074,95.0,156.0,916.0,17.03056768558952
5500300,95.0,173.0,1530.0,11.30718954248366
5500360,94.0,308.0,2253.0,13.670661340434975
5500390,89.0,1399.0,14907.0,9.384852753739857
5500510,95.0,597.0,2057.0,29.022848808945067
5500540,95.0,285.0,3267.0,8.723599632690542
5500720,95.0,119.0,1731.0,6.874638937030618
5500810,90.0,443.0,3032.0,14.610817941952506
5500870,92.0,129.0,1373.0,9.395484340859433
5500960,85.0,619.0,3484.0,17.766934557979333
5501050,85.0,1577.0,6690.0,23.572496263079223
5501080,95.0,161.0,1534.0,10.495436766623207
5501140,87.0,186.0,1640.0,11.341463414634148
5501260,92.0,405.0,1692.0,23.93617021276596
5501770,96.0,462.0,7185.0,6.430062630480167
5501800,95.0,208.0,1538.0,13.52405721716515
5501890,90.0,434.0,3030.0,14.323432343234323
5502160,92.0,107.0,1339.0,7.991038088125467
5502460,99.0,372.0,3090.0,12.03883495145631
5502520,92.0,67.0,1172.0,5.716723549488054
5502550,84.0,630.0,4811.0,13.094990646435251
5502670,92.0,307.0,1235.0,24.858299595141705
5502820,87.0,86.0,1377.0,6.245461147421931
5503060,92.0,598.0,2309.0,25.89865742745777
5503180,94.0,309.0,3461.0,8.928055475296157
5503210,95.0,256.0,4444.0,5.7605760576057605
5503510,98.0,271.0,3809.0,7.114728275137831
5503640,87.0,407.0,2098.0,19.399428026692085
5503660,95.0,56.0,1528.0,3.664921465968586
5503690,95.0,123.0,1253.0,9.816440542697526
5503860,95.0,118.0,1299.0,9.083910700538876
5504020,95.0,169.0,1614.0,10.47087980173482
5504050,85.0,1779.0,10440.0,17.04022988505747
5504110,95.0,136.0,1923.0,7.072282891315653
5504290,97.0,67.0,3217.0,2.0826857320484926
5504320,92.0,127.0,1653.0,7.683000604960677
5504440,95.0,205.0,1809.0,11.332227750138198
5504680,90.0,1385.0,6887.0,20.110352838681575
5504740,90.0,226.0,2748.0,8.224163027656479
5504830,85.0,443.0,4622.0,9.584595413241022
5504920,95.0,408.0,1619.0,25.20074119827054
5504960,95.0,101.0,1405.0,7.188612099644128
5505160,96.0,477.0,3909.0,12.202609363008442
5505490,96.0,78.0,1104.0,7.065217391304348
5505610,95.0,106.0,2134.0,4.967197750702906
5505670,82.0,215.0,1460.0,14.726027397260276
5505820,86.0,4544.0,20513.0,22.151806171696
5505910,97.0,94.0,2499.0,3.761504601840736
5505940,88.0,447.0,3514.0,12.720546385885031
5506000,96.0,224.0,2417.0,9.267687215556474
5506030,96.0,258.0,4622.0,5.581999134573778
5506060,92.0,170.0,1669.0,10.18573996405033
5506120,93.0,244.0,1359.0,17.954378219278883
5506180,99.0,36.0,2174.0,1.655933762649494
5506270,87.0,348.0,1750.0,19.88571428571429
5506540,95.0,97.0,3733.0,2.5984462898473075
5506600,98.0,315.0,3866.0,8.147956544231764
5506630,93.0,655.0,5807.0,11.279490270363354
5506690,97.0,644.0,5327.0,12.089356110381075
5507020,88.0,2256.0,9565.0,23.585990590695243
5507050,92.0,221.0,1928.0,11.462655601659751
5507290,95.0,284.0,3967.0,7.159062263675321
5507320,89.0,4155.0,21421.0,19.39685355492274
5507380,92.0,211.0,1824.0,11.567982456140353
5507440,95.0,79.0,1235.0,6.396761133603239
5507470,97.0,252.0,4915.0,5.127161749745676
5507530,88.0,1087.0,6547.0,16.603024285932488
5507650,94.0,178.0,1408.0,12.642045454545457
5507710,92.0,99.0,1581.0,6.261859582542694
5508160,92.0,185.0,1597.0,11.58422041327489
5508190,95.0,78.0,1355.0,5.756457564575646
5508340,92.0,92.0,1913.0,4.809200209095661
5508520,82.0,5636.0,26400.0,21.348484848484848
5508610,83.0,881.0,5060.0,17.41106719367589
5508640,95.0,209.0,1383.0,15.112075198843094
5508700,87.0,361.0,1999.0,18.05902951475738
5508820,92.0,496.0,3741.0,13.25848703555199
5508850,92.0,267.0,1461.0,18.275154004106778
5508910,75.0,139.0,2311.0,6.014712245781047
5508940,92.0,152.0,2124.0,7.1563088512241055
5509030,93.0,612.0,3556.0,17.2103487064117
5509060,98.0,331.0,4023.0,8.227690778026348
5509090,94.0,572.0,3118.0,18.34509300833868
5509130,97.0,231.0,3683.0,6.272060819983709
5509210,91.0,525.0,2346.0,22.37851662404092
5509510,95.0,921.0,6950.0,13.251798561151078
5509570,97.0,338.0,3485.0,9.6987087517934
5509600,67.0,31957.0,75641.0,42.24825160957681
5509630,92.0,158.0,712.0,22.191011235955056
5509810,92.0,372.0,3363.0,11.061552185548615
5509840,92.0,287.0,2382.0,12.048698572628044
5509960,95.0,262.0,1968.0,13.3130081300813
5509990,95.0,204.0,2394.0,8.521303258145362
5510060,97.0,275.0,4897.0,5.615683071268123
5510170,97.0,284.0,4901.0,5.794735768210569
5510320,94.0,769.0,6304.0,12.198604060913706
5510470,99.0,203.0,4410.0,4.603174603174604
5510590,92.0,326.0,2345.0,13.901918976545844
5510620,95.0,289.0,3167.0,9.12535522576571
5510740,87.0,149.0,1466.0,10.163710777626193
5510830,95.0,689.0,6315.0,10.91053048297704
5510890,97.0,432.0,5291.0,8.164808164808164
5510950,87.0,141.0,1626.0,8.671586715867159
5511010,97.0,169.0,3179.0,5.316137150047185
5511100,94.0,132.0,3838.0,3.439291297550807
5511160,95.0,143.0,1611.0,8.876474239602732
5511190,90.0,1383.0,9101.0,15.1961322931546
5511640,98.0,261.0,2994.0,8.71743486973948
5511940,94.0,225.0,2251.0,9.995557529986671
5512000,98.0,168.0,2453.0,6.848756624541378
5512060,91.0,293.0,2247.0,13.03960836671117
5512240,92.0,123.0,1290.0,9.534883720930234
5512330,98.0,398.0,3499.0,11.37467847956559
5512360,76.0,5396.0,18113.0,29.790758019102302
5512660,94.0,501.0,2829.0,17.709437963944858
5512720,96.0,270.0,2407.0,11.217282924802658
5512810,95.0,331.0,2224.0,14.883093525179856
5513020,92.0,119.0,1646.0,7.229647630619684
5513050,91.0,150.0,3222.0,4.655493482309125
5513170,94.0,526.0,5614.0,9.369433558959743
5513260,92.0,246.0,1147.0,21.44725370531822
5513290,93.0,176.0,1082.0,16.266173752310536
5513410,89.0,464.0,2814.0,16.48898365316276
5513530,92.0,175.0,2225.0,7.865168539325842
5513620,92.0,461.0,2464.0,18.709415584415584
5513650,89.0,1748.0,9367.0,18.66125760649087
5513680,95.0,114.0,1694.0,6.729634002361275
5513800,95.0,162.0,2131.0,7.602064758329423
5513950,99.0,146.0,3299.0,4.425583510154593
5514010,95.0,127.0,1555.0,8.167202572347266
5514040,90.0,527.0,3181.0,16.56711725872367
5514160,97.0,379.0,2804.0,13.516405135520683
5514250,95.0,262.0,1234.0,21.231766612641813
5514490,93.0,940.0,6732.0,13.963161021984552
5514550,94.0,335.0,3030.0,11.056105610561056
5514640,93.0,1294.0,7839.0,16.507207551983672
5514670,86.0,386.0,4298.0,8.980921358771523
5514910,92.0,47.0,2508.0,1.8740031897926632
5514940,95.0,29.0,1233.0,2.3519870235198703
5515120,87.0,263.0,1669.0,15.757938885560216
5515150,98.0,60.0,1003.0,5.982053838484546
5515330,95.0,538.0,5253.0,10.241766609556445
5515480,92.0,76.0,461.0,16.48590021691974
5515600,96.0,99.0,1108.0,8.935018050541517
5515750,95.0,471.0,3481.0,13.530594656707844
5515780,86.0,1314.0,12171.0,10.796154794182891
5515810,98.0,264.0,3956.0,6.673407482305358
5515840,92.0,293.0,2001.0,14.642678660669665
5515870,92.0,241.0,1950.0,12.35897435897436
5515900,91.0,965.0,8351.0,11.555502335049695
5515960,87.0,170.0,1367.0,12.435991221653255
5515990,89.0,831.0,7228.0,11.496956281128943
5516260,88.0,1954.0,8246.0,23.696337618239145
5516290,90.0,689.0,6316.0,10.90880303989867
5516320,95.0,169.0,3619.0,4.669798286819563
5516350,95.0,186.0,1820.0,10.21978021978022
5516620,92.0,159.0,3059.0,5.197777051323962
5516680,92.0,253.0,1883.0,13.436006372809349
5516770,91.0,159.0,1068.0,14.887640449438203
5516830,95.0,90.0,1684.0,5.344418052256532
5517070,93.0,730.0,4826.0,15.12639867384998
5517190,95.0,131.0,1337.0,9.798055347793568
5600730,82.0,82.0,4050.0,2.0246913580246915
5601030,82.0,27.0,996.0,2.710843373493976
5601420,52.0,23.0,1163.0,1.9776440240756663
5601470,83.0,140.0,8932.0,1.5673981191222568
5601980,80.0,255.0,14201.0,1.7956481937891695
5602070,92.0,28.0,2036.0,1.37524557956778
5602140,87.0,38.0,1698.0,2.237926972909305
5602760,84.0,51.0,2690.0,1.8959107806691449
5602870,87.0,44.0,1777.0,2.4760832864378166
5602990,87.0,41.0,1694.0,2.4203069657615113
5604060,88.0,39.0,2887.0,1.3508832698302735
5604230,57.0,23.0,312.0,7.371794871794872
5604510,78.0,227.0,13264.0,1.7113992762364294
5605160,92.0,33.0,1834.0,1.7993456924754636
5605220,77.0,66.0,2466.0,2.67639902676399
5605302,74.0,107.0,5548.0,1.928622927180966
5605695,89.0,51.0,3545.0,1.438645980253879
5605762,92.0,50.0,2597.0,1.9252984212552944
5605830,87.0,44.0,2874.0,1.5309672929714684
7200030,74.0,27293.0,305294.0,8.939907105937229
