LEAID,state,state_name,district_name,absent_rate,grad_rate,predicted_grad_rate,gap,enrolled,model_split
0100005,AL,Alabama,Albertville City,13.43,94.0,89.55,4.45,5444,train
0100006,AL,Alabama,Marshall County,16.29,91.0,87.78,3.22,5698,train
0100007,AL,Alabama,Hoover City,9.26,94.0,92.42,1.58,14369,train
0100008,AL,Alabama,Madison City,9.87,96.0,91.96,4.04,10804,train
0100011,AL,Alabama,Leeds City,11.89,95.0,90.25,4.75,2027,train
0100012,AL,Alabama,Boaz City,14.93,92.0,88.4,3.6,2378,train
0100013,AL,Alabama,Trussville City,6.87,97.0,93.6,3.4,4558,train
0100030,AL,Alabama,Alexander City,11.02,89.0,90.9,-1.9,3032,train
0100060,AL,Alabama,Andalusia City,15.17,95.0,88.17,6.83,1773,test
0100090,AL,Alabama,Anniston City,20.17,77.0,85.06,-8.06,1854,train
0100100,AL,Alabama,Arab City,10.3,92.0,91.31,0.69,2603,train
0100120,AL,Alabama,Athens City,11.99,89.0,90.33,-1.33,3511,train
0100180,AL,Alabama,Attalla City,33.07,92.0,76.96,15.04,1506,test
0100185,AL,Alabama,Saraland City,17.01,95.0,87.17,7.83,3086,train
0100189,AL,Alabama,Satsuma City,10.5,95.0,91.03,3.97,1457,test
0100190,AL,Alabama,Alabaster City,10.14,97.0,91.63,5.37,6064,test
0100194,AL,Alabama,Pelham City,8.67,93.0,92.38,0.62,3206,train
0100210,AL,Alabama,Auburn City,5.66,95.0,94.53,0.47,8623,test
0100240,AL,Alabama,Autauga County,19.76,89.0,85.74,3.26,9070,train
0100270,AL,Alabama,Baldwin County,17.99,88.0,87.18,0.82,31844,train
0100330,AL,Alabama,Bessemer City,23.91,77.0,82.9,-5.9,3559,train
0100360,AL,Alabama,Bibb County,31.75,88.0,77.98,10.02,3159,train
0100390,AL,Alabama,Birmingham City,29.18,79.0,80.11,-1.11,22842,train
0100420,AL,Alabama,Blount County,12.7,93.0,90.11,2.89,7774,test
0100480,AL,Alabama,Bullock County,20.94,87.0,84.5,2.5,1418,train
0100510,AL,Alabama,Butler County,19.44,83.0,85.65,-2.65,3060,train
0100540,AL,Alabama,Calhoun County,13.03,92.0,89.93,2.07,8642,train
0100600,AL,Alabama,Chambers County,14.54,82.0,88.75,-6.75,3542,train
0100630,AL,Alabama,Cherokee County,27.03,94.0,80.98,13.02,3918,train
0100660,AL,Alabama,Chilton County,17.86,87.0,86.88,0.12,7654,test
0100690,AL,Alabama,Choctaw County,17.39,82.0,86.71,-4.71,1363,test
0100720,AL,Alabama,Clarke County,14.7,93.0,88.56,4.44,2571,train
0100750,AL,Alabama,Clay County,19.66,87.0,85.39,1.61,1923,train
0100780,AL,Alabama,Cleburne County,14.78,94.0,88.51,5.49,2584,test
0100810,AL,Alabama,Coffee County,20.8,95.0,84.69,10.31,2014,train
0100840,AL,Alabama,Colbert County,9.95,93.0,91.53,1.47,2584,train
0100870,AL,Alabama,Conecuh County,11.91,82.0,90.16,-8.16,1503,train
0100930,AL,Alabama,Covington County,13.29,92.0,89.49,2.51,3116,test
0100960,AL,Alabama,Crenshaw County,22.3,92.0,83.78,8.22,2224,train
0100990,AL,Alabama,Cullman City,12.27,93.0,90.14,2.86,3251,train
0101020,AL,Alabama,Cullman County,14.29,94.0,89.17,4.83,9641,train
0101050,AL,Alabama,Dale County,16.87,97.0,87.26,9.74,3159,train
0101110,AL,Alabama,Dallas County,27.39,92.0,80.7,11.3,3180,train
0101140,AL,Alabama,DeKalb County,17.52,92.0,87.14,4.86,8878,train
0101170,AL,Alabama,Decatur City,16.19,87.0,87.96,-0.96,8849,test
0101200,AL,Alabama,Demopolis City,16.98,92.0,87.11,4.89,2309,train
0101230,AL,Alabama,Dothan City,18.25,87.0,86.68,0.32,8998,train
0101290,AL,Alabama,Elmore County,14.72,90.0,88.94,1.06,11210,test
0101320,AL,Alabama,Enterprise City,17.39,93.0,87.16,5.84,7216,train
0101350,AL,Alabama,Escambia County,23.29,92.0,83.33,8.67,4237,train
0101380,AL,Alabama,Etowah County,23.59,95.0,83.33,11.67,8460,train
0101410,AL,Alabama,Eufaula City,31.63,84.0,77.99,6.01,2520,train
0101440,AL,Alabama,Fairfield City,28.9,82.0,79.59,2.41,1699,train
0101470,AL,Alabama,Fayette County,10.76,92.0,90.99,1.01,2323,train
0101530,AL,Alabama,Florence City,18.18,95.0,86.53,8.47,4362,train
0101560,AL,Alabama,Fort Payne City,11.24,97.0,90.78,6.22,3229,train
0101590,AL,Alabama,Franklin County,14.21,91.0,88.97,2.03,3779,train
0101620,AL,Alabama,Gadsden City,24.36,84.0,82.72,1.28,5198,train
0101660,AL,Alabama,Geneva County,18.19,92.0,86.42,5.58,2996,train
0101680,AL,Alabama,Greene County,16.34,82.0,87.3,-5.3,1083,train
0101690,AL,Alabama,Guntersville City,15.47,95.0,88.0,7.0,1926,train
0101710,AL,Alabama,Hale County,15.29,91.0,88.19,2.81,2563,train
0101720,AL,Alabama,Haleyville City,16.28,92.0,87.45,4.55,1652,train
0101730,AL,Alabama,Hartselle City,13.02,96.0,89.69,6.31,3511,test
0101740,AL,Alabama,Henry County,12.76,92.0,89.76,2.24,2477,train
0101760,AL,Alabama,Homewood City,6.99,93.0,93.51,-0.51,4249,test
0101770,AL,Alabama,Houston County,18.36,94.0,86.52,7.48,6363,train
0101800,AL,Alabama,Huntsville City,17.97,88.0,87.12,0.88,23768,train
0101830,AL,Alabama,Jackson County,14.13,92.0,89.11,2.89,5293,train
0101860,AL,Alabama,Jacksonville City,19.94,87.0,85.17,1.83,1610,test
0101890,AL,Alabama,Jasper City,10.89,92.0,90.95,1.05,2727,train
0101920,AL,Alabama,Jefferson County,17.62,92.0,87.45,4.55,35962,test
0101950,AL,Alabama,Lamar County,17.28,92.0,86.93,5.07,2373,train
0102010,AL,Alabama,Lauderdale County,20.51,93.0,85.25,7.75,8255,train
0102040,AL,Alabama,Lawrence County,14.32,93.0,88.97,4.03,4792,train
0102070,AL,Alabama,Lee County,20.51,90.0,85.29,4.71,9503,train
0102100,AL,Alabama,Limestone County,20.78,90.0,85.08,4.92,8343,train
0102160,AL,Alabama,Lowndes County,18.45,82.0,86.05,-4.05,1366,train
0102190,AL,Alabama,Macon County,20.62,87.0,84.79,2.21,1935,train
0102220,AL,Alabama,Madison County,12.64,95.0,90.39,4.61,19531,test
0102310,AL,Alabama,Marion County,16.56,89.0,87.46,1.54,3219,test
0102370,AL,Alabama,Mobile County,20.1,86.0,86.01,-0.01,56216,train
0102400,AL,Alabama,Monroe County,14.58,86.0,88.7,-2.7,3319,train
0102430,AL,Alabama,Montgomery County,18.58,81.0,86.79,-5.79,29142,train
0102480,AL,Alabama,Morgan County,19.12,94.0,86.1,7.9,7751,test
0102490,AL,Alabama,Mountain Brook City,4.31,97.0,95.18,1.82,4334,train
0102520,AL,Alabama,Muscle Shoals City,8.42,96.0,92.51,3.49,2850,train
0102550,AL,Alabama,Oneonta City,10.82,92.0,90.84,1.16,1497,train
0102580,AL,Alabama,Opelika City,12.9,88.0,89.83,-1.83,4489,test
0102635,AL,Alabama,Oxford City,9.22,94.0,92.1,1.9,4076,train
0102640,AL,Alabama,Ozark City,14.85,92.0,88.41,3.59,2088,test
0102650,AL,Alabama,Pell City,22.96,90.0,83.52,6.48,3955,train
0102670,AL,Alabama,Perry County,18.37,95.0,86.09,8.91,1312,train
0102700,AL,Alabama,Phenix City,11.24,97.0,90.99,6.01,7128,test
0102730,AL,Alabama,Pickens County,7.74,98.0,92.9,5.1,2557,train
0102790,AL,Alabama,Pike County,17.1,92.0,87.02,4.98,2193,train
0102820,AL,Alabama,Randolph County,22.06,92.0,83.95,8.05,2416,train
0102850,AL,Alabama,Roanoke City,13.8,95.0,88.99,6.01,1558,train
0102880,AL,Alabama,Russell County,26.44,88.0,81.32,6.68,3502,train
0102910,AL,Alabama,Russellville City,8.84,95.0,92.21,2.79,2456,train
0102940,AL,Alabama,Scottsboro City,13.7,92.0,89.18,2.82,2519,test
0102970,AL,Alabama,Selma City,19.53,89.0,85.6,3.4,3083,test
0103030,AL,Alabama,Shelby County,12.74,95.0,90.34,4.66,20593,test
0103062,AL,Alabama,St Clair County,13.38,90.0,89.73,0.27,9247,train
0103090,AL,Alabama,Sumter County,18.9,82.0,85.8,-3.8,1540,train
0103120,AL,Alabama,Sylacauga City,18.1,95.0,86.39,8.61,2166,train
0103150,AL,Alabama,Talladega City,18.18,87.0,86.33,0.67,2019,test
0103180,AL,Alabama,Talladega County,17.92,93.0,86.84,6.16,7569,test
0103210,AL,Alabama,Tallapoosa County,16.86,93.0,87.24,5.76,2877,train
0103240,AL,Alabama,Tallassee City,23.35,92.0,83.07,8.93,1799,test
0103300,AL,Alabama,Thomasville City,13.92,92.0,88.84,3.16,1157,test
0103330,AL,Alabama,Troy City,24.31,92.0,82.48,9.52,1929,train
0103360,AL,Alabama,Tuscaloosa City,11.88,91.0,90.7,0.3,10558,train
0103390,AL,Alabama,Tuscaloosa County,13.0,87.0,90.15,-3.15,18680,train
0103420,AL,Alabama,Tuscumbia City,16.9,87.0,87.04,-0.04,1497,train
0103430,AL,Alabama,Vestavia Hills City,7.54,94.0,93.3,0.7,7226,train
0103450,AL,Alabama,Walker County,21.4,90.0,84.66,5.34,7424,train
0103480,AL,Alabama,Washington County,21.69,90.0,84.21,5.79,2651,train
0103510,AL,Alabama,Wilcox County,21.86,92.0,83.98,8.02,1679,train
0103580,AL,Alabama,Winston County,21.95,84.0,84.02,-0.02,2365,train
0200001,AK,Alaska,Lower Kuskokwim School District,42.19,61.0,71.54,-10.54,4238,train
0200003,AK,Alaska,Lower Yukon School District,53.58,62.0,64.23,-2.23,1930,test
0200006,AK,Alaska,Mount Edgecumbe High School Agency,6.05,95.0,93.48,1.52,430,train
0200020,AK,Alaska,Bering Strait School District,43.61,77.0,70.46,6.54,2002,train
0200130,AK,Alaska,Galena City School District,6.82,80.0,92.93,-12.93,337,test
0200150,AK,Alaska,Ketchikan Gateway Borough School District,24.96,82.0,82.14,-0.14,2360,train
0200180,AK,Alaska,Anchorage School District,25.87,81.0,82.36,-1.36,46269,train
0200210,AK,Alaska,Juneau Borough School District,22.07,83.0,84.13,-1.13,4753,train
0200240,AK,Alaska,Sitka School District,32.18,77.0,77.46,-0.46,1271,train
0200390,AK,Alaska,Kenai Peninsula Borough School District,33.65,85.0,77.04,7.96,8106,train
0200480,AK,Alaska,Kodiak Island Borough School District,21.15,87.0,84.5,2.5,2274,train
0200510,AK,Alaska,Matanuska-Susitna Borough School District,26.5,83.0,81.73,1.27,18801,train
0200540,AK,Alaska,Nenana City School District,61.2,37.0,58.84,-21.84,183,test
0200600,AK,Alaska,Fairbanks North Star Borough School District,29.87,78.0,79.54,-1.54,13516,train
0200610,AK,Alaska,North Slope Borough School District,43.82,67.0,70.34,-3.34,2186,train
0200625,AK,Alaska,Northwest Arctic Borough School District,54.51,77.0,63.66,13.34,2082,test
0200862,AK,Alaska,Yukon-Koyukuk School District,28.63,55.0,79.24,-24.24,248,train
0400001,AZ,Arizona,Cave Creek Unified District,14.98,94.0,88.6,5.4,5695,train
0400003,AZ,Arizona,Chino Valley Unified District,35.85,92.0,75.35,16.65,2427,train
0400053,AZ,Arizona,Heritage Academy  Inc.,7.25,95.0,92.86,2.14,703,train
0400079,AZ,Arizona,Tucson Youth Development/ACE Charter High School,61.66,22.0,58.71,-36.71,326,train
0400082,AZ,Arizona,Colorado River Union High School District,28.13,83.0,80.07,2.93,1731,train
0400107,AZ,Arizona,International Commerce Secondary Schools  Inc.,0.43,52.0,97.01,-45.01,467,test
0400112,AZ,Arizona,American Leadership Academy  Inc.,19.91,87.0,85.54,1.46,5943,train
0400149,AZ,Arizona,Kaizen Education Foundation dba El Dorado High School,71.9,52.0,52.41,-0.41,459,test
0400212,AZ,Arizona,Benson Unified School District,27.1,92.0,80.62,11.38,1225,train
0400219,AZ,Arizona,Career Success Schools,37.5,19.0,73.65,-54.65,200,train
0400241,AZ,Arizona,Paragon Management  Inc.,12.09,95.0,90.18,4.82,2474,train
0400261,AZ,Arizona,Eastpointe High School  Inc.,25.58,18.0,81.41,-63.41,684,train
0400295,AZ,Arizona,Kingman Unified School District,41.29,77.0,72.24,4.76,6939,test
0400311,AZ,Arizona,E-Institute Charter Schools  Inc.,24.8,32.0,81.82,-49.82,492,train
0400327,AZ,Arizona,Pointe Educational Services,20.38,95.0,84.81,10.19,1173,test
0400330,AZ,Arizona,Compass High School  Inc.,43.9,27.0,69.86,-42.86,426,train
0400353,AZ,Arizona,American Charter Schools Foundation d.b.a. Peoria Accelerate,91.79,28.0,40.01,-12.01,487,train
0400355,AZ,Arizona,American Charter Schools Foundation d.b.a. West Phoenix High,96.58,37.0,36.99,0.01,439,train
0400450,AZ,Arizona,Agua Fria Union High School District,25.52,93.0,82.12,10.88,8026,train
0400619,AZ,Arizona,American Charter Schools Foundation d.b.a. Alta Vista High S,23.9,87.0,82.38,4.62,498,test
0400621,AZ,Arizona,Pinnacle Education-Tempe  Inc.,74.36,42.0,50.51,-8.51,117,test
0400680,AZ,Arizona,Amphitheater Unified District,29.5,82.0,79.78,2.22,13935,train
0400790,AZ,Arizona,Apache Junction Unified District,37.94,85.0,74.15,10.85,3666,train
0400800,AZ,Arizona,The Odyssey Preparatory Academy  Inc.,16.39,95.0,87.55,7.45,3063,train
0400828,AZ,Arizona,Arizona Agribusiness & Equine Center Inc. 4,9.93,95.0,91.06,3.94,443,train
0400880,AZ,Arizona,Southwest Leadership Academy,51.35,27.0,65.14,-38.14,333,train
0401410,AZ,Arizona,Buckeye Union High School District,22.98,93.0,83.52,9.48,4165,train
0401460,AZ,Arizona,Sierra Vista Unified District,30.86,92.0,78.7,13.3,5887,train
0401600,AZ,Arizona,Camp Verde Unified District,39.5,82.0,72.95,9.05,1552,train
0401740,AZ,Arizona,Casa Grande Union High School District,24.54,83.0,82.51,0.49,3603,train
0401760,AZ,Arizona,Catalina Foothills Unified District,13.28,98.0,89.63,8.37,5209,test
0401870,AZ,Arizona,Chandler Unified District #80,13.38,92.0,90.16,1.84,46115,test
0401940,AZ,Arizona,Chinle Unified District,49.52,71.0,66.93,4.07,3742,train
0402320,AZ,Arizona,Coolidge Unified District,41.16,77.0,72.01,4.99,2233,train
0402530,AZ,Arizona,Douglas Unified District,27.67,91.0,80.58,10.42,4004,train
0402690,AZ,Arizona,Dysart Unified District,19.9,94.0,85.92,8.08,24927,train
0402860,AZ,Arizona,Flagstaff Unified District,29.59,86.0,79.63,6.37,9875,train
0402920,AZ,Arizona,Florence Unified School District,27.25,85.0,81.06,3.94,8854,train
0403010,AZ,Arizona,Flowing Wells Unified District,21.16,89.0,84.73,4.27,5473,train
0403040,AZ,Arizona,Fountain Hills Unified District,23.41,92.0,82.95,9.05,1337,train
0403290,AZ,Arizona,Ganado Unified School District,27.37,87.0,80.44,6.56,1140,test
0403400,AZ,Arizona,Gilbert Unified District,12.68,91.0,90.52,0.48,35122,train
0403450,AZ,Arizona,Glendale Union High School District,25.59,89.0,82.25,6.75,15472,test
0403500,AZ,Arizona,Globe Unified District,41.81,87.0,71.53,15.47,1698,train
0403780,AZ,Arizona,Higley Unified School District,16.81,95.0,87.66,7.34,12414,test
0403820,AZ,Arizona,Holbrook Unified District,26.5,92.0,81.13,10.87,2034,train
0403860,AZ,Arizona,Maricopa County Regional District,47.08,1.0,68.02,-67.02,718,test
0403870,AZ,Arizona,Humboldt Unified District,21.83,89.0,84.32,4.68,5671,train
0403990,AZ,Arizona,J O Combs Unified School District,25.26,91.0,82.14,8.86,4739,test
0404060,AZ,Arizona,Kayenta Unified School District #27,54.37,82.0,63.72,18.28,1832,train
0404280,AZ,Arizona,Lake Havasu Unified District,22.56,91.0,83.86,7.14,5527,train
0404630,AZ,Arizona,Marana Unified District,28.34,85.0,80.46,4.54,12002,train
0404720,AZ,Arizona,Maricopa Unified School District,26.38,76.0,81.53,-5.53,6834,train
0404970,AZ,Arizona,Mesa Unified District,19.99,79.0,86.12,-7.12,63345,train
0405070,AZ,Arizona,Mingus Union High School District,26.97,80.0,80.71,-0.71,1231,train
0405530,AZ,Arizona,Nogales Unified District,21.82,92.0,84.34,7.66,5881,train
0405820,AZ,Arizona,Page Unified District,42.57,82.0,71.18,10.82,2727,train
0405930,AZ,Arizona,Paradise Valley Unified District,19.34,88.0,86.34,1.66,32162,train
0405980,AZ,Arizona,Parker Unified School District,42.91,77.0,70.88,6.12,1911,train
0406070,AZ,Arizona,Payson Unified District,41.31,72.0,71.91,0.09,2174,train
0406250,AZ,Arizona,Peoria Unified School District,15.62,95.0,88.71,6.29,37867,train
0406330,AZ,Arizona,Phoenix Union High School District,49.09,82.0,67.73,14.27,27353,test
0406580,AZ,Arizona,Blue Ridge Unified School District No. 32,35.75,82.0,75.38,6.62,2176,test
0406730,AZ,Arizona,Prescott Unified District,23.5,84.0,83.18,0.82,3902,train
0406810,AZ,Arizona,Queen Creek Unified District,18.0,94.0,86.79,7.21,7574,train
0406960,AZ,Arizona,San Carlos Unified District,67.94,62.0,55.2,6.8,1566,train
0407130,AZ,Arizona,Round Valley Unified District,30.68,77.0,78.41,-1.41,1330,train
0407170,AZ,Arizona,Saddle Mountain Unified School District,25.16,95.0,81.92,13.08,1697,train
0407240,AZ,Arizona,Safford Unified District,22.09,83.0,83.99,-0.99,3020,train
0407300,AZ,Arizona,Sahuarita Unified District,18.45,86.0,86.47,-0.47,6563,train
0407520,AZ,Arizona,Santa Cruz Valley Unified District,26.5,95.0,81.27,13.73,3374,train
0407530,AZ,Arizona,Santa Cruz Valley Union High School District,39.73,82.0,72.47,9.53,443,test
0407570,AZ,Arizona,Scottsdale Unified District,18.03,90.0,87.07,2.93,23231,train
0407700,AZ,Arizona,Show Low Unified District,26.27,82.0,81.34,0.66,2490,train
0407750,AZ,Arizona,Deer Valley Unified District,16.23,95.0,88.3,6.7,34467,train
0407820,AZ,Arizona,Snowflake Unified District,22.37,92.0,83.77,8.23,2570,train
0408170,AZ,Arizona,Sunnyside Unified District,30.98,78.0,78.89,-0.89,16016,train
0408280,AZ,Arizona,Tanque Verde Unified District,19.44,95.0,85.55,9.45,2119,train
0408340,AZ,Arizona,Tempe Union High School District,22.05,88.0,84.43,3.57,14003,train
0408520,AZ,Arizona,Tolleson Union High School District,45.79,90.0,69.57,20.43,11833,train
0408680,AZ,Arizona,Tuba City Unified School District #15,49.55,72.0,66.7,5.3,1685,train
0408800,AZ,Arizona,Tucson Unified District,39.48,85.0,73.87,11.13,46234,train
0408850,AZ,Arizona,Vail Unified School District,18.48,90.0,86.63,3.37,12896,train
0409160,AZ,Arizona,Whiteriver Unified District,49.17,67.0,67.01,-0.01,2229,train
0409190,AZ,Arizona,Wickenburg Unified District,26.77,77.0,80.87,-3.87,1438,test
0409430,AZ,Arizona,Window Rock Unified District,54.49,72.0,63.64,8.36,1806,train
0409460,AZ,Arizona,Winslow Unified District,21.22,82.0,84.44,-2.44,2074,train
0409630,AZ,Arizona,Yuma Union High School District,21.49,92.0,84.72,7.28,11272,train
0409733,AZ,Arizona,Sedona-Oak Creek JUSD #9,22.29,87.0,83.56,3.44,969,train
0500006,AR,Arkansas,WARREN SCHOOL DISTRICT,17.07,87.0,86.96,0.04,1611,train
0500015,AR,Arkansas,SHERIDAN SCHOOL DISTRICT,23.3,93.0,83.32,9.68,4090,test
0500017,AR,Arkansas,PARAGOULD SCHOOL DISTRICT,31.1,92.0,78.39,13.61,3280,test
0500019,AR,Arkansas,BATESVILLE SCHOOL DISTRICT,5.33,94.0,94.47,-0.47,3302,train
0500026,AR,Arkansas,PINE BLUFF SCHOOL DISTRICT,28.24,74.0,80.22,-6.22,3793,test
0500028,AR,Arkansas,STAR CITY SCHOOL DISTRICT,22.68,95.0,83.45,11.55,1592,train
0500042,AR,Arkansas,HAMBURG SCHOOL DISTRICT,23.88,92.0,82.75,9.25,1901,train
0500043,AR,Arkansas,MOUNTAIN HOME SCHOOL DISTRICT,22.76,87.0,83.65,3.35,3898,test
0500044,AR,Arkansas,MAGNOLIA SCHOOL DISTRICT,15.45,87.0,88.12,-1.12,2868,train
0500047,AR,Arkansas,TRUMANN SCHOOL DISTRICT,16.07,82.0,87.59,-5.59,1643,train
0500049,AR,Arkansas,DEQUEEN SCHOOL DISTRICT,17.96,82.0,86.51,-4.51,2427,train
0500394,AR,Arkansas,ARKANSAS VIRTUAL ACADEMY,6.82,77.0,93.42,-16.42,2053,train
0500398,AR,Arkansas,ESTEM HIGH CHARTER,23.82,95.0,82.8,12.2,1969,train
0500419,AR,Arkansas,JACKSONVILLE NORTH PULASKI SCHOOL DISTRICT,19.37,83.0,85.79,-2.79,4394,test
0502250,AR,Arkansas,ALMA SCHOOL DISTRICT,19.03,95.0,85.92,9.08,3222,test
0502430,AR,Arkansas,ARKADELPHIA SCHOOL DISTRICT,15.93,92.0,87.7,4.3,1827,train
0502580,AR,Arkansas,ASHDOWN SCHOOL DISTRICT,16.2,92.0,87.47,4.53,1414,train
0502700,AR,Arkansas,BALD KNOB SCHOOL DISTRICT,21.4,92.0,84.17,7.83,1173,train
0502790,AR,Arkansas,BAUXITE SCHOOL DISTRICT,15.87,92.0,87.73,4.27,1727,train
0502880,AR,Arkansas,BEEBE SCHOOL DISTRICT,11.63,86.0,90.55,-4.55,3396,test
0502960,AR,Arkansas,BENTON SCHOOL DISTRICT,19.27,95.0,85.91,9.09,5382,train
0503030,AR,Arkansas,PEA RIDGE SCHOOL DISTRICT,6.15,87.0,93.85,-6.85,2164,test
0503060,AR,Arkansas,BENTONVILLE SCHOOL DISTRICT,15.12,94.0,88.8,5.2,16869,test
0503150,AR,Arkansas,BERRYVILLE SCHOOL DISTRICT,15.87,87.0,87.76,-0.76,1978,train
0503320,AR,Arkansas,BLYTHEVILLE SCHOOL DISTRICT,32.18,87.0,77.6,9.4,2085,train
0503450,AR,Arkansas,BOONEVILLE SCHOOL DISTRICT,19.92,95.0,85.12,9.88,1280,test
0503640,AR,Arkansas,BROOKLAND SCHOOL DISTRICT,15.26,95.0,88.22,6.78,2635,train
0503690,AR,Arkansas,BRYANT SCHOOL DISTRICT,16.59,92.0,87.72,4.28,9256,train
0503750,AR,Arkansas,CABOT SCHOOL DISTRICT,17.73,91.0,87.06,3.94,10798,test
0504020,AR,Arkansas,WESTSIDE CONS. SCHOOL DISTRICT,13.67,92.0,89.1,2.9,1763,train
0504380,AR,Arkansas,CLARKSVILLE SCHOOL DISTRICT,23.37,92.0,83.15,8.85,2585,train
0504590,AR,Arkansas,CONWAY SCHOOL DISTRICT,20.26,89.0,85.46,3.54,10285,train
0504800,AR,Arkansas,CROSSETT SCHOOL DISTRICT,14.81,87.0,88.4,-1.4,1810,train
0504930,AR,Arkansas,DARDANELLE SCHOOL DISTRICT,12.29,87.0,89.96,-2.96,1741,test
0505500,AR,Arkansas,DUMAS SCHOOL DISTRICT,14.61,87.0,88.44,-1.44,1294,train
0505680,AR,Arkansas,EL DORADO SCHOOL DISTRICT,19.36,93.0,85.8,7.2,4437,train
0505760,AR,Arkansas,ELKINS SCHOOL DISTRICT,7.49,95.0,92.87,2.13,1242,train
0506060,AR,Arkansas,CAMDEN FAIRVIEW SCHOOL DIST.,17.51,87.0,86.8,0.2,2575,test
0506090,AR,Arkansas,FARMINGTON SCHOOL DISTRICT,14.83,95.0,88.47,6.53,2474,train
0506120,AR,Arkansas,FAYETTEVILLE SCHOOL DISTRICT,13.86,92.0,89.45,2.55,10015,train
0506270,AR,Arkansas,FORREST CITY SCHOOL DISTRICT,13.11,87.0,89.56,-2.56,2601,train
0506330,AR,Arkansas,FORT SMITH SCHOOL DISTRICT,16.94,89.0,87.63,1.37,14773,train
0506420,AR,Arkansas,FOUNTAIN LAKE SCHOOL DISTRICT,15.08,92.0,88.17,3.83,1485,train
0506840,AR,Arkansas,GRAVETTE SCHOOL DISTRICT,16.19,82.0,87.55,-5.55,1909,train
0506900,AR,Arkansas,GREENBRIER SCHOOL DISTRICT,32.46,95.0,77.56,17.44,3561,train
0506990,AR,Arkansas,GREENWOOD SCHOOL DISTRICT,13.98,98.0,89.12,8.88,3863,train
0507320,AR,Arkansas,HARMONY GROVE SCHOOL DISTRICT,13.31,92.0,89.24,2.76,1292,test
0507380,AR,Arkansas,HARRISON SCHOOL DISTRICT,15.17,92.0,88.27,3.73,2637,train
0507560,AR,Arkansas,HEBER SPRINGS SCHOOL DISTRICT,11.55,82.0,90.41,-8.41,1679,train
0507680,AR,Arkansas,HELENA/ W.HELENA SCHOOL DIST.,28.12,82.0,80.02,1.98,1355,train
0507770,AR,Arkansas,HIGHLAND SCHOOL DISTRICT,16.25,92.0,87.47,4.53,1637,train
0507840,AR,Arkansas,HOPE SCHOOL DISTRICT,18.07,77.0,86.43,-9.43,2346,train
0507890,AR,Arkansas,HOT SPRINGS SCHOOL DISTRICT,19.92,74.0,85.4,-11.4,3704,train
0508040,AR,Arkansas,WEST MEMPHIS SCHOOL DISTRICT,41.62,89.0,71.97,17.03,5557,test
0508130,AR,Arkansas,HUNTSVILLE SCHOOL DISTRICT,10.77,82.0,90.98,-8.98,2274,train
0508280,AR,Arkansas,JONESBORO SCHOOL DISTRICT,32.61,87.0,77.63,9.37,6476,train
0508400,AR,Arkansas,RIVERVIEW SCHOOL DISTRICT,18.0,87.0,86.32,0.68,1322,train
0508610,AR,Arkansas,LAKE HAMILTON SCHOOL DISTRICT,15.49,84.0,88.21,-4.21,4467,train
0508670,AR,Arkansas,LAKESIDE SCHOOL DISTRICT,22.81,87.0,83.59,3.41,3586,train
0508940,AR,Arkansas,LINCOLN SCHOOL DISTRICT,7.82,87.0,92.65,-5.65,1227,train
0509000,AR,Arkansas,LITTLE ROCK SCHOOL DISTRICT,29.13,82.0,80.15,1.85,24049,test
0509060,AR,Arkansas,LONOKE SCHOOL DISTRICT,9.98,92.0,91.41,0.59,1833,train
0509240,AR,Arkansas,MALVERN SCHOOL DISTRICT,12.33,92.0,89.94,2.06,1752,train
0509390,AR,Arkansas,MARION SCHOOL DISTRICT,24.8,88.0,82.36,5.64,3826,train
0509540,AR,Arkansas,MAYFLOWER SCHOOL DISTRICT,14.0,87.0,88.78,-1.78,1136,test
0509750,AR,Arkansas,MENA SCHOOL DISTRICT,16.62,95.0,87.26,7.74,1721,train
0509840,AR,Arkansas,MONTICELLO SCHOOL DISTRICT,17.37,95.0,86.83,8.17,1975,test
0510200,AR,Arkansas,MOUNTAIN VIEW SCHOOL DISTRICT,11.07,95.0,90.71,4.29,1689,test
0510380,AR,Arkansas,NASHVILLE SCHOOL DISTRICT,16.92,95.0,87.1,7.9,1933,train
0510440,AR,Arkansas,NETTLETON SCHOOL DISTRICT,15.27,95.0,88.28,6.72,3424,train
0510680,AR,Arkansas,N. LITTLE ROCK SCHOOL DISTRICT,21.35,78.0,84.74,-6.74,8800,test
0511010,AR,Arkansas,OZARK SCHOOL DISTRICT,19.09,95.0,85.74,9.26,1891,test
0511130,AR,Arkansas,PARIS SCHOOL DISTRICT,19.31,95.0,85.46,9.54,1098,train
0511610,AR,Arkansas,POCAHONTAS SCHOOL DISTRICT,8.6,92.0,92.31,-0.31,2081,train
0511700,AR,Arkansas,POTTSVILLE SCHOOL DISTRICT,8.27,92.0,92.46,-0.46,1717,train
0511760,AR,Arkansas,PRAIRIE GROVE SCHOOL DISTRICT,14.81,92.0,88.42,3.58,1938,train
0511850,AR,Arkansas,PULASKI CO. SPEC. SCHOOL DIST.,28.28,85.0,80.51,4.49,12576,train
0511970,AR,Arkansas,ROGERS SCHOOL DISTRICT,16.04,87.0,88.21,-1.21,16027,train
0512060,AR,Arkansas,RUSSELLVILLE SCHOOL DISTRICT,19.24,93.0,85.93,7.07,5453,train
0512210,AR,Arkansas,SEARCY SCHOOL DISTRICT,16.08,89.0,87.83,1.17,4111,train
0512450,AR,Arkansas,SILOAM SPRINGS SCHOOL DISTRICT,17.08,90.0,87.22,2.78,4420,train
0512520,AR,Arkansas,SO. CONWAY CO. SCHOOL DISTRICT,11.55,87.0,90.5,-3.5,2312,test
0512540,AR,Arkansas,SOUTHSIDE SCHOOL DISTRICT,5.41,87.0,94.3,-7.3,2072,test
0512660,AR,Arkansas,SPRINGDALE SCHOOL DISTRICT,11.05,86.0,91.43,-5.43,23793,train
0512960,AR,Arkansas,STUTTGART SCHOOL DISTRICT,13.0,87.0,89.5,-2.5,1616,train
0513080,AR,Arkansas,GREENE CO. TECH SCHOOL DIST.,14.56,95.0,88.75,6.25,3852,train
0513110,AR,Arkansas,TEXARKANA SCHOOL DISTRICT,25.06,83.0,82.24,0.76,4421,train
0513380,AR,Arkansas,VALLEY VIEW SCHOOL DISTRICT,19.16,95.0,85.8,9.2,2751,train
0513410,AR,Arkansas,VAN BUREN SCHOOL DISTRICT,14.35,87.0,88.98,-1.98,5367,train
0513530,AR,Arkansas,VILONIA SCHOOL DISTRICT,14.14,95.0,88.97,6.03,3281,test
0513930,AR,Arkansas,WATSON CHAPEL SCHOOL DISTRICT,17.06,92.0,87.09,4.91,2567,train
0514140,AR,Arkansas,WHITE HALL SCHOOL DISTRICT,22.7,87.0,83.6,3.4,2925,train
0514430,AR,Arkansas,WYNNE SCHOOL DISTRICT,15.36,91.0,88.16,2.84,2721,train
0600013,CA,California,Rocklin Unified,8.6,97.0,92.78,4.22,12031,test
0600014,CA,California,Hesperia Unified,17.3,91.0,87.51,3.49,21872,train
0600016,CA,California,Upland Unified,11.64,95.0,90.86,4.14,11027,train
0600017,CA,California,Apple Valley Unified,17.8,87.0,87.06,-0.06,12867,train
0600019,CA,California,Dublin Unified,4.63,95.0,95.24,-0.24,11315,train
0600020,CA,California,Pleasanton Unified,4.22,97.0,95.57,1.43,14794,test
0600022,CA,California,Mendota Unified,13.62,72.0,89.31,-17.31,3450,test
0600025,CA,California,Manhattan Beach Unified,4.75,99.0,95.02,3.98,6608,train
0600027,CA,California,Lake Elsinore Unified,15.99,87.0,88.32,-1.32,21334,train
0600028,CA,California,Temecula Valley Unified,13.06,94.0,90.22,3.78,28268,train
0600029,CA,California,Murrieta Valley Unified,11.07,97.0,91.41,5.59,23129,train
0600032,CA,California,Redondo Beach Unified,6.64,95.0,93.95,1.05,9961,train
0600033,CA,California,Dos Palos Oro Loma Joint Unified,19.71,92.0,85.43,6.57,2512,train
0600034,CA,California,Windsor Unified,11.67,88.0,90.63,-2.63,4988,train
0600035,CA,California,Farmersville Unified,15.09,86.0,88.31,-2.31,2531,test
0600036,CA,California,Natomas Unified,13.41,95.0,89.8,5.2,12989,train
0600039,CA,California,Delhi Unified,12.26,95.0,90.08,4.92,2520,train
0600040,CA,California,Riverdale Joint Unified,11.91,95.0,90.18,4.82,1620,test
0600043,CA,California,Scotts Valley Unified,8.12,95.0,92.65,2.35,2450,train
0600044,CA,California,Healdsburg Unified,11.51,92.0,90.41,1.59,1521,train
0600045,CA,California,Orland Joint Unified,13.68,92.0,89.16,2.84,2229,train
0600046,CA,California,Gonzales Unified,12.87,94.0,89.68,4.32,2369,train
0600047,CA,California,Tracy Joint Unified,12.65,90.0,90.31,-0.31,14943,train
0600048,CA,California,Paso Robles Joint Unified,16.38,90.0,87.78,2.22,7087,train
0600051,CA,California,Gridley Unified,13.67,87.0,89.14,-2.14,2048,train
0600052,CA,California,Eureka City Schools,19.42,90.0,85.71,4.29,3733,test
0600060,CA,California,Hughson Unified,9.11,95.0,91.98,3.02,2019,train
0600061,CA,California,Riverbank Unified,13.81,91.0,89.14,1.86,2795,test
0600062,CA,California,Oakdale Joint Unified,12.18,88.0,90.33,-2.33,5319,train
0600063,CA,California,Waterford Unified,12.87,92.0,89.6,2.4,1772,train
0600064,CA,California,Porterville Unified,13.73,91.0,89.63,1.37,14431,train
0600065,CA,California,Dinuba Unified,9.46,89.0,92.09,-3.09,6663,train
0600067,CA,California,Caruthers Unified,9.33,92.0,91.76,0.24,1426,test
0600068,CA,California,Golden Valley Unified,7.64,92.0,92.88,-0.88,1898,train
0600069,CA,California,Valley Center-Pauma Unified,16.34,90.0,87.65,2.35,3972,train
0600153,CA,California,Alhambra Unified,5.06,95.0,95.04,-0.04,14256,test
0600158,CA,California,Turlock Unified,13.66,94.0,89.66,4.34,14175,train
0600160,CA,California,Yosemite Unified,22.05,87.0,83.86,3.14,1714,train
0601332,CA,California,Twin Rivers Unified,17.02,85.0,87.74,-2.74,26720,train
0601409,CA,California,Bishop Unified,18.01,87.0,86.42,0.58,1938,train
0601410,CA,California,Lammersville Joint Unified,10.53,96.0,91.33,4.67,4891,train
0601414,CA,California,Santa Barbara Unified,12.92,91.0,90.12,0.88,13992,train
0601415,CA,California,Washington Unified,18.02,87.0,86.5,0.5,2681,train
0601418,CA,California,Woodlake Unified,11.19,87.0,90.7,-3.7,2126,train
0601421,CA,California,Santa Paula Unified,7.89,96.0,93.0,3.0,5299,train
0601423,CA,California,Exeter Unified,11.88,90.0,90.35,-0.35,2895,train
0601620,CA,California,ABC Unified,7.95,91.0,93.32,-2.32,20166,train
0601650,CA,California,Acalanes Union High,8.62,96.0,92.57,3.43,5629,train
0601770,CA,California,Alameda Unified,9.59,93.0,92.1,0.9,9495,test
0601860,CA,California,Albany City Unified,6.42,92.0,93.82,-1.82,3660,train
0602430,CA,California,Alvord Unified,15.48,90.0,88.61,1.39,19022,train
0602450,CA,California,Amador County Unified,17.57,90.0,86.88,3.12,3916,train
0602630,CA,California,Anaheim Union High,12.06,86.0,90.88,-4.88,32006,test
0602670,CA,California,West Sonoma County Union High,16.24,90.0,87.53,2.47,1934,train
0602700,CA,California,Anderson Union High,25.37,90.0,81.81,8.19,1778,test
0602820,CA,California,Antelope Valley Union High,24.05,82.0,83.29,-1.29,21372,train
0602850,CA,California,Antioch Unified,21.57,80.0,84.77,-4.77,16653,train
0602970,CA,California,Arcadia Unified,4.58,98.0,95.23,2.77,9461,train
0603030,CA,California,Northern Humboldt Union High,24.97,91.0,82.03,8.97,1618,train
0603300,CA,California,Atascadero Unified,13.2,94.0,89.66,4.34,4759,train
0603600,CA,California,Azusa Unified,10.37,90.0,91.58,-1.58,8403,train
0603690,CA,California,Baldwin Park Unified,9.3,93.0,92.36,0.64,12918,test
0603840,CA,California,Banning Unified,21.27,69.0,84.61,-15.61,4551,test
0604020,CA,California,Barstow Unified,28.37,80.0,80.27,-0.27,6387,train
0604110,CA,California,Bassett Unified,10.82,94.0,91.07,2.93,3604,train
0604230,CA,California,Bear Valley Unified,19.5,87.0,85.56,1.44,2503,train
0604290,CA,California,Beaumont Unified,13.37,92.0,89.76,2.24,10048,train
0604440,CA,California,Bellflower Unified,11.82,90.0,90.77,-0.77,12127,train
0604620,CA,California,Benicia Unified,8.71,96.0,92.47,3.53,4948,train
0604740,CA,California,Berkeley Unified,9.79,86.0,91.98,-5.98,9744,train
0604830,CA,California,Beverly Hills Unified,9.79,95.0,91.74,3.26,3924,train
0605610,CA,California,Bonita Unified,9.43,93.0,92.2,0.8,9635,train
0605820,CA,California,Brawley Union High,21.89,94.0,83.98,10.02,1859,train
0605880,CA,California,Brea-Olinda Unified,6.76,97.0,93.74,3.26,5900,train
0605940,CA,California,Bret Harte Union High,17.06,92.0,86.74,5.26,686,test
0606450,CA,California,Burbank Unified,9.42,92.0,92.33,-0.33,15135,train
0606780,CA,California,Cabrillo Unified,10.33,93.0,91.35,1.65,3205,train
0606870,CA,California,Calaveras Unified,21.41,90.0,84.41,5.59,2905,train
0606900,CA,California,Calexico Unified,20.48,84.0,85.3,-1.3,9255,train
0607230,CA,California,Campbell Union High,11.87,89.0,90.65,-1.65,8527,train
0607440,CA,California,Capistrano Unified,9.67,96.0,92.47,3.53,46492,train
0607500,CA,California,Carlsbad Unified,8.18,95.0,93.02,1.98,11317,train
0607530,CA,California,Carmel Unified,11.81,96.0,90.36,5.64,2590,test
0607560,CA,California,Carpinteria Unified,10.38,92.0,91.22,0.78,2207,train
0607800,CA,California,Castro Valley Unified,8.13,95.0,93.01,1.99,9304,train
0607900,CA,California,Center Joint Unified,18.33,89.0,86.42,2.58,4178,train
0607920,CA,California,Centinela Valley Union High,22.15,88.0,84.15,3.85,6311,train
0607970,CA,California,Central Unified,15.8,86.0,88.36,-2.36,15902,train
0608010,CA,California,Central Union High,12.28,90.0,90.19,-0.19,4072,train
0608130,CA,California,Ceres Unified,12.37,85.0,90.49,-5.49,15210,test
0608160,CA,California,Chaffey Joint Union High,12.93,89.0,90.26,-1.26,23885,train
0608190,CA,California,Charter Oak Unified,10.46,96.0,91.38,4.62,4811,test
0608370,CA,California,Chico Unified,13.45,89.0,89.77,-0.77,12568,train
0608460,CA,California,Chino Valley Unified,8.05,92.0,93.35,-1.35,28174,train
0608550,CA,California,Chowchilla Union High,20.64,87.0,84.63,2.37,1129,train
0608760,CA,California,Claremont Unified,8.24,94.0,92.86,1.14,7194,test
0608970,CA,California,Cloverdale Unified,14.07,87.0,88.8,-1.8,1429,train
0609030,CA,California,Clovis Unified,8.61,93.0,93.12,-0.12,44118,test
0609070,CA,California,Coachella Valley Unified,18.82,81.0,86.48,-5.48,16421,train
0609120,CA,California,Coalinga-Huron Unified,15.66,79.0,88.1,-9.1,4273,test
0609390,CA,California,Colton Joint Unified,14.22,86.0,89.44,-3.44,22191,train
0609570,CA,California,Colusa Unified,13.01,82.0,89.47,-7.47,1506,test
0609620,CA,California,Compton Unified,17.33,82.0,87.5,-5.5,22546,train
0609640,CA,California,Conejo Valley Unified,6.92,95.0,93.95,1.05,18779,test
0609690,CA,California,Corcoran Joint Unified,14.58,87.0,88.7,-1.7,3319,train
0609810,CA,California,Corning Union High,16.87,90.0,86.94,3.06,966,train
0609850,CA,California,Corona-Norco Unified,8.51,94.0,93.24,0.76,53634,test
0609870,CA,California,Coronado Unified,6.43,93.0,93.77,-0.77,3141,test
0609940,CA,California,Cotati-Rohnert Park Unified,11.18,77.0,90.98,-13.98,5885,train
0610050,CA,California,Covina-Valley Unified,10.56,96.0,91.55,4.45,11813,train
0610260,CA,California,Culver City Unified,8.36,93.0,92.79,0.21,7034,train
0610350,CA,California,Cutler-Orosi Joint Unified,9.51,85.0,91.92,-6.92,4152,train
0610620,CA,California,Davis Joint Unified,8.61,93.0,92.68,0.32,8616,train
0610770,CA,California,Del Norte County Unified,23.89,91.0,82.92,8.08,3625,test
0610860,CA,California,Delano Joint Union High,15.79,95.0,88.02,6.98,4313,train
0611110,CA,California,Desert Sands Unified,16.89,90.0,87.84,2.16,28368,train
0611280,CA,California,Dixon Unified,13.32,81.0,89.49,-8.49,3266,train
0611460,CA,California,Downey Unified,11.85,95.0,90.92,4.08,21967,train
0611520,CA,California,Duarte Unified,8.94,90.0,92.26,-2.26,3749,test
0611820,CA,California,East Side Union High,15.41,86.0,88.7,-2.7,23089,test
0612070,CA,California,El Dorado Union High,12.34,94.0,90.29,3.71,6644,test
0612120,CA,California,El Monte Union High,13.62,85.0,89.57,-4.57,8835,train
0612180,CA,California,El Rancho Unified,11.32,93.0,90.99,2.01,8627,train
0612210,CA,California,El Segundo Unified,5.73,96.0,94.24,1.76,3474,train
0612330,CA,California,Elk Grove Unified,11.14,92.0,91.64,0.36,63971,test
0612840,CA,California,Escalon Unified,6.84,95.0,93.46,1.54,2557,train
0612910,CA,California,Escondido Union High,11.78,83.0,90.67,-7.67,7444,test
0613360,CA,California,Fairfield-Suisun Unified,13.94,80.0,89.61,-9.61,21550,train
0613530,CA,California,Fallbrook Union High,20.81,84.0,84.7,-0.7,2162,test
0613800,CA,California,Fillmore Unified,9.03,91.0,92.21,-1.21,3867,train
0613840,CA,California,Firebaugh-Las Deltas Unified,5.35,92.0,94.36,-2.36,2260,train
0613890,CA,California,Folsom-Cordova Unified,10.55,91.0,91.71,-0.71,20600,train
0613920,CA,California,Fontana Unified,10.9,90.0,91.66,-1.66,38939,train
0614070,CA,California,Fort Bragg Unified,19.32,82.0,85.59,-3.59,1848,test
0614190,CA,California,Fortuna Union High,24.72,75.0,82.07,-7.07,1080,test
0614250,CA,California,Fowler Unified,8.03,95.0,92.73,2.27,2604,train
0614400,CA,California,Fremont Unified,6.12,94.0,94.62,-0.62,35900,train
0614430,CA,California,Fremont Union High,6.54,95.0,94.04,0.96,11096,train
0614550,CA,California,Fresno Unified,19.99,86.0,86.16,-0.16,73735,train
0614760,CA,California,Fullerton Joint Union High,13.51,93.0,89.75,3.25,13878,train
0614820,CA,California,Galt Joint Union High,17.07,96.0,87.04,8.96,2191,train
0614880,CA,California,Garden Grove Unified,8.16,90.0,93.4,-3.4,43152,train
0614950,CA,California,Gateway Unified,23.99,82.0,82.74,-0.74,2318,train
0615180,CA,California,Gilroy Unified,14.12,89.0,89.31,-0.31,11278,train
0615240,CA,California,Glendale Unified,7.03,90.0,93.97,-3.97,26373,train
0615270,CA,California,Glendora Unified,6.62,97.0,93.88,3.12,7359,train
0616230,CA,California,Grossmont Union High,16.52,82.0,87.99,-5.99,21255,test
0616323,CA,California,Gustine Unified,14.45,95.0,88.63,6.37,1861,train
0616325,CA,California,Hacienda la Puente Unified,9.13,93.0,92.56,0.44,18470,train
0616500,CA,California,Hanford Joint Union High,15.77,92.0,88.0,4.0,3792,test
0616740,CA,California,Hayward Unified,16.33,79.0,88.1,-9.1,20332,train
0616920,CA,California,Hemet Unified,21.77,87.0,84.72,2.28,21984,train
0617220,CA,California,Hilmar Unified,8.21,95.0,92.59,2.41,2387,test
0617430,CA,California,Holtville Unified,8.69,92.0,92.18,-0.18,1577,test
0618060,CA,California,Huntington Beach Union High,10.83,91.0,91.47,-0.47,16174,test
0618210,CA,California,Imperial Unified,4.44,95.0,95.08,-0.08,4075,train
0618390,CA,California,Inglewood Unified,17.18,86.0,87.35,-1.35,9085,train
0618930,CA,California,Jefferson Union High,17.27,87.0,87.1,-0.1,4315,train
0618990,CA,California,John Swett Unified,21.42,87.0,84.21,2.79,1447,train
0619260,CA,California,Jurupa Unified,13.38,91.0,89.92,1.08,18934,test
0619320,CA,California,Kelseyville Unified,21.48,87.0,84.22,2.78,1690,train
0619490,CA,California,Kerman Unified,9.01,89.0,92.29,-3.29,5049,train
0619540,CA,California,Kern High,16.43,89.0,88.21,0.79,39201,train
0619650,CA,California,South Monterey County Joint Union High,17.56,83.0,86.75,-3.75,2307,train
0619700,CA,California,Kings Canyon Joint Unified,8.66,78.0,92.68,-14.68,9799,train
0619830,CA,California,Kingsburg Joint Union High,14.94,90.0,88.2,1.8,1158,train
0620070,CA,California,Konocti Unified,34.43,58.0,76.33,-18.33,3416,test
0620130,CA,California,La Canada Unified,3.37,97.0,95.76,1.24,4184,test
0620370,CA,California,Laguna Beach Unified,10.68,96.0,91.1,4.9,2939,train
0620640,CA,California,Lake Tahoe Unified,19.34,85.0,85.78,-0.78,3909,train
0620670,CA,California,Lakeport Unified,20.17,95.0,85.0,10.0,1512,train
0621000,CA,California,Las Virgenes Unified,7.64,95.0,93.36,1.64,11299,train
0621060,CA,California,Lassen Union High,18.08,87.0,86.14,0.86,824,test
0621270,CA,California,Le Grand Union High,18.24,92.0,85.91,6.09,499,train
0621400,CA,California,Lemoore Union High,16.29,92.0,87.49,4.51,1958,train
0621600,CA,California,Liberty Union High,17.17,90.0,87.33,2.67,8205,train
0621690,CA,California,Lincoln Unified,14.88,92.0,88.8,3.2,9402,train
0621810,CA,California,Linden Unified,11.59,95.0,90.47,4.53,2252,train
0621870,CA,California,Lindsay Unified,8.59,90.0,92.52,-2.52,4447,test
0622050,CA,California,Live Oak Unified,14.26,95.0,88.74,6.26,1844,train
0622110,CA,California,Livermore Valley Joint Unified,7.0,95.0,93.82,1.18,13747,train
0622230,CA,California,Lodi Unified,15.11,85.0,88.95,-3.95,29435,train
0622410,CA,California,Lompoc Unified,16.41,88.0,87.85,0.15,9709,test
0622500,CA,California,Long Beach Unified,14.48,85.0,89.6,-4.6,75029,train
0622590,CA,California,Los Alamitos Unified,4.05,98.0,95.56,2.44,9820,train
0622710,CA,California,Los Angeles Unified,13.86,77.0,90.5,-13.5,511129,train
0622740,CA,California,Los Banos Unified,16.8,96.0,87.62,8.38,10474,test
0622800,CA,California,Los Gatos-Saratoga Joint Union High,6.78,97.0,93.58,3.42,3409,test
0623080,CA,California,Lucia Mar Unified,11.1,93.0,91.18,1.82,10564,train
0623160,CA,California,Lynwood Unified,18.35,83.0,86.75,-3.75,14851,train
0623340,CA,California,Madera Unified,13.84,88.0,89.65,-1.65,20492,train
0623610,CA,California,Manteca Unified,12.81,93.0,90.34,2.66,23854,train
0623940,CA,California,Mariposa County Unified,24.66,87.0,82.23,4.77,1679,train
0624030,CA,California,Martinez Unified,10.31,90.0,91.43,-1.43,4104,train
0624090,CA,California,Marysville Joint Unified,16.02,82.0,88.09,-6.09,9651,train
0624230,CA,California,McFarland Unified,12.37,94.0,90.1,3.9,3542,train
0624500,CA,California,Milpitas Unified,7.74,95.0,93.27,1.73,10306,train
0624660,CA,California,Merced Union High,19.18,91.0,86.14,4.86,10487,train
0624750,CA,California,Middletown Unified,16.85,95.0,87.06,7.94,1424,train
0625150,CA,California,Modesto City High,22.15,87.0,84.39,2.61,15085,train
0625230,CA,California,Mojave Unified,28.59,87.0,79.92,7.08,2840,train
0625320,CA,California,Monrovia Unified,13.21,89.0,89.69,-0.69,5460,train
0625530,CA,California,Monterey Peninsula Unified,15.02,91.0,88.72,2.28,9760,train
0625690,CA,California,Moorpark Unified,7.38,93.0,93.37,-0.37,6302,train
0625800,CA,California,Moreno Valley Unified,19.32,89.0,86.36,2.64,33198,train
0625830,CA,California,Morgan Hill Unified,15.24,86.0,88.55,-2.55,8506,train
0625860,CA,California,Morongo Unified,23.14,81.0,83.62,-2.62,8664,train
0626310,CA,California,Mountain View-Los Altos Union High,11.46,93.0,90.72,2.28,4292,train
0626370,CA,California,Mt. Diablo Unified,12.76,86.0,90.44,-4.44,31138,train
0626490,CA,California,Muroc Joint Unified,19.57,95.0,85.42,9.58,1763,train
0626640,CA,California,Napa Valley Unified,11.68,87.0,90.96,-3.96,17802,train
0626880,CA,California,Nevada Joint Union High,50.18,89.0,66.42,22.58,2545,test
0626910,CA,California,New Haven Unified,9.46,86.0,92.23,-6.23,11717,train
0627060,CA,California,Newark Unified,17.06,88.0,87.31,0.69,5810,train
0627200,CA,California,Newman-Crows Landing Unified,6.47,95.0,93.74,1.26,3120,train
0627240,CA,California,Newport-Mesa Unified,11.1,90.0,91.38,-1.38,21732,test
0627590,CA,California,North Monterey County Unified,14.13,84.0,89.08,-5.08,4742,test
0627690,CA,California,Norwalk-La Mirada Unified,10.18,91.0,91.9,-0.9,17777,train
0627720,CA,California,Novato Unified,9.21,89.0,92.27,-3.27,7577,train
0627850,CA,California,Oak Park Unified,3.61,96.0,95.63,0.37,4547,test
0628050,CA,California,Oakland Unified,19.56,73.0,86.24,-13.24,37062,train
0628250,CA,California,Oceanside Unified,15.09,84.0,88.84,-4.84,18336,train
0628270,CA,California,Ojai Unified,14.86,87.0,88.44,-1.44,2442,train
0628650,CA,California,Orange Unified,11.15,94.0,91.41,2.59,27343,train
0629130,CA,California,Oroville Union High,31.48,85.0,78.04,6.96,2125,train
0629270,CA,California,Oxnard Union High,19.23,85.0,86.24,-1.24,16857,test
0629370,CA,California,Pacific Grove Unified,8.12,95.0,92.6,2.4,1971,train
0629490,CA,California,Pajaro Valley Unified,13.28,89.0,89.99,-0.99,19851,train
0629550,CA,California,Palm Springs Unified,20.73,92.0,85.38,6.62,23105,train
0629610,CA,California,Palo Alto Unified,5.48,95.0,94.73,0.27,12236,train
0629640,CA,California,Palo Verde Unified,17.19,87.0,87.05,-0.05,2990,test
0629700,CA,California,Palos Verdes Peninsula Unified,6.52,98.0,94.06,3.94,11343,train
0629820,CA,California,Paradise Unified,25.04,86.0,82.19,3.81,3459,train
0629850,CA,California,Paramount Unified,8.82,86.0,92.71,-6.71,15590,train
0629910,CA,California,Parlier Unified,6.71,93.0,93.62,-0.62,3397,test
0629940,CA,California,Pasadena Unified,12.02,85.0,90.74,-5.74,16959,train
0630030,CA,California,Patterson Joint Unified,13.5,87.0,89.54,-2.54,6091,test
0630210,CA,California,Perris Union High,20.08,90.0,85.59,4.41,10810,train
0630250,CA,California,Petaluma Joint Union High,13.43,89.0,89.54,-0.54,5256,train
0630330,CA,California,Piedmont City Unified,3.79,98.0,95.37,2.63,2613,train
0630360,CA,California,Pierce Joint Unified,8.4,95.0,92.35,2.65,1477,train
0630600,CA,California,Pittsburg Unified,16.52,88.0,87.83,0.17,11777,train
0630660,CA,California,Placentia-Yorba Linda Unified,8.97,96.0,92.75,3.25,25865,test
0630750,CA,California,Placer Union High,14.27,95.0,88.95,6.05,4030,train
0631320,CA,California,Pomona Unified,13.68,88.0,89.81,-1.81,25235,train
0631530,CA,California,Poway Unified,6.87,95.0,94.15,0.85,36416,test
0631710,CA,California,Ramona City Unified,18.11,88.0,86.64,1.36,5587,test
0632010,CA,California,Red Bluff Joint Union High,25.35,89.0,81.8,7.2,1649,train
0632070,CA,California,Redlands Unified,14.69,90.0,89.13,0.87,20940,train
0632270,CA,California,Reef-Sunset Unified,9.55,87.0,91.78,-4.78,2617,train
0632370,CA,California,Rialto Unified,12.3,89.0,90.68,-1.68,26311,train
0632550,CA,California,West Contra Costa Unified,18.52,79.0,86.83,-7.83,28931,train
0632610,CA,California,Rim of the World Unified,22.14,89.0,83.99,5.01,3343,train
0632880,CA,California,Ripon Unified,6.48,97.0,93.75,3.25,3196,train
0633110,CA,California,River Delta Joint Unified,14.9,87.0,88.35,-1.35,1859,train
0633150,CA,California,Riverside Unified,11.92,91.0,91.04,-0.04,42112,train
0633630,CA,California,Roseville Joint Union High,10.89,90.0,91.3,-1.3,9966,train
0633750,CA,California,Rowland Unified,8.83,87.0,92.67,-5.67,13641,test
0633840,CA,California,Sacramento City Unified,18.3,84.0,87.07,-3.07,43668,test
0633860,CA,California,Saddleback Valley Unified,8.94,92.0,92.79,-0.79,27455,train
0633980,CA,California,Salinas Union High,16.32,86.0,88.03,-2.03,15667,train
0634140,CA,California,San Benito High,14.79,90.0,88.55,1.45,3036,train
0634170,CA,California,San Bernardino City Unified,19.56,89.0,86.33,2.67,50819,train
0634320,CA,California,San Diego Unified,13.58,87.0,90.25,-3.25,105159,train
0634380,CA,California,San Dieguito Union High,9.31,96.0,92.36,3.64,13023,train
0634410,CA,California,San Francisco Unified,14.77,85.0,89.31,-4.31,50547,test
0634425,CA,California,San Gabriel Unified,7.26,93.0,93.38,-0.38,5121,train
0634440,CA,California,San Jacinto Unified,16.39,88.0,87.87,0.13,9983,test
0634590,CA,California,San Jose Unified,12.35,91.0,90.69,0.31,30694,train
0634620,CA,California,San Juan Unified,17.09,88.0,87.8,0.2,39835,train
0634680,CA,California,San Leandro Unified,16.14,91.0,87.99,3.01,8859,test
0634710,CA,California,San Lorenzo Unified,14.65,89.0,88.97,0.03,10464,train
0634740,CA,California,San Lorenzo Valley Unified,13.02,92.0,89.61,2.39,2603,train
0634800,CA,California,San Luis Coastal Unified,10.64,94.0,91.39,2.61,7652,train
0634860,CA,California,San Marino Unified,2.82,96.0,96.02,-0.02,3050,train
0634880,CA,California,San Marcos Unified,9.69,94.0,92.23,1.77,20077,train
0634980,CA,California,San Mateo Union High,10.52,92.0,91.5,0.5,8903,train
0635110,CA,California,San Rafael City High,18.95,78.0,85.92,-7.92,2644,train
0635130,CA,California,San Ramon Valley Unified,5.23,97.0,95.15,1.85,32644,train
0635250,CA,California,Sanger Unified,9.83,93.0,92.01,0.99,11897,test
0635310,CA,California,Santa Ana Unified,8.01,88.0,93.52,-5.52,48328,test
0635430,CA,California,Santa Clara Unified,11.26,89.0,91.18,-2.18,15483,train
0635600,CA,California,Santa Cruz City High,17.99,90.0,86.66,3.34,4630,train
0635670,CA,California,Santa Maria Joint Union High,14.77,91.0,88.82,2.18,7923,train
0635700,CA,California,Santa Monica-Malibu Unified,9.73,91.0,92.05,-1.05,10846,train
0635830,CA,California,Santa Rosa High,20.05,83.0,85.61,-2.61,10945,test
0635850,CA,California,Santa Ynez Valley Union High,10.48,93.0,90.93,2.07,945,test
0636270,CA,California,Selma Unified,12.81,89.0,89.98,-0.98,6455,train
0636390,CA,California,Sequoia Union High,18.38,88.0,86.6,1.4,9160,train
0636600,CA,California,Shasta Union High,19.94,88.0,85.43,2.57,4319,train
0636800,CA,California,Sierra Sands Unified,15.49,86.0,88.25,-2.25,5100,train
0636805,CA,California,Sierra Unified,22.74,92.0,83.36,8.64,1293,train
0636840,CA,California,Simi Valley Unified,10.94,89.0,91.4,-2.4,16474,test
0636940,CA,California,Siskiyou Union High,17.96,82.0,86.11,-4.11,540,train
0636970,CA,California,Snowline Joint Unified,22.97,88.0,83.69,4.31,7526,test
0636972,CA,California,Victor Valley Union High,19.28,81.0,86.06,-5.06,9951,train
0637050,CA,California,Soledad Unified,12.86,93.0,89.88,3.12,4874,train
0637200,CA,California,Sonoma Valley Unified,13.61,88.0,89.33,-1.33,3577,train
0637260,CA,California,Sonora Union High,28.54,86.0,79.67,6.33,995,train
0637500,CA,California,South Pasadena Unified,5.47,91.0,94.49,-3.49,4789,train
0637530,CA,California,South San Francisco Unified,13.41,81.0,89.69,-8.69,8664,train
0637620,CA,California,Southern Kern Unified,22.71,87.0,83.65,3.35,3663,train
0637830,CA,California,Saint Helena Unified,7.38,92.0,92.92,-0.92,1193,train
0638010,CA,California,Stockton Unified,22.78,76.0,84.25,-8.25,39074,test
0638280,CA,California,Summerville Union High,0.61,92.0,96.98,-4.98,652,train
0638610,CA,California,Sutter Union High,17.97,95.0,86.2,8.8,790,test
0638640,CA,California,Sweetwater Union High,13.44,86.0,90.08,-4.08,38922,test
0638730,CA,California,Taft Union High,19.47,92.0,85.34,6.66,1022,test
0638770,CA,California,Tahoe-Truckee Unified,13.16,90.0,89.63,0.37,3800,test
0638790,CA,California,Tamalpais Union High,16.68,94.0,87.49,6.51,4807,train
0638880,CA,California,Tehachapi Unified,18.94,85.0,86.05,-1.05,4239,train
0638980,CA,California,Temple City Unified,5.25,96.0,94.67,1.33,5825,train
0639000,CA,California,Templeton Unified,12.94,96.0,89.57,6.43,1839,train
0639420,CA,California,Torrance Unified,5.18,95.0,95.09,-0.09,23414,train
0639630,CA,California,Travis Unified,7.32,97.0,93.37,3.63,5509,train
0639930,CA,California,Tulare Joint Union High,9.97,96.0,91.71,4.29,5404,train
0640150,CA,California,Tustin Unified,7.66,95.0,93.55,1.45,24080,train
0640300,CA,California,Ukiah Unified,19.61,87.0,85.73,1.27,5983,train
0640590,CA,California,Vacaville Unified,12.44,89.0,90.39,-1.39,12400,train
0640740,CA,California,Vallejo City Unified,33.97,72.0,76.98,-4.98,13369,train
0640980,CA,California,Ventura Unified,7.5,91.0,93.56,-2.56,17249,train
0641160,CA,California,Visalia Unified,13.52,93.0,89.94,3.06,28863,train
0641190,CA,California,Vista Unified,10.83,89.0,91.54,-2.54,21156,train
0641280,CA,California,Walnut Valley Unified,4.22,98.0,95.56,2.44,14301,test
0641430,CA,California,Wasco Union High,17.7,87.0,86.6,0.4,1864,train
0641580,CA,California,Washington Unified,13.67,88.0,89.51,-1.51,7952,train
0642000,CA,California,West Covina Unified,9.29,93.0,92.27,0.73,8982,train
0642140,CA,California,Western Placer Unified,0.81,91.0,97.39,-6.39,4692,train
0642350,CA,California,Wheatland Union High,13.08,95.0,89.25,5.75,780,train
0642480,CA,California,Whittier Union High,15.48,90.0,88.48,1.52,11788,train
0642510,CA,California,William S. Hart Union High,9.28,96.0,92.54,3.46,23689,train
0642540,CA,California,Williams Unified,12.25,92.0,89.92,2.08,1355,train
0642560,CA,California,Willits Unified,31.09,77.0,78.2,-1.2,1528,train
0642710,CA,California,Willows Unified,14.8,92.0,88.34,3.66,1439,train
0642930,CA,California,Winters Joint Unified,11.15,82.0,90.64,-8.64,1551,train
0643080,CA,California,Woodland Joint Unified,16.03,90.0,88.11,1.89,10388,test
0643410,CA,California,Yreka Union High,27.99,77.0,79.88,-2.88,611,test
0643470,CA,California,Yuba City Unified,14.72,86.0,88.97,-2.97,12522,train
0643560,CA,California,Yucaipa-Calimesa Joint Unified,14.19,92.0,89.21,2.79,9060,train
0684500,CA,California,Irvine Unified,5.74,96.0,94.85,1.15,34410,train
0691005,CA,California,Contra Costa County Office of Education,53.79,27.0,63.75,-36.75,541,train
0691007,CA,California,Fresno County Office of Education,56.75,22.0,62.06,-40.06,992,train
0691012,CA,California,Kern County Office of Education,49.2,29.0,67.08,-38.08,3051,train
0691020,CA,California,Merced County Office of Education,62.96,43.0,58.29,-15.29,1458,train
0691024,CA,California,Orange County Department of Education,91.2,31.0,40.82,-9.82,2476,train
0691026,CA,California,Riverside County Office of Education,52.19,18.0,65.12,-47.12,2167,train
0691027,CA,California,Sacramento County Office of Education,43.42,22.0,70.6,-48.6,2218,train
0691029,CA,California,San Bernardino County Office of Education,77.22,23.0,49.48,-26.48,2024,train
0691030,CA,California,San Diego County Office of Education,77.5,19.0,49.21,-30.21,1418,train
0691031,CA,California,San Joaquin County Office of Education,45.25,31.0,69.51,-38.51,2714,train
0691035,CA,California,Santa Clara County Office of Education,67.85,17.0,55.24,-38.24,1412,train
0691036,CA,California,Santa Cruz County Office of Education,36.82,48.0,74.45,-26.45,804,train
0691041,CA,California,Stanislaus County Office of Education,83.77,29.0,45.16,-16.16,844,train
0691045,CA,California,Tulare County Office of Education,32.48,5.0,77.36,-72.36,1764,train
0691049,CA,California,Yolo County Office of Education,76.01,17.0,49.7,-32.7,271,train
0691078,CA,California,Los Angeles County Office of Education,57.13,45.0,62.1,-17.1,2708,train
0691122,CA,California,Solano County Office of Education,59.12,12.0,60.32,-48.32,362,train
0691135,CA,California,Val Verde Unified,12.14,93.0,90.71,2.29,20215,test
0800020,CO,Colorado,State Charter School Institute,16.0,53.0,88.26,-35.26,17548,train
0800282,CO,Colorado,COLORADO DIGITAL BOCES,63.54,25.0,58.05,-33.05,2246,train
0801920,CO,Colorado,"Academy, School District No. 20, in the county of El Paso an",11.8,93.0,90.99,2.01,25831,train
0801950,CO,Colorado,School District N. 14 in the county of Adams & State of Colo,35.21,64.0,76.04,-12.04,7404,train
0802070,CO,Colorado,"Alamosa School District, No. Re-11J",22.77,82.0,83.5,-1.5,2332,test
0802280,CO,Colorado,"Aspen School District No. 1, in the county of Pitkin and Sta",26.37,95.0,81.16,13.84,1676,train
0802340,CO,Colorado,"Aurora, Joint District No. 28 of the counties of Adams and A",35.34,77.0,76.42,0.58,40890,test
0802490,CO,Colorado,Boulder Valley School District No. Re2,10.21,92.0,92.03,-0.03,31282,train
0802580,CO,Colorado,School District 27J,17.84,82.0,87.12,-5.12,17881,train
0802610,CO,Colorado,"School District No. Re-2, Brush",10.88,92.0,90.8,1.2,1508,train
0802700,CO,Colorado,Byers School District No. 32J,62.96,57.0,58.48,-1.48,2867,train
0802790,CO,Colorado,Fremont Re-1,9.34,85.0,91.99,-6.99,3553,train
0802910,CO,Colorado,"Cherry Creek, School District No. 5, in the county of Arapah",19.52,89.0,86.37,2.63,55662,train
0802940,CO,Colorado,"Cheyenne Mountain School District No. 12, in the county of E",5.67,95.0,94.39,0.61,5222,train
0803030,CO,Colorado,"Plateau Valley, School District No. 50 in the county of Mesa",19.82,32.0,84.9,-52.9,449,test
0803060,CO,Colorado,"Colorado Springs, School District No. 11, in the county of E",38.81,70.0,74.15,-4.15,27429,train
0803090,CO,Colorado,Montezuma-Cortez School District No. Re-1,39.86,72.0,72.88,-0.88,2782,train
0803330,CO,Colorado,Delta County Joint District No. 50,20.23,84.0,85.29,-1.29,5056,train
0803360,CO,Colorado,School District No. 1 in the county of Denver and State of C,34.29,70.0,77.29,-7.29,91782,train
0803450,CO,Colorado,"Douglas County School District, No. Re 1",10.91,91.0,91.8,-0.8,67537,test
0803480,CO,Colorado,Durango School District No. 9-R,20.92,78.0,84.86,-6.86,5068,train
0803540,CO,Colorado,Eagle County School District No. Re 50,20.91,75.0,84.95,-9.95,6929,train
0803600,CO,Colorado,Weld County School District No. Re-2,7.27,95.0,93.12,1.88,1912,train
0803720,CO,Colorado,"School District No. C-1, in the county of Elbert and State o",12.26,87.0,90.07,-3.07,2471,train
0803780,CO,Colorado,"Englewood, School District No. 1, in the county of Arapahoe",24.9,53.0,82.21,-29.21,2759,test
0803870,CO,Colorado,"Falcon, School District No. 49, in the county of El Paso and",18.94,56.0,86.48,-30.48,21449,train
0803990,CO,Colorado,Poudre School District R-1,20.43,84.0,85.64,-1.64,30013,train
0804020,CO,Colorado,Weld County Reorganized School District No. Re-8,22.02,72.0,83.98,-11.98,2430,train
0804050,CO,Colorado,"School District No. Re-3, Fort Morgan",23.62,74.0,83.06,-9.06,3273,test
0804080,CO,Colorado,"Fountain, School District No. 8, in the county of El Paso an",22.36,82.0,84.09,-2.09,8335,test
0804200,CO,Colorado,Weld County Reorganized School District No. Re-1,21.62,92.0,84.17,7.83,1966,train
0804260,CO,Colorado,Roaring Fork School District No. Re-1,15.75,84.0,88.12,-4.12,5639,train
0804320,CO,Colorado,East Grand School District No. 2,7.14,82.0,93.09,-11.09,1302,train
0804350,CO,Colorado,Mesa County Valley School District No. 51,26.87,81.0,81.54,-0.54,22065,test
0804410,CO,Colorado,"Greeley,School District No. 6, in the county of Weld and Sta",33.69,81.0,77.29,3.71,22325,test
0804470,CO,Colorado,Gunnison Watershed School District Re1J,19.0,95.0,85.82,9.18,2068,test
0804530,CO,Colorado,"Harrison, School District No. 2, in the county of El Paso an",30.34,80.0,79.21,0.79,11737,train
0804800,CO,Colorado,Jefferson County School District No. R-1,24.21,85.0,83.57,1.43,86094,train
0804830,CO,Colorado,Weld County School District No. Re-5J,17.87,86.0,86.7,-0.7,3890,train
0804920,CO,Colorado,Weld County School District RE-3J,31.69,87.0,77.95,9.05,2474,train
0805220,CO,Colorado,Lamar School District No. Re-2,24.95,92.0,82.03,9.97,1567,train
0805250,CO,Colorado,Las Animas School District No. Re-1,57.96,82.0,61.46,20.54,1722,train
0805310,CO,Colorado,"Littleton, School District No. 6, in the county of Arapahoe",16.65,90.0,87.82,2.18,15161,train
0805370,CO,Colorado,St. Vrain Valley School District No. Re1J,17.3,86.0,87.62,-1.62,32424,train
0805400,CO,Colorado,Thompson School District R-2J,26.88,80.0,81.46,-1.46,16279,test
0805490,CO,Colorado,"Manitou Springs, School District No. 14, in the county of El",19.79,87.0,85.22,1.78,1400,train
0805550,CO,Colorado,"Mapleton, School District No. 1, in the county of Adams & St",27.88,60.0,80.67,-20.67,8912,train
0805730,CO,Colorado,Moffat County School District RE: No. 1,31.92,77.0,77.78,-0.78,2234,test
0805790,CO,Colorado,Montrose County School District Re-1J,37.84,79.0,74.36,4.64,6255,train
0805820,CO,Colorado,"Lewis-Palmer Consolidated, School District No. 38, in the co",9.13,96.0,92.29,3.71,6703,train
0806120,CO,Colorado,"Pueblo, School District No. 60, in the county of Pueblo and",36.28,82.0,75.6,6.4,16897,train
0806150,CO,Colorado,Pueblo County School District 70,20.18,89.0,85.5,3.5,9862,train
0806240,CO,Colorado,Garfield School District No. Re-2,24.39,83.0,82.68,0.32,4813,train
0806480,CO,Colorado,School District No. 3 in the county of El Paso and State of,16.63,81.0,87.71,-6.71,9695,test
0806540,CO,Colorado,Sheridan School District No. 2,23.73,67.0,82.76,-15.76,1403,train
0806660,CO,Colorado,Steamboat Springs School District No. Re 2,25.84,92.0,81.62,10.38,2678,train
0806690,CO,Colorado,"School District No. Re-1, Valley",14.5,82.0,88.66,-6.66,2290,train
0806810,CO,Colorado,Summit School District No. Re 1,26.95,95.0,81.0,14.0,3595,test
0806900,CO,Colorado,Adams 12 Five Star Schools,23.78,84.0,83.62,0.38,38865,train
0807230,CO,Colorado,Westminster Public Schools,26.96,68.0,81.26,-13.26,9441,train
0807350,CO,Colorado,Weld County Reorganized School District No. Re-4,7.19,92.0,93.49,-1.49,6303,test
0807380,CO,Colorado,Woodland Park School District No. Re-2,24.38,85.0,82.51,2.49,2502,train
0899200,CO,Colorado,CENTENNIAL BOCES,1.75,47.0,95.91,-48.91,171,train
0900002,CT,Connecticut,Connecticut Technical High Sc,12.57,97.0,90.27,6.73,10723,train
0900005,CT,Connecticut,REGIONAL SCHOOL DISTRICT 19,4.65,92.0,94.64,-2.64,1227,train
0900060,CT,Connecticut,ANSONIA SCHOOL DISTRICT,17.86,87.0,86.54,0.46,2167,test
0900120,CT,Connecticut,AVON SCHOOL DISTRICT,3.37,96.0,95.69,0.31,3147,train
0900210,CT,Connecticut,BERLIN SCHOOL DISTRICT,3.53,94.0,95.55,-1.55,2778,train
0900270,CT,Connecticut,BETHEL SCHOOL DISTRICT,5.04,93.0,94.63,-1.63,3036,train
0900330,CT,Connecticut,BLOOMFIELD SCHOOL DISTRICT,6.28,87.0,93.76,-6.76,2134,test
0900420,CT,Connecticut,BRANFORD SCHOOL DISTRICT,8.16,93.0,92.67,0.33,2819,test
0900450,CT,Connecticut,BRIDGEPORT SCHOOL DISTRICT,18.66,75.0,86.64,-11.64,20434,test
0900510,CT,Connecticut,BRISTOL SCHOOL DISTRICT,7.07,86.0,93.62,-7.62,7739,train
0900540,CT,Connecticut,BROOKFIELD SCHOOL DISTRICT,4.64,96.0,94.84,1.16,2628,train
0900690,CT,Connecticut,CANTON SCHOOL DISTRICT,5.85,95.0,93.95,1.05,1589,test
0900700,CT,Connecticut,CAPITOL REGION EDUCATION COUN,13.44,95.0,89.66,5.34,8230,train
0900750,CT,Connecticut,CHESHIRE SCHOOL DISTRICT,4.7,95.0,94.93,0.07,4188,train
0900810,CT,Connecticut,CLINTON SCHOOL DISTRICT,6.7,92.0,93.45,-1.45,1761,train
0900840,CT,Connecticut,COLCHESTER SCHOOL DISTRICT,6.72,94.0,93.52,0.48,2395,test
0900960,CT,Connecticut,COVENTRY SCHOOL DISTRICT,9.45,92.0,91.7,0.3,1555,train
0900990,CT,Connecticut,CROMWELL SCHOOL DISTRICT,4.09,95.0,95.11,-0.11,1958,train
0901020,CT,Connecticut,DANBURY SCHOOL DISTRICT,7.12,81.0,93.68,-12.68,11302,train
0901050,CT,Connecticut,DARIEN SCHOOL DISTRICT,3.62,97.0,95.64,1.36,4784,train
0901110,CT,Connecticut,DERBY SCHOOL DISTRICT,10.97,77.0,90.71,-13.71,1304,train
0901230,CT,Connecticut,EAST HAMPTON SCHOOL DISTRICT,5.82,95.0,94.02,0.98,1857,train
0901260,CT,Connecticut,EAST HARTFORD SCHOOL DISTRICT,14.95,88.0,88.64,-0.64,6282,train
0901290,CT,Connecticut,EAST HAVEN SCHOOL DISTRICT,15.04,84.0,88.35,-4.35,2607,test
0901320,CT,Connecticut,EAST LYME SCHOOL DISTRICT,5.28,95.0,94.45,0.55,2690,test
0901440,CT,Connecticut,ELLINGTON SCHOOL DISTRICT,6.06,95.0,93.96,1.04,2673,test
0901470,CT,Connecticut,ENFIELD SCHOOL DISTRICT,10.94,90.0,91.08,-1.08,4872,train
0901530,CT,Connecticut,FAIRFIELD SCHOOL DISTRICT,4.85,96.0,95.06,0.94,9770,train
0901560,CT,Connecticut,FARMINGTON SCHOOL DISTRICT,4.74,96.0,94.89,1.11,3988,train
0901620,CT,Connecticut,GLASTONBURY SCHOOL DISTRICT,3.05,97.0,96.05,0.95,5809,train
0901680,CT,Connecticut,GRANBY SCHOOL DISTRICT,4.73,95.0,94.69,0.31,1860,train
0901710,CT,Connecticut,GREENWICH SCHOOL DISTRICT,4.19,95.0,95.46,-0.46,9029,train
0901740,CT,Connecticut,GRISWOLD SCHOOL DISTRICT,12.05,87.0,90.12,-3.12,1768,train
0901770,CT,Connecticut,GROTON SCHOOL DISTRICT,10.07,84.0,91.59,-7.59,4261,train
0901800,CT,Connecticut,GUILFORD SCHOOL DISTRICT,4.76,97.0,94.83,2.17,3361,train
0901860,CT,Connecticut,HAMDEN SCHOOL DISTRICT,13.61,87.0,89.42,-2.42,5062,train
0901920,CT,Connecticut,HARTFORD SCHOOL DISTRICT,22.33,67.0,84.34,-17.34,19086,test
0902070,CT,Connecticut,KILLINGLY SCHOOL DISTRICT,12.31,87.0,90.03,-3.03,2356,train
0902160,CT,Connecticut,LEDYARD SCHOOL DISTRICT,4.98,92.0,94.61,-2.61,2390,train
0902280,CT,Connecticut,MADISON SCHOOL DISTRICT,2.37,97.0,96.27,0.73,2780,train
0902310,CT,Connecticut,MANCHESTER SCHOOL DISTRICT,17.96,82.0,86.75,-4.75,5814,train
0902400,CT,Connecticut,MERIDEN SCHOOL DISTRICT,13.25,79.0,89.76,-10.76,7580,train
0902490,CT,Connecticut,MIDDLETOWN SCHOOL DISTRICT,8.22,90.0,92.76,-2.76,4503,train
0902520,CT,Connecticut,MILFORD SCHOOL DISTRICT,6.99,93.0,93.58,-0.58,5690,test
0902550,CT,Connecticut,MONROE SCHOOL DISTRICT,4.67,95.0,94.87,0.13,3128,train
0902580,CT,Connecticut,MONTVILLE SCHOOL DISTRICT,7.13,92.0,93.23,-1.23,2089,train
0902640,CT,Connecticut,NAUGATUCK SCHOOL DISTRICT,12.36,86.0,90.14,-4.14,4069,train
0902670,CT,Connecticut,NEW BRITAIN SCHOOL DISTRICT,20.0,73.0,85.61,-12.61,9512,test
0902700,CT,Connecticut,NEW CANAAN SCHOOL DISTRICT,2.3,98.0,96.43,1.57,4217,train
0902730,CT,Connecticut,NEW FAIRFIELD SCHOOL DISTRICT,4.19,97.0,95.09,1.91,2291,test
0902790,CT,Connecticut,NEW HAVEN SCHOOL DISTRICT,17.82,77.0,87.17,-10.17,20481,train
0902820,CT,Connecticut,NEW LONDON SCHOOL DISTRICT,14.27,82.0,88.92,-6.92,3644,train
0902850,CT,Connecticut,NEW MILFORD SCHOOL DISTRICT,7.7,92.0,93.05,-1.05,4103,train
0902880,CT,Connecticut,NEWINGTON SCHOOL DISTRICT,6.12,95.0,94.04,0.96,4052,train
0902910,CT,Connecticut,NEWTOWN SCHOOL DISTRICT,3.95,96.0,95.4,0.6,4301,test
0902970,CT,Connecticut,NORTH BRANFORD SCHOOL DISTRIC,5.07,92.0,94.47,-2.47,1775,train
0903030,CT,Connecticut,NORTH HAVEN SCHOOL DISTRICT,5.16,91.0,94.58,-3.58,3257,train
0903090,CT,Connecticut,NORWALK SCHOOL DISTRICT,10.22,92.0,91.75,0.25,11257,train
0903180,CT,Connecticut,OLD SAYBROOK SCHOOL DISTRICT,5.17,95.0,94.31,0.69,1257,train
0903240,CT,Connecticut,OXFORD SCHOOL DISTRICT,10.25,95.0,91.25,3.75,1835,train
0903270,CT,Connecticut,PLAINFIELD SCHOOL DISTRICT,13.62,82.0,89.19,-7.19,2224,test
0903300,CT,Connecticut,PLAINVILLE SCHOOL DISTRICT,8.56,92.0,92.37,-0.37,2359,train
0903330,CT,Connecticut,PLYMOUTH SCHOOL DISTRICT,9.15,92.0,91.87,0.13,1453,train
0903450,CT,Connecticut,LEARN,13.27,92.0,89.44,2.56,2434,train
0903515,CT,Connecticut,REGIONAL SCHOOL DISTRICT 06,9.14,95.0,91.75,3.25,919,train
0903520,CT,Connecticut,REGIONAL SCHOOL DISTRICT 10,6.6,96.0,93.6,2.4,2395,test
0903535,CT,Connecticut,REGIONAL SCHOOL DISTRICT 13,4.97,92.0,94.51,-2.51,1649,train
0903536,CT,Connecticut,REGIONAL SCHOOL DISTRICT 14,8.45,95.0,92.35,2.65,1704,test
0903537,CT,Connecticut,REGIONAL SCHOOL DISTRICT 15,3.82,95.0,95.43,-0.43,3531,test
0903538,CT,Connecticut,REGIONAL SCHOOL DISTRICT 16,6.67,95.0,93.52,1.48,2173,test
0903539,CT,Connecticut,REGIONAL SCHOOL DISTRICT 17,3.43,95.0,95.53,-0.53,2038,test
0903540,CT,Connecticut,REGIONAL SCHOOL DISTRICT 18,6.05,95.0,93.76,1.24,1224,test
0903630,CT,Connecticut,REGIONAL SCHOOL DISTRICT 04,9.45,95.0,91.56,3.44,910,test
0903660,CT,Connecticut,REGIONAL SCHOOL DISTRICT 05,5.69,95.0,94.14,0.86,2197,train
0903720,CT,Connecticut,REGIONAL SCHOOL DISTRICT 07,2.3,95.0,96.06,-1.06,1044,train
0903750,CT,Connecticut,REGIONAL SCHOOL DISTRICT 08,6.55,95.0,93.5,1.5,1482,train
0903780,CT,Connecticut,REGIONAL SCHOOL DISTRICT 09,7.84,97.0,92.56,4.44,893,train
0903810,CT,Connecticut,RIDGEFIELD SCHOOL DISTRICT,5.85,96.0,94.25,1.75,4885,train
0903840,CT,Connecticut,ROCKY HILL SCHOOL DISTRICT,4.34,95.0,95.03,-0.03,2693,train
0903990,CT,Connecticut,SEYMOUR SCHOOL DISTRICT,9.37,92.0,91.84,0.16,2167,train
0904050,CT,Connecticut,SHELTON SCHOOL DISTRICT,10.03,90.0,91.63,-1.63,4608,train
0904110,CT,Connecticut,SIMSBURY SCHOOL DISTRICT,4.68,94.0,94.94,-0.94,4105,train
0904140,CT,Connecticut,SOMERS SCHOOL DISTRICT,11.68,95.0,90.27,4.73,1344,train
0904170,CT,Connecticut,SOUTH WINDSOR SCHOOL DISTRICT,4.83,95.0,94.85,0.15,4225,train
0904230,CT,Connecticut,SOUTHINGTON SCHOOL DISTRICT,4.45,94.0,95.2,-1.2,6424,train
0904320,CT,Connecticut,STAMFORD SCHOOL DISTRICT,10.22,87.0,91.83,-4.83,15514,train
0904380,CT,Connecticut,STONINGTON SCHOOL DISTRICT,5.41,92.0,94.29,-2.29,2033,train
0904440,CT,Connecticut,STRATFORD SCHOOL DISTRICT,11.77,92.0,90.65,1.35,6739,train
0904470,CT,Connecticut,SUFFIELD SCHOOL DISTRICT,7.07,95.0,93.28,1.72,2207,train
0904560,CT,Connecticut,TOLLAND SCHOOL DISTRICT,4.14,94.0,95.14,-1.14,2441,test
0904590,CT,Connecticut,TORRINGTON SCHOOL DISTRICT,12.7,83.0,89.92,-6.92,3929,train
0904620,CT,Connecticut,TRUMBULL SCHOOL DISTRICT,4.09,97.0,95.43,1.57,6460,train
0904680,CT,Connecticut,VERNON SCHOOL DISTRICT,7.75,78.0,92.94,-14.94,3058,train
0904740,CT,Connecticut,WALLINGFORD SCHOOL DISTRICT,5.15,93.0,94.74,-1.74,5924,train
0904830,CT,Connecticut,WATERBURY SCHOOL DISTRICT,14.96,77.0,88.93,-11.93,18485,train
0904860,CT,Connecticut,WATERFORD SCHOOL DISTRICT,6.73,91.0,93.53,-2.53,2512,train
0904890,CT,Connecticut,WATERTOWN SCHOOL DISTRICT,11.24,92.0,90.74,1.26,2767,train
0904920,CT,Connecticut,WEST HARTFORD SCHOOL DISTRICT,5.14,93.0,94.88,-1.88,9566,train
0904950,CT,Connecticut,WEST HAVEN SCHOOL DISTRICT,10.04,82.0,91.68,-9.68,5755,train
0905010,CT,Connecticut,WESTON SCHOOL DISTRICT,4.04,98.0,95.19,2.81,2329,train
0905040,CT,Connecticut,WESTPORT SCHOOL DISTRICT,12.98,99.0,89.84,9.16,5485,train
0905070,CT,Connecticut,WETHERSFIELD SCHOOL DISTRICT,3.54,94.0,95.61,-1.61,3562,train
0905130,CT,Connecticut,WILTON SCHOOL DISTRICT,3.21,98.0,95.85,2.15,4021,train
0905190,CT,Connecticut,WINDHAM SCHOOL DISTRICT,13.8,77.0,89.17,-12.17,3059,train
0905220,CT,Connecticut,WINDSOR SCHOOL DISTRICT,7.54,89.0,93.08,-4.08,3143,train
0905250,CT,Connecticut,WINDSOR LOCKS SCHOOL DISTRICT,10.27,87.0,91.18,-4.18,1500,train
0905280,CT,Connecticut,WOLCOTT SCHOOL DISTRICT,3.67,95.0,95.41,-0.41,2260,train
0905371,CT,Connecticut,NORWICH FREE ACADEMY,15.27,86.0,88.18,-2.18,2325,train
0905373,CT,Connecticut,WOODSTOCK ACADEMY,6.87,99.0,93.21,5.79,1091,test
1000004,DE,Delaware,Charter School of Wilmington,2.06,99.0,96.19,2.81,970,train
1000015,DE,Delaware,Newark Charter School,2.12,95.0,96.38,-1.38,2354,train
1000016,DE,Delaware,Delaware Military Academy,7.39,95.0,92.72,2.28,582,train
1000080,DE,Delaware,Appoquinimink School District,12.09,95.0,90.58,4.42,10878,train
1000170,DE,Delaware,Cape Henlopen School District,15.46,87.0,88.29,-1.29,5448,train
1000180,DE,Delaware,Caesar Rodney School District,13.53,89.0,89.59,-0.59,7931,train
1000190,DE,Delaware,Capital School District,23.17,84.0,83.52,0.48,6486,train
1000200,DE,Delaware,Christina School District,30.01,70.0,79.47,-9.47,14229,train
1000230,DE,Delaware,Colonial School District,20.74,80.0,85.15,-5.15,9873,train
1000270,DE,Delaware,Delmar School District,15.37,92.0,87.97,4.03,1360,train
1000680,DE,Delaware,Indian River School District,16.99,84.0,87.51,-3.51,10603,train
1000750,DE,Delaware,POLYTECH School District,10.8,95.0,90.79,4.21,1194,train
1000790,DE,Delaware,Lake Forest School District,17.02,85.0,87.22,-2.22,3779,test
1000810,DE,Delaware,Laurel School District,18.25,82.0,86.33,-4.33,2449,train
1001080,DE,Delaware,Milford School District,16.92,86.0,87.3,-1.3,4020,train
1001240,DE,Delaware,Brandywine School District,17.29,85.0,87.32,-2.32,10480,train
1001280,DE,Delaware,New Castle County Vocational-Technical School District,12.05,94.0,90.38,3.62,4723,test
1001300,DE,Delaware,Red Clay Consolidated School District,21.67,87.0,84.7,2.3,15735,train
1001530,DE,Delaware,Seaford School District,24.16,77.0,82.74,-5.74,3464,train
1001620,DE,Delaware,Smyrna School District,13.19,89.0,89.71,-0.71,5490,train
1001680,DE,Delaware,Sussex Technical School District,2.51,96.0,95.97,0.03,1233,train
1001850,DE,Delaware,Woodbridge School District,21.68,82.0,84.2,-2.2,2537,train
1100005,DC,District Of Columbia,Cesar Chavez PCS for Public Policy,38.01,77.0,73.81,3.19,1176,train
1100008,DC,District Of Columbia,Friendship PCS,22.27,77.0,83.95,-6.95,3992,train
1100030,DC,District Of Columbia,District of Columbia Public Schools,31.18,69.0,79.06,-10.06,47660,train
1100031,DC,District Of Columbia,KIPP DC PCS,24.78,82.0,82.49,-0.49,5919,train
1100043,DC,District Of Columbia,E.L. Haynes PCS,18.94,87.0,85.7,1.3,1130,train
1200002,FL,Florida,FL VIRTUAL,8.02,81.0,92.99,-11.99,6748,train
1200030,FL,Florida,ALACHUA,21.98,88.0,84.67,3.33,29362,test
1200060,FL,Florida,BAKER,24.5,76.0,82.62,-6.62,5040,train
1200090,FL,Florida,BAY,32.58,81.0,78.04,2.96,27956,test
1200120,FL,Florida,BRADFORD,38.44,87.0,73.8,13.2,3215,train
1200150,FL,Florida,BREVARD,15.49,88.0,88.96,-0.96,73171,test
1200180,FL,Florida,BROWARD,19.84,84.0,86.6,-2.6,271315,train
1200210,FL,Florida,CALHOUN,38.76,87.0,73.51,13.49,2229,train
1200240,FL,Florida,CHARLOTTE,20.27,88.0,85.57,2.43,15727,train
1200270,FL,Florida,CITRUS,27.02,84.0,81.35,2.65,15402,train
1200300,FL,Florida,CLAY,23.63,91.0,83.7,7.3,37489,train
1200330,FL,Florida,COLLIER,12.19,92.0,90.9,1.1,46807,train
1200360,FL,Florida,COLUMBIA,27.24,88.0,81.1,6.9,10157,train
1200390,FL,Florida,DADE,19.31,86.0,87.0,-1.0,353914,test
1200420,FL,Florida,DESOTO,27.12,61.0,80.98,-19.98,4801,train
1200450,FL,Florida,DIXIE,31.07,95.0,78.3,16.7,2182,train
1200480,FL,Florida,DUVAL,31.01,85.0,79.43,5.57,129129,train
1200510,FL,Florida,ESCAMBIA,26.43,81.0,81.97,-0.97,39924,test
1200540,FL,Florida,FLAGLER,20.83,88.0,85.17,2.83,12975,train
1200600,FL,Florida,GADSDEN,16.89,66.0,87.36,-21.36,4707,train
1200630,FL,Florida,GILCHRIST,15.49,87.0,88.08,-1.08,2666,test
1200690,FL,Florida,GULF,29.23,82.0,79.42,2.58,1967,train
1200720,FL,Florida,HAMILTON,35.04,72.0,75.75,-3.75,1624,train
1200750,FL,Florida,HARDEE,22.63,80.0,83.8,-3.8,5205,train
1200780,FL,Florida,HENDRY,31.2,84.0,78.54,5.46,7288,train
1200810,FL,Florida,HERNANDO,24.09,89.0,83.28,5.72,22443,train
1200840,FL,Florida,HIGHLANDS,24.36,77.0,82.95,-5.95,12321,train
1200870,FL,Florida,HILLSBOROUGH,21.87,87.0,85.27,1.73,215965,test
1200900,FL,Florida,HOLMES,31.53,77.0,78.12,-1.12,3279,train
1200930,FL,Florida,INDIAN RIVER,28.87,92.0,80.23,11.77,17784,train
1200960,FL,Florida,JACKSON,33.12,78.0,77.31,0.69,6420,train
1201050,FL,Florida,LAKE,25.03,84.0,82.87,1.13,43022,test
1201080,FL,Florida,LEE,22.6,83.0,84.59,-1.59,92854,train
1201110,FL,Florida,LEON,23.16,93.0,83.97,9.03,34033,train
1201140,FL,Florida,LEVY,30.94,87.0,78.63,8.37,5568,train
1201200,FL,Florida,MADISON,23.53,82.0,83.07,-1.07,2729,test
1201230,FL,Florida,MANATEE,21.86,85.0,84.88,0.12,48810,train
1201260,FL,Florida,MARION,29.46,84.0,80.1,3.9,43015,train
1201290,FL,Florida,MARTIN,17.16,88.0,87.56,0.44,18554,train
1201320,FL,Florida,MONROE,15.98,86.0,88.08,-2.08,8500,test
1201350,FL,Florida,NASSAU,27.17,93.0,81.19,11.81,11857,train
1201380,FL,Florida,OKALOOSA,20.28,88.0,85.75,2.25,31635,train
1201410,FL,Florida,OKEECHOBEE,28.81,77.0,79.99,-2.99,6233,train
1201440,FL,Florida,ORANGE,24.24,89.0,83.78,5.22,204312,train
1201470,FL,Florida,OSCEOLA,27.08,89.0,81.7,7.3,65861,train
1201500,FL,Florida,PALM BEACH,14.03,88.0,90.14,-2.14,192544,train
1201530,FL,Florida,PASCO,21.44,87.0,85.25,1.75,73636,train
1201560,FL,Florida,PINELLAS,24.92,86.0,83.17,2.83,101562,train
1201590,FL,Florida,POLK,21.61,80.0,85.23,-5.23,101060,train
1201620,FL,Florida,PUTNAM,42.14,85.0,71.83,13.17,11103,test
1201650,FL,Florida,SANTA ROSA,15.77,89.0,88.53,0.47,27537,test
1201680,FL,Florida,SARASOTA,14.19,90.0,89.63,0.37,42799,train
1201710,FL,Florida,SEMINOLE,14.62,92.0,89.48,2.52,67686,train
1201740,FL,Florida,ST. JOHNS,13.9,93.0,89.79,3.21,39933,train
1201770,FL,Florida,ST. LUCIE,31.44,92.0,78.86,13.14,40703,train
1201800,FL,Florida,SUMTER,23.16,88.0,83.61,4.39,8636,train
1201830,FL,Florida,SUWANNEE,29.26,96.0,79.7,16.3,5975,test
1201860,FL,Florida,TAYLOR,41.71,92.0,71.72,20.28,2659,train
1201890,FL,Florida,UNION,24.92,82.0,82.15,-0.15,2303,train
1201920,FL,Florida,VOLUSIA,21.46,80.0,85.19,-5.19,62692,train
1201950,FL,Florida,WAKULLA,28.62,90.0,80.05,9.95,4899,train
1201980,FL,Florida,WALTON,20.91,87.0,85.03,1.97,9440,train
1202010,FL,Florida,WASHINGTON,36.39,80.0,75.1,4.9,3350,train
1202012,FL,Florida,FAU LAB SCH,7.83,95.0,92.84,2.16,2554,train
1202013,FL,Florida,FSU LAB SCH,11.06,95.0,90.82,4.18,2406,train
1202015,FL,Florida,UF LAB SCH,8.67,95.0,92.11,2.89,1154,train
1300001,GA,Georgia,Troup County,13.42,84.0,89.78,-5.78,12209,train
1300026,GA,Georgia,Department of Juvenile Justice,14.15,7.0,88.23,-81.23,205,train
1300060,GA,Georgia,Appling County,14.03,89.0,89.07,-0.07,3641,test
1300090,GA,Georgia,Atkinson County,10.38,87.0,91.15,-4.15,1706,train
1300120,GA,Georgia,Atlanta Public Schools,23.64,80.0,83.78,-3.78,51924,train
1300150,GA,Georgia,Bacon County,13.3,92.0,89.39,2.61,2158,train
1300210,GA,Georgia,Baldwin County,15.79,92.0,88.07,3.93,5219,train
1300227,GA,Georgia,State Charter Schools- Georgia Connections Academy,18.94,45.0,86.02,-41.02,3885,train
1300232,GA,Georgia,State Charter Schools- Georgia Cyber Academy,0.42,53.0,97.93,-44.93,14286,train
1300240,GA,Georgia,Banks County,17.79,93.0,86.65,6.35,2793,train
1300290,GA,Georgia,Barrow County,13.98,86.0,89.46,-3.46,13719,test
1300330,GA,Georgia,Bartow County,16.87,87.0,87.65,-0.65,13541,train
1300360,GA,Georgia,Ben Hill County,14.12,80.0,88.98,-8.98,3159,train
1300390,GA,Georgia,Berrien County,17.4,79.0,86.93,-7.93,3149,train
1300420,GA,Georgia,Bibb County,16.23,78.0,88.2,-10.2,24108,train
1300440,GA,Georgia,Bleckley County,14.0,92.0,88.99,3.01,2550,train
1300480,GA,Georgia,Brantley County,16.06,83.0,87.79,-4.79,3430,train
1300510,GA,Georgia,Bremen City,6.39,95.0,93.71,1.29,2284,train
1300540,GA,Georgia,Brooks County,15.69,87.0,87.89,-0.89,2148,test
1300570,GA,Georgia,Bryan County,10.25,88.0,91.68,-3.68,9168,train
1300600,GA,Georgia,Buford City,5.05,93.0,94.75,-1.75,4808,train
1300630,GA,Georgia,Bulloch County,15.27,85.0,88.58,-3.58,10606,train
1300660,GA,Georgia,Burke County,10.88,89.0,91.07,-2.07,4181,test
1300690,GA,Georgia,Butts County,14.79,81.0,88.58,-7.58,3482,train
1300720,GA,Georgia,Calhoun City,9.33,98.0,92.03,5.97,4041,train
1300780,GA,Georgia,Camden County,14.42,93.0,89.08,3.92,9254,train
1300810,GA,Georgia,Candler County,7.84,92.0,92.8,-0.8,2195,train
1300840,GA,Georgia,Carroll County,14.0,92.0,89.47,2.53,14811,test
1300870,GA,Georgia,Carrollton City,12.33,89.0,90.23,-1.23,5119,train
1300900,GA,Georgia,Cartersville City,8.15,91.0,92.8,-1.8,4528,train
1300930,GA,Georgia,Catoosa County,14.2,88.0,89.26,-1.26,10788,train
1300990,GA,Georgia,Charlton County,16.44,87.0,87.36,-0.36,1727,train
1301020,GA,Georgia,Savannah-Chatham County,9.06,87.0,92.79,-5.79,36801,train
1301050,GA,Georgia,Chattahoochee County,17.16,82.0,86.73,-4.73,845,train
1301080,GA,Georgia,Chattooga County,20.66,82.0,84.87,-2.87,2808,train
1301110,GA,Georgia,Cherokee County,9.73,87.0,92.41,-5.41,41624,test
1301140,GA,Georgia,Chickamauga City,3.3,95.0,95.49,-0.49,1304,test
1301170,GA,Georgia,Clarke County,17.34,80.0,87.36,-7.36,13603,train
1301230,GA,Georgia,Clayton County,20.33,72.0,85.86,-13.86,54381,train
1301290,GA,Georgia,Cobb County,11.11,85.0,91.81,-6.81,111331,train
1301350,GA,Georgia,Coffee County,15.71,83.0,88.22,-5.22,7715,train
1301380,GA,Georgia,Colquitt County,16.61,80.0,87.72,-7.72,9645,train
1301410,GA,Georgia,Columbia County,10.58,91.0,91.76,-0.76,27159,train
1301470,GA,Georgia,Cook County,14.21,90.0,88.92,1.08,3222,train
1301500,GA,Georgia,Coweta County,12.7,85.0,90.39,-5.39,22491,train
1301530,GA,Georgia,Crawford County,19.12,82.0,85.69,-3.69,1705,train
1301560,GA,Georgia,Crisp County,20.69,88.0,84.95,3.05,4079,train
1301590,GA,Georgia,Dade County,17.26,92.0,86.92,5.08,2144,train
1301620,GA,Georgia,Dalton Public Schools,8.86,79.0,92.5,-13.5,7900,train
1301650,GA,Georgia,Dawson County,13.65,95.0,89.3,5.7,3517,train
1301680,GA,Georgia,City Schools of Decatur,5.35,95.0,94.6,0.4,5513,train
1301710,GA,Georgia,Decatur County,22.88,84.0,83.64,0.36,5184,train
1301740,GA,Georgia,DeKalb County,21.29,75.0,85.42,-10.42,99296,test
1301770,GA,Georgia,Dodge County,10.85,93.0,91.02,1.98,3171,train
1301830,GA,Georgia,Dougherty County,14.43,86.0,89.18,-3.18,13933,test
1301860,GA,Georgia,Douglas County,14.22,87.0,89.48,-2.48,26420,train
1301870,GA,Georgia,Dublin City,19.41,92.0,85.6,6.4,2380,train
1301890,GA,Georgia,Laurens County,12.11,84.0,90.42,-6.42,6498,train
1301920,GA,Georgia,Early County,16.86,92.0,87.15,4.85,2052,train
1301980,GA,Georgia,Effingham County,11.5,91.0,90.97,0.03,12048,train
1302010,GA,Georgia,Elbert County,15.24,82.0,88.27,-6.27,3058,test
1302040,GA,Georgia,Emanuel County,17.68,84.0,86.84,-2.84,4299,train
1302070,GA,Georgia,Evans County,17.84,82.0,86.53,-4.53,1923,train
1302100,GA,Georgia,Fannin County,16.98,94.0,87.18,6.82,2951,train
1302130,GA,Georgia,Fayette County,8.06,89.0,93.25,-4.25,20112,train
1302190,GA,Georgia,Floyd County,11.81,94.0,90.72,3.28,9797,train
1302220,GA,Georgia,Forsyth County,7.05,94.0,94.12,-0.12,47671,train
1302250,GA,Georgia,Franklin County,15.21,91.0,88.34,2.66,3696,train
1302280,GA,Georgia,Fulton County,13.18,87.0,90.47,-3.47,95105,train
1302310,GA,Georgia,Gainesville City,15.18,88.0,88.56,-0.56,7972,train
1302340,GA,Georgia,Gilmer County,19.68,84.0,85.58,-1.58,4131,train
1302400,GA,Georgia,Glynn County,14.89,95.0,88.87,6.13,12799,train
1302430,GA,Georgia,Gordon County,17.47,95.0,87.09,7.91,6762,train
1302460,GA,Georgia,Grady County,11.67,91.0,90.61,0.39,4695,train
1302490,GA,Georgia,Greene County,11.14,92.0,90.78,1.22,2522,train
1302520,GA,Georgia,Griffin-Spalding County,17.94,85.0,86.91,-1.91,10291,train
1302550,GA,Georgia,Gwinnett County,10.16,82.0,92.53,-10.53,178921,train
1302580,GA,Georgia,Habersham County,12.15,92.0,90.42,1.58,6907,train
1302610,GA,Georgia,Hall County,16.72,88.0,87.93,0.07,27433,test
1302670,GA,Georgia,Haralson County,15.99,94.0,87.83,6.17,3452,train
1302700,GA,Georgia,Harris County,8.36,92.0,92.71,-0.71,5290,test
1302730,GA,Georgia,Hart County,13.4,95.0,89.46,5.54,3567,train
1302790,GA,Georgia,Heard County,17.64,92.0,86.68,5.32,2115,train
1302820,GA,Georgia,Henry County,14.44,88.0,89.47,-1.47,42012,test
1302880,GA,Georgia,Houston County,11.81,87.0,91.02,-4.02,29492,train
1302910,GA,Georgia,Irwin County,18.23,92.0,86.25,5.75,1733,test
1302940,GA,Georgia,Jackson County,11.81,94.0,90.66,3.34,7698,train
1302970,GA,Georgia,Jasper County,9.81,87.0,91.59,-4.59,2415,train
1303000,GA,Georgia,Jeff Davis County,17.04,90.0,87.15,2.85,3133,train
1303030,GA,Georgia,Jefferson City,8.89,95.0,92.28,2.72,3723,train
1303060,GA,Georgia,Jefferson County,14.95,87.0,88.41,-1.41,2635,test
1303150,GA,Georgia,Jones County,13.51,88.0,89.49,-1.49,5161,test
1303210,GA,Georgia,Lamar County,10.07,87.0,91.46,-4.46,2692,train
1303240,GA,Georgia,Lanier County,12.45,77.0,89.86,-12.86,1735,train
1303270,GA,Georgia,Lee County,9.17,88.0,92.26,-4.26,6456,train
1303300,GA,Georgia,Liberty County,22.06,85.0,84.32,0.68,9385,train
1303330,GA,Georgia,Lincoln County,15.04,87.0,88.13,-1.13,1130,test
1303360,GA,Georgia,Long County,17.23,92.0,87.08,4.92,3715,test
1303390,GA,Georgia,Lowndes County,8.8,92.0,92.62,-0.62,10643,train
1303420,GA,Georgia,Lumpkin County,12.47,90.0,90.06,-0.06,3857,train
1303450,GA,Georgia,Macon County,29.82,87.0,78.95,8.05,1368,test
1303480,GA,Georgia,Madison County,14.34,90.0,88.96,1.04,4924,train
1303510,GA,Georgia,Marietta City,12.63,76.0,90.18,-14.18,8913,test
1303540,GA,Georgia,Marion County,8.1,92.0,92.52,-0.52,1408,train
1303570,GA,Georgia,McDuffie County,15.53,77.0,88.16,-11.16,3974,test
1303600,GA,Georgia,McIntosh County,26.69,77.0,80.91,-3.91,1379,test
1303630,GA,Georgia,Meriwether County,13.41,82.0,89.38,-7.38,2752,train
1303690,GA,Georgia,Mitchell County,6.05,95.0,93.91,1.09,2181,test
1303720,GA,Georgia,Monroe County,9.33,85.0,92.03,-7.03,4062,train
1303780,GA,Georgia,Morgan County,12.07,90.0,90.25,-0.25,3090,train
1303840,GA,Georgia,Murray County,17.73,93.0,86.96,6.04,7441,train
1303870,GA,Georgia,Muscogee County,17.6,89.0,87.42,1.58,31766,train
1303930,GA,Georgia,Newton County,17.46,87.0,87.37,-0.37,18667,train
1303960,GA,Georgia,Oconee County,5.87,94.0,94.37,-0.37,7752,test
1303990,GA,Georgia,Oglethorpe County,12.73,92.0,89.74,2.26,2152,train
1304020,GA,Georgia,Paulding County,15.57,86.0,88.67,-2.67,29411,test
1304050,GA,Georgia,Peach County,14.96,81.0,88.49,-7.49,3644,train
1304080,GA,Georgia,Pelham City,7.46,92.0,92.93,-0.93,1462,train
1304110,GA,Georgia,Pickens County,13.97,96.0,89.16,6.84,4394,train
1304140,GA,Georgia,Pierce County,9.27,91.0,92.04,-1.04,3658,train
1304170,GA,Georgia,Pike County,11.96,88.0,90.34,-2.34,3369,train
1304200,GA,Georgia,Polk County,20.25,80.0,85.4,-5.4,7837,train
1304260,GA,Georgia,Putnam County,14.05,92.0,89.0,3.0,2939,train
1304320,GA,Georgia,Rabun County,13.9,92.0,89.02,2.98,2252,train
1304380,GA,Georgia,Richmond County,24.74,78.0,82.96,-4.96,30859,train
1304410,GA,Georgia,Rockdale County,15.82,82.0,88.36,-6.36,16701,train
1304440,GA,Georgia,Rome City,12.84,90.0,89.96,0.04,6393,train
1304470,GA,Georgia,Schley County,4.02,95.0,95.05,-0.05,1320,train
1304500,GA,Georgia,Screven County,15.51,82.0,88.03,-6.03,2347,train
1304530,GA,Georgia,Seminole County,6.13,87.0,93.77,-6.77,1502,train
1304540,GA,Georgia,Social Circle City,12.59,92.0,89.78,2.22,1779,train
1304560,GA,Georgia,Stephens County,17.5,90.0,86.93,3.07,4011,test
1304620,GA,Georgia,Sumter County,8.06,87.0,92.86,-5.86,4577,test
1304770,GA,Georgia,Tattnall County,15.47,84.0,88.19,-4.19,3873,test
1304800,GA,Georgia,Taylor County,14.76,87.0,88.36,-1.36,1369,train
1304830,GA,Georgia,Telfair County,20.05,77.0,85.12,-8.12,1756,train
1304890,GA,Georgia,Thomas County,14.5,91.0,88.9,2.1,5840,train
1304950,GA,Georgia,Thomasville City,16.34,77.0,87.57,-10.57,2876,train
1304980,GA,Georgia,Tift County,15.06,85.0,88.62,-3.62,7502,train
1305040,GA,Georgia,Toombs County,22.31,88.0,83.85,4.15,2994,train
1305130,GA,Georgia,Trion City,4.0,95.0,95.08,-0.08,1401,train
1305190,GA,Georgia,Turner County,16.65,82.0,87.15,-5.15,1237,train
1305250,GA,Georgia,Union County,14.71,98.0,88.59,9.41,2883,test
1305280,GA,Georgia,Thomaston-Upson County,13.33,87.0,89.53,-2.53,3984,train
1305310,GA,Georgia,Valdosta City,19.09,88.0,86.12,1.88,7888,test
1305340,GA,Georgia,Vidalia City,6.92,92.0,93.41,-1.41,2544,train
1305370,GA,Georgia,Walker County,19.27,88.0,86.04,1.96,8810,train
1305390,GA,Georgia,Walton County,17.7,88.0,87.14,0.86,13951,train
1305430,GA,Georgia,Ware County,15.47,90.0,88.31,1.69,6139,test
1305490,GA,Georgia,Washington County,16.77,95.0,87.28,7.72,2731,train
1305550,GA,Georgia,Wayne County,17.99,91.0,86.7,4.3,5391,train
1305670,GA,Georgia,White County,14.15,87.0,89.01,-2.01,3808,train
1305700,GA,Georgia,Whitfield County,11.23,80.0,91.16,-11.16,13081,test
1305760,GA,Georgia,Wilkes County,12.05,82.0,90.08,-8.08,1560,test
1305790,GA,Georgia,Wilkinson County,6.06,92.0,93.79,-1.79,1387,train
1305850,GA,Georgia,Worth County,15.47,77.0,88.14,-11.14,3271,test
1500030,HI,Hawaii,Hawaii Department of Education,18.93,84.0,87.05,-3.05,176927,train
1600002,ID,Idaho,LAKE PEND OREILLE SCHOOL DISTRICT,3.59,88.0,95.58,-7.58,3538,train
1600004,ID,Idaho,"IDAHO VIRTUAL ACADEMY, INC.",0.48,50.0,97.32,-47.32,1676,train
1600011,ID,Idaho,"INSPIRE ACADEMICS, INC.",2.71,42.0,95.83,-53.83,1180,test
1600060,ID,Idaho,AMERICAN FALLS JOINT DISTRICT,2.65,87.0,95.91,-8.91,1395,train
1600144,ID,Idaho,"ISUCCEED VIRTUAL HIGH SCHOOL, INC.",6.4,17.0,93.24,-76.24,406,test
1600155,ID,Idaho,"ANOTHER CHOICE VIRTUAL CHARTER SCHOOL, INC.",4.45,47.0,94.53,-47.53,517,train
1600240,ID,Idaho,BEAR LAKE COUNTY DISTRICT,2.63,77.0,95.88,-18.88,1179,train
1600270,ID,Idaho,BLACKFOOT DISTRICT,4.39,83.0,95.09,-12.09,3756,train
1600300,ID,Idaho,BLAINE COUNTY DISTRICT,3.33,86.0,95.73,-9.73,3393,train
1600360,ID,Idaho,BOISE INDEPENDENT DISTRICT,3.58,81.0,96.14,-15.14,27833,test
1600420,ID,Idaho,BOUNDARY COUNTY DISTRICT,4.16,77.0,94.99,-17.99,1514,test
1600480,ID,Idaho,BUHL JOINT DISTRICT,2.94,72.0,95.72,-23.72,1325,train
1600510,ID,Idaho,CALDWELL DISTRICT,4.42,76.0,95.21,-19.21,6131,train
1600600,ID,Idaho,VALLIVUE SCHOOL DISTRICT,3.38,81.0,95.96,-14.96,9065,train
1600660,ID,Idaho,CASSIA COUNTY JOINT DISTRICT,3.34,85.0,95.85,-10.85,5443,train
1600780,ID,Idaho,COEUR D'ALENE DISTRICT,2.5,88.0,96.55,-8.55,10602,train
1600930,ID,Idaho,BONNEVILLE JOINT DISTRICT,2.41,81.0,96.65,-15.65,12415,train
1600960,ID,Idaho,PRESTON JOINT DISTRICT,1.94,82.0,96.5,-14.5,2374,train
1601020,ID,Idaho,EMMETT INDEPENDENT DISTRICT,2.49,79.0,96.23,-17.23,3169,test
1601050,ID,Idaho,FILER DISTRICT,3.83,82.0,95.23,-13.23,1673,train
1601110,ID,Idaho,FREMONT COUNTY JOINT DISTRICT,3.34,87.0,95.6,-8.6,2154,train
1601140,ID,Idaho,FRUITLAND DISTRICT,3.39,87.0,95.52,-8.52,1772,train
1601260,ID,Idaho,GOODING JOINT DISTRICT,4.64,82.0,94.67,-12.67,1379,test
1601530,ID,Idaho,IDAHO FALLS DISTRICT,2.91,76.0,96.3,-20.3,10657,train
1601570,ID,Idaho,JEFFERSON COUNTY JOINT DISTRICT,1.65,89.0,96.93,-7.93,5942,train
1601590,ID,Idaho,JEROME JOINT DISTRICT,2.82,78.0,96.09,-18.09,3970,train
1601710,ID,Idaho,KIMBERLY DISTRICT,1.98,92.0,96.43,-4.43,1969,train
1601770,ID,Idaho,KUNA JOINT DISTRICT,2.65,85.0,96.27,-11.27,5171,train
1601800,ID,Idaho,LAKELAND DISTRICT,2.66,92.0,96.21,-4.21,4319,train
1601860,ID,Idaho,LEWISTON INDEPENDENT DISTRICT,2.86,85.0,96.1,-11.1,4480,test
1601920,ID,Idaho,MADISON DISTRICT,1.69,90.0,96.85,-6.85,4804,test
1602100,ID,Idaho,JOINT SCHOOL DISTRICT NO. 2,2.41,87.0,96.95,-9.95,38418,train
1602130,ID,Idaho,MIDDLETON DISTRICT,2.16,85.0,96.5,-11.5,3941,train
1602190,ID,Idaho,MINIDOKA COUNTY JOINT DISTRICT,3.13,77.0,95.9,-18.9,4026,train
1602220,ID,Idaho,MOSCOW DISTRICT,3.69,82.0,95.43,-13.43,2545,train
1602250,ID,Idaho,MOUNTAIN HOME DISTRICT,3.5,83.0,95.66,-12.66,3854,train
1602340,ID,Idaho,NAMPA SCHOOL DISTRICT,3.24,82.0,96.19,-14.19,15426,train
1602520,ID,Idaho,OROFINO JOINT DISTRICT,5.46,52.0,94.08,-42.08,1026,train
1602580,ID,Idaho,PAYETTE JOINT DISTRICT,5.04,82.0,94.45,-12.45,1508,train
1602640,ID,Idaho,POCATELLO DISTRICT,2.68,90.0,96.48,-6.48,12421,train
1602670,ID,Idaho,POST FALLS DISTRICT,2.56,86.0,96.36,-10.36,5926,train
1602910,ID,Idaho,SHELLEY JOINT DISTRICT,2.09,95.0,96.41,-1.41,2348,train
1602970,ID,Idaho,SNAKE RIVER DISTRICT,4.45,92.0,94.86,-2.86,1796,train
1603090,ID,Idaho,SUGAR-SALEM JOINT DISTRICT,1.36,92.0,96.76,-4.76,1613,test
1603180,ID,Idaho,TETON COUNTY DISTRICT,4.02,87.0,95.13,-8.13,1790,train
1603240,ID,Idaho,TWIN FALLS DISTRICT,3.44,77.0,95.92,-18.92,9040,test
1603330,ID,Idaho,WEISER DISTRICT,3.74,87.0,95.26,-8.26,1525,train
1700005,IL,Illinois,Prairie Central CUSD 8,12.15,92.0,90.07,1.93,1902,train
1700006,IL,Illinois,IDJJ Sch Dist 428,8.7,72.0,91.04,-19.04,23,train
1700044,IL,Illinois,Farmington Central CUSD 265,13.45,82.0,89.17,-7.17,1375,train
1700110,IL,Illinois,North Chicago SD 187,14.38,57.0,88.8,-31.8,2963,train
1700320,IL,Illinois,Monmouth-Roseville CUSD 238,16.08,92.0,87.59,4.41,1704,train
1701403,IL,Illinois,North Mac CUSD 34,21.05,92.0,84.38,7.62,1145,train
1703600,IL,Illinois,Alton CUSD 11,26.32,81.0,81.54,-0.54,5939,train
1703780,IL,Illinois,Anna Jonesboro CHSD 81,5.81,92.0,93.67,-1.67,499,train
1703870,IL,Illinois,CHSD 117,15.37,97.0,88.17,8.83,2805,train
1704020,IL,Illinois,Argo CHSD 217,21.34,90.0,84.34,5.66,1884,train
1704170,IL,Illinois,Township HSD 214,18.93,93.0,86.33,6.67,11872,train
1704680,IL,Illinois,Aurora East USD 131,27.87,71.0,80.79,-9.79,13541,train
1704710,IL,Illinois,Aurora West USD 129,16.84,82.0,87.63,-5.63,11685,test
1704770,IL,Illinois,Central CHSD 71,11.54,92.0,90.14,1.86,598,train
1704920,IL,Illinois,Ball Chatham CUSD 5,11.43,93.0,90.77,2.23,4882,train
1705050,IL,Illinois,Barrington CUSD 220,9.14,97.0,92.36,4.64,8687,test
1705220,IL,Illinois,Batavia USD 101,3.71,95.0,95.64,-0.64,5845,train
1705310,IL,Illinois,Beardstown CUSD 15,7.16,82.0,93.32,-11.32,3186,test
1705640,IL,Illinois,Belleville Twp HSD 201,24.62,91.0,82.53,8.47,4658,train
1705790,IL,Illinois,Belvidere CUSD 100,17.38,92.0,87.2,4.8,8160,train
1705970,IL,Illinois,Benton Cons HSD 103,5.86,87.0,93.66,-6.66,546,train
1706120,IL,Illinois,Bethalto CUSD 8,11.48,95.0,90.56,4.44,2474,train
1706420,IL,Illinois,Bloom Twp HSD 206,35.7,82.0,75.5,6.5,2992,test
1706480,IL,Illinois,Bloomington SD 87,20.44,89.0,85.16,3.84,5024,train
1706540,IL,Illinois,CHSD 218,25.75,87.0,81.86,5.14,5302,test
1706960,IL,Illinois,Bradley Bourbonnais CHSD 307,31.88,94.0,77.79,16.21,2080,train
1707050,IL,Illinois,Bremen CHSD 228,26.19,88.0,81.57,6.43,4972,test
1707650,IL,Illinois,Paxton-Buckley-Loda CUD 10,19.07,87.0,85.67,1.33,1369,test
1707830,IL,Illinois,Central CUSD 301,7.96,97.0,92.9,4.1,4173,train
1708010,IL,Illinois,Byron CUSD 226,6.03,92.0,93.83,-1.83,1510,test
1708040,IL,Illinois,Cahokia CUSD 187,55.75,70.0,63.02,6.98,3435,test
1708280,IL,Illinois,Canton Union SD 66,12.82,87.0,89.72,-2.72,2433,train
1708370,IL,Illinois,Carbondale CHSD 165,35.31,89.0,75.44,13.56,980,train
1708400,IL,Illinois,Cons HSD 230,15.92,93.0,88.09,4.91,7564,train
1708430,IL,Illinois,Carlinville CUSD 1,15.75,77.0,87.75,-10.75,1448,train
1708550,IL,Illinois,CUSD 300,11.87,92.0,90.88,1.12,20464,test
1708640,IL,Illinois,Carterville CUSD 5,16.34,95.0,87.5,7.5,2234,train
1709300,IL,Illinois,Centralia HSD 200,22.88,79.0,83.16,-4.16,861,test
1709420,IL,Illinois,Champaign CUSD 4,21.76,84.0,84.51,-0.51,9640,train
1709600,IL,Illinois,Charleston CUSD 1,22.37,92.0,83.79,8.21,2714,train
1709930,IL,Illinois,City of Chicago SD 299,20.6,77.0,86.21,-9.21,370759,test
1710440,IL,Illinois,Clinton CUSD 15,19.62,87.0,85.4,1.6,1865,train
1710530,IL,Illinois,Coal City CUSD 1,7.26,92.0,93.16,-1.16,2218,test
1710650,IL,Illinois,Collinsville CUSD 10,18.7,90.0,86.3,3.7,6299,train
1710740,IL,Illinois,Columbia CUSD 4,8.09,92.0,92.62,-0.62,1991,train
1710820,IL,Illinois,Westville CUSD 2,21.53,82.0,84.11,-2.11,1291,train
1711250,IL,Illinois,Crete Monee CUSD 201U,25.73,94.0,81.84,12.16,4764,test
1711370,IL,Illinois,CHSD 155,14.99,97.0,88.61,8.39,6119,test
1711790,IL,Illinois,Danville CCSD 118,31.38,74.0,78.36,-4.36,5548,test
1711850,IL,Illinois,Decatur SD 61,33.5,76.0,77.15,-1.15,8376,train
1712000,IL,Illinois,DeKalb CUSD 428,24.07,84.0,82.95,1.05,6245,train
1712330,IL,Illinois,Dixon USD 170,17.47,79.0,86.85,-7.85,2764,test
1712570,IL,Illinois,CHSD 99,18.03,94.0,86.66,7.34,4963,train
1712700,IL,Illinois,Dunlap CUSD 323,7.5,97.0,93.19,3.81,4398,test
1712760,IL,Illinois,Du Quoin CUSD 300,16.46,92.0,87.31,4.69,1464,train
1712990,IL,Illinois,East Alton-Wood River CHSD 14,27.38,82.0,80.25,1.75,577,train
1713230,IL,Illinois,East Peoria CHSD 309,34.75,95.0,75.79,19.21,987,train
1713290,IL,Illinois,Richland County CUSD 1,17.89,92.0,86.55,5.45,2403,train
1713320,IL,Illinois,East St Louis SD 189,65.17,75.0,57.25,17.75,5183,test
1713530,IL,Illinois,Edwardsville CUSD 7,15.51,92.0,88.34,3.66,7516,train
1713560,IL,Illinois,Effingham CUSD 40,9.41,92.0,91.86,0.14,2488,train
1713710,IL,Illinois,SD U-46,21.19,86.0,85.23,0.77,37738,train
1713940,IL,Illinois,DuPage HSD 88,18.55,89.0,86.27,2.73,3881,train
1713970,IL,Illinois,Elmhurst SD 205,8.92,95.0,92.48,2.52,8237,test
1714100,IL,Illinois,Elmwood Park CUSD 401,12.24,88.0,90.13,-2.13,2917,train
1714430,IL,Illinois,Eureka CUD 140,6.9,95.0,93.29,1.71,1579,train
1714490,IL,Illinois,Evanston Twp HSD 202,30.78,92.0,78.61,13.39,3519,test
1714580,IL,Illinois,Evergreen Park CHSD 231,14.09,95.0,88.63,6.37,802,train
1715030,IL,Illinois,Fenton CHSD 100,12.19,94.0,89.97,4.03,1460,train
1715840,IL,Illinois,Freeburg CHSD 77,9.3,92.0,91.56,0.44,656,test
1715900,IL,Illinois,Freeport SD 145,26.0,77.0,81.62,-4.62,3969,train
1716080,IL,Illinois,Galesburg CUSD 205,21.36,86.0,84.53,1.47,4130,train
1716350,IL,Illinois,Geneseo CUSD 228,6.75,98.0,93.52,4.48,2606,train
1716380,IL,Illinois,Geneva CUSD 304,10.29,98.0,91.53,6.47,5707,test
1716410,IL,Illinois,Genoa Kingston CUSD 424,11.2,92.0,90.62,1.38,1643,test
1716830,IL,Illinois,Glenbard Twp HSD 87,14.91,93.0,88.74,4.26,8150,train
1717280,IL,Illinois,Granite City CUSD 9,36.74,72.0,75.04,-3.04,6065,train
1717340,IL,Illinois,Grant CHSD 124,16.92,91.0,87.08,3.92,1797,test
1717550,IL,Illinois,Grayslake CHSD 127,14.74,97.0,88.56,8.44,2796,train
1717730,IL,Illinois,Bond County CUSD 2,10.25,92.0,91.24,0.76,1795,train
1718240,IL,Illinois,Harlem UD 122,19.06,81.0,86.09,-5.09,6542,train
1718270,IL,Illinois,Harrisburg CUSD 3,16.44,87.0,87.39,-0.39,1874,train
1718420,IL,Illinois,Harvard CUSD 50,17.62,72.0,86.73,-14.73,2514,train
1718810,IL,Illinois,Herrin CUSD 4,21.49,87.0,84.31,2.69,2452,train
1718840,IL,Illinois,Herscher CUSD 2,10.02,95.0,91.38,3.62,1747,train
1718990,IL,Illinois,Highland CUSD 5,0.54,92.0,97.42,-5.42,2788,train
1719080,IL,Illinois,Twp HSD 113,11.23,95.0,90.82,4.18,3685,train
1719200,IL,Illinois,Hillsboro CUSD 3,18.07,87.0,86.35,0.65,1738,train
1719320,IL,Illinois,Hinsdale Twp HSD 86,17.05,92.0,87.23,4.77,4282,train
1719560,IL,Illinois,Homewood Flossmoor CHSD 233,15.85,97.0,87.87,9.13,2840,test
1719620,IL,Illinois,Hononegah CHD 207,16.0,93.0,87.68,5.32,2012,train
1719660,IL,Illinois,Hoopeston Area CUSD 11,25.66,77.0,81.52,-4.52,1220,train
1719830,IL,Illinois,Huntley Comm Sch Dist 158,9.37,92.0,92.24,-0.24,9563,train
1719970,IL,Illinois,Il Valley Central USD 321,11.53,87.0,90.48,-3.48,2064,train
1720280,IL,Illinois,Jacksonville SD 117,25.31,73.0,81.99,-8.99,3153,train
1720380,IL,Illinois,Jasper County CUD 1,19.55,92.0,85.36,6.64,1320,train
1720430,IL,Illinois,Jersey CUSD 100,10.97,86.0,90.89,-4.89,2544,test
1720490,IL,Illinois,Johnsburg CUSD 12,9.34,92.0,91.82,0.18,1862,train
1720610,IL,Illinois,Joliet Twp HSD 204,45.25,78.0,69.75,8.25,6615,test
1720760,IL,Illinois,Kankakee SD 111,29.33,88.0,79.59,8.41,4660,train
1721000,IL,Illinois,Kewanee CUSD 229,23.17,82.0,83.19,-1.19,1843,train
1721780,IL,Illinois,Lake Forest CHSD 115,20.95,97.0,84.53,12.47,1561,train
1721840,IL,Illinois,Lake Park CHSD 108,14.16,95.0,88.9,6.1,2598,train
1721900,IL,Illinois,Lake Zurich CUSD 95,9.63,96.0,91.93,4.07,5639,train
1722110,IL,Illinois,La Salle-Peru Twp HSD 120,16.34,86.0,87.34,-1.34,1218,train
1722500,IL,Illinois,Lemont Twp HSD 210,15.64,97.0,87.81,9.19,1394,train
1722740,IL,Illinois,Leyden CHSD 212,27.12,88.0,80.89,7.11,3437,train
1722830,IL,Illinois,CHSD 128,11.43,98.0,90.67,7.33,3394,test
1722950,IL,Illinois,Limestone CHSD 310,26.28,83.0,81.08,1.92,997,train
1723050,IL,Illinois,Lincoln CHSD 404,25.23,80.0,81.66,-1.66,753,train
1723070,IL,Illinois,Lincoln Way CHSD 210,10.25,97.0,91.6,5.4,6944,train
1723200,IL,Illinois,Lisle CUSD 202,11.75,95.0,90.25,4.75,1447,train
1723350,IL,Illinois,Lockport Twp HSD 205,14.6,95.0,88.73,6.27,3774,train
1723880,IL,Illinois,Lyons Twp HSD 204,13.02,95.0,89.73,5.27,4002,train
1723920,IL,Illinois,Macomb CUSD 185,12.9,87.0,89.61,-2.61,1930,train
1724060,IL,Illinois,Mahomet-Seymour CUSD 3,15.03,91.0,88.41,2.59,3128,test
1724090,IL,Illinois,Maine Township HSD 207,21.06,94.0,84.84,9.16,6388,train
1724390,IL,Illinois,Manteno CUSD 5,14.85,92.0,88.38,3.62,1839,train
1724480,IL,Illinois,Kaneland CUSD 302,9.7,97.0,91.82,5.18,4422,train
1724570,IL,Illinois,Marengo CHSD 154,16.86,92.0,86.86,5.14,688,train
1724600,IL,Illinois,Marion CUSD 2,19.42,79.0,85.73,-6.73,3878,train
1724750,IL,Illinois,Maroa Forsyth CUSD 2,11.09,92.0,90.61,1.39,1217,train
1724940,IL,Illinois,Mascoutah CUD 19,7.57,96.0,93.11,2.89,3791,test
1725000,IL,Illinois,Massac UD 1,28.26,87.0,80.03,6.97,1999,train
1725050,IL,Illinois,Mattoon CUSD 2,20.28,96.0,85.15,10.85,3387,train
1725320,IL,Illinois,McHenry CHSD 156,19.48,95.0,85.54,9.46,2238,train
1725650,IL,Illinois,Mendota Twp HSD 280,19.68,87.0,85.05,1.95,564,train
1725690,IL,Illinois,Meridian CUSD 223,9.21,95.0,91.87,3.13,1651,train
1725770,IL,Illinois,County of Woodford School,15.81,97.0,87.61,9.39,974,train
1726180,IL,Illinois,Fairfield Comm H S Dist 225,29.27,77.0,78.98,-1.98,410,train
1726340,IL,Illinois,Minooka CHSD 111,13.24,93.0,89.49,3.51,2817,train
1726400,IL,Illinois,Moline-Coal Valley CUSD 40,20.07,91.0,85.48,5.52,7011,train
1726550,IL,Illinois,Monticello CUSD 25,11.76,95.0,90.27,4.73,1624,train
1726640,IL,Illinois,Morris CHSD 101,7.01,95.0,93.08,1.92,913,train
1726800,IL,Illinois,Morton CUSD 709,9.37,92.0,91.93,0.07,3063,train
1726880,IL,Illinois,J S Morton HSD 201,37.23,78.0,74.81,3.19,8296,train
1727360,IL,Illinois,Mt Vernon Twp HSD 201,24.57,85.0,82.19,2.81,1152,train
1727390,IL,Illinois,Mt Zion CUSD 3,8.82,92.0,92.19,-0.19,2255,train
1727570,IL,Illinois,Mundelein Cons HSD 120,5.47,90.0,94.26,-4.26,2012,train
1727610,IL,Illinois,Murphysboro CUSD 186,24.38,82.0,82.44,-0.44,1944,train
1727710,IL,Illinois,Naperville CUSD 203,11.53,98.0,91.03,6.97,16213,train
1728200,IL,Illinois,New Trier Twp HSD 203,11.15,98.0,90.89,7.11,3936,test
1728530,IL,Illinois,Niles Twp HSD 219,17.27,93.0,87.11,5.89,4563,train
1728620,IL,Illinois,McLean County USD 5,17.07,92.0,87.5,4.5,12082,train
1728700,IL,Illinois,North Boone CUSD 200,5.77,92.0,93.92,-1.92,1144,train
1729010,IL,Illinois,Northfield Twp HSD 225,4.08,97.0,95.37,1.63,5169,train
1729220,IL,Illinois,Oak Lawn CHSD 229,17.27,92.0,86.86,5.14,1772,train
1729280,IL,Illinois,Oak Park - River Forest SD 200,27.62,94.0,80.57,13.43,3371,train
1729790,IL,Illinois,O Fallon Twp HSD 203,15.74,90.0,87.9,2.1,2446,train
1729890,IL,Illinois,Olympia CUSD 16,14.85,92.0,88.38,3.62,1832,test
1730160,IL,Illinois,Oregon CUSD 220,9.11,92.0,91.89,0.11,1416,train
1730270,IL,Illinois,CUSD 308,47.36,97.0,68.69,28.31,17379,train
1730330,IL,Illinois,Ottawa Twp HSD 140,35.44,85.0,75.44,9.56,1329,train
1730450,IL,Illinois,Township HSD 211,18.65,95.0,86.5,8.5,11706,train
1731110,IL,Illinois,Pekin CSD 303,34.27,83.0,76.26,6.74,1821,train
1731230,IL,Illinois,Peoria SD 150,34.54,72.0,76.61,-4.61,12572,train
1731290,IL,Illinois,Peotone CUSD 207U,11.64,92.0,90.31,1.69,1400,test
1731500,IL,Illinois,Southwestern CUSD 9,8.91,92.0,91.99,0.01,1313,train
1731620,IL,Illinois,Pinckneyville CHSD 101,12.9,92.0,89.21,2.79,434,train
1731740,IL,Illinois,Plainfield SD 202,15.1,95.0,88.93,6.07,26215,train
1731770,IL,Illinois,Plano CUSD 88,12.97,92.0,89.62,2.38,2367,train
1731920,IL,Illinois,Pleasant Plains CUSD 8,6.54,92.0,93.46,-1.46,1253,train
1732220,IL,Illinois,Pontiac Twp HSD 90,23.18,95.0,82.9,12.1,647,train
1732580,IL,Illinois,Adlai E Stevenson HSD 125,13.79,97.0,89.26,7.74,4213,train
1732700,IL,Illinois,Princeton HSD 500,24.76,92.0,81.86,10.14,529,test
1732910,IL,Illinois,Proviso Twp HSD 209,2.87,77.0,96.07,-19.07,4182,train
1733000,IL,Illinois,Quincy SD 172,21.35,91.0,84.66,6.34,6445,train
1733240,IL,Illinois,Rantoul Township HSD 193,38.01,87.0,73.69,13.31,763,train
1733270,IL,Illinois,Reavis Twp HSD 220,11.98,88.0,90.17,-2.17,1820,train
1733380,IL,Illinois,Reed Custer CUSD 255U,11.57,95.0,90.35,4.65,1417,test
1733420,IL,Illinois,Rich Twp HSD 227,32.55,85.0,77.46,7.54,2962,train
1733510,IL,Illinois,Richmond-Burton CHSD 157,16.74,95.0,86.93,8.07,669,train
1733720,IL,Illinois,Ridgewood CHSD 234,27.11,93.0,80.52,12.48,852,train
1734020,IL,Illinois,Riverside-Brookfield Twp SD 208,14.25,95.0,88.72,6.28,1621,test
1734100,IL,Illinois,Riverton CUSD 14,17.07,92.0,86.93,5.07,1453,train
1734230,IL,Illinois,Robinson CUSD 2,15.21,92.0,88.11,3.89,1604,test
1734290,IL,Illinois,Rochelle Twp HSD 212,13.78,93.0,88.86,4.14,936,test
1734320,IL,Illinois,Rochester CUSD 3A,6.99,95.0,93.34,1.66,2288,test
1734380,IL,Illinois,Rock Falls Twp HSD 301,15.88,87.0,87.45,-0.45,636,train
1734410,IL,Illinois,Rock Island SD 41,23.63,79.0,83.21,-4.21,5941,train
1734510,IL,Illinois,Rockford SD 205,30.82,65.0,79.12,-14.12,26103,train
1734990,IL,Illinois,Round Lake CUSD 116,18.7,89.0,86.33,2.67,6846,train
1735010,IL,Illinois,Roxana CUSD 1,19.43,87.0,85.53,1.47,1884,test
1735190,IL,Illinois,Salem CHSD 600,21.04,87.0,84.26,2.74,694,train
1735370,IL,Illinois,Sandwich CUSD 430,13.1,92.0,89.5,2.5,2068,test
1735850,IL,Illinois,Seneca Twp HSD 160,12.98,95.0,89.17,5.83,447,train
1736180,IL,Illinois,Sherrard CUSD 200,8.42,95.0,92.33,2.67,1484,train
1737080,IL,Illinois,Springfield SD 186,33.22,75.0,77.44,-2.44,13262,train
1737170,IL,Illinois,St Charles CUSD 303,15.31,96.0,88.61,7.39,12795,train
1737350,IL,Illinois,Triad CUSD 2,6.81,98.0,93.58,4.42,3614,test
1737410,IL,Illinois,St Joseph Ogden CHSD 305,6.84,92.0,93.01,-1.01,468,train
1738100,IL,Illinois,Streator Twp HSD 40,32.0,79.0,77.48,1.52,872,train
1738460,IL,Illinois,Sycamore CUSD 427,12.19,96.0,90.23,5.77,3740,train
1738700,IL,Illinois,Taylorville CUSD 3,19.56,92.0,85.52,6.48,2474,train
1738940,IL,Illinois,Thornton Fractional Twp HSD 215,1.76,97.0,96.7,0.3,3302,train
1738970,IL,Illinois,Thornton Twp HSD 205,41.81,78.0,71.82,6.18,4920,train
1739120,IL,Illinois,Tolono CUSD 7,12.15,92.0,90.03,1.97,1662,train
1739420,IL,Illinois,Wesclin CUSD 3,7.87,87.0,92.66,-5.66,1373,train
1739870,IL,Illinois,United Twp HSD 30,26.43,95.0,81.12,13.88,1661,test
1739960,IL,Illinois,Urbana SD 116,28.17,80.0,80.28,-0.28,4100,test
1740070,IL,Illinois,Valley View CUSD 365U,21.61,88.0,84.75,3.25,16356,train
1740140,IL,Illinois,Vandalia CUSD 203,17.89,87.0,86.41,0.59,1453,train
1740440,IL,Illinois,CHSD 94,14.88,95.0,88.39,6.61,2103,train
1740470,IL,Illinois,Wabash CUSD 348,13.21,77.0,89.35,-12.35,1521,train
1740800,IL,Illinois,Warren Twp HSD 121,11.08,94.0,90.94,3.06,4025,test
1740980,IL,Illinois,Washington CHSD 308,15.99,91.0,87.58,3.42,1351,test
1741070,IL,Illinois,Waterloo CUSD 5,8.28,92.0,92.56,-0.56,2571,train
1741190,IL,Illinois,Wauconda CUSD 118,9.57,88.0,91.92,-3.92,4588,train
1741250,IL,Illinois,Waukegan CUSD 60,16.59,72.0,87.87,-15.87,15676,test
1741580,IL,Illinois,Frankfort CUSD 168,25.55,77.0,81.69,-4.69,1734,train
1741690,IL,Illinois,Indian Prairie CUSD 204,8.46,96.0,93.08,2.92,26974,train
1741980,IL,Illinois,CUSD 201,11.71,95.0,90.24,4.76,1281,train
1742180,IL,Illinois,CUSD 200,11.33,94.0,91.09,2.91,12617,train
1742310,IL,Illinois,Sterling CUSD 5,17.52,87.0,86.87,0.13,3344,train
1742480,IL,Illinois,Williamsville CUSD 15,5.22,95.0,94.34,0.66,1553,train
1742630,IL,Illinois,Wilmington CUSD 209U,11.31,92.0,90.49,1.51,1317,train
1742790,IL,Illinois,Winnebago CUSD 323,7.27,95.0,93.0,2.0,1251,test
1743330,IL,Illinois,Woodstock CUSD 200,19.43,95.0,85.87,9.13,6783,train
1743890,IL,Illinois,Zion-Benton Twp HSD 126,29.86,84.0,79.1,4.9,2575,train
1743960,IL,Illinois,Yorkville CUSD 115,16.5,90.0,87.67,2.33,6085,train
1800025,IN,Indiana,Thea Bowman Leadership Academy,30.4,82.0,78.53,3.47,1092,train
1800030,IN,Indiana,M S D Southwest Allen County Schls,3.13,96.0,96.06,-0.06,7409,train
1800052,IN,Indiana,Gary Lighthouse Charter School,46.21,95.0,68.74,26.26,1439,train
1800058,IN,Indiana,Herron Charter,8.82,95.0,91.94,3.06,862,train
1800098,IN,Indiana,Indiana Connections Academy,39.87,51.0,73.0,-22.0,4502,test
1800112,IN,Indiana,CSUSA Manual,64.44,67.0,57.19,9.81,734,test
1800118,IN,Indiana,North Central Parke Comm Schl Corp,17.98,92.0,86.3,5.7,1168,train
1800120,IN,Indiana,Alexandria Community School Corp,11.16,95.0,90.62,4.38,1478,train
1800150,IN,Indiana,Anderson Community School Corp,21.61,94.0,84.51,9.49,6751,test
1800179,IN,Indiana,Insight School of Indiana,60.54,22.0,59.64,-37.64,783,train
1800240,IN,Indiana,South Dearborn Community Sch Corp,10.58,92.0,91.12,0.88,2449,train
1800270,IN,Indiana,Avon Community School Corp,4.98,97.0,94.97,2.03,9213,train
1800360,IN,Indiana,Bartholomew Con School Corp,9.36,90.0,92.29,-2.29,11517,train
1800390,IN,Indiana,Batesville Community School Corp,7.7,95.0,92.89,2.11,2195,test
1800420,IN,Indiana,Baugo Community Schools,13.8,92.0,89.04,2.96,1884,train
1800450,IN,Indiana,Beech Grove City Schools,22.21,90.0,83.92,6.08,3026,train
1800480,IN,Indiana,Benton Community School Corp,5.52,95.0,94.2,0.8,1831,train
1800570,IN,Indiana,Blackford County Schools,11.46,92.0,90.46,1.54,1649,test
1800630,IN,Indiana,Monroe County Community Sch Corp,12.86,94.0,90.1,3.9,11054,train
1800690,IN,Indiana,North Harrison Com School Corp,10.94,95.0,90.87,4.13,2239,train
1800840,IN,Indiana,Clay Community Schools,13.93,93.0,89.16,3.84,4069,train
1800900,IN,Indiana,Bremen Public Schools,8.25,92.0,92.44,-0.44,1491,train
1800960,IN,Indiana,Brown County School Corporation,12.61,95.0,89.8,5.2,1991,train
1801020,IN,Indiana,Brownsburg Community School Corp,5.4,98.0,94.69,3.31,8582,train
1801050,IN,Indiana,Brownstown Cnt Com Sch Corp,8.91,95.0,92.04,2.96,1560,train
1801200,IN,Indiana,Carmel Clay Schools,4.32,97.0,95.52,1.48,15940,train
1801440,IN,Indiana,Center Grove Community School Corp,5.27,95.0,94.76,0.24,8325,train
1801560,IN,Indiana,Centerville-Abington Com Schs,7.64,95.0,92.89,2.11,1925,test
1801590,IN,Indiana,DeKalb Co Ctl United Sch Dist,7.58,88.0,93.09,-5.09,3602,train
1801890,IN,Indiana,Clark-Pleasant Community Sch Corp,9.97,91.0,91.78,-0.78,7119,train
1801920,IN,Indiana,Clarksville Community School Corp,15.64,95.0,87.81,7.19,1375,train
1802040,IN,Indiana,Northwestern School Corp,4.84,95.0,94.62,0.38,1818,test
1802280,IN,Indiana,Whitley County Con Schools,7.22,95.0,93.32,1.68,3601,train
1802400,IN,Indiana,Concord Community Schools,13.69,89.0,89.38,-0.38,5268,train
1802440,IN,Indiana,Crawford County Community Sch Corp,18.81,92.0,85.85,6.15,1494,test
1802460,IN,Indiana,Crawfordsville Community Schools,12.36,92.0,90.01,1.99,2443,train
1802490,IN,Indiana,Crown Point Community School Corp,11.77,97.0,90.71,6.29,8499,train
1802550,IN,Indiana,Danville Community School Corp,7.32,92.0,93.16,-1.16,2514,train
1802610,IN,Indiana,Decatur County Community Schools,10.67,95.0,91.0,4.0,1977,train
1802640,IN,Indiana,M S D Decatur Township,19.03,88.0,86.12,1.88,6825,train
1802660,IN,Indiana,Delaware Community School Corp,11.35,92.0,90.66,1.34,2670,test
1802800,IN,Indiana,Duneland School Corporation,11.81,93.0,90.58,2.42,5811,test
1802830,IN,Indiana,Zionsville Community Schools,4.13,97.0,95.43,1.57,7123,train
1802850,IN,Indiana,East Allen County Schools,12.99,89.0,89.99,-0.99,9749,train
1802880,IN,Indiana,School City of East Chicago,31.56,69.0,78.14,-9.14,3695,train
1802970,IN,Indiana,East Noble School Corporation,10.34,94.0,91.37,2.63,3646,test
1803000,IN,Indiana,East Washington School Corp,17.67,92.0,86.55,5.45,1415,train
1803030,IN,Indiana,Eastbrook Community Sch Corp,5.4,95.0,94.24,0.76,1611,train
1803120,IN,Indiana,Eastern Hancock Co Com Sch Corp,12.71,95.0,89.6,5.4,1227,train
1803150,IN,Indiana,Eastern Howard School Corporation,6.78,95.0,93.36,1.64,1504,train
1803270,IN,Indiana,Elkhart Community Schools,22.58,90.0,84.07,5.93,12601,train
1803450,IN,Indiana,Evansville Vanderburgh School Corp,7.76,81.0,93.46,-12.46,21514,train
1803480,IN,Indiana,Fairfield Community Schools,8.68,87.0,92.27,-5.27,2155,train
1803510,IN,Indiana,Fayette County School Corporation,17.74,91.0,86.74,4.26,3450,test
1803630,IN,Indiana,Fort Wayne Community Schools,13.48,87.0,89.97,-2.97,29432,train
1803660,IN,Indiana,Community Schools of Frankfort,14.21,87.0,88.92,-1.92,3117,test
1803690,IN,Indiana,Franklin Community School Corp,10.38,94.0,91.44,2.56,5144,train
1803700,IN,Indiana,Franklin County Community Sch Corp,11.98,95.0,90.23,4.77,2378,train
1803750,IN,Indiana,Franklin Township Com Sch Corp,8.58,98.0,92.72,5.28,9322,train
1803840,IN,Indiana,Garrett-Keyser-Butler Com Sch Corp,7.08,95.0,93.22,1.78,1766,train
1803870,IN,Indiana,Gary Community School Corp,40.88,84.0,72.39,11.61,4726,train
1803930,IN,Indiana,Goshen Community Schools,7.02,85.0,93.61,-8.61,6650,train
1803940,IN,Indiana,Greater Clark County Schools,18.63,95.0,86.48,8.52,10323,train
1803960,IN,Indiana,Greater Jasper Consolidated Schs,2.96,95.0,95.95,-0.95,3181,train
1803990,IN,Indiana,Greencastle Community School Corp,11.49,95.0,90.48,4.52,1914,train
1804050,IN,Indiana,Greenfield-Central Com Schools,7.15,93.0,93.43,-0.43,4588,train
1804080,IN,Indiana,Greensburg Community Schools,7.87,95.0,92.78,2.22,2172,train
1804110,IN,Indiana,Greenwood Community Sch Corp,7.92,94.0,92.91,1.09,4000,test
1804140,IN,Indiana,Monroe-Gregg School District,5.64,95.0,94.07,0.93,1507,train
1804170,IN,Indiana,Griffith Public Schools,5.67,95.0,94.18,0.82,2467,train
1804260,IN,Indiana,Hamilton Heights School Corp,8.86,92.0,92.18,-0.18,2392,test
1804320,IN,Indiana,School City of Hammond,16.83,82.0,87.68,-5.68,13771,train
1804350,IN,Indiana,Hanover Community School Corp,2.47,95.0,96.16,-1.16,2269,test
1804470,IN,Indiana,Western School Corporation,11.87,95.0,90.34,4.66,2663,train
1804560,IN,Indiana,School Town of Highland,6.59,92.0,93.68,-1.68,3231,train
1804590,IN,Indiana,School City of Hobart,10.38,93.0,91.38,1.62,4122,train
1804620,IN,Indiana,River Forest Community Sch Corp,16.1,82.0,87.57,-5.57,1658,train
1804710,IN,Indiana,Huntington Co Com Sch Corp,9.49,95.0,92.0,3.0,5142,train
1804770,IN,Indiana,Indianapolis Public Schools,24.31,77.0,83.18,-6.18,25922,train
1804980,IN,Indiana,Jay School Corporation,18.49,87.0,86.26,0.74,3315,train
1805190,IN,Indiana,Jennings County School Corporation,15.46,94.0,88.22,5.78,4212,train
1805280,IN,Indiana,Kankakee Valley School Corp,12.93,95.0,89.74,5.26,3394,train
1805340,IN,Indiana,Knox Community School Corp,11.39,95.0,90.54,4.46,1905,test
1805370,IN,Indiana,Kokomo School Corporation,16.71,92.0,87.54,4.46,6128,train
1805400,IN,Indiana,Lafayette School Corporation,12.36,81.0,90.31,-9.31,7670,train
1805450,IN,Indiana,Lake Central School Corporation,9.41,93.0,92.21,0.79,9468,test
1805460,IN,Indiana,Lake Ridge New Tech Schools,7.72,95.0,92.84,2.16,1917,train
1805520,IN,Indiana,Lakeland School Corporation,11.19,92.0,90.67,1.33,1903,train
1805550,IN,Indiana,Wawasee Community School Corp,16.09,91.0,87.74,3.26,3045,test
1805580,IN,Indiana,LaPorte Community School Corp,11.12,91.0,91.04,-0.04,6411,train
1805670,IN,Indiana,M S D Lawrence Township,14.31,92.0,89.29,2.71,16162,train
1805700,IN,Indiana,Lawrenceburg Community School Corp,12.9,92.0,89.62,2.38,2062,train
1805790,IN,Indiana,Lebanon Community School Corp,8.89,93.0,92.27,0.73,3511,train
1806030,IN,Indiana,Logansport Community Sch Corp,12.66,97.0,89.97,7.03,4259,train
1806090,IN,Indiana,Maconaquah School Corp,11.17,95.0,90.73,4.27,2257,train
1806120,IN,Indiana,Madison Consolidated Schools,14.81,85.0,88.5,-3.5,2700,train
1806270,IN,Indiana,Manchester Community Schools,12.55,95.0,89.78,5.22,1617,train
1806390,IN,Indiana,Marion Community Schools,21.66,96.0,84.29,11.71,3444,train
1806510,IN,Indiana,M S D Martinsville Schools,12.1,93.0,90.34,2.66,4570,train
1806570,IN,Indiana,Michigan City Area Schools,23.89,84.0,83.03,0.97,5409,train
1806600,IN,Indiana,Middlebury Community Schools,11.64,90.0,90.62,-0.62,4544,train
1806660,IN,Indiana,Mill Creek Community Sch Corp,4.01,95.0,95.1,-0.1,1548,train
1806840,IN,Indiana,School City of Mishawaka,19.45,94.0,85.8,8.2,5538,train
1806870,IN,Indiana,Mississinewa Community School Corp,5.39,95.0,94.36,0.64,2505,train
1806900,IN,Indiana,Mitchell Community Schools,11.8,87.0,90.24,-3.24,1593,train
1807140,IN,Indiana,Mooresville Con School Corp,10.17,97.0,91.53,5.47,4377,test
1807230,IN,Indiana,Yorktown Community Schools,6.06,95.0,93.95,1.05,2589,train
1807260,IN,Indiana,Mt Vernon Community School Corp,7.27,96.0,93.32,2.68,3977,train
1807290,IN,Indiana,M S D Mount Vernon,8.73,92.0,92.23,-0.23,2040,train
1807320,IN,Indiana,Muncie Community Schools,21.12,93.0,84.74,8.26,5166,train
1807350,IN,Indiana,School Town of Munster,2.17,97.0,96.5,0.5,4053,train
1807410,IN,Indiana,New Albany-Floyd Co Con Sch,13.23,93.0,89.88,3.12,11458,test
1807440,IN,Indiana,New Castle Community School Corp,13.49,95.0,89.37,5.63,3166,train
1807560,IN,Indiana,New Prairie United School Corp,6.99,94.0,93.41,0.59,2960,train
1807620,IN,Indiana,Nineveh-Hensley-Jackson United,8.47,92.0,92.36,-0.36,1865,train
1807650,IN,Indiana,Noblesville Schools,6.71,97.0,93.92,3.08,10519,train
1807680,IN,Indiana,North Adams Community Schools,10.63,95.0,91.0,4.0,1788,train
1807770,IN,Indiana,North Gibson School Corporation,14.39,92.0,88.68,3.32,2001,train
1807860,IN,Indiana,North Lawrence Com Schools,19.54,85.0,85.71,-0.71,4872,train
1807900,IN,Indiana,North Montgomery Com Sch Corp,8.39,95.0,92.42,2.58,1895,test
1807920,IN,Indiana,North Newton School Corp,12.45,92.0,89.8,2.2,1366,train
1807950,IN,Indiana,M S D North Posey Co Schools,4.57,95.0,94.73,0.27,1467,train
1807980,IN,Indiana,North Putnam Community Schools,11.22,95.0,90.56,4.44,1355,test
1808010,IN,Indiana,North Spencer County Sch Corp,5.39,95.0,94.31,0.69,2024,train
1808100,IN,Indiana,North West Hendricks Schools,4.89,95.0,94.6,0.4,1902,train
1808220,IN,Indiana,Northern Wells Community Schools,5.39,95.0,94.37,0.63,2580,train
1808250,IN,Indiana,Northwest Allen County Schools,4.04,97.0,95.5,1.5,7555,train
1808310,IN,Indiana,Northwestern Con School Corp,9.67,95.0,91.56,3.44,1520,train
1808340,IN,Indiana,Oak Hill United School Corp,6.81,92.0,93.38,-1.38,1734,train
1808760,IN,Indiana,Penn-Harris-Madison School Corp,5.9,96.0,94.44,1.56,10860,train
1808820,IN,Indiana,Perry Township Schools,10.76,95.0,91.51,3.49,16509,train
1808850,IN,Indiana,Peru Community Schools,12.4,95.0,89.94,5.06,2121,train
1808900,IN,Indiana,Pike County School Corp,9.6,92.0,91.65,0.35,1822,test
1808910,IN,Indiana,M S D Pike Township,10.62,93.0,91.5,1.5,11238,test
1808970,IN,Indiana,Plainfield Community School Corp,5.87,92.0,94.27,-2.27,5397,train
1809000,IN,Indiana,East Porter County School Corp,5.75,99.0,94.14,4.86,2537,test
1809060,IN,Indiana,Plymouth Community School Corp,11.67,91.0,90.54,0.46,3556,train
1809120,IN,Indiana,John Glenn School Corporation,9.96,92.0,91.44,0.56,1907,train
1809150,IN,Indiana,Portage Township Schools,14.48,94.0,88.99,5.01,7677,test
1809180,IN,Indiana,Porter Township School Corp,10.77,95.0,90.86,4.14,1458,train
1809370,IN,Indiana,West Clark Community Schools,8.39,94.0,92.66,1.34,4745,train
1809420,IN,Indiana,Rensselaer Central School Corp,6.46,95.0,93.58,1.42,1656,train
1809480,IN,Indiana,Richland-Bean Blossom C S C,7.9,92.0,92.83,-0.83,2837,train
1809510,IN,Indiana,Richmond Community Schools,19.57,97.0,85.7,11.3,4967,test
1809630,IN,Indiana,Rochester Community School Corp,11.4,92.0,90.51,1.49,1745,train
1809690,IN,Indiana,Merrillville Community School Corp,8.88,88.0,92.43,-4.43,6406,train
1809750,IN,Indiana,Rush County Schools,13.84,95.0,89.04,5.96,2124,train
1809810,IN,Indiana,Salem Community Schools,13.7,92.0,89.1,2.9,1898,test
1810020,IN,Indiana,Scott County School District 2,9.25,87.0,91.97,-4.97,2649,test
1810080,IN,Indiana,Seymour Community Schools,13.68,93.0,89.37,3.63,4860,train
1810140,IN,Indiana,Shelbyville Central Schools,9.49,95.0,91.94,3.06,4048,train
1810290,IN,Indiana,South Bend Community School Corp,29.82,80.0,79.64,0.36,17191,train
1810350,IN,Indiana,South Gibson School Corporation,5.81,95.0,94.04,0.96,2015,train
1810360,IN,Indiana,South Harrison Com Schools,11.71,93.0,90.48,2.52,3118,train
1810440,IN,Indiana,South Madison Com Sch Corp,5.72,95.0,94.31,0.69,4458,test
1810450,IN,Indiana,South Montgomery Com Sch Corp,12.25,95.0,89.98,5.02,1682,train
1810590,IN,Indiana,South Vermillion Com Sch Corp,16.36,92.0,87.41,4.59,1675,train
1810650,IN,Indiana,Hamilton Southeastern Schools,5.82,97.0,94.67,2.33,21519,train
1810680,IN,Indiana,Lewis Cass Schools,8.71,95.0,92.12,2.88,1309,train
1810710,IN,Indiana,Southern Hancock Co Com Sch Corp,8.02,96.0,92.83,3.17,3667,train
1810860,IN,Indiana,Southwest School Corporation,13.31,95.0,89.32,5.68,1706,train
1810870,IN,Indiana,Southwest Dubois Co Sch Corp,7.03,92.0,93.24,-1.24,1722,train
1810920,IN,Indiana,School Town of Speedway,8.88,95.0,92.1,2.9,1858,train
1810950,IN,Indiana,Spencer-Owen Community Schools,9.81,92.0,91.61,0.39,2570,train
1811100,IN,Indiana,M S D Steuben County,19.2,88.0,85.77,2.23,2755,train
1811190,IN,Indiana,Sunman-Dearborn Com Sch Corp,9.01,96.0,92.22,3.78,3786,train
1811250,IN,Indiana,Taylor Community School Corp,19.78,92.0,85.2,6.8,1289,test
1811340,IN,Indiana,Tippecanoe School Corp,6.58,96.0,94.06,1.94,13245,test
1811370,IN,Indiana,Tippecanoe Valley School Corp,10.88,95.0,90.86,4.14,1866,train
1811400,IN,Indiana,Tipton Community School Corp,10.49,92.0,91.06,0.94,1582,test
1811460,IN,Indiana,Tri-Creek School Corporation,9.17,98.0,92.07,5.93,3292,test
1811580,IN,Indiana,Twin Lakes School Corp,6.47,92.0,93.68,-1.68,2412,train
1811610,IN,Indiana,Union Co/Clg Corner Joint Sch Dist,5.04,92.0,94.43,-2.43,1409,train
1811700,IN,Indiana,Union Township School Corp,5.91,95.0,93.89,1.11,1454,test
1811970,IN,Indiana,Valparaiso Community Schools,6.58,92.0,93.87,-1.87,6382,train
1812090,IN,Indiana,Vigo County School Corp,17.89,84.0,87.04,-3.04,14745,train
1812120,IN,Indiana,Vincennes Community School Corp,12.12,95.0,90.18,4.82,2714,train
1812150,IN,Indiana,Wabash City Schools,7.47,95.0,92.93,2.07,1539,train
1812180,IN,Indiana,M S D Wabash County Schools,11.08,85.0,90.78,-5.78,2176,train
1812240,IN,Indiana,Wa-Nee Community Schools,7.58,95.0,93.04,1.96,2970,test
1812360,IN,Indiana,M S D Warren Township,19.95,82.0,85.7,-3.7,11992,train
1812390,IN,Indiana,Warrick County School Corp,7.9,90.0,93.17,-3.17,10183,train
1812420,IN,Indiana,Warsaw Community Schools,15.38,94.0,88.4,5.6,6944,train
1812450,IN,Indiana,Washington Community Schools,16.61,92.0,87.37,4.63,2589,train
1812720,IN,Indiana,M S D Washington Township,10.96,89.0,91.29,-2.29,11284,test
1812810,IN,Indiana,M S D Wayne Township,18.06,80.0,86.96,-6.96,16223,train
1812870,IN,Indiana,West Lafayette Com School Corp,6.4,95.0,93.72,1.28,2375,train
1812880,IN,Indiana,Frankton-Lapel Community Schools,10.33,94.0,91.34,2.66,3108,train
1812900,IN,Indiana,West Noble School Corporation,14.96,82.0,88.38,-6.38,2373,train
1812990,IN,Indiana,Western Boone Co Com Sch Dist,5.41,95.0,94.25,0.75,1701,train
1813080,IN,Indiana,Westfield-Washington Schools,4.49,96.0,95.23,0.77,7907,train
1813110,IN,Indiana,Westview School Corporation,6.89,95.0,93.4,1.6,2236,test
1813230,IN,Indiana,Whitko Community School Corp,10.61,82.0,90.95,-8.95,1404,train
1903150,IA,Iowa,Adel DeSoto Minburn Comm School District,6.45,95.0,93.62,1.38,1875,test
1903360,IA,Iowa,Algona Comm School District,6.48,92.0,93.54,-1.54,1481,train
1903540,IA,Iowa,Ames Comm School District,9.81,98.0,91.77,6.23,4636,test
1903690,IA,Iowa,Ankeny Comm School District,6.51,96.0,94.08,1.92,11688,test
1903930,IA,Iowa,Atlantic Comm School District,10.69,95.0,90.91,4.09,1441,train
1904200,IA,Iowa,Ballard Comm School District,5.86,95.0,93.97,1.03,1725,test
1904830,IA,Iowa,Benton Comm School District,9.72,87.0,91.53,-4.53,1553,train
1904860,IA,Iowa,Bettendorf Comm School District,9.77,94.0,91.79,2.21,4606,train
1905070,IA,Iowa,Bondurant-Farrar Comm School District,6.51,95.0,93.62,1.38,2166,train
1905130,IA,Iowa,Boone Comm School District,7.91,92.0,92.7,-0.7,1808,train
1905790,IA,Iowa,Burlington Comm School District,20.62,79.0,84.97,-5.97,3807,test
1906270,IA,Iowa,Carlisle Comm School District,9.52,92.0,91.75,0.25,2195,train
1906330,IA,Iowa,Carroll Comm School District,6.76,95.0,93.42,1.58,1806,train
1906510,IA,Iowa,Cedar Falls Comm School District,7.82,97.0,93.06,3.94,5438,train
1906540,IA,Iowa,Cedar Rapids Comm School District,13.84,84.0,89.59,-5.59,16613,train
1906660,IA,Iowa,Center Point-Urbana Comm School District,7.15,92.0,93.15,-1.15,1595,train
1906810,IA,Iowa,Central DeWitt School District,10.14,92.0,91.27,0.73,1539,train
1907080,IA,Iowa,Charles City Comm School District,12.35,95.0,89.89,5.11,1530,train
1907590,IA,Iowa,Clear Creek Amana Comm School District,8.02,95.0,92.71,2.29,2455,train
1907620,IA,Iowa,Clear Lake Comm School District,6.2,92.0,93.69,-1.69,1323,train
1907710,IA,Iowa,Clinton Comm School District,14.46,80.0,88.8,-8.8,3645,train
1907860,IA,Iowa,College Comm School District,9.94,92.0,91.75,0.25,5727,train
1908220,IA,Iowa,Council Bluffs Comm School District,11.79,87.0,90.71,-3.71,9100,train
1908310,IA,Iowa,Creston Comm School District,9.38,92.0,91.72,0.28,1428,train
1908520,IA,Iowa,Dallas Center-Grimes Comm School District,9.43,95.0,91.9,3.1,3170,train
1908580,IA,Iowa,Davenport Comm School District,18.82,82.0,86.46,-4.46,14733,train
1908730,IA,Iowa,Decorah Community School District,5.65,95.0,94.09,0.91,1680,train
1908910,IA,Iowa,Denison Comm School District,9.85,87.0,91.56,-4.56,2314,test
1908970,IA,Iowa,Des Moines Independent Comm School District,10.71,81.0,91.73,-10.73,32271,train
1909480,IA,Iowa,Dubuque Comm School District,10.16,89.0,91.77,-2.77,10568,train
1911340,IA,Iowa,Fairfield Comm School District,11.44,87.0,90.47,-3.47,1635,train
1911820,IA,Iowa,Fort Dodge Comm School District,14.07,85.0,89.07,-4.07,3952,train
1911850,IA,Iowa,Fort Madison Comm School District,10.27,87.0,91.24,-4.24,1860,train
1912510,IA,Iowa,Gilbert Comm School District,3.97,95.0,95.12,-0.12,1560,train
1912690,IA,Iowa,Glenwood Comm School District,8.14,92.0,92.6,-0.6,2102,train
1913200,IA,Iowa,Grinnell-Newburg Comm School District,13.27,92.0,89.34,2.66,1695,train
1913500,IA,Iowa,Harlan Comm School District,7.94,95.0,92.65,2.35,1575,train
1914370,IA,Iowa,Humboldt Comm School District,3.47,92.0,95.41,-3.41,1439,train
1914580,IA,Iowa,Independence Comm School District,9.6,92.0,91.58,0.42,1396,train
1914640,IA,Iowa,Indianola Comm School District,17.94,97.0,86.63,10.37,3634,train
1914700,IA,Iowa,Iowa City Comm School District,12.13,91.0,90.62,0.38,14317,test
1914730,IA,Iowa,Iowa Falls Comm School District,7.47,92.0,92.88,-0.88,1259,test
1915210,IA,Iowa,Greene County Comm School District,9.72,82.0,91.48,-9.48,1296,train
1915450,IA,Iowa,Johnston Comm School District,5.76,96.0,94.42,1.58,7298,train
1915630,IA,Iowa,Keokuk Comm School District,11.41,87.0,90.51,-3.51,1727,train
1915840,IA,Iowa,Knoxville Comm School District,10.75,95.0,90.91,4.09,1656,train
1916530,IA,Iowa,Le Mars Comm School District,8.05,95.0,92.67,2.33,2175,train
1916680,IA,Iowa,Lewis Central Comm School District,5.96,92.0,94.05,-2.05,2970,train
1917220,IA,Iowa,Linn-Mar Comm School District,8.74,93.0,92.57,0.43,7549,train
1918510,IA,Iowa,Maquoketa Comm School District,9.11,92.0,91.88,0.12,1394,train
1918690,IA,Iowa,Marion Independent School District,11.72,95.0,90.38,4.62,2193,test
1918720,IA,Iowa,Marshalltown Comm School District,18.48,88.0,86.38,1.62,5134,train
1918780,IA,Iowa,Mason City Comm School District,12.01,89.0,90.35,-1.35,3838,train
1919890,IA,Iowa,Mount Pleasant Comm School District,11.23,92.0,90.65,1.35,1897,train
1920130,IA,Iowa,Muscatine Comm School District,17.99,84.0,86.68,-2.68,4898,train
1920250,IA,Iowa,Nevada Comm School District,6.71,95.0,93.41,1.59,1579,train
1920610,IA,Iowa,Newton Comm School District,11.93,93.0,90.34,2.66,3060,train
1920910,IA,Iowa,North Polk Comm School District,4.95,95.0,94.55,0.45,1779,train
1920940,IA,Iowa,North Scott Comm School District,6.3,95.0,93.86,1.14,3207,test
1921240,IA,Iowa,Norwalk Comm School District,6.44,97.0,93.75,3.25,2920,test
1921870,IA,Iowa,Oskaloosa Comm School District,9.29,87.0,91.89,-4.89,2174,train
1922110,IA,Iowa,Ottumwa Comm School District,12.73,91.0,89.92,1.08,4227,test
1922470,IA,Iowa,Pella Comm School District,5.0,95.0,94.6,0.4,2442,train
1922530,IA,Iowa,Perry Comm School District,12.69,95.0,89.7,5.3,1702,train
1923110,IA,Iowa,Pleasant Valley Comm School District,3.86,98.0,95.5,2.5,4876,test
1925320,IA,Iowa,Saydel Comm School District,11.89,92.0,90.14,1.86,1337,train
1925590,IA,Iowa,Sergeant Bluff-Luton Comm School District,6.49,95.0,93.56,1.44,1617,train
1926400,IA,Iowa,Sioux City Comm School District,11.81,86.0,90.82,-4.82,14236,train
1926580,IA,Iowa,Solon Comm School District,1.73,95.0,96.51,-1.51,1501,train
1926730,IA,Iowa,South Tama County,11.74,95.0,90.27,4.73,1550,train
1926820,IA,Iowa,Southeast Polk Comm School District,7.77,95.0,93.16,1.84,7141,train
1926910,IA,Iowa,Spencer Comm School District,11.54,92.0,90.47,1.53,2054,test
1927000,IA,Iowa,Spirit Lake Comm School District,9.5,92.0,91.62,0.38,1284,train
1927390,IA,Iowa,Storm Lake Comm School District,11.5,67.0,90.54,-23.54,2452,test
1928680,IA,Iowa,Urbandale Comm School District,6.66,94.0,93.7,0.3,4172,train
1929310,IA,Iowa,Vinton-Shellsburg Comm School District,9.54,92.0,91.64,0.36,1510,test
1930240,IA,Iowa,Washington Comm School District,10.33,87.0,91.2,-4.2,1811,train
1930480,IA,Iowa,Waterloo Comm School District,18.16,84.0,86.78,-2.78,10716,train
1930510,IA,Iowa,Waukee Comm School District,8.19,99.0,92.99,6.01,10422,train
1930540,IA,Iowa,Waverly-Shell Rock Comm School District,5.64,92.0,94.17,-2.17,2165,train
1930630,IA,Iowa,Webster City Comm School District,8.89,92.0,92.06,-0.06,1608,train
1930900,IA,Iowa,West Delaware County Comm School District,11.25,95.0,90.56,4.44,1431,train
1930930,IA,Iowa,West Des Moines Comm School District,8.48,93.0,92.78,0.22,9033,train
1930990,IA,Iowa,West Liberty Comm School District,12.3,95.0,89.9,5.1,1439,train
1931350,IA,Iowa,Western Dubuque Comm School District,5.5,98.0,94.38,3.62,3453,test
1931680,IA,Iowa,Williamsburg Comm School District,5.57,95.0,94.05,0.95,1167,train
1931860,IA,Iowa,Winterset Comm School District,4.72,95.0,94.69,0.31,1758,train
2000003,KS,Kansas,Wamego,12.53,92.0,89.79,2.21,1620,train
2000015,KS,Kansas,Ottawa,16.12,82.0,87.65,-5.65,2326,test
2003180,KS,Kansas,Abilene,11.74,87.0,90.26,-3.26,1473,train
2003200,KS,Kansas,Auburn Washburn,9.67,94.0,91.94,2.06,6332,train
2003300,KS,Kansas,Labette County,10.85,95.0,90.84,4.16,1650,test
2003360,KS,Kansas,Andover,7.44,85.0,93.32,-8.32,5931,train
2003450,KS,Kansas,Arkansas City,18.06,82.0,86.5,-4.5,2951,test
2003540,KS,Kansas,Atchison Public Schools,22.59,82.0,83.53,-1.53,1709,train
2003630,KS,Kansas,Augusta,16.49,87.0,87.4,-0.4,2177,train
2003720,KS,Kansas,Baldwin City,12.72,87.0,89.64,-2.64,1423,train
2003780,KS,Kansas,Basehor-Linwood,9.64,85.0,91.72,-6.72,2594,train
2004050,KS,Kansas,Bonner Springs,16.37,87.0,87.52,-0.52,2626,test
2004200,KS,Kansas,Buhler,8.04,92.0,92.69,-0.69,2350,train
2004590,KS,Kansas,Chanute Public Schools,16.56,95.0,87.31,7.69,1794,train
2004890,KS,Kansas,Clay Center,8.18,87.0,92.45,-5.45,1333,train
2004980,KS,Kansas,Coffeyville,14.95,82.0,88.32,-6.32,1913,train
2005460,KS,Kansas,Derby,20.62,90.0,85.14,4.86,7062,test
2005490,KS,Kansas,De Soto,5.77,98.0,94.4,3.6,6919,train
2005580,KS,Kansas,Dodge City,13.34,91.0,89.68,1.32,7078,train
2005730,KS,Kansas,El Dorado,18.46,92.0,86.14,5.86,1966,test
2005790,KS,Kansas,Elkhart,14.01,82.0,88.79,-6.79,1213,test
2005940,KS,Kansas,Emporia,24.12,91.0,82.82,8.18,4184,train
2006090,KS,Kansas,Eudora,9.18,92.0,91.89,0.11,1677,train
2006180,KS,Kansas,Fort Scott,16.19,87.0,87.54,-0.54,1865,test
2006390,KS,Kansas,Garden City,16.93,81.0,87.44,-6.44,7090,test
2006420,KS,Kansas,Gardner Edgerton,12.48,94.0,90.17,3.83,6040,train
2006540,KS,Kansas,Goddard,11.09,92.0,91.02,0.98,5572,test
2006660,KS,Kansas,Great Bend,24.65,83.0,82.38,0.62,2840,train
2007020,KS,Kansas,Hays,10.23,88.0,91.4,-3.4,3118,train
2007050,KS,Kansas,Haysville,23.35,91.0,83.37,7.63,5622,train
2007590,KS,Kansas,Humboldt,7.9,87.0,92.44,-5.44,658,train
2007620,KS,Kansas,Hutchinson Public Schools,21.39,84.0,84.51,-0.51,4095,train
2007650,KS,Kansas,Independence,16.61,87.0,87.3,-0.3,2011,train
2007740,KS,Kansas,Iola,21.79,82.0,83.93,-1.93,1198,train
2007890,KS,Kansas,Geary County Schools,13.74,86.0,89.43,-3.43,7154,train
2007950,KS,Kansas,Kansas City,23.76,74.0,83.48,-9.48,21362,train
2008340,KS,Kansas,Lansing,16.57,96.0,87.4,8.6,2637,train
2008400,KS,Kansas,Lawrence,12.58,82.0,90.29,-8.29,11778,train
2008430,KS,Kansas,Leavenworth,22.85,88.0,83.57,4.43,3776,test
2008730,KS,Kansas,Liberal,18.72,82.0,86.23,-4.23,5000,train
2008970,KS,Kansas,Louisburg,10.87,92.0,90.84,1.16,1675,train
2009140,KS,Kansas,Maize,10.54,93.0,91.43,1.57,7024,train
2009180,KS,Kansas,Manhattan-Ogden,17.28,83.0,87.2,-4.2,6593,train
2009390,KS,Kansas,McPherson,11.99,87.0,90.24,-3.24,2478,train
2009840,KS,Kansas,Mulvane,13.77,95.0,89.05,5.95,1794,train
2009960,KS,Kansas,Newton,15.52,85.0,88.11,-3.11,3247,train
2010140,KS,Kansas,Olathe,3.21,94.0,96.29,-2.29,20753,train
2010500,KS,Kansas,Paola,12.17,92.0,90.07,1.93,1996,train
2010680,KS,Kansas,Piper-Kansas City,8.12,92.0,92.64,-0.64,2365,test
2010710,KS,Kansas,Pittsburg,24.39,90.0,82.57,7.43,3133,test
2011080,KS,Kansas,Renwick,7.38,95.0,93.05,1.95,1925,train
2011250,KS,Kansas,Rose Hill Public Schools,10.67,92.0,90.94,1.06,1574,train
2011370,KS,Kansas,Salina,15.91,88.0,88.04,-0.04,6359,train
2011490,KS,Kansas,Seaman,13.3,93.0,89.54,3.46,3931,test
2011640,KS,Kansas,Shawnee Mission Pub Sch,16.93,90.0,87.8,2.2,27100,test
2011850,KS,Kansas,Spring Hill,15.04,56.0,88.38,-32.38,2932,train
2012000,KS,Kansas,Blue Valley,7.96,97.0,93.35,3.65,22374,train
2012180,KS,Kansas,Shawnee Heights,10.23,94.0,91.43,2.57,3441,train
2012210,KS,Kansas,Tonganoxie,12.21,95.0,90.04,4.96,1941,train
2012260,KS,Kansas,Topeka Public Schools,23.03,82.0,83.8,-1.8,13125,train
2012300,KS,Kansas,Circle,10.45,87.0,91.13,-4.13,1885,test
2012360,KS,Kansas,Turner-Kansas City,24.33,76.0,82.68,-6.68,4156,train
2012420,KS,Kansas,Ulysses,16.76,82.0,87.16,-5.16,1665,train
2012510,KS,Kansas,Valley Center Pub Sch,10.44,90.0,91.25,-1.25,2968,train
2012840,KS,Kansas,Wellington,10.44,95.0,91.09,3.91,1562,train
2012990,KS,Kansas,Wichita,23.4,74.0,83.92,-9.92,49130,train
2013050,KS,Kansas,Winfield,17.0,87.0,87.07,-0.07,2118,train
2100030,KY,Kentucky,Adair County,17.21,95.0,87.01,7.99,2685,train
2100070,KY,Kentucky,Allen County,17.44,92.0,86.9,5.1,3097,train
2100081,KY,Kentucky,Muhlenberg County,22.22,89.0,84.03,4.97,4739,train
2100120,KY,Kentucky,Anderson County,19.08,95.0,85.92,9.08,3731,train
2100150,KY,Kentucky,Ashland Independent,19.14,92.0,85.85,6.15,3151,train
2100270,KY,Kentucky,Bardstown Independent,18.34,92.0,86.28,5.72,2486,train
2100300,KY,Kentucky,Barren County,16.63,91.0,87.53,3.47,5003,train
2100330,KY,Kentucky,Bath County,26.41,92.0,81.19,10.81,1988,test
2100360,KY,Kentucky,Beechwood Independent,3.85,95.0,95.16,-0.16,1375,train
2100390,KY,Kentucky,Bell County,28.65,95.0,79.87,15.13,2785,train
2100510,KY,Kentucky,Boone County,10.59,94.0,91.68,2.32,20371,train
2100540,KY,Kentucky,Bourbon County,15.98,89.0,87.77,1.23,2691,train
2100570,KY,Kentucky,Bowling Green Independent,10.2,90.0,91.5,-1.5,4198,train
2100620,KY,Kentucky,Boyd County,19.37,94.0,85.69,8.31,2984,test
2100630,KY,Kentucky,Boyle County,9.71,99.0,91.69,7.31,2729,train
2100690,KY,Kentucky,Breathitt County,24.92,92.0,82.1,9.9,1898,test
2100720,KY,Kentucky,Breckinridge County,23.67,93.0,82.99,10.01,2885,test
2100750,KY,Kentucky,Bullitt County,14.63,89.0,89.04,-0.04,13260,test
2100810,KY,Kentucky,Butler County,18.4,92.0,86.21,5.79,2201,train
2100840,KY,Kentucky,Caldwell County,11.86,95.0,90.27,4.73,2024,train
2100870,KY,Kentucky,Calloway County,10.82,97.0,91.01,5.99,2856,train
2100900,KY,Kentucky,Campbell County,10.03,97.0,91.65,5.35,4965,train
2100990,KY,Kentucky,Carroll County,20.45,92.0,84.89,7.11,1902,train
2101020,KY,Kentucky,Carter County,23.94,99.0,82.93,16.07,4331,train
2101050,KY,Kentucky,Casey County,12.09,95.0,90.16,4.84,2324,train
2101150,KY,Kentucky,Christian County,16.23,91.0,87.94,3.06,8812,test
2101200,KY,Kentucky,Clark County,20.66,98.0,85.03,12.97,5183,train
2101230,KY,Kentucky,Clay County,37.03,83.0,74.69,8.31,3270,train
2101260,KY,Kentucky,Clinton County,21.94,95.0,83.96,11.04,1914,test
2101320,KY,Kentucky,Corbin Independent,18.08,96.0,86.49,9.51,2932,train
2101350,KY,Kentucky,Covington Independent,14.27,82.0,88.93,-6.93,3659,train
2101440,KY,Kentucky,Danville Independent,17.53,95.0,86.72,8.28,1928,test
2101470,KY,Kentucky,Daviess County,14.65,94.0,89.0,5.0,11721,test
2101620,KY,Kentucky,Edmonson County,18.83,92.0,85.92,6.08,2023,train
2101650,KY,Kentucky,Elizabethtown Independent,12.69,95.0,89.8,5.2,2420,train
2101740,KY,Kentucky,Erlanger-Elsmere Independent,15.88,92.0,87.82,4.18,2512,train
2101760,KY,Kentucky,Estill County,21.71,92.0,84.15,7.85,2239,train
2101860,KY,Kentucky,Fayette County,16.58,87.0,88.13,-1.13,41412,train
2101920,KY,Kentucky,Fleming County,12.15,95.0,90.12,4.88,2296,train
2101950,KY,Kentucky,Floyd County,18.91,97.0,86.16,10.84,5954,train
2102010,KY,Kentucky,Franklin County,16.12,90.0,87.92,2.08,6385,train
2102040,KY,Kentucky,Fort Thomas Independent,3.77,96.0,95.43,0.57,3128,train
2102130,KY,Kentucky,Gallatin County,15.76,92.0,87.78,4.22,1643,train
2102160,KY,Kentucky,Garrard County,15.92,87.0,87.81,-0.81,2695,test
2102220,KY,Kentucky,Glasgow Independent,16.93,92.0,87.14,4.86,2333,train
2102250,KY,Kentucky,Grant County,15.26,89.0,88.31,0.69,3774,train
2102280,KY,Kentucky,Graves County,7.57,92.0,93.15,-1.15,4306,train
2102300,KY,Kentucky,Grayson County,19.47,93.0,85.72,7.28,4330,test
2102340,KY,Kentucky,Green County,16.13,92.0,87.55,4.45,1661,train
2102400,KY,Kentucky,Greenup County,17.96,95.0,86.55,8.45,2828,train
2102460,KY,Kentucky,Hancock County,11.65,95.0,90.35,4.65,1691,train
2102490,KY,Kentucky,Hardin County,16.42,91.0,87.95,3.05,14273,train
2102540,KY,Kentucky,Harlan County,40.57,96.0,72.53,23.47,3946,test
2102580,KY,Kentucky,Harrison County,16.27,95.0,87.62,7.38,2920,train
2102640,KY,Kentucky,Hart County,19.34,95.0,85.64,9.36,2368,train
2102710,KY,Kentucky,Henderson County,18.14,88.0,86.68,1.32,7055,train
2102760,KY,Kentucky,Henry County,14.83,95.0,88.42,6.58,2097,train
2102860,KY,Kentucky,Hopkins County,14.15,89.0,89.16,-0.16,6608,test
2102940,KY,Kentucky,Jackson County,28.3,87.0,80.04,6.96,2223,train
2102990,KY,Kentucky,Jefferson County,22.71,82.0,84.53,-2.53,96907,train
2103030,KY,Kentucky,Jessamine County,15.05,94.0,88.66,5.34,8347,test
2103060,KY,Kentucky,Johnson County,24.33,95.0,82.64,12.36,3490,train
2103090,KY,Kentucky,Kenton County,9.6,94.0,92.2,1.8,14394,train
2103120,KY,Kentucky,Knott County,38.33,95.0,73.79,21.21,2340,train
2103150,KY,Kentucky,Knox County,33.87,88.0,76.74,11.26,4414,test
2103180,KY,Kentucky,LaRue County,13.56,95.0,89.25,5.75,2396,train
2103210,KY,Kentucky,Laurel County,26.22,87.0,81.71,5.29,9252,train
2103240,KY,Kentucky,Lawrence County,21.35,95.0,84.41,10.59,2586,train
2103330,KY,Kentucky,Leslie County,23.94,95.0,82.68,12.32,1671,train
2103360,KY,Kentucky,Letcher County,31.63,95.0,78.05,16.95,3108,train
2103390,KY,Kentucky,Lewis County,20.53,95.0,84.89,10.11,2246,train
2103480,KY,Kentucky,Lincoln County,16.15,93.0,87.77,5.23,3932,train
2103540,KY,Kentucky,Logan County,13.22,91.0,89.58,1.42,3624,train
2103720,KY,Kentucky,Madison County,18.71,94.0,86.46,7.54,11746,test
2103750,KY,Kentucky,Magoffin County,37.23,92.0,74.45,17.55,2079,train
2103780,KY,Kentucky,Marion County,17.03,95.0,87.17,7.83,3258,test
2103810,KY,Kentucky,Marshall County,14.57,95.0,88.81,6.19,4810,train
2103840,KY,Kentucky,Martin County,21.5,92.0,84.23,7.77,1819,train
2103870,KY,Kentucky,Mason County,19.05,94.0,85.87,8.13,2803,train
2103900,KY,Kentucky,Mayfield Independent,12.46,95.0,89.87,5.13,1870,train
2103960,KY,Kentucky,McCracken County,11.94,93.0,90.55,2.45,7059,train
2103990,KY,Kentucky,McCreary County,22.59,95.0,83.65,11.35,2753,train
2104020,KY,Kentucky,McLean County,17.92,92.0,86.41,5.59,1529,train
2104050,KY,Kentucky,Meade County,14.39,93.0,88.93,4.07,4988,train
2104110,KY,Kentucky,Mercer County,10.94,97.0,90.93,6.07,2842,train
2104140,KY,Kentucky,Metcalfe County,18.72,87.0,85.93,1.07,1629,train
2104200,KY,Kentucky,Monroe County,15.64,95.0,87.89,7.11,1867,train
2104250,KY,Kentucky,Montgomery County,22.48,91.0,83.86,7.14,4590,train
2104290,KY,Kentucky,Morgan County,28.71,92.0,79.75,12.25,1982,train
2104380,KY,Kentucky,Murray Independent,6.95,95.0,93.28,1.72,1627,train
2104410,KY,Kentucky,Nelson County,18.07,94.0,86.59,7.41,4321,test
2104500,KY,Kentucky,Ohio County,21.02,95.0,84.76,10.24,4325,train
2104530,KY,Kentucky,Oldham County,8.18,96.0,93.05,2.95,12407,train
2104560,KY,Kentucky,Owen County,16.28,92.0,87.49,4.51,1916,train
2104590,KY,Kentucky,Owensboro Independent,19.7,84.0,85.6,-1.6,4791,train
2104650,KY,Kentucky,Paducah Independent,15.43,81.0,88.13,-7.13,2852,train
2104740,KY,Kentucky,Pendleton County,15.99,95.0,87.74,7.26,2389,train
2104770,KY,Kentucky,Perry County,24.99,93.0,82.26,10.74,4030,train
2104800,KY,Kentucky,Pike County,18.43,96.0,86.54,9.46,8225,train
2104890,KY,Kentucky,Powell County,30.03,92.0,78.97,13.03,2371,train
2104950,KY,Kentucky,Pulaski County,16.43,98.0,87.79,10.21,8245,train
2105070,KY,Kentucky,Rockcastle County,24.9,95.0,82.23,12.77,2868,train
2105100,KY,Kentucky,Rowan County,21.41,94.0,84.43,9.57,3176,train
2105130,KY,Kentucky,Russell Independent,8.34,95.0,92.49,2.51,2266,train
2105160,KY,Kentucky,Russell County,13.74,97.0,89.21,7.79,3107,test
2105260,KY,Kentucky,Scott County,12.42,93.0,90.32,2.68,9039,test
2105320,KY,Kentucky,Shelby County,10.7,93.0,91.32,1.68,6841,train
2105400,KY,Kentucky,Simpson County,20.16,95.0,85.19,9.81,3001,train
2105430,KY,Kentucky,Somerset Independent,19.79,92.0,85.26,6.74,1642,train
2105490,KY,Kentucky,Spencer County,13.81,96.0,89.15,6.85,3004,train
2105520,KY,Kentucky,Taylor County,13.31,95.0,89.44,5.56,2682,train
2105550,KY,Kentucky,Todd County,14.29,92.0,88.75,3.25,2002,train
2105580,KY,Kentucky,Trigg County,14.84,92.0,88.42,3.58,2076,train
2105640,KY,Kentucky,Union County,17.16,92.0,86.97,5.03,2063,train
2105700,KY,Kentucky,Walton-Verona Independent,7.22,95.0,93.12,1.88,1717,train
2105730,KY,Kentucky,Warren County,11.32,98.0,91.16,6.84,15695,train
2105760,KY,Kentucky,Washington County,17.02,95.0,87.0,8.0,1721,train
2105790,KY,Kentucky,Wayne County,23.02,94.0,83.43,10.57,3206,train
2105820,KY,Kentucky,Webster County,15.48,82.0,88.04,-6.04,2300,test
2105880,KY,Kentucky,Whitley County,23.16,97.0,83.43,13.57,4438,test
2106000,KY,Kentucky,Woodford County,13.07,97.0,89.7,7.3,4062,train
2200022,LA,Louisiana,LSU Laboratory School,3.8,95.0,95.21,-0.21,1448,train
2200030,LA,Louisiana,Acadia Parish,20.94,93.0,85.03,7.97,9835,train
2200039,LA,Louisiana,Zachary Community School District,5.56,93.0,94.46,-1.46,5306,train
2200040,LA,Louisiana,City of Baker School District,23.2,72.0,83.1,-11.1,1414,test
2200047,LA,Louisiana,Office of Juvenile Justice,22.86,5.0,82.88,-77.88,280,train
2200060,LA,Louisiana,Allen Parish,12.04,95.0,90.36,4.64,4328,test
2200090,LA,Louisiana,Ascension Parish,9.21,88.0,92.57,-4.57,22170,test
2200120,LA,Louisiana,Assumption Parish,14.85,94.0,88.55,5.45,3509,train
2200125,LA,Louisiana,Central Community School District,9.21,85.0,92.15,-7.15,4617,train
2200148,LA,Louisiana,"Community School for Apprenticeship Learning, Inc.",5.74,95.0,93.75,1.25,575,train
2200150,LA,Louisiana,Avoyelles Parish,22.44,85.0,83.93,1.07,5374,test
2200156,LA,Louisiana,Voices for International Business & Education,14.57,82.0,88.23,-6.23,556,train
2200157,LA,Louisiana,"University View Academy, Inc. (FRM LA Connections)",0.08,40.0,97.66,-57.66,2372,train
2200160,LA,Louisiana,New Orleans Military & Maritime Academy,15.99,95.0,87.43,7.57,763,train
2200180,LA,Louisiana,Beauregard Parish,15.16,94.0,88.5,5.5,6049,train
2200197,LA,Louisiana,KIPP Renaissance High School,36.25,87.0,74.7,12.3,549,train
2200207,LA,Louisiana,Lord Beaconsfield Landry-Oliver Perry Walker High,48.48,79.0,67.27,11.73,1153,train
2200210,LA,Louisiana,Bienville Parish,14.16,92.0,88.86,3.14,2267,train
2200233,LA,Louisiana,Louisiana Virtual Charter Academy,4.81,37.0,94.65,-57.65,1911,train
2200237,LA,Louisiana,Abramson Sci Academy,16.64,92.0,86.95,5.05,565,train
2200238,LA,Louisiana,Walter L. Cohen College Prep,8.79,52.0,91.78,-39.78,455,train
2200240,LA,Louisiana,City of Bogalusa School District,22.1,72.0,83.88,-11.88,2054,train
2200261,LA,Louisiana,Lake Area New Tech Early College High School,10.22,82.0,90.98,-8.98,626,train
2200265,LA,Louisiana,G W Carver High School,56.61,72.0,62.1,9.9,809,train
2200270,LA,Louisiana,Bossier Parish,16.29,86.0,88.15,-2.15,22612,train
2200281,LA,Louisiana,New Orleans Charter Science and Mathematics HS,20.46,92.0,84.51,7.49,474,train
2200291,LA,Louisiana,Eleanor McMain Secondary School,26.9,92.0,80.64,11.36,803,test
2200294,LA,Louisiana,Edna Karr High School,22.02,98.0,83.77,14.23,1108,train
2200297,LA,Louisiana,Lusher Charter School,3.01,95.0,95.75,-0.75,1762,test
2200299,LA,Louisiana,Benjamin Franklin High School,2.99,95.0,95.61,-0.61,971,train
2200300,LA,Louisiana,Caddo Parish,16.17,81.0,88.37,-7.37,39125,train
2200330,LA,Louisiana,Calcasieu Parish,15.48,88.0,88.75,-0.75,32744,train
2200360,LA,Louisiana,Caldwell Parish,18.9,95.0,85.8,9.2,1540,train
2200480,LA,Louisiana,Concordia Parish,18.02,80.0,86.57,-6.57,3397,test
2200510,LA,Louisiana,DeSoto Parish,12.47,93.0,90.14,2.86,5222,train
2200540,LA,Louisiana,East Baton Rouge Parish,17.98,72.0,87.25,-15.25,40148,test
2200600,LA,Louisiana,East Feliciana Parish,17.2,82.0,86.92,-4.92,1924,test
2200630,LA,Louisiana,Evangeline Parish,22.35,81.0,84.01,-3.01,5932,train
2200660,LA,Louisiana,Franklin Parish,36.47,82.0,75.02,6.98,3101,train
2200690,LA,Louisiana,Grant Parish,19.04,83.0,85.9,-2.9,3020,train
2200720,LA,Louisiana,Iberia Parish,13.79,86.0,89.57,-3.57,13127,train
2200750,LA,Louisiana,Iberville Parish,12.14,94.0,90.33,3.67,4975,train
2200780,LA,Louisiana,Jackson Parish,23.9,87.0,82.78,4.22,2255,train
2200810,LA,Louisiana,Jefferson Davis Parish,17.22,98.0,87.21,10.79,5963,train
2200840,LA,Louisiana,Jefferson Parish,18.21,73.0,87.16,-14.16,48617,train
2200870,LA,Louisiana,Lafayette Parish,14.15,77.0,89.57,-12.57,30271,test
2200900,LA,Louisiana,Lafourche Parish,16.1,96.0,88.14,7.86,14113,train
2200960,LA,Louisiana,LaSalle Parish,18.64,95.0,86.11,8.89,2650,train
2200990,LA,Louisiana,Lincoln Parish,11.64,98.0,90.67,7.33,5428,train
2201020,LA,Louisiana,Livingston Parish,13.07,87.0,90.18,-3.18,24506,test
2201080,LA,Louisiana,City of Monroe School District,14.28,90.0,89.12,0.88,7897,train
2201110,LA,Louisiana,Morehouse Parish,20.03,72.0,85.34,-13.34,3869,train
2201140,LA,Louisiana,Natchitoches Parish,16.64,86.0,87.59,-1.59,6197,train
2201170,LA,Louisiana,Orleans Parish,13.48,79.0,89.49,-10.49,4895,train
2201200,LA,Louisiana,Ouachita Parish,13.23,87.0,90.02,-3.02,19407,test
2201230,LA,Louisiana,Plaquemines Parish,8.51,93.0,92.56,0.44,4185,train
2201260,LA,Louisiana,Pointe Coupee Parish,26.89,72.0,80.97,-8.97,2789,train
2201290,LA,Louisiana,Rapides Parish,16.14,82.0,88.26,-6.26,23389,train
2201350,LA,Louisiana,Richland Parish,16.87,82.0,87.24,-5.24,2892,test
2201380,LA,Louisiana,Sabine Parish,15.59,95.0,88.15,6.85,4440,test
2201410,LA,Louisiana,St. Bernard Parish,13.76,95.0,89.44,5.56,7724,test
2201440,LA,Louisiana,St. Charles Parish,5.92,86.0,94.38,-8.38,9372,train
2201500,LA,Louisiana,St. James Parish,9.09,85.0,92.17,-7.17,3860,train
2201530,LA,Louisiana,St. John the Baptist Parish,14.39,81.0,88.98,-7.98,5950,test
2201560,LA,Louisiana,St. Landry Parish,15.5,74.0,88.51,-14.51,13677,train
2201590,LA,Louisiana,St. Martin Parish,15.36,82.0,88.45,-6.45,8047,train
2201620,LA,Louisiana,St. Mary Parish,14.7,95.0,88.88,6.12,8603,train
2201650,LA,Louisiana,St. Tammany Parish,11.4,84.0,91.34,-7.34,38344,train
2201680,LA,Louisiana,Tangipahoa Parish,23.84,76.0,83.4,-7.4,19419,train
2201740,LA,Louisiana,Terrebonne Parish,18.04,90.0,86.99,3.01,17887,train
2201770,LA,Louisiana,Union Parish,19.57,87.0,85.46,1.54,2069,train
2201800,LA,Louisiana,Vermilion Parish,13.58,95.0,89.61,5.39,9720,test
2201830,LA,Louisiana,Vernon Parish,16.73,94.0,87.62,6.38,8898,train
2201860,LA,Louisiana,Washington Parish,15.47,84.0,88.27,-4.27,5282,train
2201890,LA,Louisiana,Webster Parish,20.77,84.0,85.01,-1.01,6269,train
2201920,LA,Louisiana,West Baton Rouge Parish,10.09,83.0,91.55,-8.55,3926,train
2201980,LA,Louisiana,West Feliciana Parish,10.6,92.0,91.09,0.91,2301,train
2202010,LA,Louisiana,Winn Parish,22.41,87.0,83.72,3.28,2267,train
2300053,ME,Maine,Five Town CSD,13.31,95.0,89.07,5.93,691,train
2302610,ME,Maine,Auburn Public Schools,22.05,78.0,84.06,-6.06,3555,train
2302640,ME,Maine,Augusta Public Schools,23.12,77.0,83.29,-6.29,2401,train
2302820,ME,Maine,Bangor Public Schools,20.33,85.0,85.15,-0.15,3680,train
2303150,ME,Maine,Biddeford Public Schools,26.46,87.0,81.21,5.79,2441,train
2303510,ME,Maine,Brewer Public Schools,19.49,87.0,85.46,1.54,1698,train
2303780,ME,Maine,Brunswick Public Schools,12.38,92.0,89.98,2.02,2358,test
2303930,ME,Maine,Cape Elizabeth Public Schools,5.24,95.0,94.34,0.66,1603,train
2305500,ME,Maine,Ellsworth Public Schools,20.87,87.0,84.54,2.46,1337,train
2305670,ME,Maine,Falmouth Public Schools,7.0,95.0,93.31,1.69,2101,train
2306060,ME,Maine,Gorham Public Schools,6.79,94.0,93.51,0.49,2724,train
2306510,ME,Maine,Hermon Public Schools,12.97,92.0,89.45,2.55,1257,train
2307320,ME,Maine,Lewiston Public Schools,21.56,64.0,84.48,-20.48,5422,train
2308500,ME,Maine,Mt Desert CSD,22.41,87.0,83.33,3.67,540,train
2309930,ME,Maine,Portland Public Schools,17.25,87.0,87.23,-0.23,6731,train
2310500,ME,Maine,Sanford Public Schools,19.72,82.0,85.48,-3.48,3149,train
2310530,ME,Maine,Scarborough Public Schools,9.04,96.0,92.12,3.88,2930,train
2310590,ME,Maine,RSU 11/MSAD 11,11.26,87.0,90.64,-3.64,2051,train
2310710,ME,Maine,RSU 15/MSAD 15,13.65,87.0,89.15,-2.15,1978,train
2310770,ME,Maine,RSU 17/MSAD 17,17.03,78.0,87.2,-9.2,3635,train
2310860,ME,Maine,RSU 79/MSAD 01,19.5,87.0,85.46,1.54,1733,train
2311370,ME,Maine,RSU 35/MSAD 35,11.94,92.0,90.25,1.75,2303,train
2311520,ME,Maine,RSU 03/MSAD 03,25.83,87.0,81.44,5.56,1324,train
2311550,ME,Maine,RSU 40/MSAD 40,21.93,87.0,83.96,3.04,1851,train
2311790,ME,Maine,RSU 06/MSAD 06,8.47,85.0,92.53,-7.53,3554,train
2312330,ME,Maine,South Portland Public Schools,14.38,88.0,88.81,-0.81,3130,train
2313350,ME,Maine,Waterville Public Schools,27.91,82.0,80.22,1.78,1788,train
2313490,ME,Maine,Wells-Ogunquit CSD,11.94,95.0,90.09,4.91,1273,train
2313560,ME,Maine,Westbrook Public Schools,19.95,82.0,85.28,-3.28,2496,train
2313860,ME,Maine,Winslow Schools,19.04,87.0,85.65,1.35,1182,test
2314100,ME,Maine,Yarmouth Schools,8.18,95.0,92.5,2.5,1625,train
2314130,ME,Maine,York Public Schools,9.72,95.0,91.56,3.44,1739,train
2314160,ME,Maine,RSU 52/MSAD 52,13.42,87.0,89.28,-2.28,1945,train
2314210,ME,Maine,RSU 61/MSAD 61,18.97,87.0,85.81,1.19,1856,test
2314240,ME,Maine,RSU 51/MSAD 51,8.17,95.0,92.57,2.43,2043,train
2314330,ME,Maine,RSU 49/MSAD 49,20.91,87.0,84.62,2.38,2061,train
2314590,ME,Maine,RSU 54/MSAD 54,21.41,82.0,84.36,-2.36,2434,train
2314670,ME,Maine,RSU 57/MSAD 57,12.97,89.0,89.68,-0.68,3015,train
2314700,ME,Maine,RSU 60/MSAD 60,12.57,85.0,89.94,-4.94,3048,train
2314768,ME,Maine,RSU 75/MSAD 75,10.06,87.0,91.45,-4.45,2514,test
2314772,ME,Maine,RSU 01 - LKRSU,18.85,82.0,85.89,-3.89,1889,train
2314773,ME,Maine,RSU 21,9.66,95.0,91.68,3.32,2339,train
2314775,ME,Maine,RSU 16,14.6,87.0,88.51,-1.51,1699,train
2314776,ME,Maine,RSU 02,17.08,87.0,87.02,-0.02,2073,train
2314779,ME,Maine,RSU 18,14.66,92.0,88.6,3.4,2661,train
2314782,ME,Maine,RSU 34,20.72,82.0,84.67,-2.67,1573,train
2314783,ME,Maine,RSU 04,15.59,77.0,87.85,-10.85,1475,train
2314785,ME,Maine,RSU 19,23.07,92.0,83.27,8.73,2020,train
2314787,ME,Maine,RSU 13,23.13,72.0,83.17,-11.17,1578,train
2314789,ME,Maine,RSU 05,9.56,95.0,91.69,3.31,1946,test
2314793,ME,Maine,RSU 14,11.11,88.0,90.85,-2.85,3124,train
2314795,ME,Maine,RSU 10,24.59,82.0,82.29,-0.29,1781,train
2314809,ME,Maine,RSU 09,18.58,87.0,86.12,0.88,2358,test
2314815,ME,Maine,RSU 22,10.62,87.0,91.09,-4.09,2401,test
2314822,ME,Maine,RSU 71,23.76,82.0,82.77,-0.77,1553,train
2400030,MD,Maryland,Allegany County Public Schools,20.24,90.0,85.43,4.57,8630,train
2400060,MD,Maryland,Anne Arundel County Public Schools,18.2,89.0,87.29,1.71,77600,train
2400090,MD,Maryland,Baltimore City Public Schools,42.83,72.0,71.93,0.07,80577,train
2400120,MD,Maryland,Baltimore County Public Schools,21.8,89.0,85.14,3.86,113143,train
2400150,MD,Maryland,Calvert County Public Schools,12.04,94.0,90.71,3.29,15901,train
2400180,MD,Maryland,Caroline County Public Schools,18.59,89.0,86.35,2.65,5782,train
2400210,MD,Maryland,Carroll County Public Schools,12.15,96.0,90.76,5.24,25290,test
2400240,MD,Maryland,Cecil County Public Schools,26.63,91.0,81.59,9.41,15272,train
2400270,MD,Maryland,Charles County Public Schools,14.72,93.0,89.18,3.82,27014,train
2400300,MD,Maryland,Dorchester County Public Schools,26.09,82.0,81.62,0.38,4765,train
2400330,MD,Maryland,Frederick County Public Schools,12.77,92.0,90.51,1.49,42126,train
2400360,MD,Maryland,Garrett County Public Schools,14.71,90.0,88.66,1.34,3813,train
2400390,MD,Maryland,Harford County Public Schools,15.45,89.0,88.81,0.19,37780,train
2400420,MD,Maryland,Howard County Public Schools,11.23,92.0,91.55,0.45,56787,train
2400450,MD,Maryland,Kent County Public Schools,20.95,92.0,84.59,7.41,1995,train
2400480,MD,Maryland,Montgomery County Public Schools,18.34,88.0,87.4,0.6,161945,train
2400510,MD,Maryland,Prince George's County Public Schools,22.88,78.0,84.53,-6.53,143455,test
2400540,MD,Maryland,Queen Anne's County Public Schools,14.77,96.0,88.81,7.19,7779,train
2400570,MD,Maryland,Somerset County Public Schools,25.02,87.0,82.16,4.84,2918,train
2400600,MD,Maryland,St. Mary's County Public Schools,18.59,95.0,86.65,8.35,17861,train
2400630,MD,Maryland,Talbot County Public Schools,15.88,94.0,87.98,6.02,4646,train
2400660,MD,Maryland,Washingtion County Public Schools,17.39,93.0,87.46,5.54,22523,train
2400690,MD,Maryland,Wicomico County Public Schools,23.01,83.0,83.84,-0.84,14956,train
2400720,MD,Maryland,Worcester County Public Schools,19.38,93.0,85.91,7.09,7027,train
2500001,MA,Massachusetts,Quabbin,12.75,82.0,89.74,-7.74,2266,train
2500013,MA,Massachusetts,Southwick-Tolland-Granville Regional School District,9.74,92.0,91.52,0.48,1520,test
2500028,MA,Massachusetts,Sabis International Charter (District),9.02,95.0,91.97,3.03,1574,train
2500058,MA,Massachusetts,Sturgis Charter Public (District),30.88,95.0,77.97,17.03,408,train
2500067,MA,Massachusetts,Manchester Essex Regional,5.33,95.0,94.25,0.75,1426,train
2500082,MA,Massachusetts,KIPP Academy Lynn Charter (District),13.9,87.0,88.86,-1.86,1237,train
2500085,MA,Massachusetts,Advanced Math and Science Academy Charter (District),5.28,95.0,94.18,0.82,984,train
2500541,MA,Massachusetts,Somerset Berkley Regional School District,11.18,95.0,90.51,4.49,1002,train
2500544,MA,Massachusetts,Monomoy Regional School District,12.1,87.0,90.1,-3.1,1852,train
2500554,MA,Massachusetts,Essex North Shore Agricultural and Technical School District,16.88,99.0,87.03,11.97,1380,train
2500556,MA,Massachusetts,TEC Connections Academy Commonwealth Virtual School District,51.65,31.0,65.38,-34.38,1609,train
2501650,MA,Massachusetts,Abington,10.97,92.0,90.81,1.19,1950,test
2501710,MA,Massachusetts,Acton-Boxborough,5.69,96.0,94.38,1.62,5497,train
2501800,MA,Massachusetts,Agawam,9.66,93.0,91.8,1.2,3695,test
2501860,MA,Massachusetts,Amesbury,14.86,82.0,88.41,-6.41,2147,train
2501920,MA,Massachusetts,Amherst-Pelham,16.54,91.0,87.24,3.76,1342,train
2501950,MA,Massachusetts,Andover,7.37,94.0,93.35,0.65,5833,train
2501980,MA,Massachusetts,Arlington,8.47,93.0,92.66,0.34,5632,train
2502040,MA,Massachusetts,Ashburnham-Westminster,4.63,95.0,94.83,0.17,2419,train
2502100,MA,Massachusetts,Ashland,6.51,95.0,93.67,1.33,2625,train
2502110,MA,Massachusetts,Assabet Valley Regional Vocational Technical,12.4,95.0,89.77,5.23,1113,train
2502160,MA,Massachusetts,Athol-Royalston,25.16,77.0,81.89,-4.89,1534,train
2502190,MA,Massachusetts,Attleboro,12.75,91.0,90.0,1.0,5782,train
2502220,MA,Massachusetts,Auburn,7.24,92.0,93.22,-1.22,2612,train
2502310,MA,Massachusetts,Barnstable,15.05,88.0,88.5,-0.5,4736,train
2502400,MA,Massachusetts,Bedford,6.2,95.0,93.87,1.13,2647,train
2502430,MA,Massachusetts,Belchertown,9.81,92.0,91.58,0.42,2323,train
2502460,MA,Massachusetts,Bellingham,12.83,87.0,89.68,-2.68,2166,test
2502490,MA,Massachusetts,Belmont,4.11,98.0,95.32,2.68,4593,train
2502530,MA,Massachusetts,Berkshire Hills,25.22,92.0,81.8,10.2,1257,train
2502640,MA,Massachusetts,Beverly,11.86,88.0,90.48,-2.48,4443,train
2502670,MA,Massachusetts,Billerica,7.72,87.0,93.08,-6.08,4829,test
2502710,MA,Massachusetts,Blackstone Valley Regional Vocational Technical,4.66,99.0,94.63,4.37,1224,train
2502715,MA,Massachusetts,Blackstone-Millville,9.4,87.0,91.75,-4.75,1680,test
2502740,MA,Massachusetts,Blue Hills Regional Vocational Technical,6.09,98.0,93.64,4.36,854,test
2502790,MA,Massachusetts,Boston,24.72,75.0,83.13,-8.13,54476,train
2502820,MA,Massachusetts,Bourne,10.95,92.0,90.83,1.17,1973,train
2502940,MA,Massachusetts,Braintree,8.03,93.0,92.93,0.07,5690,train
2503030,MA,Massachusetts,Bridgewater-Raynham,7.52,94.0,93.23,0.77,5255,test
2503070,MA,Massachusetts,Bristol County Agricultural,0.66,95.0,96.86,-1.86,456,train
2503080,MA,Massachusetts,Bristol-Plymouth Regional Vocational Technical,6.96,95.0,93.2,1.8,1278,train
2503090,MA,Massachusetts,Brockton,23.64,74.0,83.48,-9.48,16417,train
2503150,MA,Massachusetts,Brookline,7.7,93.0,93.22,-0.22,7623,train
2503240,MA,Massachusetts,Burlington,7.13,95.0,93.37,1.63,3577,test
2503270,MA,Massachusetts,Cambridge,16.19,88.0,87.89,0.11,6916,train
2503300,MA,Massachusetts,Canton,6.59,98.0,93.68,4.32,3204,train
2503310,MA,Massachusetts,Cape Cod Regional Vocational Technical,15.06,92.0,87.94,4.06,591,train
2503360,MA,Massachusetts,Carver,9.7,92.0,91.55,0.45,1578,train
2503390,MA,Massachusetts,Central Berkshire,9.67,92.0,91.57,0.43,1603,train
2503510,MA,Massachusetts,Chelmsford,6.57,93.0,93.81,-0.81,4859,train
2503540,MA,Massachusetts,Chelsea,22.88,59.0,83.7,-24.7,6328,train
2503660,MA,Massachusetts,Chicopee,18.18,81.0,86.67,-5.67,7310,test
2503750,MA,Massachusetts,Clinton,13.83,87.0,89.02,-2.02,1873,train
2503870,MA,Massachusetts,Concord-Carlisle,9.43,98.0,91.66,6.34,1272,train
2503990,MA,Massachusetts,Danvers,10.77,92.0,91.09,0.91,3462,train
2504020,MA,Massachusetts,Dartmouth,6.26,93.0,93.92,-0.92,3642,train
2504050,MA,Massachusetts,Dedham,12.97,87.0,89.65,-2.65,2645,train
2504140,MA,Massachusetts,Dennis-Yarmouth,18.44,82.0,86.26,-4.26,2982,train
2504200,MA,Massachusetts,Dighton-Rehoboth,8.41,91.0,92.52,-1.52,2912,train
2504290,MA,Massachusetts,Dover-Sherborn,3.94,95.0,95.07,-0.07,1192,train
2504320,MA,Massachusetts,Dracut,12.42,89.0,90.08,-1.08,3760,train
2504360,MA,Massachusetts,Dudley-Charlton Reg,6.42,91.0,93.83,-2.83,3723,train
2504410,MA,Massachusetts,Duxbury,5.15,96.0,94.57,1.43,3105,test
2504440,MA,Massachusetts,East Bridgewater,13.41,95.0,89.33,5.67,2296,train
2504500,MA,Massachusetts,East Longmeadow,7.57,98.0,93.01,4.99,2641,train
2504560,MA,Massachusetts,Nauset,16.93,90.0,87.03,2.97,1524,train
2504590,MA,Massachusetts,Easthampton,11.54,87.0,90.4,-3.4,1568,train
2504620,MA,Massachusetts,Easton,6.44,96.0,93.82,2.18,3728,train
2504770,MA,Massachusetts,Everett,19.83,79.0,85.63,-6.63,6880,train
2504800,MA,Massachusetts,Fairhaven,9.22,92.0,91.92,0.08,2049,train
2504830,MA,Massachusetts,Fall River,27.27,71.0,81.08,-10.08,9851,train
2504860,MA,Massachusetts,Falmouth,13.7,84.0,89.26,-5.26,3379,train
2504890,MA,Massachusetts,Fitchburg,27.4,76.0,80.83,-4.83,5368,train
2504950,MA,Massachusetts,Foxborough,7.08,95.0,93.32,1.68,2599,train
2504980,MA,Massachusetts,Framingham,13.9,82.0,89.38,-7.38,8444,train
2505010,MA,Massachusetts,Franklin,7.31,97.0,93.36,3.64,5212,train
2505020,MA,Massachusetts,Franklin County Regional Vocational Technical,21.31,92.0,83.98,8.02,474,train
2505070,MA,Massachusetts,Freetown-Lakeville,8.02,92.0,92.75,-0.75,2817,train
2505130,MA,Massachusetts,Gardner,22.49,82.0,83.68,-1.68,2348,train
2505220,MA,Massachusetts,Georgetown,9.23,95.0,91.8,3.2,1333,train
2505280,MA,Massachusetts,Gloucester,15.8,86.0,87.89,-1.89,2797,train
2505370,MA,Massachusetts,Grafton,7.29,95.0,93.24,1.76,3222,train
2505470,MA,Massachusetts,Greater Lawrence Regional Vocational Technical,11.13,94.0,90.64,3.36,1509,train
2505480,MA,Massachusetts,Greater Lowell Regional Vocational Technical,13.78,93.0,89.09,3.91,2163,train
2505485,MA,Massachusetts,Greater Fall River Regional Vocational Technical,8.73,98.0,92.12,5.88,1397,train
2505500,MA,Massachusetts,Groton-Dunstable,4.24,98.0,95.06,2.94,2357,train
2505670,MA,Massachusetts,Hamilton-Wenham,5.23,92.0,94.37,-2.37,1777,test
2505730,MA,Massachusetts,Hampden-Wilbraham,7.12,96.0,93.35,2.65,3162,train
2505740,MA,Massachusetts,Hampshire,19.25,92.0,85.38,6.62,717,train
2505790,MA,Massachusetts,Hanover,5.66,95.0,94.21,0.79,2684,train
2505880,MA,Massachusetts,Harvard,9.32,95.0,91.69,3.31,1095,train
2505970,MA,Massachusetts,Haverhill,23.86,81.0,83.12,-2.12,7175,train
2506090,MA,Massachusetts,Hingham,4.63,99.0,94.98,4.02,4337,test
2506240,MA,Massachusetts,Holliston,5.43,95.0,94.38,0.62,2910,train
2506270,MA,Massachusetts,Holyoke,26.93,72.0,81.12,-9.12,5296,train
2506330,MA,Massachusetts,Hopkinton,5.26,98.0,94.53,3.47,3481,test
2506390,MA,Massachusetts,Hudson,11.44,87.0,90.6,-3.6,2632,test
2506480,MA,Massachusetts,Ipswich,5.61,92.0,94.15,-2.15,1871,train
2506510,MA,Massachusetts,King Philip,10.14,95.0,91.34,3.66,2041,train
2506660,MA,Massachusetts,Lawrence,22.64,72.0,84.09,-12.09,16097,train
2506720,MA,Massachusetts,Leicester,10.03,95.0,91.34,3.66,1585,test
2506780,MA,Massachusetts,Leominster,15.74,87.0,88.13,-1.13,5871,train
2506840,MA,Massachusetts,Lexington,3.03,96.0,96.12,-0.12,7290,test
2506930,MA,Massachusetts,Lincoln-Sudbury,4.04,97.0,95.08,1.92,1583,test
2506960,MA,Massachusetts,Littleton,5.65,95.0,94.09,0.91,1663,test
2506990,MA,Massachusetts,Longmeadow,5.22,96.0,94.51,1.49,2876,train
2507020,MA,Massachusetts,Lowell,16.3,80.0,88.02,-8.02,14462,train
2507050,MA,Massachusetts,Ludlow,10.32,90.0,91.3,-1.3,2656,test
2507110,MA,Massachusetts,Lynn,20.28,74.0,85.56,-11.56,15505,test
2507140,MA,Massachusetts,Lynnfield,3.94,95.0,95.23,-0.23,2185,train
2507170,MA,Massachusetts,Malden,16.21,80.0,87.86,-7.86,6225,train
2507230,MA,Massachusetts,Mansfield,7.46,94.0,93.18,0.82,3765,train
2507260,MA,Massachusetts,Marblehead,7.05,97.0,93.39,3.61,3094,train
2507320,MA,Massachusetts,Marlborough,15.74,79.0,88.05,-9.05,4389,train
2507350,MA,Massachusetts,Marshfield,4.78,97.0,94.88,2.12,4187,train
2507380,MA,Massachusetts,Martha's Vineyard,23.79,92.0,82.51,9.49,643,train
2507410,MA,Massachusetts,Masconomet,7.69,95.0,92.84,2.16,1794,test
2507440,MA,Massachusetts,Mashpee,14.29,92.0,88.7,3.3,1658,train
2507530,MA,Massachusetts,Medfield,3.38,97.0,95.63,1.37,2636,train
2507560,MA,Massachusetts,Medford,12.13,90.0,90.31,-0.31,4369,test
2507590,MA,Massachusetts,Medway,8.01,96.0,92.7,3.3,2271,train
2507620,MA,Massachusetts,Melrose,6.13,94.0,94.0,0.0,3591,train
2507680,MA,Massachusetts,Mendon-Upton,7.24,92.0,93.18,-1.18,2265,train
2507740,MA,Massachusetts,Methuen,17.75,89.0,86.94,2.06,7314,train
2507770,MA,Massachusetts,Middleborough,9.52,95.0,91.85,3.15,3173,test
2507860,MA,Massachusetts,Milford,13.47,85.0,89.45,-4.45,4031,train
2507890,MA,Massachusetts,Millbury,5.71,92.0,94.08,-2.08,1822,test
2507920,MA,Massachusetts,Millis,6.7,95.0,93.37,1.63,1314,test
2507980,MA,Massachusetts,Milton,4.23,94.0,95.23,-1.23,4210,train
2507985,MA,Massachusetts,Minuteman Regional Vocational Technical,13.28,87.0,89.03,-2.03,542,train
2508050,MA,Massachusetts,Montachusett Regional Vocational Technical,11.01,99.0,90.7,8.3,1426,train
2508250,MA,Massachusetts,Nantucket,14.73,82.0,88.42,-6.42,1623,train
2508280,MA,Massachusetts,Narragansett,7.49,87.0,92.9,-5.9,1429,train
2508310,MA,Massachusetts,Nashoba,6.13,95.0,93.98,1.02,3342,test
2508320,MA,Massachusetts,Nashoba Valley Regional Vocational Technical,4.45,95.0,94.61,0.39,697,train
2508340,MA,Massachusetts,Natick,5.39,97.0,94.57,2.43,5475,train
2508370,MA,Massachusetts,Needham,5.14,97.0,94.74,2.26,5666,test
2508430,MA,Massachusetts,New Bedford,23.94,59.0,83.22,-24.22,12617,train
2508440,MA,Massachusetts,Greater New Bedford Regional Vocational Technical,5.98,91.0,93.96,-2.96,2208,train
2508580,MA,Massachusetts,Newburyport,6.7,95.0,93.52,1.48,2269,train
2508610,MA,Massachusetts,Newton,7.69,96.0,93.36,2.64,12734,test
2508650,MA,Massachusetts,Norfolk County Agricultural,13.87,95.0,88.67,6.33,548,train
2508700,MA,Massachusetts,North Andover,9.47,96.0,91.99,4.01,4807,test
2508730,MA,Massachusetts,North Attleborough,8.4,95.0,92.62,2.38,4166,train
2508790,MA,Massachusetts,North Middlesex,9.48,94.0,91.86,2.14,2974,test
2508820,MA,Massachusetts,North Reading,5.14,98.0,94.51,3.49,2488,train
2508850,MA,Massachusetts,Northampton,11.52,93.0,90.55,2.45,2656,train
2508860,MA,Massachusetts,Northampton-Smith Vocational Agricultural,16.27,95.0,87.14,7.86,498,test
2508910,MA,Massachusetts,Northboro-Southboro,11.27,95.0,90.55,4.45,1464,train
2508940,MA,Massachusetts,Northbridge,13.29,92.0,89.4,2.6,2175,train
2508950,MA,Massachusetts,Northern Berkshire Regional Vocational Technical,21.27,95.0,84.02,10.98,489,train
2508960,MA,Massachusetts,Northeast Metropolitan Regional Vocational Technical,7.78,98.0,92.68,5.32,1246,test
2509000,MA,Massachusetts,Norton,9.58,93.0,91.74,1.26,2464,train
2509030,MA,Massachusetts,Norwell,6.05,95.0,93.92,1.08,2198,test
2509060,MA,Massachusetts,Norwood,12.8,94.0,89.82,4.18,3405,test
2509140,MA,Massachusetts,Old Colony Regional Vocational Technical,5.24,95.0,94.04,0.96,534,train
2509150,MA,Massachusetts,Old Rochester,8.92,95.0,91.97,3.03,1255,train
2509270,MA,Massachusetts,Oxford,12.96,87.0,89.53,-2.53,1675,train
2509310,MA,Massachusetts,Pathfinder Regional Vocational Technical,5.54,82.0,93.89,-11.89,614,train
2509420,MA,Massachusetts,Pembroke,20.77,98.0,84.81,13.19,2894,train
2509450,MA,Massachusetts,Pentucket,8.26,95.0,92.57,2.43,2469,train
2509630,MA,Massachusetts,Pittsfield,23.33,81.0,83.38,-2.38,5478,train
2509720,MA,Massachusetts,Plymouth,10.29,92.0,91.6,0.4,7389,train
2509870,MA,Massachusetts,Quincy,12.3,92.0,90.4,1.6,9180,train
2509900,MA,Massachusetts,Ralph C Mahar,9.22,82.0,91.68,-9.68,846,train
2509930,MA,Massachusetts,Randolph,23.38,77.0,83.16,-6.16,2750,train
2509990,MA,Massachusetts,Reading,3.59,96.0,95.62,0.38,4118,test
2510050,MA,Massachusetts,Revere,14.5,80.0,88.98,-8.98,7540,train
2510170,MA,Massachusetts,Rockland,13.7,87.0,89.14,-2.14,2175,train
2510380,MA,Massachusetts,Salem,25.1,82.0,82.16,-0.16,3602,train
2510470,MA,Massachusetts,Sandwich,8.74,92.0,92.28,-0.28,2609,train
2510500,MA,Massachusetts,Saugus,19.17,82.0,85.77,-3.77,2587,train
2510560,MA,Massachusetts,Scituate,7.24,92.0,93.25,-1.25,2983,test
2510590,MA,Massachusetts,Seekonk,5.7,92.0,94.11,-2.11,2001,test
2510615,MA,Massachusetts,Shawsheen Valley Regional Vocational Technical,7.09,99.0,93.13,5.87,1325,train
2510620,MA,Massachusetts,Sharon,5.13,97.0,94.61,2.39,3489,train
2510770,MA,Massachusetts,Shrewsbury,10.39,95.0,91.47,3.53,5976,train
2510830,MA,Massachusetts,Silver Lake,10.36,96.0,91.19,4.81,1892,test
2510890,MA,Massachusetts,Somerville,13.69,84.0,89.36,-5.36,4886,train
2510920,MA,Massachusetts,South Hadley,13.48,92.0,89.24,2.76,1899,test
2510930,MA,Massachusetts,South Shore Regional Vocational Technical,50.93,92.0,65.59,26.41,648,train
2511010,MA,Massachusetts,Southbridge,32.07,67.0,77.66,-10.66,2002,train
2511020,MA,Massachusetts,Southeastern Regional Vocational Technical,10.03,96.0,91.32,4.68,1426,test
2511050,MA,Massachusetts,Southern Worcester County Regional Vocational Technical,7.84,95.0,92.62,2.38,1123,train
2511060,MA,Massachusetts,South Middlesex Regional Vocational Technical,19.26,95.0,85.38,9.62,732,train
2511130,MA,Massachusetts,Springfield,22.51,77.0,84.3,-7.3,25341,train
2511220,MA,Massachusetts,Stoneham,11.95,92.0,90.25,1.75,2344,train
2511250,MA,Massachusetts,Stoughton,10.22,91.0,91.44,-0.44,3492,train
2511400,MA,Massachusetts,Sutton,7.05,92.0,93.18,-1.18,1419,train
2511430,MA,Massachusetts,Swampscott,10.23,92.0,91.31,0.69,2209,train
2511460,MA,Massachusetts,Swansea,11.67,95.0,90.4,4.6,2099,test
2511490,MA,Massachusetts,Tantasqua,13.34,98.0,89.31,8.69,1784,test
2511520,MA,Massachusetts,Taunton,16.32,89.0,87.85,1.15,7848,train
2511580,MA,Massachusetts,Tewksbury,7.73,93.0,92.99,0.01,3479,train
2511735,MA,Massachusetts,Tri-County Regional Vocational Technical,15.1,94.0,88.06,5.94,987,train
2511740,MA,Massachusetts,Triton,11.97,92.0,90.26,1.74,2564,train
2511760,MA,Massachusetts,Tyngsborough,8.31,95.0,92.43,2.57,1696,test
2511800,MA,Massachusetts,Upper Cape Cod Regional Vocational Technical,11.89,95.0,89.97,5.03,715,train
2511850,MA,Massachusetts,Uxbridge,10.97,82.0,90.79,-8.79,1760,train
2511880,MA,Massachusetts,Wachusett,5.51,96.0,94.57,1.43,7080,train
2511910,MA,Massachusetts,Wakefield,7.72,95.0,92.99,2.01,3382,train
2511970,MA,Massachusetts,Walpole,5.9,95.0,94.15,0.85,3728,train
2512000,MA,Massachusetts,Waltham,13.68,82.0,89.41,-7.41,5650,train
2512060,MA,Massachusetts,Wareham,18.51,77.0,86.15,-9.15,2253,train
2512180,MA,Massachusetts,Watertown,10.3,92.0,91.3,0.7,2506,train
2512210,MA,Massachusetts,Wayland,4.55,97.0,94.91,2.09,2704,train
2512240,MA,Massachusetts,Webster,20.22,67.0,85.03,-18.03,1855,train
2512270,MA,Massachusetts,Wellesley,10.14,97.0,91.59,5.41,5106,train
2512510,MA,Massachusetts,West Springfield,14.45,89.0,88.83,0.17,3986,train
2512600,MA,Massachusetts,Westborough,5.43,97.0,94.46,2.54,3944,train
2512630,MA,Massachusetts,Westfield,16.65,88.0,87.54,0.46,5286,test
2512660,MA,Massachusetts,Westford,3.55,98.0,95.69,2.31,4958,train
2512750,MA,Massachusetts,Weston,5.31,95.0,94.41,0.59,2488,train
2512810,MA,Massachusetts,Westwood,3.83,99.0,95.39,3.61,3082,train
2512840,MA,Massachusetts,Weymouth,15.78,86.0,88.11,-2.11,5830,train
2512930,MA,Massachusetts,Whitman-Hanson,11.83,94.0,90.46,3.54,3905,train
2512950,MA,Massachusetts,Whittier Regional Vocational Technical,3.35,97.0,95.45,1.55,1254,train
2513050,MA,Massachusetts,Wilmington,5.88,97.0,94.14,2.86,3335,train
2513110,MA,Massachusetts,Winchester,5.33,94.0,94.58,-0.58,4806,test
2513170,MA,Massachusetts,Winthrop,14.1,82.0,88.87,-6.87,2000,train
2513200,MA,Massachusetts,Woburn,10.83,90.0,91.13,-1.13,4615,train
2513230,MA,Massachusetts,Worcester,14.79,84.0,89.11,-5.11,24730,train
2600005,MI,Michigan,Battle Creek Public Schools,49.13,73.0,67.2,5.8,4016,test
2600013,MI,Michigan,Marquette Area Public Schools,17.4,82.0,86.94,-4.94,3264,train
2600015,MI,Michigan,Wayne-Westland Community School District,35.34,77.0,76.07,0.93,11123,test
2600016,MI,Michigan,Crestwood School District,19.3,95.0,85.81,9.19,4011,train
2600139,MI,Michigan,Cesar Chavez Academy,37.95,87.0,74.02,12.98,2308,train
2600164,MI,Michigan,Washtenaw Technical Middle College,0.71,87.0,96.95,-9.95,709,train
2600168,MI,Michigan,Chandler Park Academy,17.1,95.0,87.03,7.97,2269,train
2600171,MI,Michigan,Henry Ford Academy,21.93,92.0,83.63,8.37,529,train
2600225,MI,Michigan,Summit Academy North,27.11,95.0,80.74,14.26,1918,train
2600227,MI,Michigan,Voyageur Academy,50.53,77.0,65.99,11.01,1136,train
2600232,MI,Michigan,Detroit Edison Public School Academy,27.06,95.0,80.69,14.31,1408,test
2600242,MI,Michigan,Old Redford Academy,57.48,82.0,61.8,20.2,2013,train
2600284,MI,Michigan,Bradford Academy,25.91,92.0,81.42,10.58,1509,test
2600949,MI,Michigan,Lighthouse Academy,76.64,47.0,49.25,-2.25,214,test
2600952,MI,Michigan,University Preparatory Science and Math (PSAD),14.45,92.0,88.57,3.43,1495,test
2600956,MI,Michigan,University Preparatory Academy (PSAD),18.15,92.0,86.33,5.67,1961,test
2600961,MI,Michigan,Henry Ford Academy: School for Creative Studies (PSAD),18.74,92.0,85.85,6.15,1254,test
2600969,MI,Michigan,Michigan Connections Academy,24.58,67.0,82.29,-15.29,1709,train
2600972,MI,Michigan,Michigan Virtual Charter Academy,17.54,34.0,86.82,-52.82,2840,train
2600977,MI,Michigan,West Michigan Aviation Academy,3.01,92.0,95.47,-3.47,599,test
2600981,MI,Michigan,Wellspring Preparatory High School,34.35,72.0,75.83,-3.83,457,test
2600993,MI,Michigan,Jalen Rose Leadership Academy,28.54,92.0,79.44,12.56,417,train
2601030,MI,Michigan,Cornerstone Health and Technology School,37.41,92.0,73.97,18.03,532,train
2601050,MI,Michigan,Great Lakes Cyber Academy,49.47,52.0,66.62,-14.62,1029,train
2601070,MI,Michigan,Michigan Great Lakes Virtual Academy,27.62,37.0,80.49,-43.49,2498,train
2601077,MI,Michigan,Insight School of Michigan,47.1,30.0,68.01,-38.01,741,train
2601095,MI,Michigan,Grand River Preparatory High School,22.79,87.0,83.14,3.86,645,train
2601103,MI,Michigan,Detroit Public Schools Community District,80.06,77.0,48.58,28.42,51533,test
2601104,MI,Michigan,Success Virtual Learning Centers of Michigan,2.95,12.0,95.46,-83.46,508,train
2601950,MI,Michigan,Adrian School District of the City of,29.26,87.0,79.48,7.52,2669,train
2601980,MI,Michigan,Airport Community Schools,20.37,81.0,84.95,-3.95,1954,train
2602190,MI,Michigan,Algonac Community School District,16.53,92.0,87.28,4.72,1549,test
2602220,MI,Michigan,Allegan Public Schools,45.04,64.0,69.63,-5.63,2538,test
2602520,MI,Michigan,Allen Park Public Schools,13.91,87.0,89.16,-2.16,3846,train
2602550,MI,Michigan,Allendale Public Schools,11.78,93.0,90.4,2.6,2675,train
2602640,MI,Michigan,Alma Public Schools,20.42,92.0,84.94,7.06,2125,train
2602670,MI,Michigan,Almont Community Schools,12.49,92.0,89.8,2.2,1513,train
2602730,MI,Michigan,Alpena Public Schools,14.31,78.0,88.91,-10.91,3837,train
2602790,MI,Michigan,Anchor Bay School District,12.15,92.0,90.38,1.62,5982,test
2602820,MI,Michigan,Ann Arbor Public Schools,21.17,89.0,85.03,3.97,17465,test
2603240,MI,Michigan,Armada Area Schools,10.12,95.0,91.33,3.67,1848,train
2603540,MI,Michigan,Atherton Community Schools,28.6,67.0,79.6,-12.6,888,test
2603690,MI,Michigan,Avondale School District,18.23,88.0,86.43,1.57,3358,train
2603870,MI,Michigan,Bangor Public Schools (Van Buren),28.8,57.0,79.55,-22.55,1170,train
2603900,MI,Michigan,Bangor Township Schools,16.66,87.0,87.32,-0.32,2449,train
2604260,MI,Michigan,Bay City School District,26.98,82.0,81.19,0.81,7555,train
2604440,MI,Michigan,Beaverton Rural Schools,16.75,87.0,87.04,-0.04,1027,test
2604470,MI,Michigan,Bedford Public Schools,13.77,93.0,89.28,3.72,4400,train
2604530,MI,Michigan,Belding Area School District,17.36,92.0,86.8,5.2,1797,train
2604830,MI,Michigan,Benton Harbor Area Schools,68.52,65.0,54.93,10.07,2192,train
2604950,MI,Michigan,Benzie County Central Schools,19.76,77.0,85.26,-8.26,1473,train
2605010,MI,Michigan,Berkley School District,14.3,96.0,88.93,7.07,3987,test
2605430,MI,Michigan,Berrien Springs Public Schools,27.69,32.0,80.55,-48.55,3615,train
2605780,MI,Michigan,Big Rapids Public Schools,16.3,72.0,87.48,-15.48,1883,train
2605820,MI,Michigan,Birch Run Area Schools,10.11,87.0,91.34,-4.34,1909,train
2605850,MI,Michigan,Birmingham Public Schools,5.83,97.0,94.41,2.59,8137,train
2606090,MI,Michigan,Bloomfield Hills Schools,10.8,95.0,91.2,3.8,5455,train
2606500,MI,Michigan,Boyne City Public Schools,12.47,87.0,89.79,-2.79,1411,train
2606570,MI,Michigan,Brandon School District in the Counties of Oakland and Lapee,17.31,87.0,86.93,0.07,2519,test
2606600,MI,Michigan,Brandywine Community Schools,19.9,67.0,85.15,-18.15,1402,test
2606720,MI,Michigan,Breitung Township School District,10.9,95.0,90.85,4.15,1872,train
2606780,MI,Michigan,Bridgeport-Spaulding Community School District,42.17,77.0,71.3,5.7,1615,train
2606870,MI,Michigan,Brighton Area Schools,9.71,94.0,91.91,2.09,6058,test
2606990,MI,Michigan,Columbia School District,11.94,67.0,90.13,-23.13,1457,train
2607080,MI,Michigan,Flat Rock Community Schools,28.08,77.0,80.15,-3.15,2016,test
2607140,MI,Michigan,Buchanan Community Schools,6.21,82.0,93.74,-11.74,1659,train
2607320,MI,Michigan,Bullock Creek School District,7.79,95.0,92.78,2.22,1822,train
2607560,MI,Michigan,Byron Center Public Schools,14.17,94.0,89.0,5.0,3944,train
2607590,MI,Michigan,Cadillac Area Public Schools,19.76,77.0,85.48,-8.48,3351,train
2607620,MI,Michigan,Caledonia Community Schools,8.93,91.0,92.33,-1.33,4938,train
2607690,MI,Michigan,Public Schools of Calumet Laurium & Keweenaw,18.73,52.0,85.88,-33.88,1367,train
2607890,MI,Michigan,Carman-Ainsworth Community Schools,30.75,82.0,78.71,3.29,4774,train
2608040,MI,Michigan,Caro Community Schools,16.9,77.0,87.08,-10.08,1710,train
2608070,MI,Michigan,Carrollton Public Schools,27.13,77.0,80.72,-3.72,1858,train
2608520,MI,Michigan,Cedar Springs Public Schools,12.0,85.0,90.33,-5.33,3532,train
2608580,MI,Michigan,Center Line Public Schools,29.51,72.0,79.31,-7.31,2474,train
2608770,MI,Michigan,Charlotte Public Schools,18.25,82.0,86.33,-4.33,2428,train
2608910,MI,Michigan,Cheboygan Area Schools,13.63,82.0,89.11,-7.11,1687,train
2608940,MI,Michigan,Chelsea School District,10.39,94.0,91.24,2.76,2454,test
2609150,MI,Michigan,Chesaning Union Schools,20.46,87.0,84.83,2.17,1530,train
2609560,MI,Michigan,Chippewa Hills School District,23.42,72.0,83.06,-11.06,2075,train
2609570,MI,Michigan,Chippewa Valley Schools,12.95,92.0,90.14,1.86,16188,train
2609750,MI,Michigan,Clare Public Schools,15.2,82.0,88.11,-6.11,1559,train
2609840,MI,Michigan,Clarenceville School District,24.01,87.0,82.65,4.35,1795,train
2609900,MI,Michigan,Clarkston Community School District,12.39,90.0,90.28,-0.28,7409,train
2609930,MI,Michigan,Clawson Public Schools,17.19,82.0,86.88,-4.88,1606,test
2610080,MI,Michigan,Clintondale Community Schools,53.81,34.0,64.21,-30.21,3139,train
2610110,MI,Michigan,Clio Area School District,12.11,65.0,90.22,-25.22,3039,train
2610140,MI,Michigan,Coldwater Community Schools,17.77,77.0,86.68,-9.68,2971,train
2610380,MI,Michigan,Coloma Community Schools,20.71,57.0,84.65,-27.65,1410,train
2610590,MI,Michigan,Comstock Public Schools,33.73,52.0,76.65,-24.65,2200,test
2610620,MI,Michigan,Comstock Park Public Schools,12.72,87.0,89.71,-2.71,1902,train
2610830,MI,Michigan,Coopersville Area Public School District,9.24,91.0,91.98,-0.98,2662,train
2610860,MI,Michigan,Corunna Public Schools,16.93,92.0,87.07,4.93,1819,train
2611030,MI,Michigan,Crawford AuSable Schools,18.17,82.0,86.26,-4.26,1563,train
2611140,MI,Michigan,Croswell-Lexington Community Schools,16.69,82.0,87.26,-5.26,2079,train
2611430,MI,Michigan,Davison Community Schools,13.03,86.0,89.82,-3.82,5788,train
2611550,MI,Michigan,DeWitt Public Schools,8.53,97.0,92.47,4.53,3202,train
2611600,MI,Michigan,Dearborn City School District,9.81,95.0,92.17,2.83,20956,train
2611610,MI,Michigan,Dearborn Heights School District #7,24.45,82.0,82.47,-0.47,2511,test
2611640,MI,Michigan,Westwood Community School District,52.67,47.0,64.77,-17.77,1800,test
2611910,MI,Michigan,Delton Kellogg Schools,19.81,77.0,85.18,-8.18,1292,test
2612030,MI,Michigan,Dexter Community School District,6.92,97.0,93.51,3.49,3641,train
2612150,MI,Michigan,Dowagiac Union School District,26.17,77.0,81.36,-4.36,2235,train
2612300,MI,Michigan,Dundee Community Schools,11.65,92.0,90.34,1.66,1622,test
2612330,MI,Michigan,Durand Area Schools,17.2,87.0,86.85,0.15,1442,test
2612420,MI,Michigan,East China School District,10.59,93.0,91.25,1.75,4100,train
2612450,MI,Michigan,East Detroit Public Schools,66.22,70.0,56.44,13.56,2827,train
2612480,MI,Michigan,East Grand Rapids Public Schools,3.56,94.0,95.55,-1.55,2921,train
2612600,MI,Michigan,East Lansing School District,12.22,93.0,90.2,2.8,3651,train
2612690,MI,Michigan,Eaton Rapids Public Schools,17.81,82.0,86.6,-4.6,2409,test
2612930,MI,Michigan,Ecorse Public Schools,71.34,67.0,52.99,14.01,1113,train
2612990,MI,Michigan,Edwardsburg Public Schools,13.36,95.0,89.41,5.59,2739,train
2613500,MI,Michigan,Escanaba Area Public Schools,16.29,82.0,87.53,-5.53,2241,train
2613530,MI,Michigan,Essexville-Hampton Public Schools,7.47,92.0,92.97,-0.97,1728,train
2614070,MI,Michigan,Farmington Public School District,14.23,91.0,89.2,1.8,9451,test
2614100,MI,Michigan,Farwell Area Schools,24.82,77.0,82.05,-5.05,1233,test
2614230,MI,Michigan,Fennville Public Schools,66.21,72.0,56.24,15.76,1326,train
2614250,MI,Michigan,Fenton Area Public Schools,11.12,91.0,90.88,0.12,3560,train
2614280,MI,Michigan,Ferndale Public Schools,25.72,73.0,81.72,-8.72,2939,train
2614460,MI,Michigan,Fitzgerald Public Schools,38.36,78.0,73.81,4.19,2659,train
2614520,MI,Michigan,Flint School District of the City of,61.17,67.0,59.72,7.28,4617,train
2614550,MI,Michigan,Flushing Community Schools,12.54,85.0,90.04,-5.04,4305,train
2614610,MI,Michigan,Forest Hills Public Schools,7.25,96.0,93.57,2.43,9822,train
2614730,MI,Michigan,Fowlerville Community Schools,9.22,87.0,92.01,-5.01,2863,train
2614760,MI,Michigan,Frankenmuth School District,6.15,95.0,93.71,1.29,1269,train
2614820,MI,Michigan,Fraser Public Schools,17.88,94.0,86.76,7.24,5223,train
2615060,MI,Michigan,Freeland Community School District,7.91,92.0,92.72,-0.72,1959,train
2615150,MI,Michigan,Fremont Public School District,20.61,77.0,84.8,-7.8,1941,train
2615390,MI,Michigan,Fruitport Community Schools,19.67,80.0,85.48,-5.48,2751,train
2615540,MI,Michigan,Garden City Public Schools,24.5,65.0,82.56,-17.56,3963,train
2615730,MI,Michigan,Gaylord Community Schools,14.99,82.0,88.43,-6.43,3102,train
2615870,MI,Michigan,Gibraltar School District,14.78,87.0,88.61,-1.61,3756,train
2615970,MI,Michigan,Gladstone Area Schools,11.95,67.0,90.15,-23.15,1590,train
2615990,MI,Michigan,Gladwin Community Schools,20.5,82.0,84.83,-2.83,1688,test
2616080,MI,Michigan,Godfrey-Lee Public Schools,23.07,82.0,83.26,-1.26,1907,test
2616110,MI,Michigan,Godwin Heights Public Schools,22.75,87.0,83.49,3.51,2167,train
2616320,MI,Michigan,Goodrich Area Schools,6.7,95.0,93.5,1.5,2163,train
2616350,MI,Michigan,Grand Blanc Community Schools,10.53,91.0,91.48,-0.48,8348,test
2616380,MI,Michigan,Grand Haven Area Public Schools,11.78,79.0,90.62,-11.62,6231,train
2616410,MI,Michigan,Grand Ledge Public Schools,11.75,95.0,90.54,4.46,4359,train
2616440,MI,Michigan,Grand Rapids Public Schools,27.37,71.0,81.14,-10.14,15661,train
2616470,MI,Michigan,Grandville Public Schools,9.06,94.0,92.31,1.69,5996,train
2616500,MI,Michigan,Grant Public School District,19.64,87.0,85.38,1.62,1782,train
2617160,MI,Michigan,Greenville Public Schools,12.57,89.0,89.99,-0.99,3747,train
2617220,MI,Michigan,Grosse Ile Township Schools,11.71,95.0,90.34,4.66,1845,test
2617250,MI,Michigan,Gull Lake Community Schools,9.74,88.0,91.78,-3.78,4046,train
2617400,MI,Michigan,Hamilton Community Schools,7.43,87.0,93.11,-6.11,2677,train
2617520,MI,Michigan,Hamtramck School District of the City of,28.15,77.0,80.24,-3.24,3290,train
2617730,MI,Michigan,Harper Creek Community Schools,12.78,95.0,89.78,5.22,2793,train
2617760,MI,Michigan,Harper Woods The School District of the City of,48.33,54.0,67.5,-13.5,1920,train
2617820,MI,Michigan,Harrison Community Schools,22.17,87.0,83.74,3.26,1439,test
2617910,MI,Michigan,Hartland Consolidated Schools,9.29,94.0,92.14,1.86,5556,train
2617940,MI,Michigan,Haslett Public Schools,11.1,96.0,90.81,5.19,2657,train
2617970,MI,Michigan,Hastings Area School District,13.82,82.0,89.12,-7.12,2662,train
2618030,MI,Michigan,Hazel Park School District of the City of,44.71,47.0,69.91,-22.91,3429,train
2618180,MI,Michigan,Hemlock Public School District,8.93,72.0,91.95,-19.95,1187,train
2618390,MI,Michigan,Hillsdale Community Schools,18.36,87.0,86.12,0.88,1443,test
2618420,MI,Michigan,Holland City School District,14.47,88.0,88.79,-0.79,3566,train
2618450,MI,Michigan,Holly Area School District,20.58,90.0,84.97,5.03,3493,train
2618480,MI,Michigan,Holt Public Schools,16.26,82.0,87.75,-5.75,4700,train
2618570,MI,Michigan,Hopkins Public Schools,10.08,92.0,91.33,0.67,1667,train
2618600,MI,Michigan,Houghton Lake Community Schools,36.53,62.0,74.76,-12.76,1295,train
2618720,MI,Michigan,Howell Public Schools,9.98,89.0,91.77,-2.77,7081,train
2618810,MI,Michigan,Hudson Area Schools,8.6,77.0,92.12,-15.12,1012,test
2618840,MI,Michigan,Hudsonville Public School District,5.12,93.0,94.82,-1.82,7253,test
2618930,MI,Michigan,Huron School District,16.95,92.0,87.16,4.84,2578,train
2618990,MI,Michigan,Huron Valley Schools,15.84,91.0,88.18,2.82,8749,test
2619050,MI,Michigan,Ida Public School District,7.04,95.0,93.19,1.81,1505,train
2619100,MI,Michigan,Imlay City Community Schools,18.08,92.0,86.39,5.61,2063,train
2619250,MI,Michigan,Ionia Public Schools,26.86,80.0,81.01,-1.01,2956,train
2619410,MI,Michigan,Iron Mountain Public Schools,26.77,67.0,80.75,-13.75,930,train
2619580,MI,Michigan,Ithaca Public Schools,15.88,82.0,87.61,-5.61,1159,train
2619620,MI,Michigan,Jackson Public Schools,31.77,59.0,78.11,-19.11,5533,train
2619800,MI,Michigan,Jefferson Schools (Monroe),15.26,87.0,88.11,-1.11,1743,train
2619830,MI,Michigan,Jenison Public Schools,6.02,95.0,94.18,0.82,5468,test
2619920,MI,Michigan,Jonesville Community Schools,14.8,77.0,88.35,-11.35,1480,test
2619950,MI,Michigan,Kalamazoo Public Schools,28.96,75.0,80.1,-5.1,13171,train
2620050,MI,Michigan,Kalkaska Public Schools,22.8,72.0,83.37,-11.37,1535,train
2620070,MI,Michigan,Kearsley Community School District,20.42,82.0,85.04,-3.04,3071,train
2620160,MI,Michigan,Kelloggsville Public Schools,28.23,77.0,80.09,-3.09,2320,train
2620280,MI,Michigan,Kenowa Hills Public Schools,13.02,88.0,89.65,-1.65,3049,train
2620340,MI,Michigan,Kentwood Public Schools,19.47,78.0,85.92,-7.92,9002,train
2620380,MI,Michigan,Kingsley Area Schools,20.02,87.0,85.11,1.89,1618,train
2620550,MI,Michigan,Laingsburg Community Schools,16.67,92.0,87.11,4.89,1134,train
2620670,MI,Michigan,Lake Fenton Community Schools,8.4,95.0,92.44,2.56,2084,train
2620730,MI,Michigan,Lake Orion Community Schools,8.77,95.0,92.54,2.46,7313,test
2620820,MI,Michigan,Lakeshore School District (Berrien),9.49,92.0,91.84,0.16,2876,train
2620850,MI,Michigan,Lakeview Sch. District (Calhoun),18.85,92.0,86.1,5.9,4148,train
2620880,MI,Michigan,Lakeview Public Schools (Macomb),15.69,95.0,88.08,6.92,4265,test
2620940,MI,Michigan,LakeVille Community School District,19.09,82.0,85.61,-3.61,1184,train
2620980,MI,Michigan,Lakewood Public Schools,17.29,92.0,86.86,5.14,1845,test
2621120,MI,Michigan,Lamphere Public Schools,12.42,87.0,89.99,-2.99,2601,test
2621150,MI,Michigan,Lansing Public School District,52.24,64.0,65.52,-1.52,11136,train
2621180,MI,Michigan,Lapeer Community Schools,12.32,85.0,90.22,-5.22,5008,train
2621240,MI,Michigan,Lawton Community School District,16.4,87.0,87.26,-0.26,1067,train
2621450,MI,Michigan,Leslie Public Schools,13.94,92.0,88.85,3.15,1263,train
2621570,MI,Michigan,Lincoln Consolidated School District,16.9,87.0,87.27,-0.27,3409,test
2621600,MI,Michigan,Lincoln Park School District of the City of,32.3,86.0,77.75,8.25,4839,train
2621690,MI,Michigan,Linden Community Schools,10.93,94.0,90.94,3.06,2828,train
2621840,MI,Michigan,Livonia Public Schools School District,13.11,93.0,90.0,3.0,13947,train
2621870,MI,Michigan,L'Anse Creuse Public Schools,17.1,86.0,87.44,-1.44,10392,train
2622050,MI,Michigan,Lowell Area Schools,11.21,92.0,90.85,1.15,3862,train
2622200,MI,Michigan,Ludington Area School District,13.38,87.0,89.34,-2.34,2153,train
2622290,MI,Michigan,Madison District Public Schools,22.54,82.0,83.61,-1.61,2063,test
2622410,MI,Michigan,Manistee Area Public Schools,31.11,82.0,78.17,3.83,1501,train
2622970,MI,Michigan,Marshall Public Schools,17.96,62.0,86.57,-24.57,2979,train
2623040,MI,Michigan,Marysville Public Schools,10.93,95.0,90.93,4.07,2773,test
2623070,MI,Michigan,Mason Public Schools (Ingham),13.31,92.0,89.48,2.52,3133,train
2623130,MI,Michigan,Mason County Central Schools,21.69,87.0,84.01,2.99,1277,test
2623250,MI,Michigan,Mattawan Consolidated School,11.67,93.0,90.56,2.44,3821,train
2623460,MI,Michigan,Melvindale-North Allen Park Schools,21.41,93.0,84.42,8.58,3078,train
2623550,MI,Michigan,Menominee Area Public Schools,15.97,82.0,87.58,-5.58,1296,train
2623790,MI,Michigan,Michigan Center School District,10.76,82.0,90.87,-8.87,1468,train
2623820,MI,Michigan,Midland Public Schools,6.8,93.0,93.78,-0.78,7674,train
2623850,MI,Michigan,Milan Area Schools,21.95,85.0,83.99,1.01,2146,train
2623910,MI,Michigan,Millington Community Schools,14.06,92.0,88.72,3.28,1053,train
2624120,MI,Michigan,Mona Shores Public School District,14.95,95.0,88.52,6.48,3867,train
2624150,MI,Michigan,Monroe Public Schools,24.78,85.0,82.47,2.53,5384,test
2624420,MI,Michigan,Montrose Community Schools,13.41,72.0,89.22,-17.22,1484,train
2624720,MI,Michigan,Mt. Morris Consolidated Schools,41.28,59.0,71.9,-12.9,1960,train
2624750,MI,Michigan,Mt. Pleasant City School District,22.01,70.0,84.09,-14.09,3607,train
2624840,MI,Michigan,Muskegon Public Schools of the City of,40.93,78.0,72.3,5.7,3765,train
2624960,MI,Michigan,Napoleon Community Schools,11.63,87.0,90.32,-3.32,1445,train
2625230,MI,Michigan,New Haven Community Schools,21.89,72.0,83.88,-11.88,1220,train
2625320,MI,Michigan,Newaygo Public School District,18.78,87.0,85.87,1.13,1475,train
2625560,MI,Michigan,Niles Community Schools,18.93,69.0,86.02,-17.02,3777,test
2625680,MI,Michigan,North Branch Area Schools,15.96,89.0,87.75,1.25,2350,train
2625740,MI,Michigan,Grosse Pointe Public Schools,13.42,95.0,89.66,5.34,7889,test
2625950,MI,Michigan,Northview Public Schools,13.93,84.0,89.11,-5.11,3303,train
2625980,MI,Michigan,Northville Public Schools,7.01,97.0,93.64,3.36,7460,train
2626010,MI,Michigan,Northwest Community Schools,22.06,86.0,84.05,1.95,3464,train
2626130,MI,Michigan,Novi Community School District,5.97,95.0,94.26,0.74,6553,test
2626190,MI,Michigan,Oak Park School District of the City of,71.56,61.0,53.27,7.73,5190,train
2626220,MI,Michigan,Oakridge Public Schools,18.81,77.0,85.94,-8.94,2042,train
2626280,MI,Michigan,Okemos Public Schools,10.6,95.0,91.26,3.74,4451,train
2626370,MI,Michigan,Olivet Community Schools,15.64,92.0,87.83,4.17,1477,train
2626520,MI,Michigan,Onsted Community Schools,5.83,82.0,93.92,-11.92,1337,train
2626760,MI,Michigan,Orchard View Schools,42.62,48.0,71.13,-23.13,2541,train
2627060,MI,Michigan,Otsego Public Schools,18.23,95.0,86.33,8.67,2320,train
2627150,MI,Michigan,Ovid-Elsie Area Schools,16.71,92.0,87.17,4.83,1562,train
2627210,MI,Michigan,Owosso Public Schools,23.37,86.0,83.2,2.8,3120,train
2627240,MI,Michigan,Oxford Community Schools,9.34,92.0,92.1,-0.1,5309,train
2627420,MI,Michigan,Parchment School District,22.72,82.0,83.43,-1.43,1624,test
2627660,MI,Michigan,Paw Paw Public School District,15.46,82.0,88.04,-6.04,2205,train
2627810,MI,Michigan,Pennfield Schools,18.62,92.0,86.07,5.93,2196,train
2627900,MI,Michigan,Perry Public Schools,16.24,77.0,87.38,-10.38,1133,train
2627930,MI,Michigan,Public Schools of Petoskey,17.37,92.0,86.92,5.08,2867,train
2628140,MI,Michigan,Pinckney Community Schools,10.58,81.0,91.15,-10.15,2780,train
2628170,MI,Michigan,Pinconning Area Schools,18.55,77.0,85.98,-8.98,1321,test
2628530,MI,Michigan,Plainwell Community Schools,15.31,84.0,88.21,-4.21,2835,train
2628560,MI,Michigan,Plymouth-Canton Community Schools,11.06,90.0,91.34,-1.34,17379,train
2628740,MI,Michigan,Pontiac City School District,53.57,60.0,64.44,-4.44,4249,train
2628830,MI,Michigan,Port Huron Area School District,25.2,78.0,82.32,-4.32,8233,train
2628890,MI,Michigan,Houghton-Portage Township School District,11.34,92.0,90.5,1.5,1437,train
2628950,MI,Michigan,Portage Public Schools,11.19,91.0,91.07,-0.07,8509,train
2629120,MI,Michigan,Portland Public Schools,14.46,77.0,88.63,-11.63,1936,train
2629460,MI,Michigan,Redford Union Schools District No. 1,45.81,59.0,69.18,-10.18,2866,train
2629490,MI,Michigan,Reed City Area Public Schools,13.04,87.0,89.45,-2.45,1480,train
2629540,MI,Michigan,Reeths-Puffer Schools,16.36,85.0,87.62,-2.62,3704,train
2629670,MI,Michigan,Richmond Community Schools,11.18,87.0,90.6,-3.6,1449,train
2629760,MI,Michigan,River Rouge School District of the City of,68.98,78.0,54.64,23.36,2150,train
2629910,MI,Michigan,Riverview Community School District,19.16,92.0,85.78,6.22,2630,train
2629940,MI,Michigan,Rochester Community School District,7.66,97.0,93.43,3.57,15016,train
2630030,MI,Michigan,Rockford Public Schools,7.97,93.0,93.06,-0.06,7894,train
2630090,MI,Michigan,Romeo Community Schools,14.7,90.0,88.74,1.26,5006,train
2630210,MI,Michigan,Roseville Community Schools,39.72,89.0,73.11,15.89,4748,train
2630300,MI,Michigan,Royal Oak Schools,11.72,84.0,90.6,-6.6,5069,train
2630390,MI,Michigan,Saginaw School District of the City of,48.03,79.0,67.96,11.04,5370,train
2630450,MI,Michigan,Saginaw Township Community Schools,20.16,80.0,85.32,-5.32,4753,train
2630660,MI,Michigan,Saline Area Schools,6.46,95.0,93.89,1.11,5158,train
2630990,MI,Michigan,Sault Ste. Marie Area Schools,22.58,84.0,83.61,0.39,2219,train
2631320,MI,Michigan,Shelby Public Schools,16.02,77.0,87.56,-10.56,1305,train
2631380,MI,Michigan,Shepherd Public Schools,21.34,82.0,84.32,-2.32,1809,train
2632220,MI,Michigan,South Lake Schools,29.45,95.0,79.25,15.75,1715,train
2632250,MI,Michigan,South Lyon Community Schools,9.67,94.0,92.02,1.98,8489,train
2632280,MI,Michigan,South Redford School District,33.17,94.0,77.1,16.9,3298,train
2632300,MI,Michigan,South Haven Public Schools,22.47,72.0,83.64,-11.64,1989,train
2632310,MI,Michigan,Southfield Public School District,30.79,90.0,78.75,11.25,6122,train
2632340,MI,Michigan,Southgate Community School District,23.31,72.0,83.29,-11.29,3736,train
2632370,MI,Michigan,Sparta Area Schools,8.06,87.0,92.71,-5.71,2594,train
2632550,MI,Michigan,Spring Lake Public Schools,11.71,99.0,90.42,8.58,2511,train
2632670,MI,Michigan,Lake Shore Public Schools (Macomb),19.19,79.0,85.85,-6.85,3673,train
2632820,MI,Michigan,St. Johns Public Schools,9.91,90.0,91.58,-1.58,2906,train
2632850,MI,Michigan,St. Joseph Public Schools,7.31,95.0,93.19,1.81,2776,train
2632940,MI,Michigan,Standish-Sterling Community Schools,19.73,92.0,85.29,6.71,1581,train
2633030,MI,Michigan,Stockbridge Community Schools,17.32,87.0,86.74,0.26,1299,train
2633090,MI,Michigan,Sturgis Public Schools,20.67,93.0,84.9,8.1,3304,train
2633410,MI,Michigan,Swan Valley School District,8.06,87.0,92.6,-5.6,1786,train
2633420,MI,Michigan,Swartz Creek Community Schools,10.83,82.0,91.08,-9.08,3741,train
2633540,MI,Michigan,Taylor School District,42.89,66.0,71.21,-5.21,6298,train
2633720,MI,Michigan,Tecumseh Public Schools,9.39,87.0,91.91,-4.91,2919,train
2633810,MI,Michigan,Thornapple Kellogg School District,8.57,92.0,92.44,-0.44,3117,test
2633840,MI,Michigan,Three Rivers Community Schools,17.98,87.0,86.52,0.48,2625,train
2633870,MI,Michigan,Traverse City Area Public Schools,18.52,83.0,86.54,-3.54,10083,train
2633900,MI,Michigan,Trenton Public Schools,8.96,94.0,92.14,1.86,2557,train
2633930,MI,Michigan,Tri County Area Schools,19.22,82.0,85.67,-3.67,1941,test
2634260,MI,Michigan,Troy School District,5.34,90.0,94.8,-4.8,11113,train
2634470,MI,Michigan,Utica Community Schools,11.53,93.0,91.18,1.82,28524,train
2634560,MI,Michigan,Van Buren Public Schools,27.95,91.0,80.45,10.55,4594,train
2634680,MI,Michigan,Van Dyke Public Schools,43.25,72.0,70.74,1.26,2520,train
2634950,MI,Michigan,Vicksburg Community Schools,13.44,82.0,89.35,-7.35,2605,train
2635160,MI,Michigan,Walled Lake Consolidated Schools,12.72,92.0,90.22,1.78,12728,train
2635190,MI,Michigan,Warren Consolidated Schools,18.65,82.0,86.55,-4.55,13906,train
2635220,MI,Michigan,Warren Woods Public Schools,23.35,87.0,83.23,3.77,3276,train
2635310,MI,Michigan,Waterford School District,16.04,85.0,88.06,-3.06,8836,train
2635460,MI,Michigan,Watervliet School District,28.05,82.0,80.08,1.92,1465,test
2635520,MI,Michigan,Waverly Community Schools,22.1,92.0,83.98,8.02,3004,train
2635550,MI,Michigan,Wayland Union Schools,19.0,89.0,85.92,3.08,3006,train
2635820,MI,Michigan,West Bloomfield School District,22.39,91.0,83.96,7.04,5306,train
2635850,MI,Michigan,West Branch-Rose City Area Schools,27.74,92.0,80.37,11.63,2087,train
2635910,MI,Michigan,West Ottawa Public School District,19.44,91.0,85.87,5.13,7097,train
2635940,MI,Michigan,Western School District,13.27,76.0,89.49,-13.49,2969,test
2635970,MI,Michigan,Westwood Heights Schools,56.97,46.0,62.04,-16.04,1478,train
2636300,MI,Michigan,Whitehall District Schools,20.27,92.0,85.04,6.96,2185,train
2636420,MI,Michigan,Williamston Community Schools,8.72,95.0,92.2,2.8,1824,train
2636485,MI,Michigan,Woodhaven-Brownstown School District,14.08,76.0,89.14,-13.14,5297,train
2636540,MI,Michigan,Wyandotte School District of the City of,23.35,78.0,83.33,-5.33,4776,train
2636570,MI,Michigan,Wyoming Public Schools,15.46,76.0,88.21,-12.21,4102,train
2636600,MI,Michigan,Yale Public Schools,12.53,92.0,89.83,2.17,1915,train
2636630,MI,Michigan,Ypsilanti Community Schools,33.34,60.0,77.02,-17.02,3611,train
2636660,MI,Michigan,Zeeland Public Schools,10.13,92.0,91.65,0.35,6133,train
2700008,MN,Minnesota,ST. LOUIS COUNTY SCHOOL DISTRICT,18.68,87.0,86.02,0.98,2061,train
2700017,MN,Minnesota,CHISAGO LAKES SCHOOL DISTRICT,10.89,93.0,91.01,1.99,3406,test
2700025,MN,Minnesota,INTERMEDIATE SCHOOL DISTRICT 287,94.43,18.0,38.55,-20.55,987,train
2700058,MN,Minnesota,MN RIVER VALLEY EDUCATION DISTRICT,59.09,62.0,59.77,2.23,44,train
2700117,MN,Minnesota,MINNESOTA TRANSITIONS CHARTER SCH,49.03,51.0,67.16,-16.16,2837,train
2700124,MN,Minnesota,FAIRMONT AREA SCHOOL DISTRICT,12.52,92.0,89.82,2.18,1797,train
2700128,MN,Minnesota,GLENCOE-SILVER LAKE SCHOOL DISTRICT,12.7,92.0,89.67,2.33,1543,train
2700342,MN,Minnesota,HMONG COLLEGE PREP ACADEMY,10.72,87.0,90.95,-3.95,1800,test
2700351,MN,Minnesota,ST PAUL CONSERVATORY PERFORMING ART,22.55,92.0,83.22,8.78,501,test
2700379,MN,Minnesota,TRI-CITY UNITED SCHOOL DISTRICT,10.44,92.0,91.16,0.84,2040,train
2702930,MN,Minnesota,ALBANY PUBLIC SCHOOL DISTRICT,4.85,95.0,94.61,0.39,1754,train
2702970,MN,Minnesota,ALBERT LEA PUBLIC SCHOOL DISTRICT,27.22,78.0,80.82,-2.82,3402,train
2703060,MN,Minnesota,ALEXANDRIA PUBLIC SCHOOL DISTRICT,10.98,88.0,91.01,-3.01,4207,train
2703150,MN,Minnesota,ANNANDALE PUBLIC SCHOOL DISTRICT,9.55,92.0,91.69,0.31,1885,train
2703180,MN,Minnesota,ANOKA-HENNEPIN PUBLIC SCHOOL DIST.,13.78,87.0,89.86,-2.86,37990,test
2703450,MN,Minnesota,AUSTIN PUBLIC SCHOOL DISTRICT,21.22,76.0,84.67,-8.67,5089,test
2703870,MN,Minnesota,BECKER PUBLIC SCHOOL DISTRICT,9.93,95.0,91.59,3.41,3192,train
2704050,MN,Minnesota,BELLE PLAINE PUBLIC SCHOOL DISTRICT,6.59,87.0,93.5,-6.5,1638,train
2704440,MN,Minnesota,BEMIDJI PUBLIC SCHOOL DISTRICT,15.81,76.0,88.05,-12.05,5016,train
2705460,MN,Minnesota,BIG LAKE PUBLIC SCHOOL DISTRICT,6.4,93.0,93.79,-0.79,3049,train
2705790,MN,Minnesota,BLOOMINGTON PUBLIC SCHOOL DISTRICT,13.71,81.0,89.56,-8.56,10712,train
2706090,MN,Minnesota,BRAINERD PUBLIC SCHOOL DISTRICT,18.77,85.0,86.28,-1.28,6749,train
2706240,MN,Minnesota,BROOKLYN CENTER SCHOOL DISTRICT,41.83,61.0,71.63,-10.63,2575,train
2707200,MN,Minnesota,BUFFALO-HANOVER-MONTROSE PUBLIC SCH,9.31,93.0,92.14,0.86,5821,train
2707290,MN,Minnesota,BURNSVILLE PUBLIC SCHOOL DISTRICT,27.79,78.0,80.72,-2.72,8973,train
2707350,MN,Minnesota,BYRON PUBLIC SCHOOL DISTRICT,5.11,95.0,94.5,0.5,2210,train
2707410,MN,Minnesota,CAMBRIDGE-ISANTI PUBLIC SCHOOL DIST,21.87,87.0,84.26,2.74,4892,train
2708070,MN,Minnesota,CASS LAKE-BENA PUBLIC SCHOOLS,70.2,42.0,53.71,-11.71,1141,train
2708100,MN,Minnesota,CENTENNIAL PUBLIC SCHOOL DISTRICT,12.43,90.0,90.24,-0.24,6711,train
2708190,MN,Minnesota,EASTERN CARVER COUNTY PUBLIC SCHOOL,7.11,95.0,93.65,1.35,9702,train
2709420,MN,Minnesota,CLOQUET PUBLIC SCHOOL DISTRICT,20.78,82.0,84.76,-2.76,2555,train
2709440,MN,Minnesota,ROCORI PUBLIC SCHOOL DISTRICT,8.57,92.0,92.35,-0.35,2228,train
2709510,MN,Minnesota,COLUMBIA HEIGHTS PUBLIC SCHOOL DIST,25.42,87.0,81.94,5.06,3285,train
2709720,MN,Minnesota,CROOKSTON PUBLIC SCHOOL DISTRICT,30.45,82.0,78.55,3.45,1307,train
2710060,MN,Minnesota,DASSEL-COKATO PUBLIC SCHOOL DIST.,16.34,87.0,87.51,-0.51,2320,train
2710170,MN,Minnesota,DELANO PUBLIC SCHOOL DISTRICT,6.44,95.0,93.71,1.29,2501,train
2710230,MN,Minnesota,DETROIT LAKES PUBLIC SCHOOL DIST.,16.87,87.0,87.25,-0.25,3000,train
2710260,MN,Minnesota,DILWORTH-GLYNDON-FELTON,11.94,92.0,90.16,1.84,1616,test
2711040,MN,Minnesota,DULUTH PUBLIC SCHOOL DISTRICT,28.3,78.0,80.39,-2.39,8508,train
2711130,MN,Minnesota,EAST GRAND FORKS PUBLIC SCHOOL DIST,12.61,92.0,89.76,2.24,1744,test
2711250,MN,Minnesota,EDINA PUBLIC SCHOOL DISTRICT,8.55,97.0,92.72,4.28,8643,test
2711370,MN,Minnesota,ELK RIVER PUBLIC SCHOOL DISTRICT,10.32,91.0,91.73,-0.73,13145,train
2711670,MN,Minnesota,MINNETONKA PUBLIC SCHOOL DISTRICT,12.48,97.0,90.33,6.67,10696,train
2711760,MN,Minnesota,FARIBAULT PUBLIC SCHOOL DISTRICT,22.56,68.0,83.75,-15.75,3701,train
2711820,MN,Minnesota,FARMINGTON PUBLIC SCHOOL DISTRICT,9.45,93.0,92.11,0.89,7278,test
2711880,MN,Minnesota,FERGUS FALLS PUBLIC SCHOOL DISTRICT,21.58,69.0,84.27,-15.27,2567,train
2712240,MN,Minnesota,FOLEY PUBLIC SCHOOL DISTRICT,6.52,92.0,93.61,-1.61,2085,train
2712270,MN,Minnesota,FOREST LAKE PUBLIC SCHOOL DISTRICT,14.11,85.0,89.17,-4.17,6316,train
2712420,MN,Minnesota,FRIDLEY PUBLIC SCHOOL DISTRICT,27.48,81.0,80.64,0.36,3079,train
2713170,MN,Minnesota,GRAND RAPIDS PUBLIC SCHOOL DISTRICT,14.3,91.0,88.93,2.07,3972,train
2713530,MN,Minnesota,HASTINGS PUBLIC SCHOOL DISTRICT,12.59,96.0,90.01,5.99,4304,test
2713920,MN,Minnesota,HERMANTOWN PUBLIC SCHOOL DISTRICT,16.93,95.0,87.11,7.89,2067,test
2713980,MN,Minnesota,HIBBING PUBLIC SCHOOL DISTRICT,12.02,87.0,90.22,-3.22,2495,train
2714190,MN,Minnesota,HOLDINGFORD PUBLIC SCHOOL DISTRICT,5.62,92.0,94.01,-2.01,1139,train
2714220,MN,Minnesota,EDEN PRAIRIE PUBLIC SCHOOL DISTRICT,12.88,88.0,90.01,-2.01,8224,test
2714260,MN,Minnesota,HOPKINS PUBLIC SCHOOL DISTRICT,12.1,86.0,90.43,-4.43,6642,train
2714280,MN,Minnesota,HOUSTON PUBLIC SCHOOL DISTRICT,35.73,59.0,75.39,-16.39,2208,train
2714970,MN,Minnesota,HUTCHINSON PUBLIC SCHOOL DISTRICT,8.73,86.0,92.32,-6.32,2911,train
2715000,MN,Minnesota,INTERNATIONAL FALLS SCHOOL DISTRICT,10.05,92.0,91.24,0.76,1095,train
2715030,MN,Minnesota,INVER GROVE HEIGHTS SCHOOLS,14.53,88.0,88.76,-0.76,3655,test
2715750,MN,Minnesota,JORDAN PUBLIC SCHOOL DISTRICT,9.98,92.0,91.41,0.59,1823,train
2716980,MN,Minnesota,KASSON-MANTORVILLE SCHOOL DISTRICT,7.66,95.0,92.91,2.09,2206,train
2717780,MN,Minnesota,LAKEVILLE PUBLIC SCHOOL DISTRICT,10.52,93.0,91.55,1.45,10928,train
2718240,MN,Minnesota,LITTLE FALLS PUBLIC SCHOOL DISTRICT,18.13,88.0,86.41,1.59,2444,train
2718750,MN,Minnesota,MAHTOMEDI PUBLIC SCHOOL DISTRICT,7.88,93.0,92.88,0.12,3250,train
2718780,MN,Minnesota,MANKATO PUBLIC SCHOOL DISTRICT,13.13,88.0,89.86,-1.86,8504,test
2718940,MN,Minnesota,MARSHALL PUBLIC SCHOOL DISTRICT,10.81,77.0,90.99,-13.99,2591,train
2720550,MN,Minnesota,MELROSE PUBLIC SCHOOL DISTRICT,7.8,92.0,92.69,-0.69,1320,test
2720670,MN,Minnesota,MILACA PUBLIC SCHOOL DISTRICT,20.06,92.0,85.12,6.88,1800,train
2721240,MN,Minnesota,Minneapolis Public School District,25.1,69.0,82.78,-13.78,35890,train
2721390,MN,Minnesota,MONTICELLO PUBLIC SCHOOL DISTRICT,10.54,94.0,91.29,2.71,4277,train
2721420,MN,Minnesota,MOORHEAD PUBLIC SCHOOL DISTRICT,24.28,76.0,82.77,-6.77,5292,train
2721480,MN,Minnesota,MORA PUBLIC SCHOOL DISTRICT,22.29,87.0,83.71,3.29,1660,train
2722920,MN,Minnesota,WESTONKA PUBLIC SCHOOL DISTRICT,9.37,95.0,91.86,3.14,2359,train
2722950,MN,Minnesota,MOUNDS VIEW PUBLIC SCHOOL DISTRICT,14.41,90.0,89.14,0.86,11397,train
2723430,MN,Minnesota,NEW PRAGUE AREA SCHOOLS,10.06,93.0,91.58,1.42,4155,train
2723490,MN,Minnesota,NEW ULM PUBLIC SCHOOL DISTRICT,7.37,95.0,93.11,1.89,2307,test
2723820,MN,Minnesota,NORTH BRANCH PUBLIC SCHOOLS,16.27,85.0,87.62,-2.62,2981,train
2723850,MN,Minnesota,NORTH ST PAUL-MAPLEWOOD OAKDALE DIS,15.12,85.0,88.68,-3.68,10465,train
2723880,MN,Minnesota,NORTHFIELD PUBLIC SCHOOL DISTRICT,15.51,92.0,88.19,3.81,4248,train
2723910,MN,Minnesota,CENTRAL PUBLIC SCHOOL DISTRICT,9.89,95.0,91.33,3.67,1062,train
2725080,MN,Minnesota,ORONO PUBLIC SCHOOL DISTRICT,17.49,97.0,86.84,10.16,2830,train
2725200,MN,Minnesota,OSSEO PUBLIC SCHOOL DISTRICT,19.79,85.0,85.94,-0.94,20802,test
2728050,MN,Minnesota,OWATONNA PUBLIC SCHOOL DISTRICT,7.2,83.0,93.41,-10.41,4849,train
2728080,MN,Minnesota,PARK RAPIDS PUBLIC SCHOOL DISTRICT,23.49,72.0,82.95,-10.95,1639,train
2728200,MN,Minnesota,PEQUOT LAKES PUBLIC SCHOOLS,11.19,95.0,90.64,4.36,1698,train
2728230,MN,Minnesota,PERHAM-DENT PUBLIC SCHOOL DISTRICT,23.11,77.0,83.19,-6.19,1640,train
2728380,MN,Minnesota,PINE CITY PUBLIC SCHOOL DISTRICT,31.49,92.0,77.97,14.03,1642,train
2730030,MN,Minnesota,PRINCETON PUBLIC SCHOOL DISTRICT,14.73,81.0,88.62,-7.62,3441,test
2730060,MN,Minnesota,PRIOR LAKE-SAVAGE AREA SCHOOLS,11.93,92.0,90.62,1.38,8852,train
2730090,MN,Minnesota,PROCTOR PUBLIC SCHOOL DISTRICT,16.06,92.0,87.62,4.38,1806,train
2730480,MN,Minnesota,RED WING PUBLIC SCHOOL DISTRICT,23.99,92.0,82.77,9.23,2626,train
2731750,MN,Minnesota,RICHFIELD PUBLIC SCHOOL DISTRICT,13.55,79.0,89.42,-10.42,4333,train
2731780,MN,Minnesota,ROBBINSDALE PUBLIC SCHOOL DISTRICT,18.54,80.0,86.57,-6.57,11849,train
2731800,MN,Minnesota,ROCHESTER PUBLIC SCHOOL DISTRICT,17.81,87.0,87.13,-0.13,17689,test
2732070,MN,Minnesota,ROCKFORD PUBLIC SCHOOL DISTRICT,12.66,92.0,89.74,2.26,1825,train
2732390,MN,Minnesota,ROSEMOUNT-APPLE VALLEY-EAGAN,11.98,91.0,90.91,0.09,29011,train
2732430,MN,Minnesota,ROSEVILLE PUBLIC SCHOOL DISTRICT,23.39,88.0,83.44,4.56,7849,train
2732820,MN,Minnesota,SARTELL-ST. STEPHEN SCHOOL DISTRICT,7.53,98.0,93.14,4.86,3891,test
2732880,MN,Minnesota,SAUK RAPIDS-RICE PUBLIC SCHOOLS,15.33,90.0,88.32,1.68,4605,train
2733000,MN,Minnesota,SHAKOPEE PUBLIC SCHOOL DISTRICT,14.63,83.0,88.92,-5.92,8413,train
2733270,MN,Minnesota,SOUTH ST. PAUL PUBLIC SCHOOL DIST.,26.27,81.0,81.42,-0.42,3456,train
2733330,MN,Minnesota,SPRING LAKE PARK PUBLIC SCHOOLS,15.57,82.0,88.23,-6.23,5754,train
2733420,MN,Minnesota,ST. ANTHONY-NEW BRIGHTON SCHOOLS,8.36,95.0,92.43,2.57,1855,train
2733510,MN,Minnesota,ST. CLOUD PUBLIC SCHOOL DISTRICT,29.83,71.0,79.46,-8.46,9210,train
2733540,MN,Minnesota,ST. FRANCIS PUBLIC SCHOOL DISTRICT,18.24,86.0,86.5,-0.5,4572,train
2733780,MN,Minnesota,ST. LOUIS PARK PUBLIC SCHOOL DIST.,14.2,92.0,89.02,2.98,4597,train
2733790,MN,Minnesota,ST. MICHAEL-ALBERTVILLE SCHOOL DIST,8.42,95.0,92.73,2.27,6612,test
2733810,MN,Minnesota,SOUTH WASHINGTON COUNTY SCHOOL DIST,13.78,92.0,89.66,2.34,18402,train
2733840,MN,Minnesota,ST. PAUL PUBLIC SCHOOL DISTRICT,19.15,75.0,86.5,-11.5,37679,test
2733870,MN,Minnesota,ST. PETER PUBLIC SCHOOL DISTRICT,5.68,92.0,94.14,-2.14,2182,train
2738160,MN,Minnesota,STEWARTVILLE PUBLIC SCHOOL DISTRICT,9.99,87.0,91.44,-4.44,2082,test
2738190,MN,Minnesota,STILLWATER AREA PUBLIC SCHOOL DIST.,15.21,92.0,88.56,3.44,8427,test
2738850,MN,Minnesota,THIEF RIVER FALLS SCHOOL DISTRICT,22.33,92.0,83.75,8.25,2141,train
2740740,MN,Minnesota,LAKE SUPERIOR PUBLIC SCHOOL DIST.,13.0,92.0,89.46,2.54,1385,train
2741460,MN,Minnesota,WACONIA PUBLIC SCHOOL DISTRICT,8.22,96.0,92.73,3.27,4137,test
2741880,MN,Minnesota,WASECA PUBLIC SCHOOL DISTRICT,19.46,82.0,85.52,-3.52,1989,train
2741910,MN,Minnesota,WATERTOWN-MAYER PUBLIC SCHOOL DIST.,6.98,95.0,93.26,1.74,1620,train
2742160,MN,Minnesota,WAYZATA PUBLIC SCHOOL DISTRICT,6.95,97.0,93.8,3.2,11561,train
2742270,MN,Minnesota,WEST ST. PAUL-MENDOTA HTS.-EAGAN,13.62,92.0,89.42,2.58,5038,train
2742360,MN,Minnesota,WHITE BEAR LAKE SCHOOL DISTRICT,14.87,88.0,88.77,-0.77,8518,train
2742720,MN,Minnesota,WILLMAR PUBLIC SCHOOL DISTRICT,21.07,72.0,84.72,-12.72,4328,test
2744070,MN,Minnesota,WINONA AREA PUBLIC SCHOOL DISTRICT,14.48,79.0,88.73,-9.73,2935,train
2744160,MN,Minnesota,WORTHINGTON PUBLIC SCHOOL DISTRICT,12.94,75.0,89.71,-14.71,3129,test
2800185,MS,Mississippi,WEST BOLIVAR CONS SCHOOL DIST,12.58,77.0,89.7,-12.7,1296,train
2800187,MS,Mississippi,SUNFLOWER CONS SCHOOL DIST,20.21,74.0,85.23,-11.23,3829,train
2800189,MS,Mississippi,STARKVILLE- OKTIBBEHA CONS DIST,20.03,86.0,85.42,0.58,5117,train
2800191,MS,Mississippi,WEST POINT CONSOLIDATED SCHOOL DIST,21.31,85.0,84.48,0.52,3064,test
2800390,MS,Mississippi,ALCORN SCHOOL DIST,15.99,88.0,87.82,0.18,3245,test
2800450,MS,Mississippi,AMORY SCHOOL DIST,16.98,87.0,87.02,-0.02,1661,test
2800570,MS,Mississippi,BAY ST LOUIS WAVELAND SCHOOL DIST,18.05,92.0,86.38,5.62,1834,train
2800600,MS,Mississippi,BENTON CO SCHOOL DIST,23.39,87.0,82.91,4.09,1103,train
2800630,MS,Mississippi,BILOXI PUBLIC SCHOOL DIST,17.77,85.0,86.88,-1.88,6201,train
2800750,MS,Mississippi,CLEVELAND SCHOOL DIST,11.27,86.0,90.78,-4.78,3407,train
2800820,MS,Mississippi,BOONEVILLE SCHOOL DIST,16.31,92.0,87.36,4.64,1257,test
2800840,MS,Mississippi,BROOKHAVEN SCHOOL DIST,16.99,79.0,87.16,-8.16,2814,test
2800870,MS,Mississippi,CALHOUN CO SCHOOL DIST,13.24,87.0,89.46,-2.46,2477,test
2800900,MS,Mississippi,CANTON PUBLIC SCHOOL DIST,19.24,72.0,85.8,-13.8,3342,train
2801020,MS,Mississippi,CLAIBORNE CO SCHOOL DIST,7.7,87.0,92.78,-5.78,1481,test
2801050,MS,Mississippi,CLARKSDALE MUNICIPAL SCHOOL DIST,23.89,82.0,82.83,-0.83,2629,train
2801090,MS,Mississippi,CLINTON PUBLIC SCHOOL DIST,14.54,88.0,88.85,-0.85,5267,train
2801170,MS,Mississippi,COLUMBIA SCHOOL DISTRICT,14.75,92.0,88.41,3.59,1654,train
2801200,MS,Mississippi,COLUMBUS MUNICIPAL SCHOOL DIST,22.59,80.0,83.74,-3.74,3688,test
2801220,MS,Mississippi,COPIAH CO SCHOOL DIST,13.01,82.0,89.63,-7.63,2729,test
2801260,MS,Mississippi,CORINTH SCHOOL DIST,18.01,95.0,86.5,8.5,2604,train
2801290,MS,Mississippi,COVINGTON CO SCHOOLS,22.91,82.0,83.46,-1.46,2876,train
2801320,MS,Mississippi,DESOTO CO SCHOOL DIST,19.32,88.0,86.37,1.63,33979,train
2801510,MS,Mississippi,FORREST COUNTY AG HIGH SCHOOL,27.04,87.0,80.46,6.54,588,train
2801530,MS,Mississippi,FRANKLIN CO SCHOOL DIST,15.21,87.0,88.06,-1.06,1308,train
2801560,MS,Mississippi,GEORGE CO SCHOOL DIST,25.36,83.0,82.04,0.96,4082,train
2801590,MS,Mississippi,GREENE COUNTY SCHOOL DISTRICT,18.8,87.0,85.92,1.08,1888,test
2801620,MS,Mississippi,GREENVILLE PUBLIC SCHOOLS,20.38,71.0,85.19,-14.19,4878,train
2801650,MS,Mississippi,GREENWOOD PUBLIC SCHOOL DISTRICT,20.95,82.0,84.68,-2.68,2783,train
2801680,MS,Mississippi,GRENADA SCHOOL DIST,15.92,82.0,87.92,-5.92,4032,test
2801710,MS,Mississippi,GULFPORT SCHOOL DIST,22.24,89.0,84.09,4.91,6143,train
2801740,MS,Mississippi,HANCOCK CO SCHOOL DIST,22.63,84.0,83.75,0.25,4352,train
2801770,MS,Mississippi,HARRISON CO SCHOOL DIST,17.99,87.0,86.98,0.02,14787,train
2801800,MS,Mississippi,HATTIESBURG PUBLIC SCHOOL DIST,25.58,72.0,81.9,-9.9,4117,train
2801830,MS,Mississippi,HAZLEHURST CITY SCHOOL DISTRICT,21.4,77.0,84.24,-7.24,1505,train
2801860,MS,Mississippi,HINDS CO SCHOOL DIST,18.94,85.0,86.14,-1.14,5867,train
2801980,MS,Mississippi,HOLMES CO SCHOOL DIST,10.46,72.0,91.22,-19.22,2762,train
2802010,MS,Mississippi,HOUSTON  SCHOOL DIST,14.87,87.0,88.35,-1.35,1715,train
2802040,MS,Mississippi,HUMPHREYS CO SCHOOL DIST,18.37,82.0,86.15,-4.15,1617,train
2802100,MS,Mississippi,ITAWAMBA COUNTY SCHOOL DIST,20.54,84.0,85.01,-1.01,3613,train
2802160,MS,Mississippi,JACKSON CO SCHOOL DIST,17.22,89.0,87.33,1.67,9192,train
2802190,MS,Mississippi,JACKSON PUBLIC SCHOOL DISTRICT,24.77,74.0,82.9,-8.9,25681,train
2802250,MS,Mississippi,JEFFERSON DAVIS CO SCHOOL DIST,12.76,82.0,89.61,-7.61,1395,train
2802280,MS,Mississippi,JONES CO SCHOOL DIST,20.19,88.0,85.46,2.54,8683,test
2802340,MS,Mississippi,KOSCIUSKO SCHOOL DISTRICT,16.04,82.0,87.71,-5.71,2413,train
2802370,MS,Mississippi,LAFAYETTE CO SCHOOL DIST,15.84,82.0,87.88,-5.88,2886,train
2802400,MS,Mississippi,LAMAR COUNTY SCHOOL DISTRICT,12.58,93.0,90.24,2.76,9854,train
2802430,MS,Mississippi,LAUDERDALE CO SCHOOL DIST,17.4,84.0,87.11,-3.11,6178,train
2802460,MS,Mississippi,LAUREL SCHOOL DISTRICT,24.86,77.0,82.28,-5.28,3182,test
2802490,MS,Mississippi,LAWRENCE CO SCHOOL DIST,21.38,92.0,84.35,7.65,2175,train
2802520,MS,Mississippi,LEAKE CO SCHOOL DIST,18.49,82.0,86.23,-4.23,2883,train
2802550,MS,Mississippi,LEE COUNTY SCHOOL DISTRICT,20.83,81.0,85.0,-4.0,6962,train
2802580,MS,Mississippi,LEFLORE CO SCHOOL DIST,6.98,77.0,93.33,-16.33,2178,train
2802640,MS,Mississippi,LINCOLN COUNTY SCHOOL DISTRICT,22.9,88.0,83.49,4.51,3122,train
2802670,MS,Mississippi,LONG BEACH SCHOOL DIST,17.4,90.0,86.94,3.06,3230,train
2802700,MS,Mississippi,LOUISVILLE MUNICIPAL SCHOOL DIST,17.45,83.0,86.87,-3.87,2843,test
2802730,MS,Mississippi,LOWNDES CO SCHOOL DIST,16.44,92.0,87.68,4.32,5409,train
2802790,MS,Mississippi,MADISON CO SCHOOL DIST,12.02,91.0,90.68,0.32,13275,test
2802820,MS,Mississippi,MARION CO SCHOOL DIST,20.04,92.0,85.17,6.83,2076,train
2802850,MS,Mississippi,MARSHALL CO SCHOOL DIST,17.3,77.0,86.99,-9.99,3070,train
2802880,MS,Mississippi,MCCOMB SCHOOL DISTRICT,28.6,67.0,79.89,-12.89,2577,train
2802910,MS,Mississippi,MERIDIAN PUBLIC SCHOOLS,20.37,73.0,85.22,-12.22,5463,train
2802940,MS,Mississippi,MONROE CO SCHOOL DIST,35.96,92.0,75.26,16.74,2247,test
2803000,MS,Mississippi,MOSS POINT SEPARATE SCHOOL DIST,24.93,77.0,82.09,-5.09,1885,train
2803030,MS,Mississippi,NATCHEZ-ADAMS SCHOOL DISTRICT,27.66,84.0,80.53,3.47,3203,train
2803060,MS,Mississippi,NESHOBA COUNTY SCHOOL DISTRICT,23.67,84.0,83.03,0.97,3224,train
2803120,MS,Mississippi,NEW ALBANY PUBLIC SCHOOLS,13.19,87.0,89.45,-2.45,2160,train
2803150,MS,Mississippi,NEWTON COUNTY SCHOOL DISTRICT,23.03,92.0,83.25,8.75,1715,train
2803240,MS,Mississippi,NORTH PIKE SCHOOL DIST,18.02,87.0,86.48,0.52,2486,train
2803270,MS,Mississippi,NORTH TIPPAH SCHOOL DIST,13.6,87.0,89.06,-2.06,1272,train
2803300,MS,Mississippi,NOXUBEE COUNTY SCHOOL DISTRICT,23.9,77.0,82.69,-5.69,1573,train
2803360,MS,Mississippi,OCEAN SPRINGS SCHOOL DIST,15.96,87.0,88.0,-1.0,5865,train
2803450,MS,Mississippi,OXFORD SCHOOL DISTRICT,11.35,90.0,90.79,-0.79,4307,train
2803480,MS,Mississippi,PASCAGOULA-GAUTIER SCHOOL DISTRICT,18.05,87.0,86.74,0.26,7037,train
2803510,MS,Mississippi,PASS CHRISTIAN PUBLIC SCHOOL DIST,10.62,82.0,91.04,-9.04,2024,train
2803520,MS,Mississippi,PEARL PUBLIC SCHOOL DISTRICT,19.51,94.0,85.69,8.31,4228,train
2803530,MS,Mississippi,PETAL SCHOOL DIST,12.22,88.0,90.23,-2.23,4043,train
2803540,MS,Mississippi,PEARL RIVER CO SCHOOL DIST,28.56,87.0,79.97,7.03,3204,train
2803630,MS,Mississippi,PICAYUNE SCHOOL DISTRICT,22.41,77.0,83.83,-6.83,3459,train
2803660,MS,Mississippi,PONTOTOC CO SCHOOL DIST,20.82,79.0,84.83,-5.83,3573,train
2803690,MS,Mississippi,PONTOTOC CITY SCHOOLS,17.22,87.0,86.95,0.05,2282,train
2803720,MS,Mississippi,POPLARVILLE SEPARATE SCHOOL DIST,16.88,95.0,87.12,7.88,1884,train
2803750,MS,Mississippi,PRENTISS CO SCHOOL DIST,16.6,87.0,87.36,-0.36,2416,test
2803780,MS,Mississippi,QUITMAN SCHOOL DIST,21.28,77.0,84.37,-7.37,1866,train
2803830,MS,Mississippi,RANKIN CO SCHOOL DIST,16.33,90.0,88.08,1.92,19282,train
2803900,MS,Mississippi,SCOTT CO SCHOOL DIST,22.28,82.0,83.94,-1.94,3927,train
2803930,MS,Mississippi,SENATOBIA MUNICIPAL SCHOOL DIST,23.48,87.0,82.98,4.02,1772,train
2803990,MS,Mississippi,SIMPSON CO SCHOOL DIST,20.19,86.0,85.23,0.77,3700,test
2804020,MS,Mississippi,SMITH CO SCHOOL DIST,13.35,82.0,89.41,-7.41,2696,train
2804050,MS,Mississippi,SOUTH PANOLA SCHOOL DISTRICT,17.48,86.0,86.96,-0.96,4268,train
2804080,MS,Mississippi,SOUTH PIKE SCHOOL DIST,16.4,82.0,87.39,-5.39,1713,train
2804110,MS,Mississippi,SOUTH TIPPAH SCHOOL DIST,15.62,85.0,88.01,-3.01,2811,test
2804170,MS,Mississippi,STONE CO SCHOOL DIST,24.12,86.0,82.68,3.32,2488,train
2804230,MS,Mississippi,TATE CO SCHOOL DIST,21.41,82.0,84.36,-2.36,2410,train
2804260,MS,Mississippi,TISHOMINGO CO SP MUN SCH DIST,17.58,87.0,86.8,0.2,3009,train
2804290,MS,Mississippi,TUNICA COUNTY SCHOOL DISTRICT,21.6,92.0,84.18,7.82,1954,train
2804320,MS,Mississippi,TUPELO PUBLIC SCHOOL DIST,19.24,88.0,85.99,2.01,6934,train
2804350,MS,Mississippi,UNION CO SCHOOL DIST,14.77,88.0,88.55,-0.55,2918,train
2804440,MS,Mississippi,WALTHALL CO SCHOOL DIST,15.85,67.0,87.75,-20.75,1823,train
2804470,MS,Mississippi,VICKSBURG WARREN SCHOOL DIST,25.89,72.0,81.88,-9.88,8080,test
2804530,MS,Mississippi,WAYNE CO SCHOOL DIST,16.55,77.0,87.47,-10.47,3268,test
2804560,MS,Mississippi,WEBSTER CO SCHOOL DIST,21.72,92.0,84.09,7.91,1851,test
2804680,MS,Mississippi,WESTERN LINE SCHOOL DISTRICT,17.58,82.0,86.68,-4.68,1928,train
2804770,MS,Mississippi,YAZOO CITY MUNICIPAL SCHOOL DIST,23.68,72.0,82.95,-10.95,2483,train
2804800,MS,Mississippi,YAZOO CO SCHOOL DIST,30.03,77.0,78.85,-1.85,1512,test
2900579,MO,Missouri,CONFLUENCE ACADEMIES,16.94,87.0,87.14,-0.14,2414,test
2900595,MO,Missouri,GRAND CENTER ARTS ACADEMY,8.43,95.0,92.13,2.87,712,test
2901000,MO,Missouri,COLUMBIA 93,13.52,88.0,89.82,-1.82,17940,train
2902910,MO,Missouri,AFFTON 101,10.55,92.0,91.15,0.85,2560,test
2904020,MO,Missouri,AURORA R-VIII,7.68,95.0,92.87,2.13,1965,train
2904050,MO,Missouri,AVA R-I,10.41,95.0,91.07,3.93,1364,train
2904500,MO,Missouri,BAYLESS,7.83,92.0,92.73,-0.73,1674,test
2904620,MO,Missouri,BELTON 124,9.79,89.0,91.77,-2.77,4434,train
2905310,MO,Missouri,BLUE SPRINGS R-IV,9.18,95.0,92.44,2.56,12828,train
2905370,MO,Missouri,BOLIVAR R-I,11.73,92.0,90.42,1.58,2652,train
2905430,MO,Missouri,NORTH ST. FRANCOIS CO. R-I,9.67,93.0,91.74,1.26,3008,train
2905580,MO,Missouri,BOONVILLE R-I,12.27,95.0,89.94,5.06,1557,test
2905760,MO,Missouri,BRANSON R-IV,12.87,94.0,89.87,4.13,4741,train
2906120,MO,Missouri,DALLAS CO. R-I,10.75,95.0,90.9,4.1,1637,train
2906510,MO,Missouri,MONITEAU CO. R-I,9.25,87.0,91.79,-4.79,1330,train
2906990,MO,Missouri,CAMDENTON R-III,12.11,90.0,90.31,-0.31,4261,train
2907020,MO,Missouri,CAMERON R-I,8.1,92.0,92.57,-0.57,1716,test
2907120,MO,Missouri,CAPE GIRARDEAU 63,7.91,89.0,92.93,-3.93,4199,train
2907350,MO,Missouri,CARL JUNCTION R-I,8.98,93.0,92.2,0.8,3384,train
2907460,MO,Missouri,CARTHAGE R-IX,8.27,91.0,92.74,-1.74,4791,train
2908170,MO,Missouri,CASSVILLE R-IV,12.55,95.0,89.8,5.2,1729,train
2908250,MO,Missouri,CENTER 58,16.37,87.0,87.5,-0.5,2395,train
2908370,MO,Missouri,FT. ZUMWALT R-II,8.56,90.0,92.91,-2.91,17746,train
2908760,MO,Missouri,CHILLICOTHE R-II,6.12,95.0,93.82,1.18,1846,train
2909720,MO,Missouri,CLAYTON,7.94,99.0,92.79,6.21,2682,test
2909860,MO,Missouri,CLINTON,10.96,87.0,90.76,-3.76,1578,test
2910500,MO,Missouri,DESOTO 73,13.6,91.0,89.26,1.74,2735,train
2910770,MO,Missouri,DEXTER R-XI,3.38,95.0,95.56,-0.56,2043,train
2911340,MO,Missouri,ELDON R-I,11.69,92.0,90.36,1.64,1916,test
2911650,MO,Missouri,EXCELSIOR SPRINGS 40,14.58,95.0,88.69,6.31,3148,train
2911910,MO,Missouri,FARMINGTON R-VII,9.3,92.0,92.04,-0.04,3870,train
2912010,MO,Missouri,FERGUSON-FLORISSANT R-II,15.0,87.0,88.75,-1.75,10303,test
2912030,MO,Missouri,FESTUS R-VI,7.88,92.0,92.85,-0.85,2981,train
2912300,MO,Missouri,FOX C-6,10.08,93.0,91.84,1.16,11360,train
2912540,MO,Missouri,FREDERICKTOWN R-I,9.88,92.0,91.51,0.49,2065,train
2912550,MO,Missouri,FULTON 58,12.89,92.0,89.67,2.33,2343,test
2913080,MO,Missouri,GRAIN VALLEY R-V,8.68,98.0,92.46,5.54,4357,train
2913140,MO,Missouri,GRANDVIEW C-4,15.83,87.0,87.98,-0.98,4062,test
2913650,MO,Missouri,HANNIBAL 60,10.5,90.0,91.25,-1.25,3390,test
2913760,MO,Missouri,HARRISONVILLE R-IX,14.45,92.0,88.71,3.29,2539,train
2913830,MO,Missouri,HAZELWOOD,17.68,86.0,87.22,-1.22,17822,train
2914340,MO,Missouri,HICKMAN MILLS C-1,19.03,86.0,86.08,-0.08,5755,test
2914430,MO,Missouri,HILLSBORO R-III,11.03,92.0,90.93,1.07,3544,train
2914550,MO,Missouri,HOLLISTER R-V,17.29,95.0,86.77,8.23,1365,train
2915480,MO,Missouri,INDEPENDENCE 30,15.08,94.0,88.78,5.22,13932,train
2915600,MO,Missouri,JACKSON R-II,7.43,94.0,93.27,0.73,4980,test
2916190,MO,Missouri,JEFFERSON CITY,12.82,84.0,90.06,-6.06,8773,train
2916290,MO,Missouri,JENNINGS,14.28,87.0,88.82,-1.82,2507,train
2916400,MO,Missouri,KANSAS CITY 33,21.79,71.0,84.62,-13.62,15671,test
2916450,MO,Missouri,KEARNEY R-I,9.7,95.0,91.76,3.24,3505,train
2916500,MO,Missouri,KENNETT 39,6.07,95.0,93.87,1.13,1944,train
2916740,MO,Missouri,KIRKSVILLE R-III,11.03,92.0,90.83,1.17,2420,train
2916770,MO,Missouri,KIRKWOOD R-VII,5.61,97.0,94.45,2.55,5778,train
2917820,MO,Missouri,LADUE,7.28,96.0,93.32,2.68,4231,train
2917850,MO,Missouri,LAMAR R-I,11.28,87.0,90.49,-3.49,1188,test
2918270,MO,Missouri,LEBANON R-III,8.68,92.0,92.46,-0.46,4410,test
2918300,MO,Missouri,LEE'S SUMMIT R-VII,7.32,95.0,93.69,1.31,17848,train
2918540,MO,Missouri,LIBERTY 53,9.61,95.0,92.16,2.84,12253,train
2918690,MO,Missouri,LINDBERGH SCHOOLS,5.17,96.0,94.77,1.23,6887,train
2919170,MO,Missouri,LOGAN-ROGERSVILLE R-VIII,8.74,92.0,92.24,-0.24,2208,train
2920410,MO,Missouri,MARSHALL,8.31,87.0,92.53,-5.53,2396,train
2920430,MO,Missouri,MARSHFIELD R-I,8.25,93.0,92.63,0.37,3054,train
2920490,MO,Missouri,MARYVILLE R-II,7.28,92.0,93.03,-1.03,1401,train
2920610,MO,Missouri,MCDONALD CO. R-I,9.03,92.0,92.2,-0.2,3721,test
2920670,MO,Missouri,MEHLVILLE R-IX,7.88,93.0,93.18,-0.18,10015,train
2920810,MO,Missouri,MEXICO 59,11.07,82.0,90.8,-8.8,2286,test
2921100,MO,Missouri,MOBERLY,11.82,87.0,90.33,-3.33,2326,train
2921120,MO,Missouri,MONETT R-I,15.41,92.0,88.05,3.95,1973,train
2921600,MO,Missouri,MT. VERNON R-V,8.37,87.0,92.36,-5.36,1481,train
2921810,MO,Missouri,NEOSHO SCHOOL DISTRICT,9.14,82.0,92.18,-10.18,4572,train
2921840,MO,Missouri,NEVADA R-V,6.15,92.0,93.87,-1.87,2373,train
2922530,MO,Missouri,Nixa Public Schools,7.75,91.0,93.12,-2.12,5938,test
2922650,MO,Missouri,NORMANDY SCHOOLS COLLABORATIVE,28.51,72.0,79.99,-7.99,3034,train
2922740,MO,Missouri,NORTH CALLAWAY CO. R-I,9.45,92.0,91.62,0.38,1164,train
2922800,MO,Missouri,NORTH KANSAS CITY 74,13.65,96.0,89.61,6.39,11124,train
2922890,MO,Missouri,NORTHWEST R-I,10.89,92.0,91.17,0.83,6087,train
2923010,MO,Missouri,OAK GROVE R-VI,10.5,95.0,91.11,3.89,1953,train
2923100,MO,Missouri,ODESSA R-VII,11.63,95.0,90.41,4.59,2029,train
2923160,MO,Missouri,ORCHARD FARM R-V,6.81,87.0,93.4,-6.4,1893,train
2923340,MO,Missouri,GASCONADE CO. R-II,7.94,87.0,92.7,-5.7,1915,test
2923430,MO,Missouri,OZARK R-VI,8.46,96.0,92.67,3.33,5730,train
2923460,MO,Missouri,MERAMEC VALLEY R-III,9.21,91.0,92.03,-1.03,3083,train
2923550,MO,Missouri,PARK HILL,11.6,92.0,90.89,1.11,11237,test
2923700,MO,Missouri,PATTONVILLE R-III,8.43,91.0,92.7,-1.7,5931,train
2923730,MO,Missouri,RAYMORE-PECULIAR R-II,9.43,92.0,92.08,-0.08,6034,train
2924530,MO,Missouri,PERRY CO. 32,8.05,87.0,92.67,-5.67,2223,train
2925230,MO,Missouri,PLATTE CO. R-III,10.13,95.0,91.54,3.46,4154,train
2925330,MO,Missouri,PLEASANT HILL R-III,7.47,95.0,93.03,1.97,2222,train
2925450,MO,Missouri,POPLAR BLUFF R-I,16.9,92.0,87.36,4.64,4877,train
2925500,MO,Missouri,POTOSI R-III,10.71,95.0,91.0,4.0,2120,train
2926070,MO,Missouri,RAYTOWN C-2,15.62,85.0,88.31,-3.31,8509,train
2926160,MO,Missouri,REEDS SPRING R-IV,16.46,95.0,87.36,7.64,1792,test
2926220,MO,Missouri,REPUBLIC R-III,8.71,93.0,92.47,0.53,4789,train
2926480,MO,Missouri,RICHMOND R-XVI,7.68,95.0,92.81,2.19,1588,test
2926640,MO,Missouri,RITENOUR,14.33,79.0,89.03,-10.03,6331,train
2926670,MO,Missouri,RIVERVIEW GARDENS,24.59,79.0,82.57,-3.57,5035,train
2926760,MO,Missouri,SPECL. SCH. DST. ST. LOUIS CO.,14.05,58.0,89.0,-31.0,2918,train
2926850,MO,Missouri,ROCKWOOD R-VI,7.81,97.0,93.42,3.58,20934,train
2927060,MO,Missouri,ST. JOSEPH,10.34,81.0,91.69,-10.69,11646,test
2927090,MO,Missouri,SALEM R-80,6.22,95.0,93.7,1.3,1448,train
2927570,MO,Missouri,SAVANNAH R-III,9.08,95.0,92.04,2.96,2302,train
2927630,MO,Missouri,SCHOOL OF THE OSAGE,10.95,95.0,90.84,4.16,2036,test
2927830,MO,Missouri,SEDALIA 200,8.57,95.0,92.57,2.43,4985,train
2927900,MO,Missouri,SENECA R-VII,7.8,92.0,92.7,-0.7,1385,test
2928260,MO,Missouri,SIKESTON R-6,9.22,90.0,92.05,-2.05,3361,test
2928560,MO,Missouri,SOUTHERN BOONE CO. R-I,5.9,92.0,93.95,-1.95,1747,train
2928860,MO,Missouri,SPRINGFIELD R-XII,16.26,86.0,88.2,-2.2,25178,train
2928920,MO,Missouri,ST. CHARLES R-VI,9.32,85.0,92.1,-7.1,5011,train
2928950,MO,Missouri,FRANCIS HOWELL R-III,6.53,96.0,94.16,1.84,16743,train
2929100,MO,Missouri,ST. CLAIR R-XIII,11.02,87.0,90.8,-3.8,2105,train
2929170,MO,Missouri,CENTRAL R-III,9.1,95.0,92.01,2.99,2144,test
2929250,MO,Missouri,ST. JAMES R-I,8.5,92.0,92.34,-0.34,1835,train
2929280,MO,Missouri,ST. LOUIS CITY,14.17,78.0,89.47,-11.47,22372,train
2929370,MO,Missouri,STE. GENEVIEVE CO. R-II,6.49,87.0,93.6,-6.6,1835,train
2929760,MO,Missouri,SULLIVAN,11.35,87.0,90.6,-3.6,2141,train
2930450,MO,Missouri,TROY R-III,9.81,96.0,91.85,4.15,6218,test
2930570,MO,Missouri,UNION R-XI,8.5,84.0,92.48,-8.48,3094,train
2930660,MO,Missouri,UNIVERSITY CITY,16.76,87.0,87.28,-0.28,2601,test
2931020,MO,Missouri,WARRENSBURG R-VI,11.02,91.0,90.92,0.08,3294,test
2931050,MO,Missouri,WARREN CO. R-III,12.55,94.0,89.96,4.04,3195,train
2931110,MO,Missouri,WASHINGTON,7.98,91.0,92.87,-1.87,3971,train
2931500,MO,Missouri,WEBB CITY R-VII,5.13,91.0,94.67,-3.67,4292,train
2931530,MO,Missouri,WEBSTER GROVES,7.28,97.0,93.34,3.66,4505,test
2931650,MO,Missouri,WENTZVILLE R-IV,8.93,95.0,92.66,2.34,16332,train
2931680,MO,Missouri,WEST PLAINS R-VII,13.2,94.0,89.48,4.52,2439,train
2932010,MO,Missouri,WILLARD R-II,7.79,97.0,93.03,3.97,4596,train
2932100,MO,Missouri,WINDSOR C-1,8.72,95.0,92.33,2.67,2992,train
2932190,MO,Missouri,WINFIELD R-IV,11.02,92.0,90.72,1.28,1534,train
2932310,MO,Missouri,WRIGHT CITY R-II OF WARREN CO.,15.65,82.0,87.85,-5.85,1636,train
3003330,MT,Montana,Belgrade H S,34.67,89.0,75.82,13.18,900,test
3003900,MT,Montana,Billings H S,25.25,85.0,82.18,2.82,5363,train
3004590,MT,Montana,Bozeman H S,17.94,88.0,86.49,1.51,2140,train
3005190,MT,Montana,Browning H S,88.54,57.0,42.08,14.92,576,train
3005310,MT,Montana,Butte H S,48.22,86.0,67.44,18.56,1209,train
3007140,MT,Montana,Columbia Falls H S,29.26,87.0,79.09,7.91,622,train
3007410,MT,Montana,Corvallis K-12 Schools,29.0,95.0,79.36,15.64,931,train
3007930,MT,Montana,Custer County H S,27.98,92.0,79.85,12.15,529,test
3011520,MT,Montana,Frenchtown K-12 Schools,19.64,95.0,85.3,9.7,1329,train
3013050,MT,Montana,Great Falls H S,38.39,80.0,73.81,6.19,2894,test
3013260,MT,Montana,Hamilton K-12 Schools,28.4,95.0,79.86,15.14,1472,train
3013340,MT,Montana,Hardin H S,38.78,82.0,73.1,8.9,508,train
3013590,MT,Montana,Havre H S,21.63,82.0,83.82,-1.82,541,test
3013830,MT,Montana,Helena H S,25.27,84.0,82.01,1.99,2980,train
3015420,MT,Montana,Flathead H S,29.3,88.0,79.47,8.53,2734,train
3016230,MT,Montana,Laurel H S,20.44,92.0,84.61,7.39,641,test
3018540,MT,Montana,Missoula H S,32.67,88.0,77.45,10.55,3695,train
3020100,MT,Montana,Park H S,5.12,92.0,94.07,-2.07,449,train
3021090,MT,Montana,Polson H S,38.0,92.0,73.56,18.44,471,train
3024230,MT,Montana,Sidney H S,20.82,82.0,84.23,-2.23,389,train
3027790,MT,Montana,Whitefish H S,0.59,87.0,96.93,-9.93,506,train
3100016,NE,Nebraska,GRAND ISLAND PUBLIC SCHOOLS,17.02,84.0,87.48,-3.48,10070,train
3100021,NE,Nebraska,WAVERLY SCHOOL DISTRICT 145,4.99,95.0,94.56,0.44,2043,train
3100022,NE,Nebraska,NORTH PLATTE PUBLIC SCHOOLS,17.3,90.0,87.07,2.93,4185,test
3100088,NE,Nebraska,NORRIS SCHOOL DIST 160,6.64,95.0,93.57,1.43,2364,test
3100095,NE,Nebraska,CRETE PUBLIC SCHOOLS,12.14,82.0,90.1,-8.1,2084,test
3100098,NE,Nebraska,GERING PUBLIC SCHOOLS,10.49,92.0,91.1,0.9,1849,train
3102910,NE,Nebraska,ALLIANCE PUBLIC SCHOOLS,25.46,82.0,81.67,0.33,1355,train
3103600,NE,Nebraska,BEATRICE PUBLIC SCHOOLS,18.69,87.0,85.99,1.01,1905,train
3103810,NE,Nebraska,BELLEVUE PUBLIC SCHOOLS,13.35,94.0,89.76,4.24,9694,test
3103990,NE,Nebraska,BENNINGTON PUBLIC SCHOOLS,4.08,95.0,95.19,-0.19,2598,train
3104100,NE,Nebraska,BLAIR COMMUNITY SCHOOLS,5.64,95.0,94.19,0.81,2322,train
3105340,NE,Nebraska,COLUMBUS PUBLIC SCHOOLS,8.91,90.0,92.3,-2.3,4053,train
3170110,NE,Nebraska,ELKHORN PUBLIC SCHOOLS,4.71,98.0,95.13,2.87,9001,train
3170710,NE,Nebraska,FREMONT PUBLIC SCHOOLS,17.0,84.0,87.29,-3.29,4654,train
3171220,NE,Nebraska,GRETNA PUBLIC SCHOOLS,5.38,97.0,94.55,2.45,4872,train
3171580,NE,Nebraska,HASTINGS PUBLIC SCHOOLS,14.34,83.0,88.88,-5.88,3675,train
3172390,NE,Nebraska,KEARNEY PUBLIC SCHOOLS,13.11,88.0,89.76,-1.76,5592,train
3172810,NE,Nebraska,LEXINGTON PUBLIC SCHOOLS,8.53,92.0,92.43,-0.43,2791,train
3172840,NE,Nebraska,LINCOLN PUBLIC SCHOOLS,14.95,82.0,89.14,-7.14,40386,train
3173470,NE,Nebraska,MC COOK PUBLIC SCHOOLS,13.2,95.0,89.34,5.66,1447,train
3173740,NE,Nebraska,MILLARD PUBLIC SCHOOLS,9.93,93.0,92.13,0.87,23746,train
3174160,NE,Nebraska,NEBRASKA CITY PUBLIC SCHOOLS,16.47,82.0,87.3,-5.3,1439,train
3174430,NE,Nebraska,NORFOLK PUBLIC SCHOOLS,9.73,92.0,91.8,0.2,4348,train
3174580,NE,Nebraska,NORTHWEST PUBLIC SCHOOLS,7.25,95.0,92.99,2.01,1118,test
3174820,NE,Nebraska,OMAHA PUBLIC SCHOOLS,29.83,78.0,79.92,-1.92,50537,train
3175270,NE,Nebraska,PAPILLION LA VISTA COMMUNITY SCHOOLS,10.31,95.0,91.71,3.29,11809,train
3175630,NE,Nebraska,SPRINGFIELD PLATTEVIEW COMMUNITY SCHOOLS,6.46,95.0,93.48,1.52,1130,train
3175660,NE,Nebraska,PLATTSMOUTH COMMUNITY SCHOOLS,20.92,95.0,84.54,10.46,1530,train
3175900,NE,Nebraska,RALSTON PUBLIC SCHOOLS,16.37,90.0,87.59,2.41,3378,train
3176450,NE,Nebraska,SCHUYLER COMMUNITY SCHOOLS,17.08,87.0,86.99,0.01,1850,train
3176470,NE,Nebraska,SCOTTSBLUFF PUBLIC SCHOOLS,23.58,91.0,83.09,7.91,3405,train
3176560,NE,Nebraska,SEWARD PUBLIC SCHOOLS,7.84,95.0,92.67,2.33,1377,test
3176710,NE,Nebraska,SIDNEY PUBLIC SCHOOLS,14.25,87.0,88.66,-1.66,1298,train
3176860,NE,Nebraska,SO SIOUX CITY COMMUNITY SCHS,11.95,86.0,90.39,-4.39,3850,train
3178660,NE,Nebraska,WESTSIDE COMMUNITY SCHOOLS,10.62,90.0,91.33,-1.33,6024,train
3179050,NE,Nebraska,YORK PUBLIC SCHOOLS,7.46,95.0,92.88,2.12,1246,train
3200001,NV,Nevada,STATE-SPONSORED CHARTER SCHOOLS,14.05,70.0,89.67,-19.67,36436,train
3200030,NV,Nevada,CHURCHILL COUNTY SCHOOL DISTRICT,27.34,76.0,80.72,-4.72,3076,train
3200060,NV,Nevada,CLARK COUNTY SCHOOL DISTRICT,21.37,84.0,85.69,-1.69,328205,train
3200090,NV,Nevada,DOUGLAS COUNTY SCHOOL DISTRICT,15.37,89.0,88.36,0.64,5836,train
3200120,NV,Nevada,ELKO COUNTY SCHOOL DISTRICT,14.85,92.0,88.83,3.17,9793,test
3200210,NV,Nevada,HUMBOLDT COUNTY SCHOOL DISTRICT,26.84,91.0,81.07,9.93,3565,test
3200300,NV,Nevada,LYON COUNTY SCHOOL DISTRICT,21.14,85.0,84.87,0.13,8748,train
3200360,NV,Nevada,NYE COUNTY SCHOOL DISTRICT,26.13,80.0,81.62,-1.62,5309,test
3200390,NV,Nevada,CARSON CITY SCHOOL DISTRICT,15.93,86.0,88.09,-2.09,7864,train
3200480,NV,Nevada,WASHOE COUNTY SCHOOL DISTRICT,19.18,84.0,86.64,-2.64,66773,train
3200510,NV,Nevada,WHITE PINE COUNTY SCHOOL DISTRICT,26.35,67.0,81.21,-14.21,1894,test
3300003,NH,New Hampshire,John Stark Regional School District,14.22,92.0,88.5,3.5,668,train
3300017,NH,New Hampshire,Exeter Region Coop School District,11.47,93.0,90.62,2.38,2965,train
3300049,NH,New Hampshire,Prospect Mountain School District,32.36,95.0,77.11,17.89,513,train
3301740,NH,New Hampshire,Bedford School District,4.82,97.0,94.87,2.13,4458,train
3301860,NH,New Hampshire,Berlin School District,21.33,82.0,84.21,-2.21,1144,train
3301950,NH,New Hampshire,Bow School District,8.04,95.0,92.6,2.4,1691,test
3302340,NH,New Hampshire,Claremont School District,28.54,77.0,79.83,-2.83,1794,train
3302460,NH,New Hampshire,Concord School District,14.09,84.0,89.09,-5.09,4543,test
3302480,NH,New Hampshire,Contoocook Valley School District,16.08,93.0,87.66,5.34,2195,train
3302490,NH,New Hampshire,Conway School District,18.63,95.0,86.01,8.99,1782,train
3302640,NH,New Hampshire,Dover School District,11.91,89.0,90.42,-1.42,4046,train
3302670,NH,New Hampshire,Dresden School District,3.01,95.0,95.63,-0.63,1096,train
3302990,NH,New Hampshire,Fall Mountain Regional School District,16.71,87.0,87.17,-0.17,1526,train
3303180,NH,New Hampshire,Gilford School District,11.5,92.0,90.35,1.65,1157,train
3303240,NH,New Hampshire,Goffstown School District,16.28,90.0,87.6,2.4,2814,train
3303330,NH,New Hampshire,Governor Wentworth Reg School District,21.56,92.0,84.25,7.75,2328,train
3303850,NH,New Hampshire,Hollis/Brookline Coop School District,17.02,92.0,86.91,5.09,1210,train
3303930,NH,New Hampshire,Hudson School District,12.5,89.0,90.01,-1.01,3409,train
3304040,NH,New Hampshire,Kearsarge Regional School District,3.9,95.0,95.19,-0.19,1691,train
3304050,NH,New Hampshire,Keene School District,17.09,88.0,87.14,0.86,3335,train
3304140,NH,New Hampshire,Laconia School District,18.78,82.0,85.94,-3.94,1960,test
3304230,NH,New Hampshire,Lebanon School District,12.55,92.0,89.79,2.21,1673,train
3304350,NH,New Hampshire,Litchfield School District,10.18,95.0,91.2,3.8,1297,train
3304410,NH,New Hampshire,Londonderry School District,8.56,95.0,92.53,2.47,4332,train
3304590,NH,New Hampshire,Manchester School District,28.59,78.0,80.33,-2.33,13485,test
3304740,NH,New Hampshire,Merrimack School District,11.79,86.0,90.48,-4.48,3774,train
3304760,NH,New Hampshire,Merrimack Valley School District,13.55,92.0,89.26,2.74,2442,train
3304830,NH,New Hampshire,Milford School District,13.31,96.0,89.4,6.6,2344,train
3304890,NH,New Hampshire,Monadnock Regional School District,19.0,82.0,85.76,-3.76,1642,train
3304980,NH,New Hampshire,Nashua School District,19.8,87.0,85.77,1.23,11217,train
3305520,NH,New Hampshire,Oyster River Coop School District,6.56,95.0,93.59,1.41,2148,train
3305550,NH,New Hampshire,Pelham School District,19.08,92.0,85.75,6.25,1918,train
3305580,NH,New Hampshire,Pembroke School District,13.48,87.0,89.18,-2.18,1499,train
3305820,NH,New Hampshire,Portsmouth School District,10.79,95.0,91.01,3.99,2623,train
3305880,NH,New Hampshire,Raymond School District,16.62,82.0,87.18,-5.18,1312,test
3305940,NH,New Hampshire,Rochester School District,14.06,82.0,89.09,-7.09,4125,test
3306060,NH,New Hampshire,Salem School District,10.31,95.0,91.38,3.62,3540,test
3306080,NH,New Hampshire,Sanborn Regional School District,11.48,92.0,90.37,1.63,1228,train
3306240,NH,New Hampshire,Somersworth School District,20.45,82.0,84.84,-2.84,1550,train
3306260,NH,New Hampshire,Souhegan Cooperative School District,8.67,97.0,92.01,4.99,807,train
3306720,NH,New Hampshire,Timberlane Regional School District,11.08,94.0,90.91,3.09,3573,train
3307170,NH,New Hampshire,Windham School District,7.25,95.0,93.25,1.75,2965,test
3307230,NH,New Hampshire,Winnacunnet Coop School District,24.77,93.0,82.05,10.95,1082,train
3307300,NH,New Hampshire,Winnisquam Regional School District,15.41,87.0,87.96,-0.96,1447,train
3307330,NH,New Hampshire,Coe Brown Academy School District,6.59,95.0,93.28,1.72,713,train
3307360,NH,New Hampshire,Pinkerton Academy School District,17.01,88.0,87.19,0.81,3287,train
3399965,NH,New Hampshire,Pemi-baker Regional School District,9.58,95.0,91.38,3.62,647,test
3400004,NJ,New Jersey,School District of the Chathams,3.81,99.0,95.49,3.51,4248,train
3400009,NJ,New Jersey,Somerset Hills Regional School District,6.4,93.0,93.66,-0.66,1952,train
3400022,NJ,New Jersey,Marion P. Thomas Charter School,31.43,87.0,77.95,9.05,1384,test
3400024,NJ,New Jersey,North Star Academy Charter School,14.74,95.0,88.74,6.26,5462,train
3400070,NJ,New Jersey,TEAM Academy Charter School,21.01,92.0,84.75,7.25,4037,test
3400073,NJ,New Jersey,University Academy Charter High School,1.6,95.0,96.26,-1.26,438,train
3400078,NJ,New Jersey,LEAP Academy University Charter School,9.81,95.0,91.48,3.52,1540,train
3400785,NJ,New Jersey,Camden's Promise Charter School,8.76,95.0,92.21,2.79,2089,train
3400960,NJ,New Jersey,Atlantic City Public Schools,20.3,81.0,85.33,-4.33,6913,train
3400990,NJ,New Jersey,Atlantic County Vocational School District,11.96,99.0,90.13,8.87,1555,train
3401050,NJ,New Jersey,Audubon Public School Disrict,10.52,92.0,91.03,0.97,1540,test
3401260,NJ,New Jersey,Bayonne School District,14.63,87.0,88.96,-1.96,9757,train
3401350,NJ,New Jersey,BELLEVILLE PUBLIC SCHOOLS,17.64,85.0,86.87,-1.87,4495,train
3401440,NJ,New Jersey,BELVIDERE SCHOOL DISTRICT,8.12,92.0,92.33,-0.33,727,train
3401470,NJ,New Jersey,Bergen County Vocational Technical School District,2.45,99.0,96.12,2.88,1840,train
3401500,NJ,New Jersey,Bergenfield Borough School District,2.51,97.0,96.25,0.75,3540,test
3401530,NJ,New Jersey,BERKELEY HEIGHTS SCHOOL DISTRICT,6.14,98.0,93.9,4.1,2604,train
3401650,NJ,New Jersey,Bernards Township School District,8.03,97.0,92.92,4.08,5414,train
3401770,NJ,New Jersey,Black Horse Pike Regional School District,13.42,89.0,89.44,-0.44,3502,train
3401830,NJ,New Jersey,BLOOMFIELD TOWNSHIP SCHOOL DISTRICT,10.83,90.0,91.21,-1.21,6269,train
3401950,NJ,New Jersey,Boonton Town School District,8.53,92.0,92.25,-0.25,1395,train
3402030,NJ,New Jersey,Bordentown Regional School District,0.73,95.0,97.28,-2.28,2608,train
3402100,NJ,New Jersey,BOUND BROOK SCHOOL DISTRICT,8.28,77.0,92.48,-15.48,1883,train
3402220,NJ,New Jersey,Brick Township Public School District,10.73,91.0,91.36,-0.36,8687,train
3402250,NJ,New Jersey,Bridgeton City School District,11.51,71.0,90.75,-19.75,5437,train
3402280,NJ,New Jersey,BRIDGEWATER-RARITAN REGIONAL SCHOOL DISTRICT,5.38,95.0,94.69,0.31,8524,train
3402400,NJ,New Jersey,BUENA REGIONAL SCHOOL DISTRICT,19.09,82.0,85.71,-3.71,1692,test
3402430,NJ,New Jersey,Burlington City Public School District,11.04,92.0,90.73,1.27,1667,train
3402460,NJ,New Jersey,BURLINGTON TOWNSHIP BOARD OF EDUCATION,8.86,94.0,92.31,1.69,3871,train
3402490,NJ,New Jersey,BURLINGTON COUNTY INSTITUTE OF TECHNOLOGY,10.79,97.0,90.94,6.06,2012,train
3402520,NJ,New Jersey,Butler Public School District,6.99,92.0,93.16,-1.16,1187,test
3402580,NJ,New Jersey,CALDWELL-WEST CALDWELL SCHOOL DISTRICT,6.63,99.0,93.6,5.4,2624,train
3402640,NJ,New Jersey,CAMDEN CITY SCHOOL DISTRICT,28.42,68.0,80.29,-12.29,7656,train
3402670,NJ,New Jersey,Camden County Technical School District,14.27,98.0,88.78,9.22,2096,train
3402730,NJ,New Jersey,Cape May County Technical High School District,12.91,95.0,89.27,5.73,573,train
3402800,NJ,New Jersey,Carlstadt-East Rutherford Regional High School District,10.4,92.0,90.8,1.2,481,test
3402820,NJ,New Jersey,Carteret Public School District,8.97,83.0,92.25,-9.25,3858,train
3402850,NJ,New Jersey,CEDAR GROVE TOWNSHIP SCHOOL DISTRICT,3.87,95.0,95.18,-0.18,1575,train
3402880,NJ,New Jersey,Sterling Regional School District,10.44,94.0,90.96,3.04,958,train
3402910,NJ,New Jersey,Central Regional School District,17.79,89.0,86.58,2.42,2136,train
3403000,NJ,New Jersey,Cherry Hill School District,8.36,96.0,92.9,3.1,10693,train
3403120,NJ,New Jersey,CINNAMINSON TOWNSHIP PUBLIC SCHOOLS,7.79,97.0,92.86,4.14,2477,train
3403150,NJ,New Jersey,Clark Township Public Schools,3.83,95.0,95.31,-0.31,2273,train
3403180,NJ,New Jersey,CLAYTON PUBLIC SCHOOL DISTRICT,4.15,87.0,94.99,-7.99,1423,train
3403210,NJ,New Jersey,Clearview Regional High School District,9.95,95.0,91.5,3.5,2332,train
3403270,NJ,New Jersey,CLIFFSIDE PARK SCHOOL DISTRICT,8.76,88.0,92.32,-4.32,3072,test
3403300,NJ,New Jersey,Clifton Public School District,15.5,86.0,88.44,-2.44,10616,train
3403420,NJ,New Jersey,Collingswood Public School District,9.2,83.0,91.93,-8.93,2001,train
3403570,NJ,New Jersey,Cranford Public School District,2.46,99.0,96.3,2.7,3820,train
3403600,NJ,New Jersey,Cresskill Public School District,2.98,95.0,95.79,-0.79,1847,train
3403620,NJ,New Jersey,CUMBERLAND REGIONAL SCHOOL DISTRICT,19.7,93.0,85.22,7.78,1122,train
3403750,NJ,New Jersey,DELAWARE VALLEY REGIONAL HIGH SCHOOL DISTRICT,5.27,95.0,94.13,0.87,797,train
3403780,NJ,New Jersey,Delran Township School District,7.49,95.0,93.1,1.9,2952,train
3403900,NJ,New Jersey,Deptford Township Public School District,9.48,86.0,91.94,-5.94,4134,train
3403930,NJ,New Jersey,Dover Public School District,4.84,86.0,94.77,-8.77,3262,train
3403990,NJ,New Jersey,Dumont Public School District,6.86,95.0,93.44,1.56,2491,train
3404110,NJ,New Jersey,East Brunswick Township School District,9.65,99.0,92.02,6.98,8065,train
3404230,NJ,New Jersey,East Orange School District,17.27,79.0,87.29,-8.29,8852,test
3404320,NJ,New Jersey,EAST WINDSOR REGIONAL SCHOOL DISTRICT,5.07,95.0,94.75,0.25,5145,train
3404380,NJ,New Jersey,EASTERN CAMDEN COUNTY REGIONAL SCHOOL DISTRICT,12.25,94.0,90.02,3.98,1959,train
3404500,NJ,New Jersey,Edison Township School District,6.15,95.0,94.38,0.62,15798,train
3404560,NJ,New Jersey,Egg Harbor Township School District,10.62,96.0,91.39,4.61,7376,train
3404590,NJ,New Jersey,Elizabeth Public Schools,12.04,82.0,90.84,-8.84,26223,test
3404660,NJ,New Jersey,Elmwood Park School District,13.42,90.0,89.36,0.64,2601,train
3404740,NJ,New Jersey,Englewood Public School District,12.28,86.0,90.11,-4.11,3006,train
3404800,NJ,New Jersey,Essex County Vocational Technical School District,2.81,95.0,95.95,-0.95,2279,train
3404920,NJ,New Jersey,Ewing Township School District,7.28,90.0,93.28,-3.28,3571,train
3404980,NJ,New Jersey,Fair Lawn Public School District,5.91,98.0,94.22,3.78,4939,test
3405310,NJ,New Jersey,Fort Lee School District,6.82,96.0,93.59,2.41,3916,train
3405490,NJ,New Jersey,Franklin Township Public School District,8.7,88.0,92.58,-4.58,7071,test
3405610,NJ,New Jersey,Freehold Regional High School District,16.42,96.0,87.88,8.12,10874,train
3405760,NJ,New Jersey,GARFIELD PUBLIC SCHOOL DISTRICT,11.12,90.0,90.94,-0.94,4390,train
3405820,NJ,New Jersey,GATEWAY REGIONAL SCHOOL DISTRICT,26.23,92.0,81.08,10.92,911,train
3405880,NJ,New Jersey,Glassboro School District,11.17,87.0,90.7,-3.7,2023,train
3405940,NJ,New Jersey,Glen Ridge Public School District,2.9,95.0,95.84,-0.84,1899,train
3405970,NJ,New Jersey,GLEN ROCK PUBLIC SCHOOL DISTRICT,4.22,98.0,95.1,2.9,2558,train
3406000,NJ,New Jersey,GLOUCESTER CITY PUBLIC SCHOOL DISTRICT,12.21,92.0,90.07,1.93,2146,train
3406040,NJ,New Jersey,Gloucester County Vocational-Technical School District,4.32,95.0,94.87,0.13,1389,train
3406060,NJ,New Jersey,Greater Egg Harbor Regional High School District,19.36,92.0,85.7,6.3,3125,train
3406270,NJ,New Jersey,Hackensack School District,11.37,90.0,90.85,-0.85,5681,train
3406300,NJ,New Jersey,Hackettstown Public School District,9.75,92.0,91.57,0.43,1928,train
3406330,NJ,New Jersey,HADDON HEIGHTS School District,4.22,92.0,94.94,-2.94,1422,test
3406360,NJ,New Jersey,HADDON TOWNSHIP SCHOOL DISTRICT,9.92,95.0,91.48,3.52,2056,train
3406390,NJ,New Jersey,HADDONFIELD SCHOOL DISTRICT,4.41,95.0,95.0,0.0,2722,train
3406540,NJ,New Jersey,Hamilton Township Public School District,14.49,91.0,89.09,1.91,11278,train
3406570,NJ,New Jersey,Hammonton School District,14.6,94.0,88.71,5.29,3487,train
3406660,NJ,New Jersey,Hanover Park Regional High School District,8.04,98.0,92.57,5.43,1505,test
3406870,NJ,New Jersey,Harrison Public Schools,3.5,95.0,95.5,-0.5,2141,train
3406930,NJ,New Jersey,Hasbrouck Heights School District,4.33,95.0,94.94,0.06,1801,test
3406990,NJ,New Jersey,Hawthorne Public School District,6.37,87.0,93.75,-6.75,2513,train
3407140,NJ,New Jersey,HIGH POINT REGIONAL HIGH SCHOOL DISTRICT,11.66,94.0,90.18,3.82,918,test
3407170,NJ,New Jersey,Highland Park Boro School District,10.01,92.0,91.38,0.62,1718,train
3407230,NJ,New Jersey,Hillsborough Township Public School District,4.27,95.0,95.35,-0.35,7338,test
3407290,NJ,New Jersey,Hillside Board of Education,12.83,87.0,89.78,-2.78,3087,train
3407350,NJ,New Jersey,Hoboken Public School District,8.43,92.0,92.39,-0.39,1874,train
3407410,NJ,New Jersey,Holmdel Township School District,8.26,97.0,92.62,4.38,2992,train
3407440,NJ,New Jersey,Hopatcong Borough School District,9.78,95.0,91.49,3.51,1533,train
3407530,NJ,New Jersey,Hopewell Valley Regional School District,11.0,98.0,90.95,7.05,3535,test
3407570,NJ,New Jersey,Hudson County Schools of Technology School District,9.57,98.0,91.74,6.26,2394,train
3407590,NJ,New Jersey,Hunterdon Central Regional High School District,4.31,94.0,95.08,-1.08,2968,train
3407680,NJ,New Jersey,IRVINGTON PUBLIC SCHOOLS DISTRICT,16.1,78.0,87.94,-9.94,6571,train
3407740,NJ,New Jersey,Jackson Township School District,13.99,94.0,89.32,4.68,8200,train
3407800,NJ,New Jersey,Jefferson Township Public School District,6.65,95.0,93.63,1.37,3023,train
3407830,NJ,New Jersey,Jersey City Public Schools,13.92,79.0,89.67,-10.67,26447,train
3407890,NJ,New Jersey,Kearny,10.06,91.0,91.66,-0.66,5554,train
3407920,NJ,New Jersey,KENILWORTH SCHOOL DISTRICT,8.7,87.0,92.15,-5.15,1459,test
3407980,NJ,New Jersey,Kingsway Regional School District,10.23,98.0,91.36,6.64,2708,test
3408040,NJ,New Jersey,Kinnelon School District,5.71,95.0,94.08,0.92,1873,train
3408060,NJ,New Jersey,Kittatinny Regional School District,10.05,95.0,91.2,3.8,985,test
3408100,NJ,New Jersey,Lacey Township School District,15.99,91.0,87.87,3.13,4027,train
3408190,NJ,New Jersey,Lakeland Regional High School District,12.75,94.0,89.51,4.49,949,train
3408220,NJ,New Jersey,Lakewood Township School District,14.35,82.0,88.98,-6.98,5472,test
3408400,NJ,New Jersey,Lawrence Township Public School District,7.49,96.0,93.17,2.83,3844,train
3408490,NJ,New Jersey,Lenape Regional High School District,8.9,96.0,92.44,3.56,6743,test
3408500,NJ,New Jersey,Lenape Valley Regional High School District,7.38,92.0,92.78,-0.78,691,train
3408520,NJ,New Jersey,Leonia Public School District,7.82,95.0,92.77,2.23,1879,train
3408610,NJ,New Jersey,Linden Public School District,12.37,90.0,90.24,-0.24,6070,train
3408640,NJ,New Jersey,Lindenwold Public School District,13.06,77.0,89.59,-12.59,2611,train
3408820,NJ,New Jersey,Livingston Board of Education School District,2.08,97.0,96.66,0.34,6060,test
3408850,NJ,New Jersey,Lodi School District,11.29,90.0,90.74,-0.74,3083,train
3408940,NJ,New Jersey,LONG BRANCH PUBLIC SCHOOL District,12.14,91.0,90.37,0.63,5708,train
3409090,NJ,New Jersey,Lower Cape May Regional School District,8.21,86.0,92.45,-6.45,1401,test
3409120,NJ,New Jersey,PENNSVILLE PUBLIC SCHOOL DISTRICT,9.1,92.0,91.95,0.05,1758,train
3409210,NJ,New Jersey,Lyndhurst School District,13.56,94.0,89.27,4.73,2522,train
3409240,NJ,New Jersey,Madison Public School District,7.34,97.0,93.16,3.84,2628,train
3409270,NJ,New Jersey,Old Bridge Township School District,11.1,95.0,91.13,3.87,8650,train
3409330,NJ,New Jersey,Mahwah Township Public School District,7.71,96.0,92.95,3.05,2865,train
3409360,NJ,New Jersey,MAINLAND REGIONAL HIGH SCHOOL DISTRICT,9.57,95.0,91.57,3.43,1265,train
3409420,NJ,New Jersey,Manasquan School District,8.86,89.0,92.07,-3.07,1524,train
3409450,NJ,New Jersey,Manchester Township School District,10.54,96.0,91.19,4.81,2931,train
3409550,NJ,New Jersey,North Warren Regional School District,26.15,92.0,81.1,10.9,803,train
3409660,NJ,New Jersey,Maple Shade School District,12.53,87.0,89.86,-2.86,2162,train
3409750,NJ,New Jersey,Matawan-Aberdeen Regional School District,9.49,94.0,91.91,2.09,3657,train
3409990,NJ,New Jersey,Metuchen Public School District,3.24,95.0,95.68,-0.68,2255,train
3410020,NJ,New Jersey,Middle Township Public School District,14.33,82.0,88.77,-6.77,2366,train
3410050,NJ,New Jersey,Middlesex Borough School District,8.72,95.0,92.23,2.77,2064,train
3410080,NJ,New Jersey,Middlesex County Vocational and Technical School District,6.11,96.0,93.85,2.15,1963,train
3410110,NJ,New Jersey,MIDDLETOWN TOWNSHIP PUBLIC SCHOOL DISTRICT,4.62,96.0,95.2,0.8,9559,train
3410200,NJ,New Jersey,Millburn Township School District,6.59,99.0,93.79,5.21,4842,train
3410320,NJ,New Jersey,MILLVILLE  SCHOOL DISTRICT,18.26,85.0,86.52,-1.52,5125,train
3410440,NJ,New Jersey,MONMOUTH REGIONAL HIGH SCHOOL DISTRICT,20.47,94.0,84.7,9.3,972,train
3410470,NJ,New Jersey,MONROE TOWNSHIP PUBLIC SCHOOL DISTRICT,9.28,92.0,92.16,-0.16,5873,train
3410500,NJ,New Jersey,Monroe Township School District,4.57,96.0,95.15,0.85,7070,train
3410560,NJ,New Jersey,Montclair Public School District,9.88,94.0,91.82,2.18,6670,train
3410590,NJ,New Jersey,Montgomery Township School District,4.66,98.0,94.99,3.01,4717,train
3410650,NJ,New Jersey,Montville Township School District,2.99,96.0,95.96,0.04,3614,train
3410710,NJ,New Jersey,Moorestown Township Public School District,5.34,98.0,94.51,3.49,3931,test
3410720,NJ,New Jersey,Morris County Vocational School District,1.96,99.0,96.25,2.75,968,train
3410740,NJ,New Jersey,Morris Hills Regional School District,6.24,95.0,93.88,1.12,2966,train
3410810,NJ,New Jersey,MORRIS SCHOOL DISTRICT,11.83,84.0,90.53,-6.53,4997,train
3410980,NJ,New Jersey,Mount Olive Township School District,6.58,96.0,93.78,2.22,4602,train
3411010,NJ,New Jersey,Mountain Lakes Public School District,4.85,95.0,94.57,0.43,1567,train
3411160,NJ,New Jersey,NEPTUNE TOWNSHIP SCHOOL DISTRICT,22.6,81.0,83.73,-2.73,3787,train
3411220,NJ,New Jersey,New Brunswick School District,12.0,73.0,90.58,-17.58,8972,train
3411280,NJ,New Jersey,New Milford Public School District,3.14,95.0,95.71,-0.71,2008,test
3411310,NJ,New Jersey,New Providence School District,3.54,95.0,95.5,-0.5,2373,train
3411340,NJ,New Jersey,NEWARK PUBLIC SCHOOL DISTRICT,31.02,76.0,79.08,-3.08,35808,train
3411400,NJ,New Jersey,NEWTON PUBLIC SCHOOL DISTRICT,12.26,93.0,89.94,3.06,1533,train
3411430,NJ,New Jersey,North Arlington School District,7.06,92.0,93.22,-1.22,1756,train
3411460,NJ,New Jersey,NORTH BERGEN SCHOOL DISTRICT,7.31,83.0,93.46,-10.46,7605,train
3411490,NJ,New Jersey,North Brunswick Township School District,10.16,90.0,91.62,-1.62,5972,train
3411610,NJ,New Jersey,North Hunterdon-Voorhees Regional High School District,10.54,97.0,91.18,5.82,2790,train
3411640,NJ,New Jersey,NORTH PLAINFIELD SCHOOL DISTRICT,7.58,86.0,93.07,-7.07,3258,train
3411700,NJ,New Jersey,Northern Burlington County Regional School District,10.94,96.0,90.85,5.15,2103,train
3411730,NJ,New Jersey,Northern Highlands Regional High School District,7.8,99.0,92.7,6.3,1397,train
3411760,NJ,New Jersey,Northern Valley Regional High School District,4.29,98.0,95.02,2.98,2239,train
3411880,NJ,New Jersey,NUTLEY PUBLIC SCHOOL DISTRICT,10.83,94.0,91.09,2.91,4061,train
3411970,NJ,New Jersey,Ocean City School District,10.45,96.0,91.16,4.84,2114,train
3411980,NJ,New Jersey,Ocean County Vocational Technical School School District,4.58,95.0,94.48,0.52,589,train
3412060,NJ,New Jersey,Township of Ocean School District,6.31,95.0,93.89,1.11,3631,train
3412260,NJ,New Jersey,River Dell Regional School District,5.88,96.0,93.94,2.06,1617,train
3412270,NJ,New Jersey,ORANGE BOARD OF EDUCATION SCHOOL DISTRICT,7.03,89.0,93.52,-4.52,4909,train
3412360,NJ,New Jersey,Palisades Park School District,11.77,87.0,90.28,-3.28,1691,train
3412420,NJ,New Jersey,Paramus Public School District,4.82,98.0,94.82,3.18,3695,train
3412480,NJ,New Jersey,Parsippany-Troy Hills Township School District,5.06,95.0,94.85,0.15,7022,train
3412510,NJ,New Jersey,PASCACK VALLEY REGIONAL HIGH SCHOOL DISTRICT,4.55,98.0,94.83,3.17,2020,train
3412540,NJ,New Jersey,Passaic City School District,15.18,79.0,88.71,-9.71,13629,train
3412570,NJ,New Jersey,Passaic Valley Regional High School District #1,12.13,90.0,89.99,0.01,1352,train
3412600,NJ,New Jersey,Passaic County Manchester Regional High School District,14.35,79.0,88.49,-9.49,885,train
3412630,NJ,New Jersey,Passsaic County Vocational School District,0.0,98.0,97.81,0.19,3447,test
3412690,NJ,New Jersey,Paterson Public School District,25.57,85.0,82.38,2.62,24332,train
3412720,NJ,New Jersey,PAULSBORO SCHOOL DISTRICT,23.87,77.0,82.59,-5.59,1043,train
3412810,NJ,New Jersey,Pemberton Township School District,15.23,95.0,88.37,6.63,4275,train
3412840,NJ,New Jersey,Penns Grove-Carneys Point Regional School District,17.28,77.0,86.89,-9.89,2072,train
3412870,NJ,New Jersey,PENNSAUKEN TOWNSHIP BOARD OF EDUCATION SCHOOL DISTRICT,14.44,81.0,88.88,-7.88,4577,train
3412900,NJ,New Jersey,Pequannock Township School District,4.83,95.0,94.67,0.33,2132,train
3412930,NJ,New Jersey,Perth Amboy Public School District,12.03,80.0,90.57,-10.57,9466,test
3412960,NJ,New Jersey,Phillipsburg School District,12.19,91.0,90.24,0.76,3848,test
3412990,NJ,New Jersey,PINE HILL SCHOOL DISTRICT,9.05,92.0,92.0,0.0,1856,train
3413000,NJ,New Jersey,Pinelands Regional School District,21.42,92.0,84.24,7.76,1578,test
3413050,NJ,New Jersey,Piscataway Township School District,6.47,92.0,93.98,-1.98,7253,train
3413080,NJ,New Jersey,PITMAN BORO SCHOOL DISTRICT,7.72,95.0,92.75,2.25,1386,train
3413110,NJ,New Jersey,PITTSGROVE TOWNSHIP SCHOOL DISTRICT,5.32,92.0,94.31,-2.31,1748,train
3413140,NJ,New Jersey,Plainfield Public Schools,15.23,76.0,88.53,-12.53,7860,train
3413200,NJ,New Jersey,PLEASANTVILLE PUBLIC SCHOOL DISTRICT,17.47,87.0,86.89,0.11,3279,train
3413230,NJ,New Jersey,Plumsted Township School District,8.16,92.0,92.47,-0.47,1372,train
3413290,NJ,New Jersey,Point Pleasant Borough School District,7.7,95.0,92.95,2.05,2753,train
3413320,NJ,New Jersey,Point Pleasant Beach School District,11.46,92.0,90.27,1.73,820,train
3413350,NJ,New Jersey,Pompton Lakes School District,2.96,95.0,95.77,-0.77,1657,test
3413410,NJ,New Jersey,Princeton Public Schools,11.1,96.0,90.92,5.08,3947,train
3413530,NJ,New Jersey,Rahway Public School District,17.43,87.0,86.96,0.04,3799,test
3413560,NJ,New Jersey,RAMAPO INDIAN HILLS REGIONAL HIGH SCHOOL DISTRICT,5.72,97.0,94.13,2.87,2291,test
3413590,NJ,New Jersey,RAMSEY SCHOOL DISTRICT,4.71,98.0,94.81,3.19,2760,train
3413620,NJ,New Jersey,Rancocas Valley Regional High School District,12.03,92.0,90.17,1.83,2111,train
3413650,NJ,New Jersey,Randolph Township School District,9.48,97.0,91.98,5.02,4777,train
3413680,NJ,New Jersey,Hazlet Township Public School District,8.37,97.0,92.54,4.46,2843,train
3413750,NJ,New Jersey,Red Bank Regional School District,7.75,94.0,92.71,1.29,1265,train
3413770,NJ,New Jersey,Ridgefield School District,5.89,82.0,93.94,-11.94,1665,train
3413800,NJ,New Jersey,Ridgefield Park School District,8.62,94.0,92.33,1.67,2309,train
3413830,NJ,New Jersey,Ridgewood Public School District,4.11,97.0,95.38,1.62,5617,train
3414010,NJ,New Jersey,RIVERSIDE TOWNSHIP SCHOOL DISTRICT,11.92,87.0,90.13,-3.13,1384,train
3414280,NJ,New Jersey,ROSELLE PUBLIC SCHOOLS,13.14,88.0,89.56,-1.56,2801,train
3414310,NJ,New Jersey,Roselle Park Public School District,6.23,95.0,93.78,1.22,2053,test
3414340,NJ,New Jersey,Roxbury Township School District,5.56,93.0,94.35,-1.35,3596,train
3414400,NJ,New Jersey,RUMSON-FAIR HAVEN REGIONAL HIGH SCHOOL SCHOOL DISTRICT,6.42,98.0,93.47,4.53,981,train
3414460,NJ,New Jersey,Rutherford School District,4.68,92.0,94.81,-2.81,2586,train
3414490,NJ,New Jersey,SADDLE BROOK SCHOOL DISTRICT,9.04,95.0,91.98,3.02,1670,train
3414580,NJ,New Jersey,Salem County Vocational Technical School District,8.47,95.0,92.14,2.86,815,train
3414640,NJ,New Jersey,Sayreville School District,10.08,92.0,91.68,0.32,6210,train
3414670,NJ,New Jersey,Scotch Plains-Fanwood School District,6.19,96.0,94.07,1.93,5494,train
3414850,NJ,New Jersey,SECAUCUS BOARD OF EDUCATION,6.3,95.0,93.76,1.24,2160,train
3414940,NJ,New Jersey,SHORE REGIONAL HIGH SCHOOL DISTRICT,10.29,95.0,90.94,4.06,651,train
3415090,NJ,New Jersey,SOMERVILLE PUBLIC SCHOOL DISTRICT,9.7,95.0,91.66,3.34,2362,train
3415210,NJ,New Jersey,South Brunswick School District,5.85,96.0,94.41,1.59,8729,train
3415330,NJ,New Jersey,South Orange-Maplewood School District,8.28,94.0,92.83,1.17,6918,train
3415360,NJ,New Jersey,South Plainfield School District,6.83,93.0,93.54,-0.54,3353,train
3415390,NJ,New Jersey,South River Public School District,11.99,87.0,90.22,-3.22,2244,train
3415450,NJ,New Jersey,DELSEA REGIONAL HIGH SCHOOL DISTRICT,13.12,93.0,89.42,3.58,1600,train
3415480,NJ,New Jersey,Southern Regional School District,14.72,93.0,88.58,4.42,2887,train
3415510,NJ,New Jersey,SPARTA TOWNSHIP PUBLIC SCHOOL DISTRICT,25.17,98.0,82.08,15.92,3186,train
3415540,NJ,New Jersey,Spotswood Public School District,10.19,92.0,91.26,0.74,1668,train
3415630,NJ,New Jersey,Springfield Public School District,6.97,92.0,93.35,-1.35,2253,train
3415900,NJ,New Jersey,Summit Public School District,7.59,98.0,93.12,4.88,4005,test
3415930,NJ,New Jersey,Sussex County Technical School District,14.84,95.0,88.16,6.84,795,train
3416080,NJ,New Jersey,Teaneck School District,2.21,93.0,96.44,-3.44,3570,train
3416110,NJ,New Jersey,TENAFLY PUBLIC SCHOOL DISTRICT,3.56,98.0,95.61,2.39,3677,train
3416230,NJ,New Jersey,Toms River Regional School District,11.57,92.0,91.0,1.0,15563,train
3416290,NJ,New Jersey,TRENTON PUBLIC SCHOOL DISTRICT,25.79,68.0,82.05,-14.05,11819,train
3416380,NJ,New Jersey,Union City School District,15.21,85.0,88.66,-3.66,12290,test
3416470,NJ,New Jersey,Barnegat Township School District,14.04,88.0,89.03,-1.03,3148,train
3416500,NJ,New Jersey,Township of Union School District,9.57,93.0,92.03,0.97,7187,train
3416560,NJ,New Jersey,UPPER FREEHOLD REGIONAL SCHOOL DISTRICT,7.64,98.0,92.93,5.07,2277,train
3416710,NJ,New Jersey,Vernon Township School District,11.12,94.0,90.79,3.21,2517,train
3416740,NJ,New Jersey,Verona Public School District,5.82,95.0,94.06,0.94,2215,train
3416800,NJ,New Jersey,Vineland Public School District,20.93,83.0,85.02,-2.02,9404,train
3416860,NJ,New Jersey,Waldwick School District,6.15,95.0,93.77,1.23,1578,train
3416870,NJ,New Jersey,WALLKILL VALLEY REGIONAL HIGH SCHOOL DISTRICT,1.28,92.0,96.55,-4.55,623,train
3416890,NJ,New Jersey,Wall Township Public School District,9.52,98.0,91.87,6.13,3402,train
3416970,NJ,New Jersey,Warren Hills Regional School District,10.47,94.0,91.11,2.89,1806,train
3417070,NJ,New Jersey,Washington Township School District,5.45,96.0,94.61,1.39,7254,train
3417100,NJ,New Jersey,Robbinsville Public Schools,3.71,98.0,95.47,2.53,3153,train
3417220,NJ,New Jersey,WATCHUNG HILLS REGIONAL HIGH SCHOOL DISTRICT,7.93,97.0,92.72,4.28,2031,train
3417280,NJ,New Jersey,Wayne Township Public School District,8.78,95.0,92.56,2.44,7994,test
3417430,NJ,New Jersey,WEST DEPTFORD TOWNSHIP SCHOOL DISTRICT,9.05,95.0,92.12,2.88,2906,train
3417460,NJ,New Jersey,West Essex Regional School District,6.18,97.0,93.76,3.24,1668,train
3417500,NJ,New Jersey,Monmouth County Vocational School District,4.47,97.0,94.82,2.18,1632,train
3417520,NJ,New Jersey,West Milford Township Public School District,7.13,94.0,93.36,0.64,3326,train
3417550,NJ,New Jersey,WEST MORRIS REGIONAL HIGH SCHOOL DISTRICT,5.93,99.0,94.02,4.98,2496,train
3417580,NJ,New Jersey,WEST NEW YORK BOARD OF EDUCATION,9.52,80.0,92.07,-12.07,7392,train
3417610,NJ,New Jersey,West Orange Public Schools,8.46,91.0,92.7,-1.7,6537,train
3417700,NJ,New Jersey,West Windsor-Plainsboro Regional School District,5.19,98.0,94.85,3.15,9704,test
3417760,NJ,New Jersey,Westfield Public School District,3.43,98.0,95.83,2.17,6318,test
3417820,NJ,New Jersey,WESTWOOD REGIONAL SCHOOL DISTRICT,6.6,98.0,93.63,4.37,2744,test
3417920,NJ,New Jersey,WARREN COUNTY TECHNICAL SCHOOL DISTRICT,15.12,95.0,87.84,7.16,463,train
3418000,NJ,New Jersey,WILLINGBORO PUBLIC SCHOOL DISTRICT,18.68,89.0,86.16,2.84,3443,train
3418040,NJ,New Jersey,Union County Vocational-Technical School District,3.44,99.0,95.45,3.55,1568,train
3418060,NJ,New Jersey,Winslow Township School District,6.14,80.0,94.06,-14.06,4720,train
3418120,NJ,New Jersey,Woodbridge Township School District,11.83,93.0,90.8,2.2,13641,test
3418150,NJ,New Jersey,Woodbury City Public School District,12.67,82.0,89.69,-7.69,1547,test
3418300,NJ,New Jersey,Wood-Ridge School District,6.23,92.0,93.66,-1.66,1253,train
3418330,NJ,New Jersey,Woodstown-Pilesgrove Regional School District,9.29,92.0,91.79,0.21,1486,train
3500010,NM,New Mexico,RIO RANCHO PUBLIC SCHOOLS,21.67,85.0,84.72,0.28,17066,train
3500030,NM,New Mexico,ALAMOGORDO PUBLIC SCHOOLS,9.39,80.0,92.1,-12.1,5973,train
3500060,NM,New Mexico,ALBUQUERQUE PUBLIC SCHOOLS,6.76,70.0,94.44,-24.44,83214,train
3500110,NM,New Mexico,NEW AMERICA SCHOOL,74.86,22.0,50.49,-28.49,354,train
3500120,NM,New Mexico,ARTESIA PUBLIC SCHOOLS,29.86,76.0,79.21,-3.21,3861,train
3500150,NM,New Mexico,AZTEC MUNICIPAL SCHOOLS,23.13,77.0,83.35,-6.35,3109,train
3500160,NM,New Mexico,NEW MEXICO CONNECTIONS ACADEMY,44.48,41.0,69.87,-28.87,1711,test
3500180,NM,New Mexico,BELEN CONSOLIDATED SCHOOLS,19.34,71.0,85.78,-14.78,3915,train
3500210,NM,New Mexico,BERNALILLO PUBLIC SCHOOLS,30.69,63.0,78.62,-15.62,2936,train
3500240,NM,New Mexico,BLOOMFIELD SCHOOLS,21.4,75.0,84.42,-9.42,3005,train
3500300,NM,New Mexico,CARLSBAD MUNICIPAL SCHOOLS,10.92,69.0,91.19,-22.19,7005,train
3500390,NM,New Mexico,CENTRAL CONSOLIDATED SCHOOLS,22.71,64.0,83.78,-19.78,5882,test
3500570,NM,New Mexico,CLOVIS MUNICIPAL SCHOOLS,26.53,83.0,81.48,1.52,8022,train
3500690,NM,New Mexico,DEMING PUBLIC SCHOOLS,39.94,71.0,72.95,-1.95,4314,train
3500900,NM,New Mexico,ESPANOLA PUBLIC SCHOOLS,10.72,71.0,91.13,-20.13,3609,train
3500990,NM,New Mexico,FARMINGTON MUNICIPAL SCHOOLS,17.71,75.0,87.08,-12.08,11317,train
3501080,NM,New Mexico,GADSDEN INDEPENDENT SCHOOLS,17.68,82.0,87.14,-5.14,13123,train
3501110,NM,New Mexico,GALLUP-MCKINLEY CTY SCHOOLS,35.61,73.0,75.91,-2.91,11488,test
3501170,NM,New Mexico,GRANTS-CIBOLA COUNTY SCHOOLS,27.4,62.0,80.73,-18.73,3559,train
3501260,NM,New Mexico,HOBBS MUNICIPAL SCHOOLS,21.01,89.0,84.99,4.01,10009,train
3501500,NM,New Mexico,LAS CRUCES PUBLIC SCHOOLS,11.01,86.0,91.47,-5.47,24602,train
3501560,NM,New Mexico,WEST LAS VEGAS PUBLIC SCHOOLS,19.64,72.0,85.33,-13.33,1497,train
3501650,NM,New Mexico,LOS ALAMOS PUBLIC SCHOOLS,18.13,89.0,86.52,2.48,3691,train
3501680,NM,New Mexico,LOS LUNAS PUBLIC SCHOOLS,16.9,74.0,87.51,-13.51,8580,train
3501740,NM,New Mexico,LOVINGTON MUNICIPAL SCHOOLS,15.73,83.0,88.01,-5.01,3656,test
3501890,NM,New Mexico,MORIARTY-EDGEWOOD SCHOOL DISTRICT,27.91,74.0,80.3,-6.3,2397,train
3502070,NM,New Mexico,POJOAQUE VALLEY PUBLIC SCHOOLS,26.17,82.0,81.33,0.67,1968,train
3502100,NM,New Mexico,PORTALES MUNICIPAL SCHOOLS,12.75,65.0,89.79,-24.79,2768,test
3502250,NM,New Mexico,ROSWELL INDEPENDENT SCHOOLS,18.2,68.0,86.74,-18.74,9967,test
3502310,NM,New Mexico,RUIDOSO MUNICIPAL SCHOOLS,29.81,82.0,79.07,2.93,2026,train
3502370,NM,New Mexico,SANTA FE PUBLIC SCHOOLS,29.65,73.0,79.64,-6.64,11833,test
3502430,NM,New Mexico,SILVER CONSOLIDATED SCHOOLS,22.54,79.0,83.67,-4.67,2573,train
3502460,NM,New Mexico,SOCORRO CONSOLIDATED SCHOOLS,15.98,72.0,87.65,-15.65,1702,train
3502520,NM,New Mexico,TAOS MUNICIPAL SCHOOLS,21.76,72.0,84.17,-12.17,2684,train
3600004,NY,New York,ROTTERDAM-MOHONASEN CENTRAL SCHOOL DISTRICT,15.04,88.0,88.4,-0.4,3046,test
3600005,NY,New York,BROADALBIN-PERTH CENTRAL SCHOOL DISTRICT,19.01,92.0,85.78,6.22,1815,train
3600008,NY,New York,SOUTH COUNTRY CENTRAL SCHOOL DISTRICT,28.41,85.0,80.14,4.86,4312,test
3600009,NY,New York,SARANAC CENTRAL SCHOOL DISTRICT,11.13,87.0,90.65,-3.65,1501,test
3600010,NY,New York,COBLESKILL-RICHMONDVILLE CENTRAL SCHOOL DISTRICT,14.5,82.0,88.59,-6.59,1800,test
3600011,NY,New York,WAYLAND-COHOCTON CENTRAL SCHOOL DISTRICT,13.97,92.0,88.86,3.14,1446,test
3600013,NY,New York,ONEIDA CITY SCHOOL DISTRICT,20.8,77.0,84.69,-7.69,2000,test
3600014,NY,New York,WATERLOO CENTRAL SCHOOL DISTRICT,19.07,82.0,85.7,-3.7,1568,train
3600016,NY,New York,AVERILL PARK CENTRAL SCHOOL DISTRICT,8.77,84.0,92.29,-8.29,2873,train
3600018,NY,New York,CHAUTAUQUA LAKE CENTRAL SCHOOL DISTRICT,14.81,77.0,88.18,-11.18,797,test
3600021,NY,New York,MATTITUCK-CUTCHOGUE UNION FREE SCHOOL DISTRICT,9.0,92.0,91.91,0.09,1167,train
3600025,NY,New York,CHARTER SCHOOL FOR APPLIED TECHNOLOGIES,14.17,95.0,88.84,6.16,2180,train
3600053,NY,New York,JOHN V LINDSAY WILDCAT ACADEMY CHARTER SCHOOL,77.92,18.0,48.66,-30.66,480,train
3600115,NY,New York,WILLIAMSBURG CHARTER HIGH SCHOOL,43.53,83.0,70.29,12.71,928,train
3600125,NY,New York,EASTPORT-SOUTH MANOR CSD,9.08,96.0,92.14,3.86,3358,train
3601022,NY,New York,HEALTH SCIENCES CHARTER SCHOOL,41.32,87.0,71.47,15.53,438,train
3601061,NY,New York,NEW DAWN CHARTER HIGH SCHOOL,57.46,22.0,61.27,-39.27,268,train
3601072,NY,New York,NEW VISIONS CHTR HS-ADV MA/SCI II,24.82,95.0,81.83,13.17,544,train
3601087,NY,New York,CENTRAL VALLEY CSD AT ILION-MOHAWK,23.82,82.0,82.84,-0.84,2284,train
3601088,NY,New York,NEW VISIONS CHTR HS-ADV MA/SCI III,20.29,92.0,84.58,7.42,409,test
3601103,NY,New York,NEW VISIONS CHARTER HIGH SCHOOL FOR THE HUMANITIES III,30.91,82.0,77.9,4.1,330,train
3602340,NY,New York,SOUTH JEFFERSON CENTRAL SCHOOL DISTRICT,13.48,92.0,89.26,2.74,2077,train
3602430,NY,New York,AKRON CENTRAL SCHOOL DISTRICT,12.4,82.0,89.83,-7.83,1363,train
3602460,NY,New York,ALBANY CITY SCHOOL DISTRICT,26.74,64.0,81.39,-17.39,9119,train
3602520,NY,New York,ALBION CENTRAL SCHOOL DISTRICT,17.05,87.0,87.0,0.0,1812,test
3602550,NY,New York,ALDEN CENTRAL SCHOOL DISTRICT,13.57,92.0,89.14,2.86,1621,train
3602730,NY,New York,WINDSOR CENTRAL SCHOOL DISTRICT,10.79,92.0,90.89,1.11,1678,train
3602820,NY,New York,ALTMAR-PARISH-WILLIAMSTOWN CENTRAL SCHOOL DISTRICT,22.19,82.0,83.69,-1.69,1226,test
3602920,NY,New York,AMHERST CENTRAL SCHOOL DISTRICT,9.89,93.0,91.59,1.41,2892,train
3602940,NY,New York,AMITYVILLE UNION FREE SCHOOL DISTRICT,18.7,74.0,86.11,-12.11,3069,train
3602970,NY,New York,AMSTERDAM CITY SCHOOL DISTRICT,35.88,68.0,75.44,-7.44,3662,train
3603180,NY,New York,ARDSLEY UNION FREE SCHOOL DISTRICT,4.61,92.0,94.82,-2.82,2213,train
3603270,NY,New York,ARLINGTON CENTRAL SCHOOL DISTRICT,15.08,88.0,88.63,-0.63,8148,train
3603420,NY,New York,ATTICA CENTRAL SCHOOL DISTRICT,16.49,92.0,87.24,4.76,1213,train
3603480,NY,New York,AUBURN CITY SCHOOL DISTRICT,23.85,81.0,82.98,-1.98,4139,train
3603720,NY,New York,BABYLON UNION FREE SCHOOL DISTRICT,11.78,92.0,90.26,1.74,1588,train
3603840,NY,New York,BALDWIN UNION FREE SCHOOL DISTRICT,15.33,94.0,88.32,5.68,4540,train
3603870,NY,New York,BALDWINSVILLE CENTRAL SCHOOL DISTRICT,12.44,91.0,90.17,0.83,5450,train
3603930,NY,New York,BALLSTON SPA CENTRAL SCHOOL DISTRICT,15.19,88.0,88.41,-0.41,4653,train
3603990,NY,New York,BATAVIA CITY SCHOOL DISTRICT,21.84,92.0,84.07,7.93,2312,test
3604050,NY,New York,BATH CENTRAL SCHOOL DISTRICT,26.19,87.0,81.16,5.84,1096,train
3604080,NY,New York,BAY SHORE UNION FREE SCHOOL DISTRICT,6.38,90.0,93.97,-3.97,5877,train
3604110,NY,New York,BAYPORT-BLUE POINT UNION FREE SCHOOL DISTRICT,12.26,97.0,90.03,6.97,2161,train
3604140,NY,New York,BEACON CITY SCHOOL DISTRICT,18.5,83.0,86.22,-3.22,2935,train
3604290,NY,New York,BEEKMANTOWN CENTRAL SCHOOL DISTRICT,15.78,92.0,87.83,4.17,2041,train
3604710,NY,New York,BETHLEHEM CENTRAL SCHOOL DISTRICT,7.8,93.0,93.02,-0.02,4513,train
3604740,NY,New York,BETHPAGE UNION FREE SCHOOL DISTRICT,5.43,98.0,94.38,3.62,2930,train
3604870,NY,New York,BINGHAMTON CITY SCHOOL DISTRICT,38.97,65.0,73.61,-8.61,5353,test
3605280,NY,New York,BRENTWOOD UNION FREE SCHOOL DISTRICT,18.05,73.0,87.01,-14.01,19073,test
3605310,NY,New York,BREWSTER CENTRAL SCHOOL DISTRICT,10.94,94.0,90.96,3.04,3081,test
3605340,NY,New York,BRIARCLIFF MANOR UNION FREE SCHOOL DISTRICT,5.57,95.0,94.1,0.9,1435,train
3605460,NY,New York,BRIGHTON CENTRAL SCHOOL DISTRICT,7.4,96.0,93.2,2.8,3542,train
3605580,NY,New York,BROCKPORT CENTRAL SCHOOL DISTRICT,14.55,88.0,88.73,-0.73,3334,train
3605640,NY,New York,BRONXVILLE UNION FREE SCHOOL DISTRICT,3.77,95.0,95.26,-0.26,1646,test
3605850,NY,New York,BUFFALO CITY SCHOOL DISTRICT,50.69,65.0,66.77,-1.77,31066,train
3605940,NY,New York,BURNT HILLS-BALLSTON LAKE CENTRAL SCHOOL DISTRICT,8.58,98.0,92.42,5.58,3030,train
3606060,NY,New York,BYRAM HILLS CENTRAL SCHOOL DISTRICT,2.94,99.0,95.88,3.12,2350,train
3606160,NY,New York,CAIRO-DURHAM CENTRAL SCHOOL DISTRICT,29.79,82.0,78.94,3.06,1195,train
3606240,NY,New York,CAMDEN CENTRAL SCHOOL DISTRICT,17.08,87.0,87.03,-0.03,2190,train
3606330,NY,New York,CANANDAIGUA CITY SCHOOL DISTRICT,7.51,92.0,93.13,-1.13,3502,test
3606390,NY,New York,CANASTOTA CENTRAL SCHOOL DISTRICT,17.06,77.0,86.9,-9.9,1301,train
3606470,NY,New York,CANTON CENTRAL SCHOOL DISTRICT,22.51,92.0,83.51,8.49,1333,train
3606500,NY,New York,SPACKENKILL UNION FREE SCHOOL DISTRICT,11.76,95.0,90.24,4.76,1462,train
3606540,NY,New York,CARLE PLACE UNION FREE SCHOOL DISTRICT,8.25,87.0,92.43,-5.43,1431,train
3606570,NY,New York,CARMEL CENTRAL SCHOOL DISTRICT,8.49,90.0,92.56,-2.56,4109,train
3606630,NY,New York,CARTHAGE CENTRAL SCHOOL DISTRICT,15.61,87.0,88.05,-1.05,3204,train
3606720,NY,New York,CATSKILL CENTRAL SCHOOL DISTRICT,26.66,92.0,80.95,11.05,1448,test
3606780,NY,New York,CAZENOVIA CENTRAL SCHOOL DISTRICT,9.76,95.0,91.49,3.51,1435,train
3606840,NY,New York,CENTER MORICHES UNION FREE SCHOOL DISTRICT,11.57,87.0,90.38,-3.38,1565,train
3606870,NY,New York,CENTRAL ISLIP UNION FREE SCHOOL DISTRICT,32.51,85.0,77.74,7.26,7579,test
3606900,NY,New York,CENTRAL SQUARE CENTRAL SCHOOL DISTRICT,21.56,87.0,84.39,2.61,3854,train
3606990,NY,New York,CHAPPAQUA CENTRAL SCHOOL DISTRICT,4.62,97.0,94.95,2.05,3789,train
3607020,NY,New York,GRAND ISLAND CENTRAL SCHOOL DISTRICT,9.25,95.0,92.0,3.0,2909,train
3607230,NY,New York,CHEEKTOWAGA CENTRAL SCHOOL DISTRICT,19.16,82.0,85.74,-3.74,2182,train
3607260,NY,New York,CHENANGO FORKS CENTRAL SCHOOL DISTRICT,13.68,95.0,89.06,5.94,1542,train
3607290,NY,New York,CHENANGO VALLEY CENTRAL SCHOOL DISTRICT,12.4,92.0,89.88,2.12,1701,train
3607320,NY,New York,WESTHILL CENTRAL SCHOOL DISTRICT,9.07,92.0,91.98,0.02,1776,train
3607470,NY,New York,CHITTENANGO CENTRAL SCHOOL DISTRICT,14.76,87.0,88.45,-1.45,1971,train
3607530,NY,New York,CHURCHVILLE-CHILI CENTRAL SCHOOL DISTRICT,8.76,90.0,92.37,-2.37,3858,train
3607590,NY,New York,CLARENCE CENTRAL SCHOOL DISTRICT,9.36,96.0,92.03,3.97,4357,test
3607980,NY,New York,COHOES CITY SCHOOL DISTRICT,25.1,82.0,82.02,-0.02,2092,train
3608010,NY,New York,COLD SPRING HARBOR CENTRAL SCHOOL DISTRICT,8.0,95.0,92.63,2.37,1749,train
3608130,NY,New York,COMMACK UNION FREE SCHOOL DISTRICT,5.9,98.0,94.29,3.71,6138,test
3608160,NY,New York,CONNETQUOT CENTRAL SCHOOL DISTRICT,9.47,93.0,92.04,0.96,5810,train
3608310,NY,New York,COPIAGUE UNION FREE SCHOOL DISTRICT,14.3,90.0,88.99,1.01,4959,train
3608400,NY,New York,CORNING CITY SCHOOL DISTRICT,17.86,83.0,86.76,-3.76,4837,train
3608430,NY,New York,CORNWALL CENTRAL SCHOOL DISTRICT,12.0,93.0,90.3,2.7,3151,test
3608460,NY,New York,CORTLAND CITY SCHOOL DISTRICT,21.63,87.0,84.21,2.79,2358,test
3608490,NY,New York,COXSACKIE-ATHENS CENTRAL SCHOOL DISTRICT,19.28,92.0,85.53,6.47,1328,train
3608580,NY,New York,CROTON-HARMON UNION FREE SCHOOL DISTRICT,4.23,95.0,94.97,0.03,1608,test
3608790,NY,New York,DANSVILLE CENTRAL SCHOOL DISTRICT,18.94,87.0,85.77,1.23,1515,test
3608880,NY,New York,DEER PARK UNION FREE SCHOOL DISTRICT,16.43,89.0,87.61,1.39,4126,train
3608970,NY,New York,YORKSHIRE-PIONEER CENTRAL SCHOOL DISTRICT,16.96,87.0,87.14,-0.14,2441,train
3609030,NY,New York,DEPEW UNION FREE SCHOOL DISTRICT,15.85,92.0,87.75,4.25,1804,train
3609090,NY,New York,JAMESVILLE-DEWITT CENTRAL SCHOOL DISTRICT,11.42,95.0,90.63,4.37,2812,train
3609120,NY,New York,DOBBS FERRY UNION FREE SCHOOL DISTRICT,8.29,95.0,92.41,2.59,1472,train
3609210,NY,New York,DOVER UNION FREE SCHOOL DISTRICT,22.27,82.0,83.66,-1.66,1338,train
3609330,NY,New York,DRYDEN CENTRAL SCHOOL DISTRICT,12.65,72.0,89.69,-17.69,1439,train
3609420,NY,New York,DUNKIRK CITY SCHOOL DISTRICT,24.55,77.0,82.35,-5.35,2073,train
3609540,NY,New York,EAST AURORA UNION FREE SCHOOL DISTRICT,6.06,95.0,93.85,1.15,1798,train
3609630,NY,New York,EAST GREENBUSH CENTRAL SCHOOL DISTRICT,11.74,96.0,90.53,5.47,4028,train
3609660,NY,New York,EAST HAMPTON UNION FREE SCHOOL DISTRICT,14.78,82.0,88.42,-6.42,1820,train
3609690,NY,New York,EAST IRONDEQUOIT CENTRAL SCHOOL DISTRICT,16.59,91.0,87.43,3.57,3092,train
3609720,NY,New York,EAST ISLIP UNION FREE SCHOOL DISTRICT,12.81,93.0,89.84,3.16,3740,train
3609840,NY,New York,EAST MEADOW UNION FREE SCHOOL DISTRICT,11.27,97.0,90.97,6.03,7092,train
3609990,NY,New York,EAST SYRACUSE MINOA CENTRAL SCHOOL DISTRICT,15.66,93.0,88.04,4.96,3429,test
3610050,NY,New York,EAST WILLISTON UNION FREE SCHOOL DISTRICT,5.63,95.0,94.11,0.89,1705,train
3610080,NY,New York,EASTCHESTER UNION FREE SCHOOL DISTRICT,6.94,93.0,93.47,-0.47,3257,train
3610170,NY,New York,EDEN CENTRAL SCHOOL DISTRICT,11.2,92.0,90.58,1.42,1375,train
3610200,NY,New York,EDGEMONT UNION FREE SCHOOL DISTRICT,3.81,95.0,95.29,-0.29,2019,train
3610500,NY,New York,ELLENVILLE CENTRAL SCHOOL DISTRICT,35.47,82.0,75.47,6.53,1573,train
3610560,NY,New York,ELMIRA CITY SCHOOL DISTRICT,32.06,68.0,77.96,-9.96,6023,train
3610680,NY,New York,ELWOOD UNION FREE SCHOOL DISTRICT,9.35,96.0,91.86,4.14,2193,train
3610710,NY,New York,UNION-ENDICOTT CENTRAL SCHOOL DISTRICT,25.38,86.0,82.0,4.0,3787,test
3610890,NY,New York,FAIRPORT CENTRAL SCHOOL DISTRICT,8.09,96.0,92.91,3.09,5860,train
3610950,NY,New York,FALLSBURG CENTRAL SCHOOL DISTRICT,32.03,67.0,77.58,-10.58,1386,train
3610980,NY,New York,FARMINGDALE UNION FREE SCHOOL DISTRICT,13.62,90.0,89.44,0.56,5608,train
3611520,NY,New York,FREDONIA CENTRAL SCHOOL DISTRICT,11.03,92.0,90.71,1.29,1550,train
3611550,NY,New York,FREEPORT UNION FREE SCHOOL DISTRICT,21.74,79.0,84.43,-5.43,6803,train
3611670,NY,New York,FRONTIER CENTRAL SCHOOL DISTRICT,9.6,90.0,91.91,-1.91,4782,train
3611700,NY,New York,FULTON CITY SCHOOL DISTRICT,28.69,83.0,79.9,3.1,3388,train
3611760,NY,New York,GARDEN CITY UNION FREE SCHOOL DISTRICT,5.49,97.0,94.42,2.58,3881,train
3611880,NY,New York,GATES-CHILI CENTRAL SCHOOL DISTRICT,13.31,80.0,89.55,-9.55,4019,train
3611910,NY,New York,GENERAL BROWN CENTRAL SCHOOL DISTRICT,14.4,87.0,88.59,-1.59,1458,train
3611970,NY,New York,GENEVA CITY SCHOOL DISTRICT,23.56,82.0,82.99,-0.99,2182,test
3612180,NY,New York,GLEN COVE CITY SCHOOL DISTRICT,23.91,76.0,82.87,-6.87,3187,test
3612240,NY,New York,GLENS FALLS CITY SCHOOL DISTRICT,17.61,87.0,86.68,0.32,2033,train
3612270,NY,New York,GLOVERSVILLE CITY SCHOOL DISTRICT,42.38,66.0,71.3,-5.3,2676,train
3612330,NY,New York,GOSHEN CENTRAL SCHOOL DISTRICT,11.6,89.0,90.52,-1.52,2879,test
3612360,NY,New York,GOUVERNEUR CENTRAL SCHOOL DISTRICT,20.72,77.0,84.68,-7.68,1612,train
3612450,NY,New York,GRANVILLE CENTRAL SCHOOL DISTRICT,18.48,82.0,85.97,-3.97,1066,train
3612510,NY,New York,GREAT NECK UNION FREE SCHOOL DISTRICT,6.57,94.0,93.88,0.12,6381,train
3612630,NY,New York,GREECE CENTRAL SCHOOL DISTRICT,19.18,91.0,86.15,4.85,10760,train
3612720,NY,New York,GREENBURGH CENTRAL SCHOOL DISTRICT,15.92,87.0,87.58,-0.58,1118,train
3612990,NY,New York,SPRINGVILLE-GRIFFITH INSTITUTE CENTRAL SCHOOL DISTRICT,8.05,92.0,92.6,-0.6,1715,train
3613080,NY,New York,GUILDERLAND CENTRAL SCHOOL DISTRICT,9.3,94.0,92.1,1.9,4828,train
3613290,NY,New York,HALF HOLLOW HILLS CENTRAL SCHOOL DISTRICT,10.95,94.0,91.21,2.79,8189,train
3613350,NY,New York,HAMBURG CENTRAL SCHOOL DISTRICT,7.74,92.0,92.99,-0.99,3553,train
3613530,NY,New York,HAMPTON BAYS UNION FREE SCHOOL DISTRICT,7.9,92.0,92.75,-0.75,2101,train
3613590,NY,New York,HANNIBAL CENTRAL SCHOOL DISTRICT,30.47,82.0,78.56,3.44,1421,train
3613620,NY,New York,HARBORFIELDS CENTRAL SCHOOL DISTRICT,6.8,98.0,93.54,4.46,3103,train
3613740,NY,New York,HARRISON CENTRAL SCHOOL DISTRICT,4.78,99.0,94.84,4.16,3577,train
3613950,NY,New York,HASTINGS-ON-HUDSON UNION FREE SCHOOL DISTRICT,5.17,95.0,94.39,0.61,1626,test
3613980,NY,New York,HAUPPAUGE UNION FREE SCHOOL DISTRICT,8.08,95.0,92.77,2.23,3466,train
3614010,NY,New York,HAVERSTRAW-STONY POINT CSD (NORTH ROCKLAND),12.51,83.0,90.23,-7.23,7896,train
3614130,NY,New York,HEMPSTEAD UNION FREE SCHOOL DISTRICT,41.59,41.0,72.07,-31.07,7672,test
3614190,NY,New York,HENDRICK HUDSON CENTRAL SCHOOL DISTRICT,8.88,95.0,92.16,2.84,2320,train
3614280,NY,New York,HERRICKS UNION FREE SCHOOL DISTRICT,3.48,97.0,95.68,1.32,3965,test
3614340,NY,New York,HICKSVILLE UNION FREE SCHOOL DISTRICT,16.33,89.0,87.74,1.26,5351,train
3614400,NY,New York,HIGHLAND CENTRAL SCHOOL DISTRICT,16.92,95.0,87.07,7.93,1726,train
3614430,NY,New York,HIGHLAND FALLS CENTRAL SCHOOL DISTRICT,19.9,92.0,85.07,6.93,1050,train
3614460,NY,New York,HILTON CENTRAL SCHOOL DISTRICT,0.28,94.0,97.4,-3.4,1436,test
3614580,NY,New York,HOLLAND PATENT CENTRAL SCHOOL DISTRICT,15.63,92.0,87.81,4.19,1388,train
3614640,NY,New York,HOMER CENTRAL SCHOOL DISTRICT,10.41,92.0,91.16,0.84,1874,train
3614700,NY,New York,HONEOYE FALLS-LIMA CENTRAL SCHOOL DISTRICT,6.06,95.0,93.9,1.1,2160,train
3614730,NY,New York,HOOSIC VALLEY CENTRAL SCHOOL DISTRICT,12.36,92.0,89.74,2.26,922,test
3614760,NY,New York,HOOSICK FALLS CENTRAL SCHOOL DISTRICT,15.11,82.0,88.09,-6.09,1158,train
3614820,NY,New York,HORNELL CITY SCHOOL DISTRICT,16.29,87.0,87.45,-0.45,1627,test
3614850,NY,New York,HORSEHEADS CENTRAL SCHOOL DISTRICT,12.93,86.0,89.79,-3.79,4139,train
3614940,NY,New York,HUDSON CITY SCHOOL DISTRICT,20.41,77.0,84.89,-7.89,1754,train
3614970,NY,New York,HUDSON FALLS CENTRAL SCHOOL DISTRICT,23.49,77.0,83.05,-6.05,2367,test
3615090,NY,New York,HUNTINGTON UNION FREE SCHOOL DISTRICT,20.7,93.0,84.97,8.03,4512,train
3615180,NY,New York,HYDE PARK CENTRAL SCHOOL DISTRICT,24.06,79.0,82.8,-3.8,3467,test
3615210,NY,New York,KINDERHOOK CENTRAL SCHOOL DISTRICT,10.5,87.0,91.08,-4.08,1734,train
3615300,NY,New York,INDIAN RIVER CENTRAL SCHOOL DISTRICT,20.31,92.0,85.16,6.84,3761,test
3615360,NY,New York,IROQUOIS CENTRAL SCHOOL DISTRICT,7.51,96.0,93.0,3.0,2197,train
3615390,NY,New York,WEST IRONDEQUOIT CENTRAL SCHOOL DISTRICT,11.46,93.0,90.67,2.33,3579,train
3615450,NY,New York,IRVINGTON UNION FREE SCHOOL DISTRICT,6.59,95.0,93.51,1.49,1744,train
3615510,NY,New York,ISLAND TREES UNION FREE SCHOOL DISTRICT,6.89,95.0,93.39,1.61,2207,train
3615540,NY,New York,ISLIP UNION FREE SCHOOL DISTRICT,14.29,97.0,88.84,8.16,2813,test
3615570,NY,New York,ITHACA CITY SCHOOL DISTRICT,16.77,86.0,87.46,-1.46,5330,train
3615630,NY,New York,JAMESTOWN CITY SCHOOL DISTRICT,37.72,75.0,74.37,0.63,4807,train
3615780,NY,New York,BROOKHAVEN-COMSEWOGUE UNION FREE SCHOOL DISTRICT,17.34,90.0,87.04,2.96,4072,train
3615810,NY,New York,JERICHO UNION FREE SCHOOL DISTRICT,7.28,98.0,93.24,4.76,3037,train
3615900,NY,New York,JOHNSON CITY CENTRAL SCHOOL DISTRICT,27.15,82.0,80.78,1.22,2438,train
3615980,NY,New York,JOHNSTOWN CITY SCHOOL DISTRICT,25.43,77.0,81.77,-4.77,1809,test
3615990,NY,New York,JORDAN-ELBRIDGE CENTRAL SCHOOL DISTRICT,22.58,82.0,83.47,-1.47,1333,train
3616080,NY,New York,KATONAH-LEWISBORO UNION FREE SCHOOL DISTRICT,5.13,99.0,94.54,4.46,2689,train
3616170,NY,New York,AUSABLE VALLEY CENTRAL SCHOOL DISTRICT,14.3,87.0,88.62,-1.62,1252,train
3616230,NY,New York,KENMORE-TONAWANDA UNION FREE SCHOOL DISTRICT,12.67,87.0,90.08,-3.08,6591,train
3616260,NY,New York,KINGS PARK CENTRAL SCHOOL DISTRICT,7.26,96.0,93.26,2.74,3156,train
3616290,NY,New York,KINGSTON CITY SCHOOL DISTRICT,29.67,81.0,79.46,1.54,6275,train
3616440,NY,New York,LACKAWANNA CITY SCHOOL DISTRICT,38.02,67.0,73.94,-6.94,1986,train
3616560,NY,New York,EVANS-BRANT CENTRAL SCHOOL DISTRICT (LAKE SHORE),19.79,89.0,85.35,3.65,2304,train
3616620,NY,New York,LAKELAND CENTRAL SCHOOL DISTRICT,6.04,94.0,94.18,-0.18,5662,train
3616680,NY,New York,LANCASTER CENTRAL SCHOOL DISTRICT,5.74,96.0,94.36,1.64,5643,train
3616740,NY,New York,LANSINGBURGH CENTRAL SCHOOL DISTRICT,37.65,77.0,74.23,2.77,2486,test
3616830,NY,New York,LAWRENCE UNION FREE SCHOOL DISTRICT,28.0,82.0,80.26,1.74,2546,train
3616980,NY,New York,NORTH ROSE-WOLCOTT CENTRAL SCHOOL DISTRICT,17.4,87.0,86.67,0.33,1201,train
3617160,NY,New York,LEVITTOWN UNION FREE SCHOOL DISTRICT,6.11,94.0,94.19,-0.19,7006,train
3617190,NY,New York,LEWISTON-PORTER CENTRAL SCHOOL DISTRICT,9.75,92.0,91.58,0.42,1970,train
3617220,NY,New York,LIBERTY CENTRAL SCHOOL DISTRICT,36.28,72.0,74.98,-2.98,1687,train
3617380,NY,New York,LINDENHURST UNION FREE SCHOOL DISTRICT,10.96,91.0,91.1,-0.1,5691,train
3617520,NY,New York,LIVERPOOL CENTRAL SCHOOL DISTRICT,15.93,86.0,88.06,-2.06,7024,train
3617640,NY,New York,LIVONIA CENTRAL SCHOOL DISTRICT,13.06,95.0,89.44,5.56,1501,train
3617670,NY,New York,LOCKPORT CITY SCHOOL DISTRICT,21.25,88.0,84.61,3.39,4339,train
3617700,NY,New York,LOCUST VALLEY CENTRAL SCHOOL DISTRICT,15.61,95.0,87.88,7.12,1653,train
3617730,NY,New York,LONG BEACH CITY SCHOOL DISTRICT,17.28,91.0,87.05,3.95,3830,train
3617910,NY,New York,LYNBROOK UNION FREE SCHOOL DISTRICT,6.53,93.0,93.68,-0.68,2804,train
3618120,NY,New York,MAHOPAC CENTRAL SCHOOL DISTRICT,7.54,95.0,93.15,1.85,4137,train
3618150,NY,New York,MAINE-ENDWELL CENTRAL SCHOOL DISTRICT,14.39,92.0,88.75,3.25,2516,train
3618180,NY,New York,MALONE CENTRAL SCHOOL DISTRICT,15.85,87.0,87.82,-0.82,2359,train
3618210,NY,New York,MALVERNE UNION FREE SCHOOL DISTRICT,11.5,92.0,90.51,1.49,2173,train
3618240,NY,New York,MAMARONECK UNION FREE SCHOOL DISTRICT,7.07,92.0,93.53,-1.53,5589,train
3618270,NY,New York,MANHASSET UNION FREE SCHOOL DISTRICT,4.73,99.0,94.85,4.15,3276,train
3618330,NY,New York,FAYETTEVILLE-MANLIUS CENTRAL SCHOOL DISTRICT,7.13,95.0,93.42,1.58,4224,test
3618480,NY,New York,MARCELLUS CENTRAL SCHOOL DISTRICT,10.22,95.0,91.23,3.77,1595,train
3618570,NY,New York,MARLBORO CENTRAL SCHOOL DISTRICT,20.4,92.0,84.92,7.08,1873,test
3618600,NY,New York,CHEEKTOWAGA-MARYVALE UNION FREE SCHOOL DISTRICT,19.87,87.0,85.3,1.7,2260,train
3618630,NY,New York,MASSAPEQUA UNION FREE SCHOOL DISTRICT,10.77,97.0,91.28,5.72,6890,train
3618660,NY,New York,MASSENA CENTRAL SCHOOL DISTRICT,18.78,83.0,86.02,-3.02,2625,train
3618690,NY,New York,WILLIAM FLOYD UNION FREE SCHOOL DISTRICT,26.91,83.0,81.27,1.73,8708,train
3618960,NY,New York,MEDINA CENTRAL SCHOOL DISTRICT,14.89,87.0,88.3,-1.3,1531,train
3619020,NY,New York,BELLMORE-MERRICK CENTRAL HIGH SCHOOL DISTRICT,10.06,95.0,91.65,3.35,5348,train
3619170,NY,New York,MEXICO CENTRAL SCHOOL DISTRICT,20.8,87.0,84.7,2.3,2072,train
3619200,NY,New York,MIDDLE COUNTRY CENTRAL SCHOOL DISTRICT,9.49,91.0,92.16,-1.16,9428,test
3619230,NY,New York,LONGWOOD CENTRAL SCHOOL DISTRICT,20.29,85.0,85.41,-0.41,9144,test
3619320,NY,New York,MIDDLETOWN CITY SCHOOL DISTRICT,24.18,81.0,82.92,-1.92,7242,train
3619410,NY,New York,MILLER PLACE UNION FREE SCHOOL DISTRICT,9.15,93.0,92.03,0.97,2611,train
3619500,NY,New York,MINEOLA UNION FREE SCHOOL DISTRICT,9.72,95.0,91.69,3.31,2859,train
3619560,NY,New York,MINISINK VALLEY CENTRAL SCHOOL DISTRICT,16.98,93.0,87.23,5.77,3639,train
3619650,NY,New York,MONROE-WOODBURY CENTRAL SCHOOL DISTRICT,9.53,94.0,92.04,1.96,6735,test
3619680,NY,New York,VALLEY CENTRAL SCHOOL DISTRICT (MONTGOMERY),16.92,93.0,87.3,5.7,4190,train
3619740,NY,New York,MONTICELLO CENTRAL SCHOOL DISTRICT,34.82,78.0,76.03,1.97,2883,train
3619950,NY,New York,BEDFORD CENTRAL SCHOOL DISTRICT,8.9,91.0,92.3,-1.3,4044,train
3620040,NY,New York,MOUNT SINAI UNION FREE SCHOOL DISTRICT,10.81,95.0,90.95,4.05,2266,train
3620100,NY,New York,MOUNT VERNON SCHOOL DISTRICT,27.64,69.0,80.79,-11.79,7999,train
3620160,NY,New York,MOUNT PLEASANT CENTRAL SCHOOL DISTRICT,9.44,95.0,91.77,3.23,1991,test
3620190,NY,New York,NANUET UNION FREE SCHOOL DISTRICT,8.98,92.0,92.08,-0.08,2182,test
3620340,NY,New York,CLARKSTOWN CENTRAL SCHOOL DISTRICT,12.89,96.0,89.99,6.01,7996,train
3620370,NY,New York,NEW HARTFORD CENTRAL SCHOOL DISTRICT,7.83,99.0,92.84,6.16,2479,train
3620460,NY,New York,NEW PALTZ CENTRAL SCHOOL DISTRICT,17.6,92.0,86.71,5.29,2171,train
3620490,NY,New York,NEW ROCHELLE CITY SCHOOL DISTRICT,18.37,81.0,86.64,-5.64,10395,train
3620640,NY,New York,NEWARK CENTRAL SCHOOL DISTRICT,20.14,87.0,85.12,1.88,2145,train
3620670,NY,New York,NEWARK VALLEY CENTRAL SCHOOL DISTRICT,14.5,92.0,88.47,3.53,1159,test
3620700,NY,New York,NEWBURGH CITY SCHOOL DISTRICT,22.34,74.0,84.18,-10.18,11141,train
3620760,NY,New York,NEWFANE CENTRAL SCHOOL DISTRICT,13.54,95.0,89.14,5.86,1507,train
3620820,NY,New York,NIAGARA FALLS CITY SCHOOL DISTRICT,56.56,69.0,62.71,6.29,7017,train
3620850,NY,New York,NIAGARA-WHEATFIELD CENTRAL SCHOOL DISTRICT,15.07,89.0,88.41,0.59,3516,train
3620880,NY,New York,NISKAYUNA CENTRAL SCHOOL DISTRICT,7.41,95.0,93.25,1.75,4304,test
3620910,NY,New York,NORTH BABYLON UNION FREE SCHOOL DISTRICT,17.29,92.0,87.1,4.9,4564,train
3621000,NY,New York,NORTH COLONIE CSD,8.25,93.0,92.8,0.2,5686,train
3621210,NY,New York,NORTH SYRACUSE CENTRAL SCHOOL DISTRICT,17.12,88.0,87.38,0.62,8797,train
3621240,NY,New York,NORTH TONAWANDA CITY SCHOOL DISTRICT,17.6,85.0,86.82,-1.82,3353,train
3621250,NY,New York,NORTHEASTERN CLINTON CENTRAL SCHOOL DISTRICT,15.28,92.0,88.03,3.97,1361,train
3621270,NY,New York,NORTHPORT-EAST NORTHPORT UNION FREE SCHOOL DISTRICT,8.24,94.0,92.78,1.22,5338,train
3621330,NY,New York,NORWICH CITY SCHOOL DISTRICT,17.35,82.0,86.82,-4.82,1833,train
3621480,NY,New York,NYACK UNION FREE SCHOOL DISTRICT,13.13,86.0,89.58,-3.58,2963,test
3621570,NY,New York,OCEANSIDE UNION FREE SCHOOL DISTRICT,7.84,94.0,93.05,0.95,5586,train
3621720,NY,New York,OLEAN CITY SCHOOL DISTRICT,16.02,82.0,87.68,-5.68,2072,train
3621780,NY,New York,ONEONTA CITY SCHOOL DISTRICT,18.04,87.0,86.37,0.63,1724,train
3621840,NY,New York,ONTEORA CENTRAL SCHOOL DISTRICT,17.6,87.0,86.56,0.44,1256,train
3621900,NY,New York,ORCHARD PARK CENTRAL SCHOOL DISTRICT,7.46,94.0,93.24,0.76,4703,train
3622020,NY,New York,OSSINING UNION FREE SCHOOL DISTRICT,7.4,78.0,93.29,-15.29,5052,train
3622050,NY,New York,OSWEGO CITY SCHOOL DISTRICT,27.13,76.0,80.9,-4.9,3649,train
3622290,NY,New York,OYSTER BAY-EAST NORWICH CENTRAL SCHOOL DISTRICT,12.89,92.0,89.56,2.44,1567,train
3622380,NY,New York,PALMYRA-MACEDON CENTRAL SCHOOL DISTRICT,13.3,87.0,89.35,-2.35,1865,train
3622470,NY,New York,PATCHOGUE-MEDFORD UNION FREE SCHOOL DISTRICT,17.04,88.0,87.39,0.61,7576,test
3622560,NY,New York,PEARL RIVER UNION FREE SCHOOL DISTRICT,5.05,95.0,94.57,0.43,2437,train
3622650,NY,New York,PEEKSKILL CITY SCHOOL DISTRICT,10.1,68.0,91.51,-23.51,3455,train
3622680,NY,New York,PELHAM UNION FREE SCHOOL DISTRICT,4.95,99.0,94.67,4.33,2907,train
3622710,NY,New York,PENFIELD CENTRAL SCHOOL DISTRICT,6.5,97.0,93.83,3.17,4522,test
3622740,NY,New York,PENN YAN CENTRAL SCHOOL DISTRICT,15.2,82.0,88.08,-6.08,1349,train
3622830,NY,New York,PERU CENTRAL SCHOOL DISTRICT,17.14,87.0,86.97,0.03,1978,test
3622890,NY,New York,PHELPS-CLIFTON SPRINGS CENTRAL SCHOOL DISTRICT,13.77,92.0,89.0,3.0,1511,train
3622920,NY,New York,PHOENIX CENTRAL SCHOOL DISTRICT,24.97,87.0,82.05,4.95,1762,train
3623010,NY,New York,PINE BUSH CENTRAL SCHOOL DISTRICT,18.92,89.0,86.11,2.89,5095,train
3623160,NY,New York,PITTSFORD CENTRAL SCHOOL DISTRICT,5.85,96.0,94.29,1.71,5638,train
3623190,NY,New York,PLAINEDGE UNION FREE SCHOOL DISTRICT,10.63,94.0,91.14,2.86,2981,train
3623220,NY,New York,PLAINVIEW-OLD BETHPAGE CENTRAL SCHOOL DISTRICT,3.56,96.0,95.68,0.32,4940,train
3623280,NY,New York,PLATTSBURGH CITY SCHOOL DISTRICT,22.69,82.0,83.49,-1.49,1847,train
3623310,NY,New York,PLEASANTVILLE UNION FREE SCHOOL DISTRICT,6.49,95.0,93.57,1.43,1696,train
3623460,NY,New York,PORT CHESTER-RYE UNION FREE SCHOOL DISTRICT,14.95,84.0,88.56,-4.56,4622,train
3623490,NY,New York,PORT JEFFERSON UNION FREE SCHOOL DISTRICT,5.92,95.0,93.82,1.18,1115,train
3623520,NY,New York,PORT JERVIS CITY SCHOOL DISTRICT,29.06,81.0,79.59,1.41,2519,train
3623580,NY,New York,PORT WASHINGTON UNION FREE SCHOOL DISTRICT,7.68,92.0,93.14,-1.14,5470,train
3623760,NY,New York,POUGHKEEPSIE CITY SCHOOL DISTRICT,41.51,67.0,71.97,-4.97,4264,train
3624000,NY,New York,PUTNAM VALLEY CENTRAL SCHOOL DISTRICT,5.7,92.0,94.05,-2.05,1613,test
3624030,NY,New York,QUEENSBURY UNION FREE SCHOOL DISTRICT,12.25,90.0,90.15,-0.15,3273,train
3624150,NY,New York,RAVENA-COEYMANS-SELKIRK CENTRAL SCHOOL DISTRICT,18.49,82.0,86.11,-4.11,1860,test
3624240,NY,New York,RED HOOK CENTRAL SCHOOL DISTRICT,10.88,82.0,90.86,-8.86,1911,test
3624480,NY,New York,RHINEBECK CENTRAL SCHOOL DISTRICT,14.55,92.0,88.41,3.59,1031,train
3624630,NY,New York,BLIND BROOK-RYE UNION FREE SCHOOL DISTRICT,3.65,95.0,95.32,-0.32,1563,train
3624690,NY,New York,RIVERHEAD CENTRAL SCHOOL DISTRICT,22.58,80.0,83.84,-3.84,5482,train
3624750,NY,New York,ROCHESTER CITY SCHOOL DISTRICT,49.14,57.0,67.7,-10.7,27330,train
3624780,NY,New York,ROCKVILLE CENTRE UNION FREE SCHOOL DISTRICT,9.99,98.0,91.59,6.41,3583,train
3624840,NY,New York,ROCKY POINT UNION FREE SCHOOL DISTRICT,13.34,95.0,89.45,5.55,3050,train
3624900,NY,New York,ROME CITY SCHOOL DISTRICT,28.72,79.0,80.02,-1.02,5595,train
3624960,NY,New York,RONDOUT VALLEY CENTRAL SCHOOL DISTRICT,25.44,87.0,81.78,5.22,1938,test
3624990,NY,New York,ROOSEVELT UNION FREE SCHOOL DISTRICT,32.05,70.0,77.81,-7.81,3423,train
3625050,NY,New York,ROSLYN UNION FREE SCHOOL DISTRICT,8.84,97.0,92.27,4.73,3145,train
3625140,NY,New York,ROYALTON-HARTLAND CENTRAL SCHOOL DISTRICT,11.42,92.0,90.42,1.58,1287,train
3625170,NY,New York,RUSH-HENRIETTA CENTRAL SCHOOL DISTRICT,12.07,92.0,90.39,1.61,5212,train
3625260,NY,New York,RYE CITY SCHOOL DISTRICT,6.45,97.0,93.78,3.22,3349,train
3625290,NY,New York,RYE NECK UNION FREE SCHOOL DISTRICT,3.24,95.0,95.58,-0.58,1603,train
3625350,NY,New York,SACHEM CENTRAL SCHOOL DISTRICT,9.68,92.0,92.13,-0.13,13010,train
3625740,NY,New York,SARANAC LAKE CENTRAL SCHOOL DISTRICT,14.81,92.0,88.28,3.72,1188,train
3625770,NY,New York,SARATOGA SPRINGS CITY SD,14.31,92.0,89.04,2.96,6371,train
3625800,NY,New York,SAUGERTIES CENTRAL SCHOOL DISTRICT,13.15,82.0,89.52,-7.52,2525,train
3625920,NY,New York,SAYVILLE UNION FREE SCHOOL DISTRICT,7.87,97.0,92.86,4.14,2947,train
3625950,NY,New York,SCARSDALE UNION FREE SCHOOL DISTRICT,7.05,99.0,93.5,5.5,4768,train
3625980,NY,New York,SCHALMONT CENTRAL SCHOOL DISTRICT,12.04,87.0,90.12,-3.12,1785,test
3626010,NY,New York,SCHENECTADY CITY SCHOOL DISTRICT,36.92,62.0,75.04,-13.04,9398,train
3626160,NY,New York,SCHUYLERVILLE CENTRAL SCHOOL DISTRICT,14.97,92.0,88.27,3.73,1597,train
3626310,NY,New York,SCOTIA-GLENVILLE CENTRAL SCHOOL DISTRICT,14.74,87.0,88.53,-1.53,2504,test
3626370,NY,New York,NORTH SHORE CENTRAL SCHOOL DISTRICT,11.75,97.0,90.41,6.59,2630,train
3626400,NY,New York,SEAFORD UNION FREE SCHOOL DISTRICT,4.97,95.0,94.59,0.41,2232,train
3626520,NY,New York,SEWANHAKA CENTRAL HIGH SCHOOL DISTRICT,7.27,94.0,93.51,0.49,8237,test
3626670,NY,New York,SHENENDEHOWA CENTRAL SCHOOL DISTRICT,7.48,92.0,93.43,-1.43,9818,train
3626700,NY,New York,SHERBURNE-EARLVILLE CENTRAL SCHOOL DISTRICT,20.07,82.0,85.03,-3.03,1335,test
3626760,NY,New York,SHERRILL CITY SCHOOL DISTRICT,14.61,92.0,88.54,3.46,1916,train
3626840,NY,New York,SHOREHAM-WADING RIVER CENTRAL SCHOOL DISTRICT,6.85,98.0,93.41,4.59,2174,train
3626940,NY,New York,SKANEATELES CENTRAL SCHOOL DISTRICT,8.84,95.0,92.05,2.95,1369,train
3627000,NY,New York,CHEEKTOWAGA-SLOAN UNION FREE SCHOOL DISTRICT,18.37,87.0,86.09,0.91,1323,test
3627060,NY,New York,SMITHTOWN CENTRAL SCHOOL DISTRICT,13.05,96.0,89.92,6.08,8874,train
3627150,NY,New York,SOLVAY UNION FREE SCHOOL DISTRICT,26.58,92.0,81.0,11.0,1471,test
3627180,NY,New York,SOMERS CENTRAL SCHOOL DISTRICT,5.25,98.0,94.5,3.5,3009,train
3627210,NY,New York,SOUTH COLONIE CENTRAL SCHOOL DISTRICT,14.39,92.0,88.92,3.08,4837,train
3627240,NY,New York,SOUTH GLENS FALLS CENTRAL SCHOOL DISTRICT,14.04,85.0,89.02,-4.02,3078,test
3627300,NY,New York,SOUTH HUNTINGTON UNION FREE SCHOOL DISTRICT,14.88,91.0,88.67,2.33,5926,train
3627450,NY,New York,SOUTH ORANGETOWN CENTRAL SCHOOL DISTRICT,7.35,92.0,93.19,-1.19,2994,train
3627540,NY,New York,SOUTHAMPTON UNION FREE SCHOOL DISTRICT,11.02,87.0,90.6,-3.6,998,train
3627660,NY,New York,SOUTHWESTERN CENTRAL SCHOOL DISTRICT AT JAMESTOWN,11.85,92.0,90.17,1.83,1342,train
3627780,NY,New York,SPENCERPORT CENTRAL SCHOOL DISTRICT,9.56,89.0,91.86,-2.86,3640,train
3627810,NY,New York,EAST RAMAPO CENTRAL SCHOOL DISTRICT (SPRING VALLEY),20.6,59.0,85.21,-26.21,9052,train
3628050,NY,New York,STARPOINT CENTRAL SCHOOL DISTRICT,6.79,95.0,93.52,1.48,2783,train
3628200,NY,New York,THREE VILLAGE CENTRAL SCHOOL DISTRICT,4.52,97.0,95.15,1.85,6132,train
3628320,NY,New York,SUFFERN CENTRAL SCHOOL DISTRICT,17.34,95.0,87.05,7.95,4279,train
3628380,NY,New York,SUSQUEHANNA VALLEY CENTRAL SCHOOL DISTRICT,15.9,87.0,87.68,-0.68,1597,test
3628500,NY,New York,SWEET HOME CENTRAL SCHOOL DISTRICT,19.75,91.0,85.47,5.53,3190,train
3628560,NY,New York,SYOSSET CENTRAL SCHOOL DISTRICT,4.13,98.0,95.4,2.6,6466,train
3628590,NY,New York,SYRACUSE CITY SCHOOL DISTRICT,42.21,64.0,71.96,-7.96,20914,train
3628620,NY,New York,TACONIC HILLS CENTRAL SCHOOL DISTRICT,28.59,82.0,79.73,2.27,1406,train
3628650,NY,New York,UNION FREE SCHOOL DISTRICT OF THE TARRYTOWNS,14.81,92.0,88.51,3.49,2701,train
3628740,NY,New York,TONAWANDA CITY SCHOOL DISTRICT,17.8,87.0,86.52,0.48,1742,test
3628950,NY,New York,TROY CITY SCHOOL DISTRICT,42.38,86.0,71.41,14.59,4002,train
3629280,NY,New York,UNIONDALE UNION FREE SCHOOL DISTRICT,24.52,81.0,82.7,-1.7,6936,test
3629370,NY,New York,UTICA CITY SCHOOL DISTRICT,33.66,69.0,77.09,-8.09,10008,train
3629400,NY,New York,VALHALLA UNION FREE SCHOOL DISTRICT,5.36,95.0,94.23,0.77,1437,train
3629520,NY,New York,VALLEY STREAM CENTRAL HIGH SCHOOL DISTRICT,4.74,94.0,94.93,-0.93,4495,train
3629610,NY,New York,VESTAL CENTRAL SCHOOL DISTRICT,12.58,89.0,89.95,-0.95,3315,train
3629640,NY,New York,VICTOR CENTRAL SCHOOL DISTRICT,8.28,94.0,92.72,1.28,4447,train
3629790,NY,New York,WALLKILL CENTRAL SCHOOL DISTRICT,21.08,88.0,84.61,3.39,2898,test
3629850,NY,New York,WANTAGH UNION FREE SCHOOL DISTRICT,6.32,98.0,93.82,4.18,2849,test
3629880,NY,New York,WAPPINGERS CENTRAL SCHOOL DISTRICT,17.24,90.0,87.36,2.64,10825,train
3629970,NY,New York,WARWICK VALLEY CENTRAL SCHOOL DISTRICT,13.04,94.0,89.68,4.32,3497,test
3630030,NY,New York,WASHINGTONVILLE CENTRAL SCHOOL DISTRICT,17.46,97.0,86.96,10.04,3981,train
3630120,NY,New York,WATERTOWN CITY SCHOOL DISTRICT,27.55,72.0,80.66,-8.66,4014,train
3630210,NY,New York,WATERVLIET CITY SCHOOL DISTRICT,22.39,77.0,83.59,-6.59,1331,test
3630270,NY,New York,WAVERLY CENTRAL SCHOOL DISTRICT,24.79,77.0,82.13,-5.13,1565,train
3630330,NY,New York,WAYNE CENTRAL SCHOOL DISTRICT,10.79,92.0,90.96,1.04,2197,train
3630360,NY,New York,WEBSTER CENTRAL SCHOOL DISTRICT,8.11,96.0,92.99,3.01,8406,train
3630540,NY,New York,WEST BABYLON UNION FREE SCHOOL DISTRICT,11.22,92.0,90.84,1.16,3843,train
3630630,NY,New York,WEST GENESEE CENTRAL SCHOOL DISTRICT,12.49,91.0,90.09,0.91,4546,test
3630660,NY,New York,WEST HEMPSTEAD UNION FREE SCHOOL DISTRICT,14.89,87.0,88.36,-1.36,1887,train
3630690,NY,New York,WEST ISLIP UNION FREE SCHOOL DISTRICT,5.18,97.0,94.63,2.37,4208,train
3630780,NY,New York,WEST SENECA CENTRAL SCHOOL DISTRICT,18.2,85.0,86.63,-1.63,6538,train
3630960,NY,New York,WESTBURY UNION FREE SCHOOL DISTRICT,16.38,83.0,87.71,-4.71,5293,test
3631020,NY,New York,WESTHAMPTON BEACH UNION FREE SCHOOL DISTRICT,7.81,92.0,92.76,-0.76,1779,test
3631260,NY,New York,WHITE PLAINS CITY SCHOOL DISTRICT,15.84,89.0,88.12,0.88,7096,train
3631320,NY,New York,WHITESBORO CENTRAL SCHOOL DISTRICT,12.15,92.0,90.21,1.79,3145,train
3631380,NY,New York,WHITNEY POINT CENTRAL SCHOOL DISTRICT,19.25,77.0,85.55,-8.55,1392,train
3631470,NY,New York,WILLIAMSVILLE CENTRAL SCHOOL DISTRICT,5.93,95.0,94.39,0.61,9962,train
3631560,NY,New York,WILSON CENTRAL SCHOOL DISTRICT,16.34,82.0,87.32,-5.32,1126,train
3631710,NY,New York,HEWLETT-WOODMERE UNION FREE SCHOOL DISTRICT,9.59,97.0,91.79,5.21,3023,train
3631800,NY,New York,WYANDANCH UNION FREE SCHOOL DISTRICT,36.2,67.0,75.17,-8.17,2793,train
3631920,NY,New York,YONKERS CITY SCHOOL DISTRICT,23.56,86.0,83.65,2.35,26465,train
3631980,NY,New York,YORKTOWN CENTRAL SCHOOL DISTRICT,6.51,96.0,93.75,2.25,3442,train
3700011,NC,North Carolina,Cumberland County Schools,18.17,82.0,87.19,-5.19,50780,train
3700012,NC,North Carolina,Pitt County Schools,13.01,85.0,90.21,-5.21,23986,train
3700030,NC,North Carolina,Alamance-Burlington Schools,19.73,81.0,86.01,-5.01,23092,train
3700062,NC,North Carolina,Lincoln Charter School,4.38,95.0,94.94,0.06,2054,train
3700064,NC,North Carolina,Lake Norman Charter,4.62,95.0,94.77,0.23,1905,train
3700069,NC,North Carolina,Franklin Academy,5.47,95.0,94.2,0.8,1628,train
3700090,NC,North Carolina,Alexander County Schools,9.45,85.0,92.01,-7.01,5014,train
3700097,NC,North Carolina,Raleigh Charter High School,15.22,95.0,87.83,7.17,565,train
3700112,NC,North Carolina,Union Academy Charter School,7.17,95.0,93.15,1.85,1702,test
3700120,NC,North Carolina,Alleghany County Schools,14.44,92.0,88.56,3.44,1440,train
3700127,NC,North Carolina,Queen's Grant Community School,12.12,77.0,89.98,-12.98,1271,train
3700128,NC,North Carolina,Gray Stone Day School,1.81,92.0,96.3,-4.3,829,train
3700135,NC,North Carolina,Community School of Davidson,4.32,95.0,94.87,0.13,1365,train
3700139,NC,North Carolina,Voyager Academy,5.57,92.0,94.09,-2.09,1347,train
3700145,NC,North Carolina,Pine Lake Preparatory,3.39,95.0,95.53,-0.53,1859,train
3700180,NC,North Carolina,Anson County Schools,27.43,84.0,80.69,3.31,3347,train
3700210,NC,North Carolina,Ashe County Schools,9.61,87.0,91.78,-4.78,3050,test
3700240,NC,North Carolina,Asheboro City Schools,9.07,93.0,92.23,0.77,4608,train
3700270,NC,North Carolina,Asheville City Schools,14.68,89.0,88.73,0.27,4605,train
3700300,NC,North Carolina,Avery County Schools,16.92,92.0,87.12,4.88,2075,test
3700317,NC,North Carolina,Mountain Island Charter,11.0,95.0,90.71,4.29,1409,train
3700330,NC,North Carolina,Beaufort County Schools,16.97,83.0,87.4,-4.4,6770,train
3700334,NC,North Carolina,Uwharrie Charter Academy,6.86,87.0,93.2,-6.2,1006,train
3700360,NC,North Carolina,Bertie County Schools,17.6,84.0,86.72,-2.72,2301,train
3700390,NC,North Carolina,Bladen County Schools,14.9,89.0,88.58,0.42,4490,train
3700420,NC,North Carolina,Brunswick County Schools,18.27,84.0,86.76,-2.76,12600,test
3700450,NC,North Carolina,Buncombe County Schools,13.26,88.0,90.06,-2.06,24008,train
3700480,NC,North Carolina,Burke County Schools,10.43,88.0,91.64,-3.64,12357,train
3700530,NC,North Carolina,Cabarrus County Schools,11.24,89.0,91.4,-2.4,32462,train
3700580,NC,North Carolina,Caldwell County Schools,16.27,89.0,87.99,1.01,11810,test
3700600,NC,North Carolina,Camden County Schools,12.05,82.0,90.13,-8.13,1867,train
3700630,NC,North Carolina,Carteret County Public Schools,14.36,85.0,89.09,-4.09,8362,train
3700660,NC,North Carolina,Caswell County Schools,20.81,84.0,84.76,-0.76,2681,train
3700690,NC,North Carolina,Catawba County Schools,13.02,92.0,90.11,1.89,16362,train
3700720,NC,North Carolina,Chapel Hill-Carrboro City Schools,10.11,90.0,91.83,-1.83,11896,test
3700750,NC,North Carolina,Chatham County Schools,8.93,86.0,92.5,-6.5,9025,test
3700780,NC,North Carolina,Cherokee County Schools,17.49,92.0,86.89,5.11,3367,test
3700840,NC,North Carolina,Edenton-Chowan Schools,13.47,87.0,89.26,-2.26,2026,test
3700870,NC,North Carolina,Clay County Schools,13.45,87.0,89.17,-2.17,1346,train
3700900,NC,North Carolina,Cleveland County Schools,15.54,88.0,88.51,-0.51,15076,train
3700930,NC,North Carolina,Clinton City Schools,11.39,84.0,90.68,-6.68,3091,train
3700960,NC,North Carolina,Columbus County Schools,17.88,81.0,86.8,-5.8,5929,train
3701080,NC,North Carolina,Currituck County Schools,12.02,87.0,90.36,-3.36,4078,train
3701110,NC,North Carolina,Dare County Schools,19.17,91.0,85.96,5.04,5279,train
3701140,NC,North Carolina,Davidson County Schools,7.91,88.0,93.33,-5.33,19156,train
3701170,NC,North Carolina,Davie County Schools,11.25,87.0,90.94,-3.94,6149,train
3701200,NC,North Carolina,Duplin County Schools,14.14,81.0,89.27,-8.27,9955,train
3701260,NC,North Carolina,Durham Public Schools,18.32,81.0,86.99,-5.99,33562,train
3701320,NC,North Carolina,Edgecombe County Public Schools,20.64,77.0,85.09,-8.09,6101,train
3701500,NC,North Carolina,Winston Salem / Forsyth County Schools,19.99,84.0,86.08,-2.08,55634,train
3701530,NC,North Carolina,Franklin County Schools,16.6,86.0,87.69,-1.69,8236,test
3701620,NC,North Carolina,Gaston County Schools,17.26,86.0,87.64,-1.64,32049,train
3701680,NC,North Carolina,Gates County Schools,20.19,92.0,85.02,6.98,1679,test
3701770,NC,North Carolina,Graham County Schools,21.83,87.0,83.91,3.09,1205,test
3701800,NC,North Carolina,Granville County Schools,15.06,81.0,88.63,-7.63,7654,train
3701830,NC,North Carolina,Greene County Schools,13.44,95.0,89.4,5.6,3074,train
3701920,NC,North Carolina,Guilford County Schools,17.76,89.0,87.55,1.45,73220,train
3701950,NC,North Carolina,Halifax County Schools,25.62,70.0,81.75,-11.75,2627,train
3702010,NC,North Carolina,Harnett County Schools,15.48,86.0,88.63,-2.63,20675,train
3702040,NC,North Carolina,Haywood County Schools,9.72,85.0,91.95,-6.95,7295,test
3702100,NC,North Carolina,Henderson County Schools,11.19,91.0,91.19,-0.19,13521,train
3702160,NC,North Carolina,Hertford County Schools,26.53,86.0,81.21,4.79,2932,train
3702190,NC,North Carolina,Hickory City Schools,18.68,91.0,86.21,4.79,4234,train
3702250,NC,North Carolina,Hoke County Schools,15.82,82.0,88.2,-6.2,8933,train
3702310,NC,North Carolina,Iredell-Statesville Schools,12.89,89.0,90.24,-1.24,20482,train
3702340,NC,North Carolina,Jackson County Public Schools,23.13,92.0,83.39,8.61,3606,train
3702370,NC,North Carolina,Johnston County Public Schools,12.14,92.0,90.87,1.13,36339,train
3702430,NC,North Carolina,Kannapolis City Schools,20.26,86.0,85.29,0.71,5410,train
3702560,NC,North Carolina,Lee County Schools,11.47,89.0,90.94,-1.94,10174,test
3702610,NC,North Carolina,Lenoir County Public Schools,17.3,85.0,87.27,-2.27,8742,train
3702640,NC,North Carolina,Lexington City Schools,15.85,92.0,87.9,4.1,3167,test
3702680,NC,North Carolina,Lincoln County Schools,12.77,90.0,90.16,-0.16,11463,test
3702760,NC,North Carolina,Macon County Schools,15.02,91.0,88.51,2.49,4440,train
3702820,NC,North Carolina,Madison County Schools,15.44,87.0,88.07,-1.07,2280,test
3702880,NC,North Carolina,Martin County Schools,17.01,70.0,87.18,-17.18,3146,test
3702940,NC,North Carolina,McDowell County Schools,15.69,85.0,88.17,-3.17,6074,train
3702970,NC,North Carolina,Charlotte-Mecklenburg Schools,14.65,85.0,89.68,-4.68,149688,test
3703000,NC,North Carolina,Mitchell County Schools,9.96,87.0,91.43,-4.43,1857,train
3703060,NC,North Carolina,Montgomery County Schools,16.74,90.0,87.41,2.59,4049,test
3703090,NC,North Carolina,Moore County Schools,12.36,89.0,90.45,-1.45,12748,train
3703120,NC,North Carolina,Mooresville Graded School District,10.28,91.0,91.55,-0.55,6089,train
3703210,NC,North Carolina,Mount Airy City Schools,13.77,87.0,89.02,-2.02,1656,train
3703270,NC,North Carolina,Nash-Rocky Mount Schools,18.67,83.0,86.56,-3.56,15328,train
3703310,NC,North Carolina,Craven County Schools,15.72,86.0,88.38,-2.38,14062,train
3703330,NC,North Carolina,New Hanover County Schools,14.6,86.0,89.25,-3.25,26324,test
3703360,NC,North Carolina,Newton Conover City Schools,15.44,91.0,88.15,2.85,3089,train
3703420,NC,North Carolina,Northampton County Schools,28.45,62.0,79.88,-17.88,1740,train
3703450,NC,North Carolina,Onslow County Schools,15.2,89.0,88.87,0.13,26657,test
3703480,NC,North Carolina,Orange County Schools,12.83,86.0,90.01,-4.01,7472,train
3703510,NC,North Carolina,Pamlico County Schools,19.8,87.0,85.19,1.81,1278,test
3703540,NC,North Carolina,Elizabeth City-Pasquotank Public Schools,21.1,83.0,84.63,-1.63,3246,test
3703570,NC,North Carolina,Pender County Schools,18.54,89.0,86.51,2.49,9518,train
3703600,NC,North Carolina,Perquimans County Schools,19.65,92.0,85.35,6.65,1634,train
3703630,NC,North Carolina,Person County Schools,15.73,87.0,88.07,-1.07,4483,train
3703720,NC,North Carolina,Polk County Schools,11.49,92.0,90.53,1.47,2246,train
3703780,NC,North Carolina,Randolph County School System,12.12,89.0,90.68,-1.68,16886,train
3703870,NC,North Carolina,Richmond County Schools,13.57,81.0,89.55,-8.55,7363,train
3703900,NC,North Carolina,Roanoke Rapids City Schools,17.83,80.0,86.65,-6.65,3011,train
3703930,NC,North Carolina,Public Schools of Robeson County,25.11,86.0,82.65,3.35,22853,train
3703990,NC,North Carolina,Rockingham County Schools,20.27,86.0,85.5,0.5,12245,test
3704050,NC,North Carolina,Rowan-Salisbury Schools,18.65,84.0,86.63,-2.63,19076,train
3704080,NC,North Carolina,Rutherford County Schools,18.32,84.0,86.62,-2.62,8277,train
3704140,NC,North Carolina,Sampson County Schools,16.95,83.0,87.46,-4.46,8012,test
3704200,NC,North Carolina,Scotland County Schools,19.08,87.0,86.04,0.96,5691,test
3704320,NC,North Carolina,Stanly County Schools,12.68,89.0,90.13,-1.13,8317,train
3704380,NC,North Carolina,Stokes County Schools,16.71,83.0,87.53,-4.53,6009,test
3704410,NC,North Carolina,Surry County Schools,14.03,92.0,89.28,2.72,8045,train
3704440,NC,North Carolina,Swain County Schools,22.85,77.0,83.41,-6.41,2074,train
3704500,NC,North Carolina,Thomasville City Schools,16.83,82.0,87.21,-5.21,2371,train
3704530,NC,North Carolina,Transylvania County Schools,16.65,86.0,87.42,-1.42,3436,test
3704620,NC,North Carolina,Union County Public Schools,8.96,93.0,92.88,0.12,41686,train
3704650,NC,North Carolina,Vance County Schools,24.91,82.0,82.43,-0.43,6195,test
3704720,NC,North Carolina,Wake County Schools,11.55,89.0,91.64,-2.64,162339,train
3704740,NC,North Carolina,Warren County Schools,30.02,72.0,78.95,-6.95,2135,train
3704800,NC,North Carolina,Washington County Schools,14.84,72.0,88.33,-16.33,1496,test
3704830,NC,North Carolina,Watauga County Schools,10.8,90.0,91.15,-1.15,4622,train
3704880,NC,North Carolina,Wayne County Public Schools,18.25,83.0,86.88,-3.88,18717,train
3704920,NC,North Carolina,Whiteville City Schools,19.05,92.0,85.82,6.18,2305,train
3704950,NC,North Carolina,Wilkes County Schools,11.02,88.0,91.22,-3.22,9766,train
3705020,NC,North Carolina,Wilson County Schools,13.94,78.0,89.44,-11.44,11609,train
3705040,NC,North Carolina,Yadkin County Schools,11.69,88.0,90.63,-2.63,5227,train
3705070,NC,North Carolina,Yancey County Schools,17.68,92.0,86.66,5.34,2234,train
3800014,ND,North Dakota,BISMARCK 1,8.46,89.0,92.88,-3.88,12653,test
3800021,ND,North Dakota,JAMESTOWN 1,7.13,87.0,93.23,-6.23,2145,train
3800038,ND,North Dakota,DICKINSON 1,10.39,91.0,91.34,-0.34,3581,test
3802530,ND,North Dakota,BELCOURT 7,27.96,82.0,80.18,1.82,1749,train
3805040,ND,North Dakota,DEVILS LAKE 1,15.35,87.0,88.04,-1.04,1674,train
3806780,ND,North Dakota,FARGO 1,12.42,84.0,90.4,-6.4,11969,train
3808130,ND,North Dakota,GRAND FORKS 1,14.81,86.0,88.78,-2.78,7641,train
3811820,ND,North Dakota,MANDAN 1,12.16,79.0,90.24,-11.24,3667,train
3813030,ND,North Dakota,MINOT 1,11.75,86.0,90.68,-4.68,7419,train
3819410,ND,North Dakota,WEST FARGO 6,6.9,87.0,93.81,-6.81,10555,train
3819880,ND,North Dakota,WILLISTON 1,21.38,84.0,84.51,-0.51,4055,test
3900042,OH,Ohio,Horizon Science Academy Columbus,15.49,92.0,87.63,4.37,497,train
3900094,OH,Ohio,Monroe Local,10.48,92.0,91.21,0.79,2758,train
3900151,OH,Ohio,Goal Digital Academy,18.25,32.0,85.98,-53.98,652,train
3900180,OH,Ohio,Ohio Virtual Academy,19.54,56.0,85.88,-29.88,9287,test
3900203,OH,Ohio,Alternative Education Academy,77.72,24.0,49.0,-25.0,1068,train
3900237,OH,Ohio,Buckeye United School District,82.87,12.0,45.5,-33.5,356,test
3900250,OH,Ohio,"Ohio Connections Academy, Inc",25.43,72.0,82.02,-10.02,4558,train
3900252,OH,Ohio,Quaker Digital Academy,86.65,38.0,43.22,-5.22,487,train
3900488,OH,Ohio,Greater Ohio Virtual School,24.02,34.0,82.13,-48.13,254,train
3900530,OH,Ohio,Buckeye On-Line School for Success,31.05,47.0,77.99,-30.99,657,train
3901450,OH,Ohio,Townsend North Community School,84.88,21.0,44.48,-23.48,873,train
3904348,OH,Ohio,Akron City,27.71,78.0,80.99,-2.99,19944,train
3904349,OH,Ohio,Alliance City,19.56,85.0,85.58,-0.58,3144,train
3904350,OH,Ohio,Ashland City,13.62,87.0,89.29,-2.29,3208,test
3904351,OH,Ohio,Ashtabula Area City,26.36,72.0,81.35,-9.35,3316,train
3904352,OH,Ohio,Athens City,19.42,90.0,85.62,4.38,2621,train
3904353,OH,Ohio,Barberton City,29.05,69.0,79.71,-10.71,3780,train
3904354,OH,Ohio,Bay Village City,5.06,98.0,94.56,3.44,2431,train
3904355,OH,Ohio,Beachwood City,9.36,95.0,91.75,3.25,1506,test
3904358,OH,Ohio,Bellefontaine City,16.19,87.0,87.61,-0.61,2323,test
3904359,OH,Ohio,Bellevue City,10.81,92.0,90.92,1.08,1998,train
3904360,OH,Ohio,Berea City,15.34,92.0,88.39,3.61,6115,train
3904362,OH,Ohio,Bexley City,11.01,95.0,90.84,4.16,2380,train
3904363,OH,Ohio,Bowling Green City School District,5.72,90.0,94.19,-4.19,2813,test
3904364,OH,Ohio,Brecksville-Broadview Heights City,6.61,95.0,93.71,1.29,3784,train
3904365,OH,Ohio,Brooklyn City,19.72,92.0,85.24,6.76,1293,test
3904366,OH,Ohio,Brunswick City,8.0,96.0,93.0,3.0,6760,train
3904367,OH,Ohio,Bryan City,14.19,92.0,88.83,3.17,2164,train
3904368,OH,Ohio,Bucyrus City,19.55,87.0,85.36,1.64,1325,train
3904369,OH,Ohio,Cambridge City,23.03,82.0,83.21,-1.21,1459,train
3904371,OH,Ohio,Canton City,26.78,78.0,81.34,-3.34,8361,train
3904373,OH,Ohio,Centerville City,8.64,91.0,92.65,-1.65,8175,train
3904374,OH,Ohio,Chillicothe City,30.62,80.0,78.66,1.34,2861,test
3904375,OH,Ohio,Cincinnati City,36.98,74.0,75.36,-1.36,35042,train
3904376,OH,Ohio,Circleville City,22.09,92.0,83.9,8.1,2177,train
3904377,OH,Ohio,Claymont City,16.35,92.0,87.45,4.55,1878,test
3904378,OH,Ohio,Cleveland Municipal,37.44,75.0,75.09,-0.09,37933,train
3904379,OH,Ohio,Cleveland Heights-University Heights City,28.61,85.0,80.07,4.93,5166,train
3904380,OH,Ohio,Columbus City School District,47.49,73.0,68.89,4.11,49946,train
3904381,OH,Ohio,Conneaut Area City,19.92,82.0,85.19,-3.19,1687,train
3904382,OH,Ohio,Coshocton City,12.18,87.0,90.0,-3.0,1544,train
3904383,OH,Ohio,Cuyahoga Falls City,16.26,80.0,87.76,-7.76,4834,train
3904384,OH,Ohio,Dayton City,36.91,67.0,75.13,-8.13,12833,train
3904386,OH,Ohio,Defiance City,12.01,91.0,90.29,0.71,3064,test
3904387,OH,Ohio,Delaware City,12.67,93.0,90.04,2.96,5674,train
3904389,OH,Ohio,Dover City,8.53,90.0,92.43,-2.43,2720,test
3904390,OH,Ohio,East Cleveland City School District,51.99,66.0,65.24,0.76,2181,train
3904391,OH,Ohio,East Liverpool City,27.9,87.0,80.28,6.72,2158,test
3904393,OH,Ohio,Eaton Community City,11.28,92.0,90.62,1.38,1985,train
3904394,OH,Ohio,Elyria City Schools,25.12,85.0,82.29,2.71,6253,train
3904395,OH,Ohio,Euclid City,40.76,70.0,72.47,-2.47,4980,train
3904396,OH,Ohio,Fairborn City,22.82,90.0,83.62,6.38,4159,train
3904397,OH,Ohio,Fairview Park City,7.58,92.0,92.91,-0.91,1794,test
3904399,OH,Ohio,Fostoria City,18.81,87.0,85.91,1.09,1850,test
3904400,OH,Ohio,Franklin City,16.45,94.0,87.5,6.5,2893,train
3904401,OH,Ohio,Fremont City,17.94,92.0,86.65,5.35,3958,train
3904402,OH,Ohio,Galion City,15.77,92.0,87.79,4.21,1738,train
3904403,OH,Ohio,Gallipolis City,14.65,87.0,88.53,-1.53,2014,test
3904404,OH,Ohio,Garfield Heights City Schools,34.46,86.0,76.33,9.67,3651,test
3904405,OH,Ohio,Geneva Area City,22.28,86.0,83.81,2.19,2410,train
3904406,OH,Ohio,Girard City School District,24.99,95.0,82.03,12.97,1717,train
3904408,OH,Ohio,Winton Woods City,26.26,88.0,81.44,6.56,3621,train
3904409,OH,Ohio,Greenville City,12.62,88.0,89.85,-1.85,2519,train
3904410,OH,Ohio,Hamilton City,25.32,78.0,82.29,-4.29,9932,train
3904411,OH,Ohio,Heath City,16.16,87.0,87.54,-0.54,1720,train
3904412,OH,Ohio,Hillsboro City,18.54,92.0,86.15,5.85,2390,train
3904413,OH,Ohio,Huron City Schools,8.52,95.0,92.24,2.76,1326,train
3904415,OH,Ohio,Jackson City,20.83,90.0,84.72,5.28,2424,test
3904416,OH,Ohio,Kent City,17.17,91.0,87.07,3.93,3134,test
3904418,OH,Ohio,Kettering City School District,7.81,89.0,93.15,-4.15,7717,train
3904419,OH,Ohio,Lakewood City,10.0,86.0,91.68,-5.68,5052,train
3904420,OH,Ohio,Lancaster City,19.19,89.0,86.0,3.0,6342,train
3904421,OH,Ohio,Lebanon City,7.24,97.0,93.42,3.58,5535,test
3904422,OH,Ohio,Lima City,31.39,65.0,78.25,-13.25,3762,train
3904424,OH,Ohio,Logan-Hocking Local,18.66,86.0,86.2,-0.2,3913,train
3904425,OH,Ohio,London City,21.68,82.0,84.16,-2.16,2136,test
3904426,OH,Ohio,Lorain City,47.57,65.0,68.3,-3.3,6567,train
3904427,OH,Ohio,Loveland City,8.89,92.0,92.34,-0.34,4500,train
3904428,OH,Ohio,Madeira City,3.64,95.0,95.33,-0.33,1565,train
3904429,OH,Ohio,Mansfield City,29.52,77.0,79.39,-2.39,3415,train
3904430,OH,Ohio,Maple Heights City,41.12,92.0,72.16,19.84,3524,train
3904431,OH,Ohio,Mariemont City,8.8,95.0,92.13,2.87,1682,train
3904433,OH,Ohio,Marion City,27.16,82.0,80.93,1.07,4415,train
3904434,OH,Ohio,Martins Ferry City,22.66,87.0,83.44,3.56,1456,train
3904435,OH,Ohio,Massillon City,24.95,91.0,82.26,8.74,3775,train
3904436,OH,Ohio,Maumee City,8.25,94.0,92.56,1.44,2363,train
3904437,OH,Ohio,Mayfield City,14.61,91.0,88.72,2.28,3826,train
3904438,OH,Ohio,Medina City SD,11.81,95.0,90.62,4.38,6738,train
3904439,OH,Ohio,Miamisburg City,12.47,93.0,90.14,2.86,5077,train
3904440,OH,Ohio,Middletown City,28.22,83.0,80.36,2.64,6353,train
3904441,OH,Ohio,Mt Healthy City,28.11,76.0,80.25,-4.25,3223,train
3904443,OH,Ohio,Napoleon Area City,6.79,87.0,93.46,-6.46,2267,train
3904445,OH,Ohio,Newark City,24.29,80.0,82.81,-2.81,6266,test
3904447,OH,Ohio,New Lexington School District,19.06,77.0,85.73,-8.73,1752,test
3904448,OH,Ohio,New Philadelphia City,14.13,85.0,88.97,-3.97,3086,train
3904449,OH,Ohio,Niles City,29.48,87.0,79.31,7.69,2307,train
3904450,OH,Ohio,North Canton City,8.18,95.0,92.76,2.24,4217,train
3904451,OH,Ohio,North College Hill City,34.42,77.0,76.14,0.86,1633,train
3904452,OH,Ohio,North Olmsted City,13.17,89.0,89.62,-0.62,3804,test
3904453,OH,Ohio,North Ridgeville City,12.0,93.0,90.36,2.64,3950,train
3904454,OH,Ohio,North Royalton City,7.5,95.0,93.17,1.83,4091,train
3904455,OH,Ohio,Norton City,14.12,92.0,88.92,3.08,2535,test
3904456,OH,Ohio,Norwalk City,14.59,94.0,88.64,5.36,2687,train
3904457,OH,Ohio,Norwood City,28.33,82.0,79.98,2.02,1980,test
3904458,OH,Ohio,Oakwood City,4.41,95.0,94.93,0.07,2087,train
3904460,OH,Ohio,Oregon City,12.43,86.0,90.07,-4.07,3708,train
3904461,OH,Ohio,Orrville City,11.92,87.0,90.15,-3.15,1502,train
3904463,OH,Ohio,Parma City,20.25,88.0,85.49,2.51,11279,train
3904464,OH,Ohio,Piqua City,20.63,76.0,84.85,-8.85,2501,train
3904465,OH,Ohio,Port Clinton City,13.24,92.0,89.36,2.64,1714,train
3904467,OH,Ohio,Princeton City,22.06,83.0,84.19,-1.19,5919,train
3904468,OH,Ohio,Ravenna City,18.54,74.0,86.18,-12.18,2718,train
3904469,OH,Ohio,Reading Community City,23.18,92.0,83.14,8.86,1596,train
3904470,OH,Ohio,Rocky River City,4.61,96.0,94.86,1.14,2623,train
3904472,OH,Ohio,St Marys City,7.55,87.0,92.96,-5.96,2001,train
3904474,OH,Ohio,Sandusky City,22.07,82.0,84.02,-2.02,3262,train
3904475,OH,Ohio,Shaker Heights City,13.88,93.0,89.25,3.75,4936,train
3904476,OH,Ohio,Sheffield-Sheffield Lake City,12.71,87.0,89.69,-2.69,1668,train
3904479,OH,Ohio,South Euclid-Lyndhurst City,15.9,82.0,87.88,-5.88,3346,train
3904480,OH,Ohio,South-Western City,23.48,87.0,83.66,3.34,22110,train
3904481,OH,Ohio,Springfield City School District,32.54,66.0,77.71,-11.71,7281,test
3904482,OH,Ohio,Steubenville City,10.26,95.0,91.33,3.67,2534,test
3904483,OH,Ohio,Stow-Munroe Falls City School District,12.84,91.0,89.91,1.09,5288,train
3904484,OH,Ohio,Strongsville City,9.59,91.0,91.95,-0.95,5331,train
3904485,OH,Ohio,Struthers City,18.98,92.0,85.8,6.2,1860,train
3904486,OH,Ohio,Sycamore Community City,7.17,94.0,93.46,0.54,5425,train
3904487,OH,Ohio,Sylvania Schools,9.17,89.0,92.31,-3.31,7723,train
3904488,OH,Ohio,Tallmadge City,11.43,95.0,90.58,4.42,2371,train
3904489,OH,Ohio,Tiffin City,12.72,91.0,89.81,1.19,2704,test
3904490,OH,Ohio,Toledo City,26.48,68.0,81.79,-13.79,22444,train
3904492,OH,Ohio,Troy City,12.26,93.0,90.23,2.77,4357,test
3904493,OH,Ohio,Upper Arlington City,8.3,96.0,92.79,3.21,6088,train
3904494,OH,Ohio,Urbana City,17.74,77.0,86.59,-9.59,1995,train
3904495,OH,Ohio,Vandalia-Butler City,8.13,92.0,92.71,-0.71,3039,test
3904498,OH,Ohio,Wapakoneta City,13.29,80.0,89.49,-9.49,3122,test
3904499,OH,Ohio,Warren City,35.39,76.0,75.83,0.17,5041,train
3904500,OH,Ohio,Warrensville Heights City,34.64,87.0,76.0,11.0,1680,train
3904502,OH,Ohio,Wellston City,26.02,87.0,81.34,5.66,1403,train
3904504,OH,Ohio,Westerville City,12.49,87.0,90.41,-3.41,14865,train
3904505,OH,Ohio,West Carrollton City,17.37,83.0,86.99,-3.99,3644,train
3904506,OH,Ohio,Westlake City,7.86,93.0,92.91,0.09,3499,train
3904507,OH,Ohio,Whitehall City,24.54,73.0,82.51,-9.51,3509,train
3904508,OH,Ohio,Wickliffe City,15.01,92.0,88.19,3.81,1306,train
3904509,OH,Ohio,Willard City,17.21,92.0,86.86,5.14,1546,train
3904510,OH,Ohio,Willoughby-Eastlake City,14.73,87.0,88.83,-1.83,7663,test
3904511,OH,Ohio,Wilmington City,12.92,85.0,89.7,-4.7,2818,train
3904513,OH,Ohio,Worthington City,9.78,90.0,91.99,-1.99,9846,train
3904514,OH,Ohio,Wyoming City,7.73,95.0,92.83,2.17,1953,train
3904515,OH,Ohio,Xenia Community City,20.43,75.0,85.12,-10.12,4279,train
3904516,OH,Ohio,Youngstown City,43.86,85.0,70.56,14.44,5299,train
3904517,OH,Ohio,Zanesville City,24.19,87.0,82.69,4.31,3142,train
3904519,OH,Ohio,Amherst Exempted Village,11.05,94.0,90.94,3.06,3693,train
3904524,OH,Ohio,Harrison Hills City,20.5,92.0,84.79,7.21,1454,train
3904527,OH,Ohio,Carrollton Exempted Village,15.97,92.0,87.69,4.31,1916,test
3904528,OH,Ohio,Chagrin Falls Exempted Village,7.52,95.0,92.98,2.02,2022,train
3904529,OH,Ohio,Chesapeake Union Exempted Village,25.81,95.0,81.45,13.55,1333,train
3904531,OH,Ohio,Coldwater Exempted Village,3.77,95.0,95.21,-0.21,1379,test
3904539,OH,Ohio,Granville Exempted Village,7.67,98.0,92.94,5.06,2489,train
3904540,OH,Ohio,Greenfield Exempted Village,10.77,92.0,90.93,1.07,1913,train
3904542,OH,Ohio,Hubbard Exempted Village,12.78,95.0,89.68,5.32,1933,train
3904543,OH,Ohio,Indian Hill Exempted Village,6.41,95.0,93.67,1.33,2027,train
3904547,OH,Ohio,Marysville Exempted Village,12.19,94.0,90.31,3.69,5144,train
3904549,OH,Ohio,Mentor Exempted Village,10.65,95.0,91.38,3.62,7700,train
3904550,OH,Ohio,Milford Exempted Village,9.69,98.0,91.93,6.07,6417,train
3904551,OH,Ohio,Milton-Union Exempted Village,12.64,87.0,89.7,-2.7,1487,train
3904555,OH,Ohio,New Richmond Exempted Village,14.08,87.0,88.92,-1.92,2365,train
3904557,OH,Ohio,Paulding Exempted Village,8.83,92.0,92.07,-0.07,1449,train
3904558,OH,Ohio,Perrysburg Exempted Village,7.24,94.0,93.41,0.59,5261,train
3904560,OH,Ohio,Rossford Exempted Village,13.72,92.0,89.05,2.95,1604,test
3904561,OH,Ohio,Tipp City Exempted Village,7.41,92.0,93.09,-1.09,2390,train
3904563,OH,Ohio,Versailles Exempted Village,2.14,95.0,96.22,-1.22,1310,train
3904564,OH,Ohio,Wauseon Exempted Village,8.77,87.0,92.19,-5.19,2007,train
3904576,OH,Ohio,Bath Local,9.97,87.0,91.43,-4.43,1856,train
3904577,OH,Ohio,Elida Local,15.61,87.0,87.98,-0.98,2447,train
3904579,OH,Ohio,Shawnee Local,9.73,89.0,91.64,-2.64,2425,train
3904585,OH,Ohio,Buckeye Local,17.4,92.0,86.77,5.23,1770,train
3904586,OH,Ohio,Grand Valley Local,12.93,92.0,89.45,2.55,1137,train
3904587,OH,Ohio,Jefferson Area Local,13.94,92.0,88.9,3.1,1557,train
3904588,OH,Ohio,Pymatuning Valley Local,15.57,87.0,87.8,-0.8,1124,train
3904590,OH,Ohio,Alexander Local,14.61,87.0,88.49,-1.49,1595,train
3904599,OH,Ohio,St Clairsville-Richland City,11.87,92.0,90.23,1.77,1753,train
3904601,OH,Ohio,Union Local,17.99,92.0,86.35,5.65,1445,test
3904606,OH,Ohio,Western Brown Local,13.2,83.0,89.55,-6.55,3092,train
3904609,OH,Ohio,Edgewood City,19.42,92.0,85.71,6.29,3667,train
3904610,OH,Ohio,Fairfield City,14.93,90.0,88.77,1.23,9779,train
3904611,OH,Ohio,Lakota Local,7.44,94.0,93.58,0.42,16071,train
3904612,OH,Ohio,Madison Local,13.03,92.0,89.46,2.54,1504,train
3904614,OH,Ohio,Ross Local,9.29,97.0,91.96,5.04,2841,test
3904615,OH,Ohio,Talawanda City,11.7,89.0,90.47,-1.47,2991,test
3904619,OH,Ohio,Graham Local,10.58,87.0,91.04,-4.04,1853,train
3904623,OH,Ohio,Greenon Local,16.92,82.0,87.05,-5.05,1613,test
3904624,OH,Ohio,Tecumseh Local,14.61,78.0,88.65,-10.65,2855,train
3904625,OH,Ohio,Northeastern Local,14.0,94.0,89.05,4.95,3192,train
3904626,OH,Ohio,Northwestern Local,11.69,95.0,90.3,4.7,1531,train
3904628,OH,Ohio,Clark-Shawnee Local,16.46,87.0,87.38,-0.38,1865,train
3904630,OH,Ohio,Batavia Local,18.8,95.0,85.96,9.04,2239,train
3904631,OH,Ohio,Bethel-Tate Local,13.68,95.0,89.05,5.95,1462,train
3904632,OH,Ohio,Clermont Northeastern Local,19.93,87.0,85.13,1.87,1375,test
3904634,OH,Ohio,Goshen Local,19.12,92.0,85.83,6.17,2783,train
3904635,OH,Ohio,West Clermont Local,18.18,87.0,86.7,0.3,8269,test
3904638,OH,Ohio,Blanchester Local,12.25,92.0,89.94,2.06,1494,train
3904639,OH,Ohio,Clinton-Massie Local,9.67,95.0,91.6,3.4,1778,train
3904640,OH,Ohio,East Clinton Local,14.56,87.0,88.46,-1.46,1291,test
3904642,OH,Ohio,Beaver Local,17.87,92.0,86.5,5.5,1858,train
3904645,OH,Ohio,United Local,13.16,95.0,89.32,5.68,1231,train
3904648,OH,Ohio,River View Local,7.98,92.0,92.68,-0.68,1967,train
3904657,OH,Ohio,Olmsted Falls City,8.86,90.0,92.3,-2.3,3657,train
3904660,OH,Ohio,Solon City,3.83,98.0,95.49,2.51,4442,train
3904674,OH,Ohio,Big Walnut Local,7.45,98.0,93.18,4.82,3666,train
3904675,OH,Ohio,Buckeye Valley Local,12.24,92.0,90.06,1.94,2263,train
3904676,OH,Ohio,Olentangy Local,5.94,96.0,94.59,1.41,20806,test
3904678,OH,Ohio,Edison Local (formerly Berlin-Milan),8.15,95.0,92.52,2.48,1619,test
3904681,OH,Ohio,Perkins Local,7.34,95.0,93.07,1.93,1854,train
3904682,OH,Ohio,Vermilion Local,18.08,92.0,86.37,5.63,1897,train
3904684,OH,Ohio,Amanda-Clearcreek Local,16.9,87.0,87.02,-0.02,1367,test
3904686,OH,Ohio,Bloom-Carroll Local,7.67,95.0,92.88,2.12,2033,train
3904687,OH,Ohio,Fairfield Union Local,14.23,87.0,88.78,-1.78,1946,train
3904688,OH,Ohio,Liberty Union-Thurston Local,10.46,95.0,91.02,3.98,1281,test
3904689,OH,Ohio,Pickerington Local,12.49,94.0,90.32,3.68,10489,test
3904694,OH,Ohio,Canal Winchester Local,13.65,95.0,89.32,5.68,3773,train
3904695,OH,Ohio,Hamilton Local,18.77,89.0,86.06,2.94,3020,train
3904696,OH,Ohio,Gahanna-Jefferson City,9.7,90.0,91.98,-1.98,7854,train
3904697,OH,Ohio,Groveport Madison Local,27.02,79.0,81.08,-2.08,5545,train
3904699,OH,Ohio,New Albany-Plain Local,6.12,99.0,94.09,4.91,4953,train
3904700,OH,Ohio,Reynoldsburg City,20.76,92.0,85.06,6.94,7509,train
3904701,OH,Ohio,Hilliard City,8.79,89.0,92.73,-3.73,15513,train
3904702,OH,Ohio,Dublin City,9.7,93.0,92.17,0.83,16156,train
3904704,OH,Ohio,Archbold-Area Local,4.96,95.0,94.47,0.53,1372,train
3904705,OH,Ohio,Evergreen Local,4.06,95.0,94.92,0.08,887,train
3904709,OH,Ohio,Swanton Local,12.84,92.0,89.54,2.46,1324,train
3904716,OH,Ohio,Berkshire Local,10.73,82.0,90.85,-8.85,1258,train
3904718,OH,Ohio,Chardon Local,10.91,94.0,90.95,3.05,2851,train
3904719,OH,Ohio,Kenston Local,5.06,97.0,94.6,2.4,2809,test
3904722,OH,Ohio,West Geauga Local,10.32,95.0,91.2,3.8,1803,train
3904724,OH,Ohio,Beavercreek City,8.67,95.0,92.61,2.39,7517,train
3904726,OH,Ohio,Greeneview Local,13.11,92.0,89.37,2.63,1312,train
3904727,OH,Ohio,Bellbrook-Sugarcreek Local,5.89,93.0,94.06,-1.06,2579,train
3904730,OH,Ohio,Rolling Hills Local,23.52,77.0,82.94,-5.94,1650,test
3904733,OH,Ohio,Finneytown Local,18.0,82.0,86.34,-4.34,1411,train
3904734,OH,Ohio,Forest Hills Local,6.88,95.0,93.72,1.28,7441,train
3904736,OH,Ohio,Northwest Local,18.56,86.0,86.47,-0.47,8576,train
3904737,OH,Ohio,Oak Hills Local,14.73,88.0,88.83,-0.83,7690,train
3904738,OH,Ohio,Southwest Local,15.64,86.0,88.09,-2.09,3944,train
3904739,OH,Ohio,Three Rivers Local,14.31,92.0,88.75,3.25,2104,train
3904763,OH,Ohio,Lynchburg-Clay Local,8.92,92.0,91.95,0.05,1144,train
3904769,OH,Ohio,West Holmes Local,9.25,82.0,91.92,-9.92,2216,train
3904778,OH,Ohio,Buckeye Local,26.17,92.0,81.29,10.71,1704,train
3904779,OH,Ohio,Edison Local,12.96,77.0,89.51,-12.51,1543,train
3904780,OH,Ohio,Indian Creek Local,30.03,92.0,78.96,13.04,2208,train
3904788,OH,Ohio,Madison Local,14.97,93.0,88.43,4.57,2980,train
3904790,OH,Ohio,Perry Local,8.72,95.0,92.18,2.82,1698,train
3904792,OH,Ohio,Dawson-Bryant Local,18.61,92.0,85.9,6.1,1107,train
3904793,OH,Ohio,Fairland Local,10.3,92.0,91.17,0.83,1573,train
3904794,OH,Ohio,Rock Hill Local,21.76,92.0,84.0,8.0,1475,train
3904795,OH,Ohio,South Point Local,17.89,92.0,86.45,5.55,1621,train
3904798,OH,Ohio,Johnstown-Monroe Local,12.73,92.0,89.66,2.34,1602,train
3904799,OH,Ohio,Lakewood Local,19.09,87.0,85.74,1.26,1870,train
3904800,OH,Ohio,Licking Heights Local,13.75,87.0,89.3,-2.3,4467,test
3904801,OH,Ohio,Licking Valley Local,11.26,92.0,90.64,1.36,2033,train
3904802,OH,Ohio,North Fork Local,13.49,92.0,89.19,2.81,1609,train
3904803,OH,Ohio,Northridge Local,11.59,92.0,90.29,1.71,1165,test
3904804,OH,Ohio,Southwest Licking Local,12.52,94.0,90.04,3.96,3938,train
3904807,OH,Ohio,Benjamin Logan Local,7.92,87.0,92.68,-5.68,1691,train
3904808,OH,Ohio,Indian Lake Local,8.0,92.0,92.6,-0.6,1525,train
3904811,OH,Ohio,Avon Local,5.32,97.0,94.55,2.45,4378,train
3904812,OH,Ohio,Avon Lake City,5.92,93.0,94.14,-1.14,3849,train
3904813,OH,Ohio,Clearview Local,24.34,87.0,82.43,4.57,1668,train
3904815,OH,Ohio,Firelands Local,8.04,92.0,92.61,-0.61,1716,train
3904816,OH,Ohio,Keystone Local,12.28,92.0,89.94,2.06,1580,train
3904817,OH,Ohio,Midview Local,15.48,93.0,88.12,4.88,3100,train
3904820,OH,Ohio,Anthony Wayne Local,6.46,97.0,93.85,3.15,4503,test
3904822,OH,Ohio,Springfield Local,13.12,90.0,89.67,0.33,3995,train
3904823,OH,Ohio,Washington Local,19.27,87.0,85.98,1.02,7043,test
3904826,OH,Ohio,Jonathan Alder Local,6.56,92.0,93.59,-1.59,2194,train
3904827,OH,Ohio,Madison-Plains Local,14.32,87.0,88.57,-1.57,1124,train
3904829,OH,Ohio,Austintown Local Schools,16.64,91.0,87.5,3.5,4538,train
3904830,OH,Ohio,Boardman Local,10.65,95.0,91.21,3.79,4065,train
3904831,OH,Ohio,Canfield Local,9.57,97.0,91.75,5.25,2488,train
3904834,OH,Ohio,Poland Local,13.5,95.0,89.22,5.78,1852,train
3904836,OH,Ohio,South Range Local,5.96,95.0,93.83,1.17,1276,test
3904838,OH,Ohio,West Branch Local,9.77,92.0,91.58,0.42,2048,train
3904842,OH,Ohio,Pleasant Local,10.2,95.0,91.17,3.83,1216,train
3904844,OH,Ohio,River Valley Local,9.58,95.0,91.69,3.31,2014,train
3904846,OH,Ohio,Black River Local,10.04,92.0,91.25,0.75,1135,train
3904847,OH,Ohio,Buckeye Local,6.37,92.0,93.72,-1.72,2259,train
3904848,OH,Ohio,Cloverleaf Local,11.89,87.0,90.29,-3.29,2313,train
3904849,OH,Ohio,Highland Local,6.09,98.0,93.99,4.01,3202,train
3904852,OH,Ohio,Meigs Local,27.61,77.0,80.4,-3.4,1717,train
3904861,OH,Ohio,Bethel Local,7.37,87.0,92.99,-5.99,1466,train
3904862,OH,Ohio,Miami East Local,2.76,95.0,95.83,-0.83,1304,train
3904865,OH,Ohio,Switzerland of Ohio Local,16.64,77.0,87.31,-10.31,2182,train
3904867,OH,Ohio,Brookville Local,5.7,87.0,94.03,-7.03,1492,train
3904869,OH,Ohio,Trotwood-Madison City,27.39,82.0,80.65,1.35,2589,train
3904870,OH,Ohio,Mad River Local,20.85,79.0,84.83,-5.83,3751,train
3904872,OH,Ohio,Northmont City,9.37,93.0,92.06,0.94,4901,test
3904873,OH,Ohio,Northridge Local,41.57,72.0,71.64,0.36,1441,train
3904874,OH,Ohio,Valley View Local,9.7,95.0,91.59,3.41,1845,train
3904875,OH,Ohio,Huber Heights City,19.23,87.0,85.94,1.06,5529,train
3904877,OH,Ohio,Morgan Local,15.06,77.0,88.24,-11.24,1800,train
3904880,OH,Ohio,Highland Local,10.16,87.0,91.3,-4.3,1850,test
3904883,OH,Ohio,East Muskingum Local,10.82,92.0,90.91,1.09,1941,test
3904884,OH,Ohio,Franklin Local,14.45,87.0,88.65,-1.65,1959,train
3904885,OH,Ohio,Maysville Local,15.95,92.0,87.74,4.26,2207,train
3904887,OH,Ohio,Tri-Valley Local,11.14,94.0,90.83,3.17,3087,train
3904888,OH,Ohio,West Muskingum Local,17.0,95.0,86.96,8.04,1400,test
3904892,OH,Ohio,Benton Carroll Salem Local,5.43,95.0,94.2,0.8,1492,train
3904894,OH,Ohio,Genoa Area Local,8.89,92.0,92.01,-0.01,1338,train
3904905,OH,Ohio,Northern Local,12.25,87.0,90.07,-3.07,2392,train
3904908,OH,Ohio,Logan Elm Local,10.34,92.0,91.19,0.81,1790,train
3904909,OH,Ohio,Teays Valley Local,14.14,87.0,89.03,-2.03,4017,train
3904910,OH,Ohio,Westfall Local,8.65,87.0,91.94,-4.94,601,train
3904913,OH,Ohio,Scioto Valley Local,18.33,95.0,86.1,8.9,1233,train
3904914,OH,Ohio,Waverly City,16.88,92.0,87.11,4.89,1819,train
3904917,OH,Ohio,Aurora City,4.32,97.0,95.07,1.93,2914,train
3904918,OH,Ohio,Crestwood Local,20.91,92.0,84.57,7.43,1693,train
3904919,OH,Ohio,Field Local,12.43,92.0,89.91,2.09,2012,train
3904920,OH,Ohio,James A Garfield Local,14.08,87.0,88.78,-1.78,1413,train
3904922,OH,Ohio,Southeast Local,20.12,95.0,85.05,9.95,1605,train
3904923,OH,Ohio,Streetsboro City,11.3,87.0,90.64,-3.64,2212,train
3904924,OH,Ohio,Waterloo Local,18.26,87.0,86.1,0.9,1068,train
3904928,OH,Ohio,Preble Shawnee Local,13.16,87.0,89.36,-2.36,1383,train
3904937,OH,Ohio,Ottawa-Glandorf Local,4.58,95.0,94.74,0.26,1530,train
3904941,OH,Ohio,Clear Fork Valley Local,10.55,92.0,91.03,0.97,1649,train
3904943,OH,Ohio,Lexington Local,7.88,96.0,92.79,3.21,2397,test
3904945,OH,Ohio,Madison Local,1.43,91.0,96.89,-5.89,3015,train
3904947,OH,Ohio,Ontario Local,8.05,92.0,92.63,-0.63,1950,test
3904953,OH,Ohio,Union-Scioto Local,18.29,92.0,86.27,5.73,2154,train
3904954,OH,Ohio,Zane Trace Local,15.98,87.0,87.61,-0.61,1427,train
3904962,OH,Ohio,Minford Local,13.45,87.0,89.18,-2.18,1442,train
3904963,OH,Ohio,Northwest Local,20.69,77.0,84.66,-7.66,1440,train
3904965,OH,Ohio,Washington-Nile Local,10.7,95.0,90.91,4.09,1486,test
3904966,OH,Ohio,Wheelersburg Local,10.57,95.0,91.01,3.99,1618,train
3904983,OH,Ohio,Canton Local,11.12,92.0,90.75,1.25,2150,train
3904984,OH,Ohio,Fairless Local,13.58,95.0,89.12,5.88,1510,train
3904985,OH,Ohio,Jackson Local,5.15,94.0,94.76,-0.76,6218,train
3904986,OH,Ohio,Lake Local,3.68,96.0,95.51,0.49,3344,train
3904987,OH,Ohio,Louisville City,12.6,97.0,89.89,7.11,2746,train
3904988,OH,Ohio,Marlington Local,30.04,91.0,78.98,12.02,2477,test
3904989,OH,Ohio,Minerva Local,8.12,95.0,92.61,2.39,2093,train
3904990,OH,Ohio,Northwest Local,9.43,96.0,91.78,4.22,2004,train
3904992,OH,Ohio,Perry Local,11.77,94.0,90.55,3.45,4672,test
3904993,OH,Ohio,Plain Local,11.4,84.0,90.85,-6.85,5991,train
3904995,OH,Ohio,Tuslaw Local,9.86,95.0,91.43,3.57,1460,train
3904997,OH,Ohio,Woodridge Local,11.62,92.0,90.41,1.59,1971,train
3904998,OH,Ohio,Copley-Fairlawn City,6.18,93.0,93.9,-0.9,2848,train
3904999,OH,Ohio,Coventry Local,14.09,87.0,88.87,-1.87,1945,test
3905000,OH,Ohio,Manchester Local,10.64,92.0,90.91,1.09,1306,test
3905001,OH,Ohio,Green Local,8.43,94.0,92.6,1.4,4080,train
3905002,OH,Ohio,Hudson City,5.13,93.0,94.69,-1.69,4641,train
3905004,OH,Ohio,Nordonia Hills City,8.13,97.0,92.76,4.24,3704,test
3905005,OH,Ohio,Revere Local,5.22,96.0,94.49,1.51,2739,train
3905006,OH,Ohio,Springfield Local,23.2,95.0,83.21,11.79,2181,train
3905007,OH,Ohio,Twinsburg City,7.44,98.0,93.22,4.78,4140,train
3905013,OH,Ohio,Champion Local,11.3,92.0,90.52,1.48,1372,train
3905016,OH,Ohio,Howland Local,16.09,89.0,87.71,1.29,2667,test
3905018,OH,Ohio,Lakeview Local,11.02,95.0,90.73,4.27,1606,train
3905027,OH,Ohio,Garaway Local,3.93,92.0,95.07,-3.07,1169,train
3905028,OH,Ohio,Indian Valley Local,12.41,92.0,89.88,2.12,1725,train
3905030,OH,Ohio,Tuscarawas Valley Local,4.89,95.0,94.51,0.49,1350,train
3905033,OH,Ohio,North Union Local School District,14.51,92.0,88.54,3.46,1537,train
3905039,OH,Ohio,Vinton County Local,17.45,87.0,86.79,0.21,2052,train
3905041,OH,Ohio,Carlisle Local,8.25,95.0,92.46,2.54,1600,train
3905042,OH,Ohio,Springboro Community City,3.6,97.0,95.72,1.28,6107,test
3905043,OH,Ohio,Kings Local,10.41,93.0,91.38,1.62,4380,train
3905044,OH,Ohio,Little Miami Local,8.09,95.0,92.85,2.15,4759,train
3905045,OH,Ohio,Mason City,5.6,94.0,94.62,-0.62,10790,train
3905046,OH,Ohio,Wayne Local,6.33,92.0,93.63,-1.63,1438,train
3905053,OH,Ohio,Chippewa Local,10.51,95.0,90.98,4.02,1247,train
3905056,OH,Ohio,Norwayne Local,7.81,87.0,92.7,-5.7,1434,train
3905059,OH,Ohio,Triway Local,6.96,87.0,93.27,-6.27,1610,train
3905067,OH,Ohio,Eastwood Local,6.84,95.0,93.31,1.69,1419,train
3905069,OH,Ohio,Lake Local,10.12,92.0,91.31,0.69,1709,train
3905072,OH,Ohio,Otsego Local,5.54,92.0,94.16,-2.16,1678,train
3906190,OH,Ohio,Adams County Ohio Valley Local,17.86,85.0,86.69,-1.69,3740,train
3906568,OH,Ohio,Gallia County Local,19.05,82.0,85.82,-3.82,2284,train
3910000,OH,Ohio,Findlay City,12.96,90.0,89.84,0.16,5231,train
3910003,OH,Ohio,Sidney City,18.91,79.0,86.0,-7.0,3278,train
3910004,OH,Ohio,Anna Local,4.63,95.0,94.63,0.37,1167,train
3910006,OH,Ohio,Salem City,22.65,92.0,83.55,8.45,2132,test
3910009,OH,Ohio,Shelby City,8.36,87.0,92.42,-5.42,1783,train
3910010,OH,Ohio,Miami Trace Local,17.19,82.0,87.01,-5.01,2623,train
3910011,OH,Ohio,Washington Court House City,18.38,82.0,86.23,-4.23,2280,train
3910012,OH,Ohio,Mount Vernon City,14.65,89.0,88.69,0.31,3721,test
3910014,OH,Ohio,Riverside Local,10.08,88.0,91.59,-3.59,4524,train
3910015,OH,Ohio,Painesville City Local,25.54,77.0,81.82,-4.82,2780,train
3910016,OH,Ohio,Orange City,8.3,87.0,92.47,-5.47,1915,train
3910017,OH,Ohio,Bedford City,20.61,85.0,84.93,0.07,3197,train
3910018,OH,Ohio,Warren Local,9.78,92.0,91.58,0.42,2107,train
3910019,OH,Ohio,Marietta City,18.9,88.0,85.95,2.05,2672,train
3910020,OH,Ohio,Clyde-Green Springs Exempted Village,13.13,92.0,89.5,2.5,2179,train
3910023,OH,Ohio,Van Wert City,6.21,92.0,93.8,-1.8,2060,train
3910024,OH,Ohio,Upper Sandusky Exempted Village,8.32,92.0,92.41,-0.41,1587,train
3910025,OH,Ohio,Kenton City,18.21,87.0,86.28,0.72,1851,train
3910029,OH,Ohio,Wadsworth City,6.51,94.0,93.82,0.18,4518,train
3910030,OH,Ohio,Celina City,10.77,92.0,91.02,0.98,2600,train
3910032,OH,Ohio,Wooster City,13.48,92.0,89.4,2.6,3413,test
4000777,OK,Oklahoma,EPIC ONE ON ONE CHARTER SCHOOL,25.88,46.0,81.89,-35.89,8060,train
4000778,OK,Oklahoma,OKLAHOMA VIRTUAL CHARTER ACAD,12.23,58.0,90.07,-32.07,2233,train
4000783,OK,Oklahoma,ASTEC CHARTERS,2.17,92.0,96.1,-4.1,922,train
4000784,OK,Oklahoma,HARDING (CHARTER),14.41,92.0,88.29,3.71,472,test
4000786,OK,Oklahoma,OKLAHOMA CONNECTIONS ACADEMY,3.5,57.0,95.39,-38.39,1400,train
4000796,OK,Oklahoma,SANTA FE SOUTH (CHARTER),12.3,84.0,90.12,-6.12,3212,train
4000800,OK,Oklahoma,EPIC BLENDED LEARNING CHARTER,19.71,58.0,85.62,-27.62,5099,train
4002430,OK,Oklahoma,ADA,16.49,87.0,87.44,-0.44,2613,test
4002850,OK,Oklahoma,ALTUS,15.9,67.0,87.89,-20.89,3397,train
4003000,OK,Oklahoma,ANADARKO,13.3,77.0,89.32,-12.32,1684,train
4003180,OK,Oklahoma,ARDMORE,27.99,6.0,80.29,-74.29,2847,test
4003630,OK,Oklahoma,BARTLESVILLE,18.46,73.0,86.44,-13.44,5985,train
4003810,OK,Oklahoma,BEGGS,13.37,95.0,89.16,5.84,1077,train
4004020,OK,Oklahoma,BERRYHILL,10.39,92.0,91.05,0.95,1241,train
4004110,OK,Oklahoma,BETHANY,8.22,92.0,92.49,-0.49,1655,train
4004500,OK,Oklahoma,BIXBY,11.07,92.0,91.07,0.93,6423,train
4004630,OK,Oklahoma,BLACKWELL,18.94,87.0,85.73,1.27,1288,train
4004680,OK,Oklahoma,BLANCHARD,12.38,77.0,89.94,-12.94,2043,train
4005400,OK,Oklahoma,BRIDGE CREEK,13.04,87.0,89.47,-2.47,1603,train
4005460,OK,Oklahoma,BRISTOW,18.58,77.0,86.04,-9.04,1755,train
4005490,OK,Oklahoma,BROKEN ARROW,19.43,89.0,86.15,2.85,19084,train
4005520,OK,Oklahoma,BROKEN BOW,21.61,92.0,84.13,7.87,1638,train
4006120,OK,Oklahoma,CACHE,9.64,95.0,91.65,3.35,1992,train
4006870,OK,Oklahoma,CATOOSA,17.18,77.0,86.96,-9.96,2136,train
4007350,OK,Oklahoma,CHECOTAH,26.99,77.0,80.74,-3.74,1434,train
4007560,OK,Oklahoma,CHICKASHA,24.12,77.0,82.66,-5.66,2355,train
4007620,OK,Oklahoma,CHOCTAW-NICOMA PARK,22.83,92.0,83.71,8.29,5835,test
4007740,OK,Oklahoma,CLAREMORE,17.91,80.0,86.67,-6.67,3858,test
4008040,OK,Oklahoma,CLEVELAND,22.65,82.0,83.49,-1.49,1722,train
4008070,OK,Oklahoma,CLINTON,18.6,87.0,86.09,0.91,2226,test
4008370,OK,Oklahoma,COLLINSVILLE,9.95,90.0,91.54,-1.54,2773,train
4008850,OK,Oklahoma,COWETA,16.28,92.0,87.64,4.36,3305,train
4009240,OK,Oklahoma,CUSHING,18.9,92.0,85.85,6.15,1852,train
4009570,OK,Oklahoma,DEER CREEK,7.54,94.0,93.27,0.73,6235,train
4010290,OK,Oklahoma,DUNCAN,29.83,80.0,79.2,0.8,3486,train
4010350,OK,Oklahoma,DURANT,14.3,87.0,88.91,-1.91,3651,test
4010590,OK,Oklahoma,EDMOND,11.94,93.0,90.89,2.11,24918,train
4010650,OK,Oklahoma,EL RENO,14.26,86.0,88.85,-2.85,2714,train
4010710,OK,Oklahoma,ELGIN,16.55,95.0,87.38,7.62,2350,train
4010740,OK,Oklahoma,ELK CITY,16.68,82.0,87.27,-5.27,2110,train
4010920,OK,Oklahoma,ENID,20.84,85.0,85.03,-0.03,7864,train
4011970,OK,Oklahoma,FORT GIBSON,15.34,51.0,88.06,-37.06,1780,train
4012720,OK,Oklahoma,GLENPOOL,18.33,87.0,86.32,0.68,2783,train
4013530,OK,Oklahoma,GROVE,24.52,82.0,82.43,-0.43,2537,train
4013560,OK,Oklahoma,GUTHRIE,22.04,68.0,84.06,-16.06,3412,test
4013590,OK,Oklahoma,GUYMON,10.69,60.0,91.11,-31.11,3087,train
4013890,OK,Oklahoma,HARRAH,15.36,82.0,88.11,-6.11,2226,test
4014520,OK,Oklahoma,HILLDALE,10.32,95.0,91.2,3.8,1783,train
4015370,OK,Oklahoma,IDABEL,21.95,82.0,83.84,-1.84,1244,train
4015480,OK,Oklahoma,INOLA,11.21,92.0,90.56,1.44,1311,train
4015690,OK,Oklahoma,JAY,28.24,77.0,79.99,-2.99,1636,test
4015720,OK,Oklahoma,JENKS,13.94,89.0,89.45,-0.45,12286,train
4017250,OK,Oklahoma,LAWTON,23.44,81.0,83.56,-2.56,14063,train
4017880,OK,Oklahoma,LITTLE AXE,25.91,82.0,81.38,0.62,1316,train
4018000,OK,Oklahoma,LOCUST GROVE,19.06,67.0,85.68,-18.68,1432,train
4018090,OK,Oklahoma,LONE GROVE,17.21,92.0,86.85,5.15,1482,train
4018700,OK,Oklahoma,MADILL,17.16,77.0,86.93,-9.93,1789,test
4018840,OK,Oklahoma,MANNFORD,22.37,87.0,83.63,3.37,1502,train
4019080,OK,Oklahoma,MARLOW,13.09,82.0,89.41,-7.41,1429,train
4019440,OK,Oklahoma,MCALESTER,20.73,77.0,84.84,-7.84,2995,train
4019860,OK,Oklahoma,MIAMI,24.55,67.0,82.37,-15.37,2183,train
4019950,OK,Oklahoma,MIDWEST CITY-DEL CITY,20.26,96.0,85.55,10.45,14379,train
4020250,OK,Oklahoma,MOORE,16.86,85.0,87.82,-2.82,24682,train
4020880,OK,Oklahoma,MULDROW,7.88,92.0,92.66,-0.66,1422,train
4020970,OK,Oklahoma,MUSKOGEE,26.06,76.0,81.69,-5.69,5859,train
4021000,OK,Oklahoma,MUSTANG,17.2,96.0,87.41,8.59,11818,test
4021510,OK,Oklahoma,NEWCASTLE,15.11,92.0,88.26,3.74,2210,train
4021630,OK,Oklahoma,NOBLE,26.55,80.0,81.2,-1.2,2863,train
4021720,OK,Oklahoma,NORMAN,18.69,88.0,86.56,1.44,15892,train
4022770,OK,Oklahoma,OKLAHOMA CITY,29.72,67.0,79.9,-12.9,37270,train
4022800,OK,Oklahoma,OKMULGEE,22.98,72.0,83.23,-11.23,1371,train
4023040,OK,Oklahoma,OOLOGAH-TALALA,12.37,87.0,89.91,-2.91,1738,train
4023280,OK,Oklahoma,OWASSO,10.43,92.0,91.58,0.42,9731,train
4023550,OK,Oklahoma,PAULS VALLEY,10.86,82.0,90.79,-8.79,1381,train
4023970,OK,Oklahoma,PIEDMONT,10.92,92.0,91.04,0.96,4084,train
4024240,OK,Oklahoma,PLAINVIEW,12.2,92.0,89.98,2.02,1525,train
4024690,OK,Oklahoma,PONCA CITY,18.77,93.0,86.19,6.81,4927,train
4024870,OK,Oklahoma,POTEAU,18.23,82.0,86.35,-4.35,2469,train
4025200,OK,Oklahoma,PRYOR,25.08,87.0,82.1,4.9,2739,train
4025230,OK,Oklahoma,PURCELL,15.83,87.0,87.69,-0.69,1402,train
4025290,OK,Oklahoma,PUTNAM CITY,21.27,81.0,85.0,-4.0,19515,test
4026790,OK,Oklahoma,SALLISAW,25.13,72.0,82.0,-10.0,2145,train
4026880,OK,Oklahoma,SAND SPRINGS,17.23,80.0,87.16,-7.16,5124,train
4026910,OK,Oklahoma,SAPULPA,24.01,86.0,82.86,3.14,3820,test
4027300,OK,Oklahoma,SEMINOLE,25.43,82.0,81.75,0.25,1644,train
4027390,OK,Oklahoma,SEQUOYAH,8.31,87.0,92.38,-5.38,1348,train
4027570,OK,Oklahoma,SHAWNEE,28.69,77.0,79.95,-2.95,4002,test
4027750,OK,Oklahoma,SKIATOOK,10.38,83.0,91.25,-8.25,2534,train
4028650,OK,Oklahoma,STIGLER,16.53,82.0,87.24,-5.24,1337,train
4028680,OK,Oklahoma,STILLWATER,14.61,87.0,88.86,-1.86,6333,train
4028710,OK,Oklahoma,STILWELL,28.82,82.0,79.56,2.44,1277,train
4029160,OK,Oklahoma,SULPHUR,13.41,87.0,89.22,-2.22,1514,train
4029380,OK,Oklahoma,TAHLEQUAH,20.99,90.0,84.72,5.28,3573,train
4029610,OK,Oklahoma,TECUMSEH,16.92,92.0,87.13,4.87,2163,train
4030240,OK,Oklahoma,TULSA,34.06,75.0,77.19,-2.19,36171,train
4030420,OK,Oklahoma,TUTTLE,16.53,95.0,87.34,7.66,1948,train
4030600,OK,Oklahoma,UNION,18.48,89.0,86.69,2.31,15768,test
4030870,OK,Oklahoma,VALLIANT,19.52,82.0,85.26,-3.26,871,train
4031290,OK,Oklahoma,VINITA,23.11,67.0,83.16,-16.16,1428,train
4031350,OK,Oklahoma,WAGONER,17.78,87.0,86.62,0.38,2379,train
4032070,OK,Oklahoma,WEATHERFORD,11.25,87.0,90.68,-3.68,2267,test
4032370,OK,Oklahoma,WESTERN HEIGHTS,38.52,72.0,73.78,-1.78,3507,train
4033180,OK,Oklahoma,WOODWARD,15.01,87.0,88.39,-1.39,2832,train
4033480,OK,Oklahoma,YUKON,14.06,94.0,89.29,4.71,8779,train
4100020,OR,Oregon,North Santiam SD 29J,31.11,87.0,78.29,8.71,2263,train
4100023,OR,Oregon,Hillsboro SD 1J,19.38,84.0,86.2,-2.2,20359,train
4100043,OR,Oregon,ODE YCEP District,1.2,27.0,96.06,-69.06,83,train
4100048,OR,Oregon,North Wasco County SD 21,25.86,75.0,81.64,-6.64,2997,test
4101120,OR,Oregon,Greater Albany Public SD 8J,26.4,86.0,81.61,4.39,9421,test
4101560,OR,Oregon,Ashland SD 5,23.76,86.0,82.92,3.08,2723,train
4101620,OR,Oregon,Astoria SD 1,20.64,77.0,84.77,-7.77,1923,test
4101710,OR,Oregon,Baker SD 5J,16.38,79.0,87.57,-8.57,3168,train
4101920,OR,Oregon,Beaverton SD 48J,17.56,86.0,87.53,-1.53,43130,train
4101980,OR,Oregon,Bend-LaPine Administrative SD 1,26.22,82.0,81.9,0.1,17978,train
4102040,OR,Oregon,Bethel SD 52,20.43,66.0,85.19,-19.19,5468,train
4102310,OR,Oregon,Brookings-Harbor SD 17C,42.62,72.0,71.0,1.0,1544,train
4102640,OR,Oregon,Canby SD 86,20.81,87.0,84.91,2.09,4657,train
4102780,OR,Oregon,Cascade SD 5,21.31,87.0,84.4,2.6,2285,train
4102800,OR,Oregon,Centennial SD 28J,34.43,72.0,76.48,-4.48,6035,train
4102840,OR,Oregon,Central SD 13J,25.25,82.0,82.05,-0.05,3315,test
4102940,OR,Oregon,Central Point SD 6,25.26,83.0,82.14,0.86,4778,train
4103390,OR,Oregon,Coquille SD 8,37.41,62.0,74.17,-12.17,1120,test
4103420,OR,Oregon,Corbett SD 39,19.92,92.0,85.11,6.89,1260,train
4103480,OR,Oregon,Corvallis SD 509J,24.25,87.0,82.86,4.14,6787,train
4103660,OR,Oregon,Coos Bay SD 9,34.62,65.0,76.19,-11.19,3244,train
4103720,OR,Oregon,Crook County SD,23.52,78.0,83.09,-5.09,2900,test
4103860,OR,Oregon,Dallas SD 2,22.19,76.0,83.94,-7.94,3114,train
4103940,OR,Oregon,David Douglas SD 40,25.12,76.0,82.44,-6.44,10575,train
4104500,OR,Oregon,Eagle Point SD 9,19.82,72.0,85.52,-13.52,4596,test
4104700,OR,Oregon,Estacada SD 108,24.99,62.0,82.03,-20.03,1677,train
4104740,OR,Oregon,Eugene SD 4J,26.85,74.0,81.49,-7.49,17105,test
4104950,OR,Oregon,Fern Ridge SD 28J,29.38,62.0,79.25,-17.25,1457,train
4105100,OR,Oregon,Siuslaw SD 97J,26.77,77.0,80.86,-3.86,1345,train
4105160,OR,Oregon,Forest Grove SD 15,23.52,80.0,83.29,-3.29,6135,train
4105610,OR,Oregon,Gladstone SD 115,23.91,87.0,82.75,4.25,2045,train
4105910,OR,Oregon,Grants Pass SD 7,22.39,73.0,83.99,-10.99,6131,train
4106000,OR,Oregon,Gresham-Barlow SD 10J,27.71,73.0,80.85,-7.85,11798,train
4106300,OR,Oregon,Hermiston SD 8,24.31,74.0,82.77,-8.77,5688,train
4106510,OR,Oregon,Hood River County SD,15.53,86.0,88.16,-2.16,4075,train
4106740,OR,Oregon,Jefferson County SD 509J,31.08,77.0,78.38,-1.38,2976,train
4106900,OR,Oregon,Three Rivers/Josephine County SD,27.32,75.0,80.86,-5.86,4934,test
4106930,OR,Oregon,Junction City SD 69,20.12,82.0,85.06,-3.06,1680,train
4107020,OR,Oregon,Klamath County SD,23.04,79.0,83.6,-4.6,6463,train
4107080,OR,Oregon,Klamath Falls City Schools,33.08,63.0,77.13,-14.13,3002,train
4107200,OR,Oregon,La Grande SD 1,21.8,87.0,84.13,2.87,2523,test
4107230,OR,Oregon,Lake Oswego SD 7J,11.15,93.0,91.05,1.95,7006,train
4107380,OR,Oregon,Lebanon Community SD 9,30.63,77.0,78.76,-1.76,4264,train
4107500,OR,Oregon,Lincoln County SD,33.98,82.0,76.73,5.27,5515,train
4108010,OR,Oregon,McMinnville SD 40,18.88,91.0,86.22,4.78,6813,train
4108040,OR,Oregon,Medford SD 549C,24.99,81.0,82.6,-1.6,14232,train
4108100,OR,Oregon,Santiam Canyon SD 129J,77.31,59.0,49.64,9.36,4460,train
4108160,OR,Oregon,Milton-Freewater Unified SD 7,26.16,82.0,81.3,0.7,1739,train
4108310,OR,Oregon,Molalla River SD 35,29.03,77.0,79.63,-2.63,2735,train
4108520,OR,Oregon,Morrow SD 1,23.84,82.0,82.81,-0.81,2202,train
4108720,OR,Oregon,Newberg SD 29J,21.03,84.0,84.79,-0.79,5031,train
4108820,OR,Oregon,North Bend SD 13,31.04,55.0,78.5,-23.5,4314,train
4108830,OR,Oregon,North Clackamas SD 12,19.38,85.0,86.15,-1.15,17106,train
4108880,OR,Oregon,North Marion SD 15,21.51,82.0,84.23,-2.23,1901,train
4109270,OR,Oregon,Ontario SD 8C,16.87,87.0,87.18,-0.18,2365,train
4109330,OR,Oregon,Oregon City SD 62,23.88,85.0,83.12,1.88,7562,train
4109480,OR,Oregon,Parkrose SD 3,30.16,79.0,78.97,0.03,3206,test
4109510,OR,Oregon,Pendleton SD 16,25.49,81.0,81.88,-0.88,3166,train
4109600,OR,Oregon,Philomath SD 17J,20.2,87.0,85.01,1.99,1634,train
4109630,OR,Oregon,Phoenix-Talent SD 4,28.87,77.0,79.72,-2.72,2594,test
4110040,OR,Oregon,Portland SD 1J,21.69,80.0,84.98,-4.98,46933,train
4110350,OR,Oregon,Redmond SD 2J,31.35,83.0,78.45,4.55,7394,test
4110520,OR,Oregon,Reynolds SD 7,35.08,68.0,76.23,-8.23,11159,train
4110710,OR,Oregon,Douglas County SD 4,28.83,62.0,79.97,-17.97,6004,train
4110820,OR,Oregon,Salem-Keizer SD 24J,33.17,77.0,77.78,-0.78,41779,train
4110890,OR,Oregon,Oregon Trail SD 46,23.53,82.0,83.2,-1.2,4395,test
4110980,OR,Oregon,Scappoose SD 1J,18.47,92.0,86.18,5.82,2344,train
4111100,OR,Oregon,Seaside SD 10,31.04,72.0,78.23,-6.23,1585,test
4111290,OR,Oregon,Sherwood SD 88J,14.66,97.0,88.78,8.22,5341,train
4111450,OR,Oregon,Silver Falls SD 4J,21.54,90.0,84.41,5.59,3997,train
4111490,OR,Oregon,Sisters SD 6,23.35,87.0,82.92,4.08,1062,train
4111580,OR,Oregon,South Lane SD 45J3,26.6,76.0,81.09,-5.09,2188,test
4111610,OR,Oregon,South Umpqua SD 19,34.7,77.0,75.93,1.07,1484,train
4111670,OR,Oregon,Springfield SD 19,30.8,73.0,78.89,-5.89,10623,test
4111720,OR,Oregon,St Helens SD 502,27.95,74.0,80.34,-6.34,3013,train
4111940,OR,Oregon,Sutherlin SD 130,27.43,82.0,80.44,1.56,1309,train
4111970,OR,Oregon,Sweet Home SD 55,31.26,72.0,78.2,-6.2,2316,train
4112240,OR,Oregon,Tigard-Tualatin SD 23J,23.55,87.0,83.47,3.53,12810,train
4112320,OR,Oregon,Tillamook SD 9,22.81,82.0,83.46,-1.46,2166,test
4112600,OR,Oregon,Umatilla SD 6R,28.16,82.0,79.99,2.01,1346,test
4113170,OR,Oregon,West Linn-Wilsonville SD 3J,18.94,95.0,86.28,8.72,9933,train
4113490,OR,Oregon,Winston-Dillard SD 116,34.09,67.0,76.3,-9.3,1408,train
4113530,OR,Oregon,Woodburn SD 103,29.37,89.0,79.62,9.38,5642,train
4200013,PA,Pennsylvania,Community Academy of Philadelphia CS,23.03,87.0,83.16,3.84,1220,train
4200036,PA,Pennsylvania,Preparatory CS of Mathematics Science Tech and Careers,26.89,92.0,80.57,11.43,610,train
4200038,PA,Pennsylvania,Imhotep Institute CHS,29.58,87.0,78.88,8.12,595,train
4200051,PA,Pennsylvania,MAST Community Charter School,3.47,95.0,95.4,-0.4,1354,train
4200053,PA,Pennsylvania,Charter High School for Architecture and Design,42.65,92.0,70.74,21.26,619,train
4200061,PA,Pennsylvania,Philadelphia Academy CS,17.13,95.0,86.7,8.3,712,train
4200071,PA,Pennsylvania,Pennsylvania Cyber CS,17.67,50.0,87.06,-37.06,9676,train
4200074,PA,Pennsylvania,Philadelphia Performing Arts CS,16.21,99.0,87.6,11.4,2430,train
4200075,PA,Pennsylvania,New Foundations CS,13.12,95.0,89.2,5.8,709,train
4200076,PA,Pennsylvania,Esperanza Academy Charter School,23.81,92.0,82.74,9.26,1558,train
4200077,PA,Pennsylvania,Franklin Towne CHS,5.22,95.0,94.26,0.74,1168,train
4200079,PA,Pennsylvania,Mariana Bracetti Academy CS,24.78,92.0,82.05,9.95,1162,train
4200088,PA,Pennsylvania,Pennsylvania Virtual CS,4.32,78.0,94.99,-16.99,2154,train
4200091,PA,Pennsylvania,21st Century Cyber CS,1.06,54.0,96.83,-42.83,1041,test
4200094,PA,Pennsylvania,City CHS,17.07,95.0,86.68,8.32,580,train
4200099,PA,Pennsylvania,Lehigh Valley Charter High School for the Arts,29.19,95.0,79.14,15.86,627,train
4200107,PA,Pennsylvania,Philadelphia Electrical & Tech CHS,53.14,95.0,64.19,30.81,621,train
4200115,PA,Pennsylvania,Perseus House CS of Excellence,47.66,57.0,67.58,-10.58,556,train
4200119,PA,Pennsylvania,Commonwealth Charter Academy CS,11.76,66.0,90.72,-24.72,8592,train
4200125,PA,Pennsylvania,Pennsylvania Distance Learning CS,21.02,62.0,84.32,-22.32,847,train
4200127,PA,Pennsylvania,Pennsylvania Leadership Charter School,8.56,76.0,92.39,-16.39,2594,train
4200128,PA,Pennsylvania,Achievement House CS,39.82,52.0,72.42,-20.42,447,test
4200140,PA,Pennsylvania,Agora Cyber CS,37.81,49.0,74.37,-25.37,6022,train
4200143,PA,Pennsylvania,Lincoln Park Performing Arts CS,28.86,95.0,79.38,15.62,731,train
4200144,PA,Pennsylvania,Mastery CS-Thomas Campus,23.66,87.0,82.79,4.21,1310,train
4200145,PA,Pennsylvania,Mastery CS-Shoemaker Campus,22.58,92.0,83.32,8.68,775,train
4200824,PA,Pennsylvania,Central Valley SD,10.72,92.0,91.02,0.98,2351,test
4200843,PA,Pennsylvania,Olney Charter High School,72.93,69.0,52.15,16.85,1984,test
4200848,PA,Pennsylvania,I-LEAD Charter School,61.5,52.0,58.88,-6.88,439,train
4200851,PA,Pennsylvania,Mastery CS-Gratz Campus,34.97,83.0,75.77,7.23,1507,train
4200856,PA,Pennsylvania,Universal Audenried Charter School,54.61,72.0,63.27,8.73,608,train
4200882,PA,Pennsylvania,Hill House Passport Academy Charter School,91.18,42.0,40.05,1.95,136,train
4200886,PA,Pennsylvania,KIPP DuBois Charter School,23.57,87.0,82.6,4.4,526,train
4202010,PA,Pennsylvania,Abington Heights SD,9.02,94.0,92.18,1.82,3370,train
4202040,PA,Pennsylvania,Abington SD,11.02,92.0,91.17,0.83,8158,test
4202100,PA,Pennsylvania,Albert Gallatin Area SD,24.64,92.0,82.44,9.56,3563,train
4202280,PA,Pennsylvania,Allentown City SD,23.85,72.0,83.34,-11.34,15910,train
4202340,PA,Pennsylvania,Altoona Area SD,14.13,85.0,89.21,-4.21,7608,train
4202400,PA,Pennsylvania,Wissahickon SD,3.42,98.0,95.75,2.25,4561,train
4202440,PA,Pennsylvania,Ambridge Area SD,18.17,87.0,86.38,0.62,2405,train
4202490,PA,Pennsylvania,Annville-Cleona SD,9.04,92.0,91.94,0.06,1438,train
4202590,PA,Pennsylvania,Armstrong SD,15.9,88.0,88.0,0.0,5064,train
4202600,PA,Pennsylvania,Lenape Tech,28.19,95.0,79.6,15.4,337,train
4202670,PA,Pennsylvania,Athens Area SD,12.77,87.0,89.7,-2.7,2059,test
4202790,PA,Pennsylvania,Avon Grove SD,8.13,94.0,92.84,1.16,5019,train
4202850,PA,Pennsylvania,Pine-Richland SD,5.22,98.0,94.63,3.37,4575,train
4202910,PA,Pennsylvania,Bald Eagle Area SD,6.66,95.0,93.46,1.54,1637,train
4202970,PA,Pennsylvania,Baldwin-Whitehall SD,7.08,90.0,93.44,-3.44,4180,train
4203000,PA,Pennsylvania,Bangor Area SD,9.53,84.0,91.81,-7.81,2813,train
4203120,PA,Pennsylvania,Beaver Area SD,8.12,92.0,92.6,-0.6,2019,train
4203180,PA,Pennsylvania,Bedford Area SD,13.73,92.0,89.07,2.93,1763,test
4203210,PA,Pennsylvania,Belle Vernon Area SD,26.04,92.0,81.47,10.53,2427,train
4203240,PA,Pennsylvania,Bellefonte Area SD,8.38,91.0,92.52,-1.52,2697,train
4203330,PA,Pennsylvania,Bensalem Township SD,17.37,79.0,87.14,-8.14,6505,train
4203450,PA,Pennsylvania,Bermudian Springs SD,7.34,92.0,93.08,-1.08,1947,train
4203480,PA,Pennsylvania,Berwick Area SD,20.6,87.0,84.9,2.1,2810,train
4203510,PA,Pennsylvania,Bethel Park SD,5.01,97.0,94.72,2.28,4010,train
4203570,PA,Pennsylvania,Bethlehem Area SD,12.5,81.0,90.38,-9.38,13620,test
4203630,PA,Pennsylvania,Big Beaver Falls Area SD,23.28,82.0,83.1,-1.1,1701,train
4203660,PA,Pennsylvania,Big Spring SD,7.76,94.0,92.89,1.11,2538,test
4203688,PA,Pennsylvania,Blackhawk SD,9.6,96.0,91.72,4.28,2365,train
4203750,PA,Pennsylvania,Blairsville-Saltsburg SD,16.91,92.0,87.04,4.96,1514,train
4203840,PA,Pennsylvania,Bloomsburg Area SD,9.57,95.0,91.62,3.38,1505,train
4203870,PA,Pennsylvania,Blue Mountain SD,9.61,88.0,91.74,-3.74,2591,train
4203960,PA,Pennsylvania,Boyertown Area SD,6.71,94.0,93.81,0.19,6881,train
4204020,PA,Pennsylvania,Bradford Area SD,15.76,87.0,87.9,-0.9,2551,train
4204050,PA,Pennsylvania,Brandywine Heights Area SD,5.65,92.0,94.04,-2.04,1397,train
4204080,PA,Pennsylvania,Brownsville Area SD,33.27,82.0,76.84,5.16,1572,train
4204140,PA,Pennsylvania,Brentwood Borough SD,13.07,95.0,89.37,5.63,1201,train
4204230,PA,Pennsylvania,Bristol Township SD,10.7,86.0,91.31,-5.31,6838,train
4204500,PA,Pennsylvania,Burgettstown Area SD,15.96,92.0,87.55,4.45,1109,test
4204530,PA,Pennsylvania,Burrell SD,10.49,95.0,91.09,3.91,1802,train
4204590,PA,Pennsylvania,Butler Area SD,17.39,88.0,87.12,0.88,6250,train
4204740,PA,Pennsylvania,Cambria Heights SD,8.81,95.0,92.06,2.94,1350,train
4204860,PA,Pennsylvania,Camp Hill SD,4.94,92.0,94.47,-2.47,1296,train
4204890,PA,Pennsylvania,Canon-McMillan SD,8.46,94.0,92.65,1.35,5262,train
4204980,PA,Pennsylvania,Carbondale Area SD,26.69,92.0,80.95,11.05,1581,train
4205010,PA,Pennsylvania,Carlisle Area SD,10.47,89.0,91.38,-2.38,5007,train
4205040,PA,Pennsylvania,Carlynton SD,11.6,92.0,90.32,1.68,1345,train
4205160,PA,Pennsylvania,Catasauqua Area SD,12.85,92.0,89.57,2.43,1494,train
4205190,PA,Pennsylvania,Centennial SD,8.89,93.0,92.39,0.61,5479,test
4205310,PA,Pennsylvania,Central Bucks SD,5.94,96.0,94.56,1.44,18701,train
4205340,PA,Pennsylvania,Central Cambria SD,13.21,95.0,89.37,5.63,1650,train
4205370,PA,Pennsylvania,Central Columbia SD,5.65,92.0,94.1,-2.1,1751,test
4205400,PA,Pennsylvania,Central Dauphin SD,12.46,86.0,90.36,-4.36,11343,train
4205430,PA,Pennsylvania,Central Greene SD,25.68,92.0,81.6,10.4,1717,train
4205460,PA,Pennsylvania,Crestwood SD,10.34,94.0,91.3,2.7,2805,train
4205490,PA,Pennsylvania,Central York SD,8.81,94.0,92.45,1.55,5695,train
4205550,PA,Pennsylvania,Chambersburg Area SD,11.59,84.0,90.84,-6.84,9157,train
4205640,PA,Pennsylvania,Charleroi SD,18.3,87.0,86.17,0.83,1508,train
4205700,PA,Pennsylvania,Chartiers Valley SD,6.19,97.0,93.93,3.07,3293,test
4205730,PA,Pennsylvania,Chartiers-Houston SD,15.74,95.0,87.69,7.31,1156,train
4205760,PA,Pennsylvania,Cheltenham SD,11.87,87.0,90.48,-3.48,4550,train
4205860,PA,Pennsylvania,Chester-Upland SD,54.95,36.0,63.49,-27.49,3048,train
4205880,PA,Pennsylvania,Chestnut Ridge SD,16.2,92.0,87.47,4.53,1432,train
4205910,PA,Pennsylvania,Chichester SD,17.55,84.0,86.84,-2.84,3197,train
4206150,PA,Pennsylvania,Clearfield Area SD,15.07,87.0,88.29,-1.29,2217,train
4206240,PA,Pennsylvania,Coatesville Area SD,46.9,84.0,68.69,15.31,6023,train
4206270,PA,Pennsylvania,Cocalico SD,6.93,93.0,93.46,-0.46,3073,train
4206360,PA,Pennsylvania,Columbia Borough SD,21.17,77.0,84.34,-7.34,1285,train
4206365,PA,Pennsylvania,Columbia-Montour AVTS,13.31,95.0,89.06,5.94,646,train
4206480,PA,Pennsylvania,Conestoga Valley SD,7.48,93.0,93.2,-0.2,4214,train
4206550,PA,Pennsylvania,Conewago Valley SD,8.5,90.0,92.53,-2.53,3834,train
4206590,PA,Pennsylvania,Conneaut SD,8.61,87.0,92.25,-5.25,1673,train
4206660,PA,Pennsylvania,Connellsville Area SD,28.15,79.0,80.29,-1.29,4078,train
4206780,PA,Pennsylvania,Conrad Weiser Area SD,8.82,93.0,92.23,0.77,2608,train
4206840,PA,Pennsylvania,Cornwall-Lebanon SD,8.51,88.0,92.59,-4.59,4797,train
4206860,PA,Pennsylvania,Corry Area SD,13.52,87.0,89.23,-2.23,2005,train
4206960,PA,Pennsylvania,Council Rock SD,8.14,97.0,93.05,3.95,10977,train
4207080,PA,Pennsylvania,Crawford Central SD,17.48,91.0,86.92,4.08,3604,test
4207110,PA,Pennsylvania,Cumberland Valley SD,7.34,95.0,93.49,1.51,8937,train
4207200,PA,Pennsylvania,Dallas SD,30.44,94.0,78.75,15.25,2625,test
4207230,PA,Pennsylvania,Dallastown Area SD,8.8,93.0,92.48,0.52,6271,train
4207290,PA,Pennsylvania,Daniel Boone Area SD,22.07,92.0,84.03,7.97,3362,test
4207320,PA,Pennsylvania,Danville Area SD,5.82,95.0,94.07,0.93,2287,train
4207385,PA,Pennsylvania,Dauphin County Technical School,24.91,98.0,81.96,16.04,1068,train
4207530,PA,Pennsylvania,Delaware Valley SD,10.21,91.0,91.52,-0.52,4574,test
4207540,PA,Pennsylvania,Deer Lakes SD,11.14,92.0,90.7,1.3,1912,train
4207560,PA,Pennsylvania,Derry Area SD,13.33,92.0,89.35,2.65,1981,train
4207590,PA,Pennsylvania,Derry Township SD,8.38,96.0,92.58,3.42,3391,train
4207650,PA,Pennsylvania,Donegal SD,11.42,89.0,90.65,-1.65,2994,train
4207680,PA,Pennsylvania,Dover Area SD,9.89,85.0,91.63,-6.63,3296,train
4207710,PA,Pennsylvania,Downingtown Area SD,17.84,97.0,87.03,9.97,12791,train
4207830,PA,Pennsylvania,Dubois Area SD,12.55,89.0,89.98,-0.98,3490,train
4207980,PA,Pennsylvania,Dunmore SD,18.85,92.0,85.83,6.17,1512,train
4208060,PA,Pennsylvania,East Allegheny SD,29.76,87.0,79.03,7.97,1566,train
4208460,PA,Pennsylvania,Eastern Lebanon County SD,7.42,92.0,93.09,-1.09,2425,train
4208490,PA,Pennsylvania,East Lycoming SD,7.71,95.0,92.81,2.19,1661,train
4208550,PA,Pennsylvania,East Penn SD,7.7,93.0,93.23,-0.23,7965,train
4208580,PA,Pennsylvania,East Pennsboro Area SD,9.67,89.0,91.71,-2.71,2637,train
4208670,PA,Pennsylvania,East Stroudsburg Area SD,17.74,83.0,86.92,-3.92,6635,train
4208790,PA,Pennsylvania,Eastern York SD,4.03,92.0,95.21,-3.21,2506,train
4208820,PA,Pennsylvania,Eastern Lancaster County SD,8.58,92.0,92.43,-0.43,3125,test
4208850,PA,Pennsylvania,Easton Area SD,9.37,88.0,92.21,-4.21,8537,train
4209090,PA,Pennsylvania,Elizabeth Forward SD,13.85,95.0,89.06,5.94,2317,train
4209120,PA,Pennsylvania,Elizabethtown Area SD,9.32,91.0,92.02,-1.02,3798,test
4209240,PA,Pennsylvania,Ellwood City Area SD,17.8,95.0,86.51,8.49,1663,train
4209270,PA,Pennsylvania,Ephrata Area SD,8.74,88.0,92.41,-4.41,4144,test
4209300,PA,Pennsylvania,Erie City SD,27.48,74.0,80.97,-6.97,10832,train
4209480,PA,Pennsylvania,Exeter Township SD,8.69,90.0,92.42,-2.42,3912,test
4209570,PA,Pennsylvania,Fairview SD,4.97,95.0,94.52,0.48,1691,train
4209600,PA,Pennsylvania,Karns City Area SD,12.93,92.0,89.51,2.49,1423,train
4209780,PA,Pennsylvania,Fleetwood Area SD,8.18,95.0,92.62,2.38,2469,train
4209940,PA,Pennsylvania,Forest Hills SD,11.72,95.0,90.33,4.67,1817,train
4209990,PA,Pennsylvania,Fort LeBoeuf SD,9.95,95.0,91.48,3.52,2151,train
4210070,PA,Pennsylvania,Fox Chapel Area SD,10.22,98.0,91.47,6.53,4001,train
4210110,PA,Pennsylvania,North Schuylkill SD,12.82,92.0,89.66,2.34,1965,test
4210200,PA,Pennsylvania,Franklin Area SD,13.62,92.0,89.16,2.84,1946,train
4210230,PA,Pennsylvania,Franklin Regional SD,3.29,96.0,95.75,0.25,3430,test
4210380,PA,Pennsylvania,Freedom Area SD,13.28,92.0,89.27,2.73,1355,train
4210440,PA,Pennsylvania,Freeport Area SD,7.93,95.0,92.7,2.3,1878,train
4210590,PA,Pennsylvania,Garnet Valley SD,3.55,97.0,95.68,1.32,4727,train
4210620,PA,Pennsylvania,Gateway SD,12.27,89.0,90.14,-1.14,3284,train
4210650,PA,Pennsylvania,General McLane SD,8.8,92.0,92.19,-0.19,2159,test
4210710,PA,Pennsylvania,Gettysburg Area SD,9.91,95.0,91.59,3.41,2996,train
4210740,PA,Pennsylvania,Girard SD,10.3,92.0,91.19,0.81,1660,train
4210860,PA,Pennsylvania,Governor Mifflin SD,10.17,89.0,91.52,-2.52,4189,train
4210870,PA,Pennsylvania,Great Valley SD,4.27,95.0,95.2,-0.2,4172,train
4210920,PA,Pennsylvania,Greensburg Salem SD,13.11,87.0,89.57,-2.57,2731,train
4210950,PA,Pennsylvania,Greater Johnstown SD,39.93,86.0,72.66,13.34,1455,test
4210980,PA,Pennsylvania,Greater Latrobe SD,11.98,95.0,90.36,4.64,3772,train
4211010,PA,Pennsylvania,Greencastle-Antrim SD,11.21,93.0,90.79,2.21,3052,test
4211160,PA,Pennsylvania,Greenville Area SD,15.81,95.0,87.69,7.31,1303,train
4211220,PA,Pennsylvania,Grove City Area SD,15.73,87.0,87.88,-0.88,2251,train
4211340,PA,Pennsylvania,Hamburg Area SD,8.3,92.0,92.5,-0.5,2133,train
4211400,PA,Pennsylvania,Hampton Township SD,6.65,99.0,93.61,5.39,2841,train
4211420,PA,Pennsylvania,Hanover Area SD,29.23,87.0,79.43,7.57,1981,test
4211450,PA,Pennsylvania,Hanover Public SD,10.95,87.0,90.84,-3.84,2054,test
4211490,PA,Pennsylvania,Harbor Creek SD,7.8,92.0,92.82,-0.82,2141,train
4211580,PA,Pennsylvania,Harrisburg City SD,44.27,65.0,70.35,-5.35,6366,train
4211610,PA,Pennsylvania,Hatboro-Horsham SD,10.87,96.0,91.12,4.88,4766,train
4211670,PA,Pennsylvania,Haverford Township SD,5.22,96.0,94.71,1.29,6145,test
4211700,PA,Pennsylvania,Hazleton Area SD,20.93,77.0,85.08,-8.08,11947,train
4211730,PA,Pennsylvania,Saucon Valley SD,7.14,92.0,93.23,-1.23,2171,test
4211760,PA,Pennsylvania,Hempfield Area SD,10.51,91.0,91.38,-0.38,5613,train
4211790,PA,Pennsylvania,Hempfield  SD,6.48,92.0,93.94,-1.94,6548,train
4211820,PA,Pennsylvania,Hermitage SD,10.99,92.0,90.81,1.19,2065,train
4211880,PA,Pennsylvania,Highlands SD,26.28,77.0,81.33,-4.33,2527,test
4211940,PA,Pennsylvania,Hollidaysburg Area SD,12.08,97.0,90.27,6.73,3402,train
4212030,PA,Pennsylvania,Hopewell Area SD,14.0,92.0,88.95,3.05,2150,train
4212090,PA,Pennsylvania,Huntingdon Area SD,7.59,95.0,92.92,2.08,1898,train
4212150,PA,Pennsylvania,Indiana Area SD,12.07,89.0,90.23,-1.23,2851,train
4212170,PA,Pennsylvania,Interboro SD,13.48,85.0,89.39,-4.39,3360,train
4212480,PA,Pennsylvania,Jersey Shore Area SD,9.22,87.0,91.97,-4.97,2409,train
4212540,PA,Pennsylvania,Jim Thorpe Area SD,18.57,87.0,86.08,0.92,2019,train
4212600,PA,Pennsylvania,Juniata County SD,9.05,92.0,92.1,-0.1,2783,test
4212690,PA,Pennsylvania,Kennett Consolidated SD,7.26,93.0,93.33,-0.33,4175,train
4212725,PA,Pennsylvania,Keystone Central SD,22.96,93.0,83.52,9.48,3994,test
4212750,PA,Pennsylvania,Keystone Oaks SD,9.03,92.0,92.01,-0.01,1849,train
4212840,PA,Pennsylvania,Kiski Area SD,10.15,90.0,91.48,-1.48,3457,train
4212930,PA,Pennsylvania,Kutztown Area SD,5.83,95.0,93.91,1.09,1303,train
4213020,PA,Pennsylvania,Lake-Lehman SD,15.15,92.0,88.18,3.82,1789,train
4213050,PA,Pennsylvania,Lakeland SD,28.75,92.0,79.65,12.35,1475,train
4213080,PA,Pennsylvania,Lakeview SD,13.22,95.0,89.24,5.76,1044,train
4213110,PA,Pennsylvania,Lampeter-Strasburg SD,6.43,91.0,93.77,-2.77,3034,train
4213140,PA,Pennsylvania,Lancaster SD,23.12,77.0,83.69,-6.69,11058,train
4213320,PA,Pennsylvania,Laurel Highlands SD,31.7,91.0,77.99,13.01,2981,train
4213390,PA,Pennsylvania,Lawrence County CTC,35.86,92.0,74.84,17.16,382,test
4213440,PA,Pennsylvania,Lebanon SD,18.96,68.0,86.09,-18.09,5122,train
4213500,PA,Pennsylvania,Lehighton Area SD,9.0,92.0,92.09,-0.09,2345,train
4213590,PA,Pennsylvania,Lewisburg Area SD,5.46,95.0,94.26,0.74,1995,test
4213710,PA,Pennsylvania,Ligonier Valley SD,13.32,95.0,89.29,5.71,1577,train
4213770,PA,Pennsylvania,Penn Cambria SD,8.92,92.0,92.05,-0.05,1648,train
4213980,PA,Pennsylvania,Littlestown Area SD,12.56,95.0,89.83,5.17,2030,test
4214100,PA,Pennsylvania,Lower Dauphin SD,9.86,95.0,91.68,3.32,3771,train
4214160,PA,Pennsylvania,Lower Merion SD,5.93,97.0,94.36,2.64,8583,train
4214190,PA,Pennsylvania,Lower Moreland Township SD,3.86,95.0,95.29,-0.29,2277,test
4214250,PA,Pennsylvania,Methacton SD,5.35,93.0,94.56,-1.56,4752,test
4214310,PA,Pennsylvania,Loyalsock Township SD,12.27,92.0,89.94,2.06,1532,test
4214550,PA,Pennsylvania,Manheim Central SD,6.43,91.0,93.76,-2.76,2987,test
4214580,PA,Pennsylvania,Manheim Township SD,5.09,92.0,94.77,-2.77,5778,train
4214730,PA,Pennsylvania,Marion Center Area SD,14.13,92.0,88.73,3.27,1309,train
4214760,PA,Pennsylvania,Marple Newtown SD,2.12,92.0,96.44,-4.44,2879,test
4214790,PA,Pennsylvania,Mars Area SD,6.28,99.0,93.88,5.12,3310,train
4214880,PA,Pennsylvania,McGuffey SD,18.42,95.0,86.11,8.89,1569,train
4214940,PA,Pennsylvania,McKeesport Area SD,39.1,83.0,73.4,9.6,3304,train
4215030,PA,Pennsylvania,Mechanicsburg Area SD,6.61,94.0,93.73,0.27,4128,train
4215120,PA,Pennsylvania,Mercer Area SD,12.03,95.0,90.02,4.98,1180,train
4215170,PA,Pennsylvania,Mid Valley SD,14.79,87.0,88.41,-1.41,1812,test
4215210,PA,Pennsylvania,Midd-West SD,10.38,92.0,91.2,0.8,2119,train
4215240,PA,Pennsylvania,Middletown Area SD,12.4,92.0,89.97,2.03,2338,train
4215290,PA,Pennsylvania,Mifflin County SD,14.42,91.0,88.91,2.09,4938,train
4215330,PA,Pennsylvania,Millcreek Township SD,6.6,92.0,93.87,-1.87,6563,test
4215480,PA,Pennsylvania,Milton Area SD,9.0,87.0,92.06,-5.06,2045,train
4215540,PA,Pennsylvania,Mohawk Area SD,13.17,95.0,89.36,5.64,1458,train
4215720,PA,Pennsylvania,Montour SD,12.81,97.0,89.77,7.23,2881,test
4215750,PA,Pennsylvania,Montoursville Area SD,11.37,87.0,90.57,-3.57,1997,train
4215810,PA,Pennsylvania,Montrose Area SD,18.42,95.0,86.07,8.93,1341,train
4215830,PA,Pennsylvania,Moon Area SD,8.76,95.0,92.37,2.63,3824,test
4215990,PA,Pennsylvania,Mount Carmel Area SD,22.82,82.0,83.36,-1.36,1551,train
4216020,PA,Pennsylvania,Mount Union Area SD,25.27,92.0,81.8,10.2,1393,train
4216110,PA,Pennsylvania,Mt Lebanon SD,7.11,97.0,93.5,3.5,5497,test
4216170,PA,Pennsylvania,Mount Pleasant Area SD,11.76,92.0,90.32,1.68,1956,train
4216200,PA,Pennsylvania,Muhlenberg SD,8.4,92.0,92.59,-0.59,3761,train
4216290,PA,Pennsylvania,Greater Nanticoke Area SD,22.13,77.0,83.89,-6.89,2309,train
4216380,PA,Pennsylvania,Nazareth Area SD,8.81,95.0,92.4,2.6,4746,train
4216410,PA,Pennsylvania,Neshaminy SD,13.67,92.0,89.54,2.46,9075,train
4216440,PA,Pennsylvania,Neshannock Township SD,11.3,95.0,90.48,4.52,1212,test
4216500,PA,Pennsylvania,Woodland Hills SD,38.66,84.0,73.69,10.31,3461,train
4216530,PA,Pennsylvania,New Brighton Area SD,16.82,92.0,87.07,4.93,1379,train
4216620,PA,Pennsylvania,New Castle Area SD,32.26,92.0,77.64,14.36,3025,train
4216740,PA,Pennsylvania,New Kensington-Arnold SD,20.05,77.0,85.14,-8.14,1930,train
4216860,PA,Pennsylvania,New Hope-Solebury SD,4.13,87.0,95.0,-8.0,1428,train
4216980,PA,Pennsylvania,Norristown Area SD,16.75,80.0,87.56,-7.56,7473,train
4217010,PA,Pennsylvania,North Allegheny SD,5.95,92.0,94.34,-2.34,8324,train
4217160,PA,Pennsylvania,North East SD,9.64,92.0,91.6,0.4,1660,train
4217220,PA,Pennsylvania,North Hills SD,4.87,95.0,94.84,0.16,4393,train
4217280,PA,Pennsylvania,North Penn SD,8.11,95.0,93.1,1.9,12603,train
4217310,PA,Pennsylvania,North Pocono SD,16.24,92.0,87.64,4.36,2981,test
4217370,PA,Pennsylvania,Northampton Area SD,8.85,89.0,92.41,-3.41,5481,train
4217430,PA,Pennsylvania,Riverside Beaver County SD,9.52,92.0,91.64,0.36,1471,test
4217520,PA,Pennsylvania,Northeastern York SD,8.0,87.0,92.85,-5.85,3812,train
4217640,PA,Pennsylvania,Northern Lebanon SD,9.65,87.0,91.68,-4.68,2260,train
4217670,PA,Pennsylvania,Northern Lehigh SD,12.12,95.0,90.04,4.96,1568,train
4217730,PA,Pennsylvania,Northern Tioga SD,12.82,92.0,89.68,2.32,2129,train
4217760,PA,Pennsylvania,Northern York County SD,9.57,94.0,91.82,2.18,3188,train
4217850,PA,Pennsylvania,Northwestern Lehigh SD,5.38,95.0,94.32,0.68,2099,train
4217880,PA,Pennsylvania,Northwestern  SD,17.3,95.0,86.78,8.22,1399,train
4217940,PA,Pennsylvania,Norwin SD,7.64,95.0,93.16,1.84,5289,test
4218030,PA,Pennsylvania,Octorara Area SD,10.66,89.0,91.06,-2.06,2327,train
4218090,PA,Pennsylvania,Oil City Area SD,12.24,92.0,90.02,1.98,1985,train
4218150,PA,Pennsylvania,Oley Valley SD,7.03,95.0,93.22,1.78,1635,train
4218270,PA,Pennsylvania,Owen J Roberts SD,5.48,96.0,94.51,1.49,5422,train
4218300,PA,Pennsylvania,Oxford Area SD,14.63,92.0,88.7,3.3,3738,train
4218330,PA,Pennsylvania,Palisades SD,5.67,95.0,94.05,0.95,1516,train
4218360,PA,Pennsylvania,Palmerton Area SD,8.55,92.0,92.28,-0.28,1695,train
4218390,PA,Pennsylvania,Palmyra Area SD,9.5,93.0,91.9,1.1,3570,train
4218450,PA,Pennsylvania,Panther Valley SD,20.64,87.0,84.74,2.26,1686,train
4218510,PA,Pennsylvania,Parkland SD,7.34,95.0,93.5,1.5,9420,test
4218570,PA,Pennsylvania,Pen Argyl Area SD,10.57,87.0,91.02,-4.02,1628,train
4218580,PA,Pennsylvania,Penn-Delco SD,8.71,96.0,92.38,3.62,3422,train
4218590,PA,Pennsylvania,Penn Hills SD,23.73,83.0,82.99,0.01,3199,train
4218630,PA,Pennsylvania,Penn Manor SD,9.89,90.0,91.75,-1.75,5266,train
4218660,PA,Pennsylvania,Penn-Trafford SD,9.32,98.0,92.02,5.98,3829,train
4218740,PA,Pennsylvania,Penncrest SD,9.97,96.0,91.53,4.47,2777,train
4218750,PA,Pennsylvania,Pennridge SD,8.08,93.0,92.97,0.03,7182,train
4218810,PA,Pennsylvania,Penns Valley Area SD,11.38,92.0,90.49,1.51,1520,train
4218840,PA,Pennsylvania,Pennsbury SD,9.65,95.0,92.08,2.92,10034,train
4218900,PA,Pennsylvania,Pequea Valley SD,8.41,87.0,92.34,-5.34,1487,test
4218930,PA,Pennsylvania,Perkiomen Valley SD,4.54,97.0,95.11,1.89,5510,train
4218960,PA,Pennsylvania,Peters Township SD,9.2,99.0,92.12,6.88,4045,train
4218990,PA,Pennsylvania,Philadelphia City SD,24.11,63.0,83.74,-20.74,130231,test
4219020,PA,Pennsylvania,Philipsburg-Osceola Area SD,23.31,92.0,83.08,8.92,1729,train
4219050,PA,Pennsylvania,Phoenixville Area SD,6.97,92.0,93.5,-1.5,3918,train
4219140,PA,Pennsylvania,Pine Grove Area SD,10.22,87.0,91.24,-4.24,1702,train
4219170,PA,Pennsylvania,Pittsburgh SD,35.97,79.0,75.87,3.13,23142,train
4219200,PA,Pennsylvania,Pittston Area SD,32.83,88.0,77.32,10.68,3287,train
4219290,PA,Pennsylvania,Pleasant Valley SD,19.51,88.0,85.72,2.28,4598,train
4219350,PA,Pennsylvania,Plum Borough SD,10.53,96.0,91.26,4.74,3724,test
4219470,PA,Pennsylvania,Colonial SD,4.82,93.0,94.91,-1.91,4984,train
4219500,PA,Pennsylvania,Pocono Mountain SD,30.51,93.0,79.03,13.97,8903,train
4219650,PA,Pennsylvania,Pottsgrove SD,11.36,93.0,90.7,2.3,3195,train
4219680,PA,Pennsylvania,Pottstown SD,22.58,66.0,83.7,-17.7,3188,train
4219710,PA,Pennsylvania,Pottsville Area SD,24.66,86.0,82.35,3.65,2632,train
4219800,PA,Pennsylvania,Punxsutawney Area SD,16.05,92.0,87.66,4.34,2093,train
4219860,PA,Pennsylvania,Quaker Valley SD,5.65,95.0,94.13,0.87,1912,train
4219890,PA,Pennsylvania,Quakertown Community SD,10.91,93.0,91.11,1.89,5153,train
4219920,PA,Pennsylvania,Radnor Township SD,8.0,98.0,92.83,5.17,3661,test
4220040,PA,Pennsylvania,Reading SD,23.11,67.0,83.82,-16.82,17462,train
4220100,PA,Pennsylvania,Red Lion Area SD,8.83,91.0,92.41,-1.41,5177,train
4220220,PA,Pennsylvania,Reynolds SD,15.66,95.0,87.74,7.26,1105,train
4220250,PA,Pennsylvania,Richland SD,6.38,95.0,93.61,1.39,1536,train
4220370,PA,Pennsylvania,Ridley SD,13.69,90.0,89.39,0.61,5456,train
4220400,PA,Pennsylvania,Ringgold SD,26.62,94.0,81.15,12.85,2825,train
4220550,PA,Pennsylvania,Rose Tree Media SD,5.76,96.0,94.25,1.75,3870,train
4220580,PA,Pennsylvania,South Fayette Township SD,5.56,94.0,94.33,-0.33,3240,train
4220640,PA,Pennsylvania,Saint Marys Area SD,9.34,92.0,91.84,0.16,2045,train
4220730,PA,Pennsylvania,Salisbury Township SD,7.64,92.0,92.83,-0.83,1571,train
4220910,PA,Pennsylvania,Schuylkill Haven Area SD,8.19,95.0,92.42,2.58,1185,train
4220970,PA,Pennsylvania,Schuylkill Valley SD,5.04,92.0,94.53,-2.53,2062,train
4221090,PA,Pennsylvania,Scranton SD,33.39,79.0,77.26,1.74,9870,train
4221120,PA,Pennsylvania,Selinsgrove Area SD,6.9,87.0,93.42,-6.42,2550,train
4221150,PA,Pennsylvania,Yough SD,22.65,95.0,83.52,11.48,1912,train
4221200,PA,Pennsylvania,Shaler Area SD,9.02,92.0,92.24,-0.24,4311,train
4221240,PA,Pennsylvania,Shamokin Area SD,38.46,82.0,73.7,8.3,2283,train
4221330,PA,Pennsylvania,Sharon City SD,24.12,92.0,82.62,9.38,2019,test
4221420,PA,Pennsylvania,Sharpsville Area SD,6.26,92.0,93.63,-1.63,1199,test
4221540,PA,Pennsylvania,Shikellamy SD,16.63,77.0,87.4,-10.4,3019,test
4221570,PA,Pennsylvania,Shippensburg Area SD,11.9,88.0,90.38,-2.38,3329,train
4221660,PA,Pennsylvania,Slippery Rock Area SD,13.3,92.0,89.36,2.64,1933,test
4221810,PA,Pennsylvania,Solanco SD,11.07,84.0,90.91,-6.91,3550,train
4221840,PA,Pennsylvania,Somerset Area SD,17.27,92.0,86.9,5.1,2090,train
4221870,PA,Pennsylvania,Souderton Area SD,11.24,91.0,90.97,0.03,6486,train
4221910,PA,Pennsylvania,South Allegheny SD,15.72,87.0,87.78,-0.78,1533,train
4221930,PA,Pennsylvania,South Butler County SD,11.17,94.0,90.73,3.27,2273,train
4222050,PA,Pennsylvania,South Middleton SD,6.39,92.0,93.7,-1.7,2145,train
4222060,PA,Pennsylvania,South Park SD,8.95,92.0,92.05,-0.05,1799,train
4222170,PA,Pennsylvania,South Eastern SD,7.53,92.0,93.03,-1.03,2522,train
4222260,PA,Pennsylvania,Southern Columbia Area SD,4.58,95.0,94.71,0.29,1355,train
4222350,PA,Pennsylvania,Southern Lehigh SD,5.87,95.0,94.13,0.87,3169,test
4222370,PA,Pennsylvania,Southern Tioga SD,9.15,87.0,91.93,-4.93,1814,train
4222380,PA,Pennsylvania,Southern York County SD,7.58,93.0,93.05,-0.05,3049,train
4222400,PA,Pennsylvania,Southeast Delco SD,41.12,81.0,72.21,8.79,4283,train
4222410,PA,Pennsylvania,Southmoreland SD,12.39,95.0,89.92,5.08,1865,train
4222440,PA,Pennsylvania,Seneca Valley SD,8.58,96.0,92.66,3.34,7172,train
4222470,PA,Pennsylvania,South Western SD,6.21,92.0,93.98,-1.98,4107,train
4222530,PA,Pennsylvania,Spring Cove SD,7.76,95.0,92.8,2.2,1804,test
4222560,PA,Pennsylvania,Spring-Ford Area SD,8.51,96.0,92.72,3.28,7988,train
4222590,PA,Pennsylvania,Spring Grove Area SD,8.96,93.0,92.24,0.76,3782,train
4222600,PA,Pennsylvania,Springfield SD,5.69,96.0,94.31,1.69,4062,train
4222620,PA,Pennsylvania,Springfield Township SD,4.93,92.0,94.65,-2.65,2493,train
4222740,PA,Pennsylvania,Tuscarora SD,10.82,87.0,90.97,-3.97,2486,train
4222770,PA,Pennsylvania,State College Area SD,9.34,95.0,92.17,2.83,6801,train
4222790,PA,Pennsylvania,Steel Valley SD,27.53,87.0,80.4,6.6,1424,test
4222860,PA,Pennsylvania,Stroudsburg Area SD,12.87,88.0,89.88,-1.88,4971,test
4223010,PA,Pennsylvania,Susquehanna Township SD,15.15,95.0,88.3,6.7,2772,train
4223040,PA,Pennsylvania,Susquenita SD,13.93,87.0,88.94,-1.94,1780,test
4223220,PA,Pennsylvania,Tamaqua Area SD,12.15,87.0,90.09,-3.09,2098,train
4223250,PA,Pennsylvania,Riverside SD,10.48,82.0,91.07,-9.07,1603,train
4223490,PA,Pennsylvania,Titusville Area SD,10.21,92.0,91.29,0.71,1988,train
4223550,PA,Pennsylvania,Towanda Area SD,14.5,92.0,88.55,3.45,1552,train
4223640,PA,Pennsylvania,Tredyffrin-Easttown SD,8.75,98.0,92.53,5.47,6900,train
4223760,PA,Pennsylvania,Trinity Area SD,13.86,91.0,89.14,1.86,3139,train
4223790,PA,Pennsylvania,Troy Area SD,10.47,82.0,91.05,-9.05,1452,test
4223820,PA,Pennsylvania,Tulpehocken Area SD,12.76,92.0,89.61,2.39,1434,test
4223850,PA,Pennsylvania,Tunkhannock Area SD,11.19,92.0,90.72,1.28,2296,train
4224000,PA,Pennsylvania,Twin Valley SD,9.89,89.0,91.65,-2.65,3608,train
4224030,PA,Pennsylvania,Tyrone Area SD,10.87,92.0,90.85,1.15,1785,train
4224150,PA,Pennsylvania,Uniontown Area SD,24.59,80.0,82.41,-2.41,2737,train
4224210,PA,Pennsylvania,Unionville-Chadds Ford SD,2.78,96.0,96.12,-0.12,3994,train
4224300,PA,Pennsylvania,Upper Adams SD,10.11,87.0,91.31,-4.31,1691,train
4224320,PA,Pennsylvania,Upper Darby SD,18.06,83.0,86.88,-3.88,12180,train
4224360,PA,Pennsylvania,Upper Dauphin Area SD,10.67,87.0,90.86,-3.86,1143,train
4224390,PA,Pennsylvania,Upper Dublin SD,4.36,98.0,95.14,2.86,4109,train
4224480,PA,Pennsylvania,Upper Merion Area SD,7.26,92.0,93.32,-1.32,3913,test
4224510,PA,Pennsylvania,Upper Moreland Township SD,6.33,97.0,93.83,3.17,3098,train
4224540,PA,Pennsylvania,Upper Perkiomen SD,9.02,92.0,92.16,-0.16,3126,train
4224570,PA,Pennsylvania,Upper Saint Clair SD,3.95,96.0,95.39,0.61,4004,test
4224650,PA,Pennsylvania,Valley View SD,19.72,92.0,85.41,6.59,2404,test
4224750,PA,Pennsylvania,Wallenpaupack Area SD,19.12,93.0,85.84,7.16,2945,test
4224790,PA,Pennsylvania,Wallingford-Swarthmore SD,4.54,96.0,95.0,1.0,3682,train
4224820,PA,Pennsylvania,Warren County SD,16.53,88.0,87.56,0.44,4308,train
4224870,PA,Pennsylvania,Warrior Run SD,7.94,92.0,92.64,-0.64,1524,train
4224960,PA,Pennsylvania,Warwick SD,8.39,97.0,92.62,4.38,4076,train
4224970,PA,Pennsylvania,Wayne Highlands SD,14.61,89.0,88.61,0.39,2512,train
4224990,PA,Pennsylvania,Washington SD,23.67,82.0,82.81,-0.81,1466,train
4225080,PA,Pennsylvania,Wattsburg Area SD,9.83,95.0,91.42,3.58,1333,test
4225110,PA,Pennsylvania,Waynesboro Area SD,12.1,90.0,90.32,-0.32,4241,test
4225170,PA,Pennsylvania,Wellsboro Area SD,6.95,87.0,93.25,-6.25,1511,train
4225200,PA,Pennsylvania,West Allegheny SD,8.97,93.0,92.21,0.79,3401,train
4225290,PA,Pennsylvania,West Chester Area SD,5.6,96.0,94.65,1.35,11925,train
4225590,PA,Pennsylvania,West Jefferson Hills SD,5.53,96.0,94.32,1.68,2913,train
4225680,PA,Pennsylvania,West Mifflin Area SD,24.2,90.0,82.66,7.34,2835,train
4225740,PA,Pennsylvania,West Perry SD,14.02,87.0,88.97,-1.97,2411,train
4225830,PA,Pennsylvania,West Shore SD,11.79,90.0,90.67,-0.67,7736,train
4225870,PA,Pennsylvania,West Side CTC,42.18,92.0,70.99,21.01,524,test
4225950,PA,Pennsylvania,Wyoming Valley West SD,31.1,89.0,78.47,10.53,4498,test
4225980,PA,Pennsylvania,West York Area SD,9.29,95.0,91.97,3.03,2895,train
4226010,PA,Pennsylvania,Mifflinburg Area SD,12.08,92.0,90.15,1.85,2120,train
4226070,PA,Pennsylvania,Western Wayne SD,16.68,92.0,87.24,4.76,1894,train
4226130,PA,Pennsylvania,Westmont Hilltop SD,7.04,95.0,93.18,1.82,1434,train
4226250,PA,Pennsylvania,Whitehall-Coplay SD,10.18,94.0,91.52,2.48,4275,train
4226300,PA,Pennsylvania,Wilkes-Barre Area SD,27.4,85.0,80.9,4.1,7061,train
4226390,PA,Pennsylvania,William Penn SD,30.37,73.0,78.96,-5.96,5018,test
4226460,PA,Pennsylvania,Williamsport Area SD,19.09,82.0,86.0,-4.0,5002,train
4226520,PA,Pennsylvania,Wilmington Area SD,20.68,87.0,84.61,2.39,1146,test
4226550,PA,Pennsylvania,Wilson Area SD,11.52,95.0,90.51,4.49,2239,train
4226580,PA,Pennsylvania,Wilson  SD,7.58,94.0,93.23,0.77,6068,train
4226730,PA,Pennsylvania,Wyoming Area SD,28.29,87.0,80.04,6.96,2269,train
4226760,PA,Pennsylvania,Wyomissing Area SD,6.29,95.0,93.73,1.27,1923,train
4226810,PA,Pennsylvania,York Co School of Technology,18.84,94.0,85.86,8.14,1677,train
4226820,PA,Pennsylvania,York City SD,23.53,59.0,83.26,-24.26,5694,train
4226850,PA,Pennsylvania,York Suburban SD,8.74,94.0,92.32,1.68,2997,train
4280090,PA,Pennsylvania,Bucks County Technical High School,15.88,98.0,87.66,10.34,1373,train
4280220,PA,Pennsylvania,Connellsville Area Career & Technical Center,46.99,92.0,68.0,24.0,549,train
4400003,RI,Rhode Island,MET Career and Tech,28.21,92.0,79.81,12.19,780,train
4400004,RI,Rhode Island,Davies Career and Tech,19.27,92.0,85.4,6.6,820,test
4400030,RI,Rhode Island,Barrington,5.83,97.0,94.16,2.84,3343,train
4400065,RI,Rhode Island,Bristol Warren,18.28,86.0,86.38,-0.38,3184,train
4400090,RI,Rhode Island,Burrillville,12.67,82.0,89.79,-7.79,2241,train
4400120,RI,Rhode Island,Central Falls,34.6,77.0,76.15,0.85,2665,train
4400150,RI,Rhode Island,Chariho,10.77,88.0,91.07,-3.07,3194,train
4400210,RI,Rhode Island,Coventry,14.59,92.0,88.79,3.21,4722,train
4400240,RI,Rhode Island,Cranston,22.22,86.0,84.24,1.76,10177,train
4400270,RI,Rhode Island,Cumberland,10.91,82.0,91.08,-9.08,4600,train
4400300,RI,Rhode Island,East Greenwich,3.67,95.0,95.44,-0.44,2482,train
4400330,RI,Rhode Island,East Providence,21.07,86.0,84.78,1.22,5335,test
4400360,RI,Rhode Island,Exeter-West Greenwich,8.54,95.0,92.28,2.72,1662,train
4400420,RI,Rhode Island,Foster-Glocester,15.17,92.0,88.08,3.92,1266,train
4400540,RI,Rhode Island,Johnston,22.46,92.0,83.78,8.22,3215,test
4400570,RI,Rhode Island,Lincoln,16.73,87.0,87.34,-0.34,3054,train
4400630,RI,Rhode Island,Middletown,11.79,87.0,90.34,-3.34,2230,train
4400660,RI,Rhode Island,Narragansett,11.0,87.0,90.69,-3.69,1309,train
4400720,RI,Rhode Island,Newport,28.99,82.0,79.61,2.39,2208,train
4400750,RI,Rhode Island,North Kingstown,11.01,89.0,90.97,-1.97,3923,train
4400780,RI,Rhode Island,North Providence,16.7,86.0,87.4,-1.4,3563,train
4400810,RI,Rhode Island,North Smithfield,10.43,82.0,91.12,-9.12,1716,train
4400840,RI,Rhode Island,Pawtucket,28.22,79.0,80.43,-1.43,7966,train
4400870,RI,Rhode Island,Portsmouth,10.12,95.0,91.4,3.6,2422,train
4400900,RI,Rhode Island,Providence,43.43,75.0,71.23,3.77,23914,test
4400960,RI,Rhode Island,Scituate,12.36,92.0,89.83,2.17,1270,train
4400990,RI,Rhode Island,Smithfield,7.15,92.0,93.26,-1.26,2407,test
4401020,RI,Rhode Island,South Kingstown,10.38,94.0,91.3,2.7,3091,train
4401050,RI,Rhode Island,Tiverton,16.7,87.0,87.23,-0.23,1880,train
4401110,RI,Rhode Island,Warwick,20.08,83.0,85.53,-2.53,8718,test
4401140,RI,Rhode Island,West Warwick,23.14,85.0,83.38,1.62,3552,train
4401170,RI,Rhode Island,Westerly,12.37,82.0,90.08,-8.08,3218,train
4401200,RI,Rhode Island,Woonsocket,40.85,72.0,72.43,-0.43,5199,train
4500002,SC,South Carolina,Dorchester 04,12.38,92.0,89.98,2.02,2335,train
4500690,SC,South Carolina,Abbeville 60,14.78,84.0,88.55,-4.55,2970,train
4500720,SC,South Carolina,Aiken 01,18.37,89.0,86.87,2.13,24372,train
4500750,SC,South Carolina,Allendale 01,25.7,72.0,81.49,-9.49,1183,train
4500780,SC,South Carolina,Anderson 01,11.45,90.0,90.95,-0.95,10085,train
4500810,SC,South Carolina,Anderson 02,10.69,84.0,90.99,-6.99,1955,train
4500840,SC,South Carolina,Anderson 03,18.29,92.0,86.32,5.68,2581,train
4500870,SC,South Carolina,Anderson 04,12.39,85.0,90.03,-5.03,2874,train
4500900,SC,South Carolina,Anderson 05,18.59,83.0,86.56,-3.56,12851,train
4500930,SC,South Carolina,Bamberg 01,16.56,77.0,87.23,-10.23,1371,train
4501080,SC,South Carolina,Barnwell 45,16.99,82.0,87.09,-5.09,2236,train
4501110,SC,South Carolina,Beaufort 01,11.92,86.0,90.86,-4.86,20914,train
4501170,SC,South Carolina,Berkeley 01,15.15,84.0,88.97,-4.97,34933,train
4501250,SC,South Carolina,Calhoun 01,9.13,87.0,91.94,-4.94,1785,train
4501440,SC,South Carolina,Charleston 01,13.91,84.0,89.84,-5.84,48514,train
4501500,SC,South Carolina,Cherokee 01,18.48,83.0,86.53,-3.53,8843,train
4501530,SC,South Carolina,Chester 01,17.55,84.0,86.97,-2.97,5253,test
4501560,SC,South Carolina,Chesterfield 01,17.36,83.0,87.17,-4.17,7148,train
4501770,SC,South Carolina,Clarendon 02,20.59,80.0,84.82,-4.82,2030,train
4501830,SC,South Carolina,Colleton 01,21.75,85.0,84.37,0.63,5701,train
4501860,SC,South Carolina,Darlington 01,15.91,88.0,88.17,-0.17,9952,test
4501920,SC,South Carolina,Dillon 04,22.93,86.0,83.55,2.45,4134,train
4501950,SC,South Carolina,Dillon 03,7.59,87.0,92.88,-5.88,1686,train
4502010,SC,South Carolina,Dorchester 02,14.45,89.0,89.34,-0.34,26301,train
4502070,SC,South Carolina,Edgefield 01,12.79,86.0,89.83,-3.83,3464,train
4502100,SC,South Carolina,Fairfield 01,13.88,86.0,89.09,-3.09,2759,train
4502130,SC,South Carolina,Florence 01,19.56,82.0,86.02,-4.02,15933,train
4502190,SC,South Carolina,Florence 03,18.86,75.0,86.04,-11.04,3478,train
4502250,SC,South Carolina,Florence 05,14.3,87.0,88.61,-1.61,1231,train
4502280,SC,South Carolina,Georgetown 01,11.06,86.0,91.18,-5.18,9391,test
4502310,SC,South Carolina,Greenville 01,12.24,84.0,90.99,-6.99,73117,test
4502340,SC,South Carolina,Greenwood 50,16.53,82.0,87.75,-5.75,8801,test
4502400,SC,South Carolina,Greenwood 52,9.01,92.0,91.98,0.02,1554,train
4502430,SC,South Carolina,Hampton 01,18.0,87.0,86.47,0.53,2261,train
4502490,SC,South Carolina,Horry 01,15.95,82.0,88.54,-6.54,43179,train
4502520,SC,South Carolina,Jasper 01,28.47,72.0,79.98,-7.98,2631,train
4502550,SC,South Carolina,Kershaw 01,14.12,86.0,89.31,-3.31,10740,train
4502580,SC,South Carolina,Lancaster 01,12.85,83.0,90.15,-7.15,13162,train
4502610,SC,South Carolina,Laurens 55,15.75,80.0,88.12,-8.12,5726,test
4502640,SC,South Carolina,Laurens 56,19.61,78.0,85.54,-7.54,3045,train
4502670,SC,South Carolina,Lee 01,18.45,92.0,86.15,5.85,1962,train
4502700,SC,South Carolina,Lexington 01,12.74,90.0,90.4,-0.4,26419,train
4502730,SC,South Carolina,Lexington 02,21.47,78.0,84.67,-6.67,8846,train
4502760,SC,South Carolina,Lexington 03,9.75,82.0,91.59,-9.59,2061,test
4502790,SC,South Carolina,Lexington 04,26.03,76.0,81.57,-5.57,3485,train
4502820,SC,South Carolina,Lexington 05,9.07,91.0,92.58,-1.58,17196,train
4502970,SC,South Carolina,Marlboro 01,21.22,80.0,84.61,-4.61,3972,train
4503030,SC,South Carolina,Newberry 01,16.47,88.0,87.69,0.31,6018,train
4503060,SC,South Carolina,Oconee 01,15.09,84.0,88.69,-4.69,10410,train
4503150,SC,South Carolina,Orangeburg 03,18.05,77.0,86.42,-9.42,2078,train
4503180,SC,South Carolina,Orangeburg 04,14.84,81.0,88.56,-7.56,3625,train
4503210,SC,South Carolina,Orangeburg 05,14.9,85.0,88.68,-3.68,6517,train
4503330,SC,South Carolina,Pickens 01,15.3,84.0,88.68,-4.68,16349,train
4503360,SC,South Carolina,Richland 01,17.85,78.0,87.2,-9.2,24017,train
4503390,SC,South Carolina,Richland 02,9.97,87.0,92.14,-5.14,26993,train
4503460,SC,South Carolina,Saluda 01,13.72,77.0,89.15,-12.15,2333,train
4503480,SC,South Carolina,Spartanburg 01,14.11,91.0,89.11,1.89,5144,train
4503510,SC,South Carolina,Spartanburg 02,10.99,87.0,91.24,-4.24,10112,train
4503540,SC,South Carolina,Spartanburg 03,17.15,84.0,87.06,-3.06,2874,train
4503570,SC,South Carolina,Spartanburg 04,18.96,83.0,85.94,-2.94,2922,test
4503600,SC,South Carolina,Spartanburg 05,10.37,87.0,91.58,-4.58,8470,test
4503630,SC,South Carolina,Spartanburg 06,15.36,89.0,88.55,0.45,11436,train
4503660,SC,South Carolina,Spartanburg 07,21.94,86.0,84.32,1.68,7419,train
4503750,SC,South Carolina,Union 01,15.01,76.0,88.49,-12.49,4043,train
4503780,SC,South Carolina,Williamsburg 01,17.34,81.0,87.03,-6.03,3967,train
4503810,SC,South Carolina,York 01,15.82,85.0,88.05,-3.05,5309,train
4503840,SC,South Carolina,York 02,10.28,91.0,91.62,-0.62,7870,train
4503870,SC,South Carolina,York 03,12.27,83.0,90.59,-7.59,17399,test
4503900,SC,South Carolina,York 04,5.69,94.0,94.65,-0.65,15010,train
4503901,SC,South Carolina,SC Public Charter School District,9.81,64.0,92.12,-28.12,17128,train
4503902,SC,South Carolina,Sumter 01,20.84,81.0,85.23,-4.23,16670,test
4503907,SC,South Carolina,Governor' School for Science and Mathematics,1.49,95.0,96.2,-1.2,269,train
4503908,SC,South Carolina,Marion 10,20.14,75.0,85.32,-10.32,4518,train
4602070,SD,South Dakota,Aberdeen School District 06-1,13.09,88.0,89.71,-1.71,4521,train
4605610,SD,South Dakota,Belle Fourche School District 09-1,11.77,92.0,90.22,1.78,1385,train
4607950,SD,South Dakota,Brandon Valley School District 49-2,7.98,96.0,92.87,3.13,3945,train
4608520,SD,South Dakota,Brookings School District 05-1,12.72,87.0,89.88,-2.88,3507,train
4612300,SD,South Dakota,Chester Area School District 39-1,3.98,32.0,94.62,-62.62,251,test
4619410,SD,South Dakota,Douglas School District 51-1,18.73,92.0,85.97,6.03,1922,train
4631350,SD,South Dakota,Harrisburg School District 41-2,4.78,89.0,94.91,-5.91,4602,train
4631710,SD,South Dakota,West Central School District 49-7,4.71,95.0,94.62,0.38,1359,train
4635480,SD,South Dakota,Huron School District 02-2,17.06,67.0,87.09,-20.09,2562,train
4636990,SD,South Dakota,Dakota Valley School District 61-8,7.64,92.0,92.8,-0.8,1374,train
4641300,SD,South Dakota,Lead-Deadwood School District 40-1,16.99,67.0,86.83,-19.83,830,train
4648390,SD,South Dakota,Mitchell School District 17-2,12.0,92.0,90.27,1.73,2842,train
4655260,SD,South Dakota,Pierre School District 32-2,12.36,82.0,90.04,-8.04,2767,train
4659820,SD,South Dakota,Rapid City Area School District 51-4,20.38,75.0,85.47,-10.47,13810,train
4666270,SD,South Dakota,Sioux Falls School District 49-5,18.16,84.0,87.01,-3.01,24813,train
4666930,SD,South Dakota,Spearfish School District 40-2,10.55,92.0,91.13,0.87,2360,train
4669930,SD,South Dakota,Meade School District 46-1,13.59,82.0,89.26,-7.26,2663,train
4672090,SD,South Dakota,Todd County School District 66-1,80.76,62.0,47.25,14.75,1887,train
4676620,SD,South Dakota,Watertown School District 14-4,9.57,87.0,91.89,-4.89,4086,train
4680430,SD,South Dakota,Yankton School District 63-3,6.37,95.0,93.78,1.22,2871,train
4700001,TN,Tennessee,Hamblen County,1.16,95.0,97.36,-2.36,9567,train
4700060,TN,Tennessee,Alcoa,9.54,95.0,91.72,3.28,2045,train
4700090,TN,Tennessee,Anderson County,17.78,96.0,86.89,9.11,6554,train
4700144,TN,Tennessee,Alvin C York Institute,15.11,92.0,87.88,4.12,523,train
4700148,TN,Tennessee,Shelby County,13.85,79.0,90.09,-11.09,107528,test
4700149,TN,Tennessee,Collierville,7.12,95.0,93.61,1.39,8528,train
4700150,TN,Tennessee,Millington Municipal Schools,17.71,89.0,86.69,2.31,2632,train
4700151,TN,Tennessee,Germantown,6.49,94.0,93.92,0.08,6120,test
4700152,TN,Tennessee,Arlington,4.74,97.0,94.94,2.06,4645,train
4700153,TN,Tennessee,Bartlett,9.68,97.0,92.01,4.99,8481,train
4700180,TN,Tennessee,Bedford County,15.41,91.0,88.44,2.56,8778,train
4700240,TN,Tennessee,Benton County,11.63,95.0,90.43,4.57,2133,train
4700270,TN,Tennessee,Bledsoe County,14.94,92.0,88.31,3.69,1781,train
4700300,TN,Tennessee,Blount County,9.65,94.0,92.09,1.91,10804,train
4700330,TN,Tennessee,Bradley County,15.32,92.0,88.53,3.47,9900,test
4700360,TN,Tennessee,Bristol,13.35,93.0,89.53,3.47,4141,train
4700420,TN,Tennessee,Campbell County,22.84,92.0,83.7,8.3,5684,train
4700450,TN,Tennessee,Cannon County,11.55,92.0,90.44,1.56,1896,train
4700510,TN,Tennessee,Carter County,26.94,91.0,81.1,9.9,5012,train
4700570,TN,Tennessee,Cheatham County,16.83,91.0,87.47,3.53,6274,test
4700600,TN,Tennessee,Chester County,14.0,95.0,89.03,5.97,2878,train
4700630,TN,Tennessee,Claiborne County,26.58,93.0,81.27,11.73,4149,train
4700690,TN,Tennessee,Cleveland,12.91,94.0,89.9,4.1,5787,train
4700750,TN,Tennessee,Cocke County,17.98,92.0,86.69,5.31,4867,train
4700780,TN,Tennessee,Coffee County,9.79,93.0,91.77,1.23,4391,train
4700850,TN,Tennessee,Crockett County,6.48,98.0,93.62,4.38,1992,train
4700900,TN,Tennessee,Cumberland County,14.05,92.0,89.25,2.75,7426,train
4700960,TN,Tennessee,Decatur County,16.11,92.0,87.54,4.46,1539,train
4700990,TN,Tennessee,DeKalb County,13.79,92.0,89.17,2.83,3024,train
4701020,TN,Tennessee,Dickson County,14.1,94.0,89.27,4.73,8837,train
4701050,TN,Tennessee,Dyer County,14.74,95.0,88.65,6.35,3895,train
4701080,TN,Tennessee,Dyersburg,13.2,87.0,89.5,-2.5,2666,test
4701110,TN,Tennessee,Elizabethton,12.08,92.0,90.2,1.8,2600,train
4701170,TN,Tennessee,Fayette County Public Schools,13.37,93.0,89.48,3.52,3569,test
4701290,TN,Tennessee,Franklin County,17.0,91.0,87.32,3.68,5307,train
4701400,TN,Tennessee,Gibson Co Sp Dist,7.76,94.0,93.01,0.99,4109,train
4701410,TN,Tennessee,Giles County,11.46,93.0,90.69,2.31,3841,train
4701440,TN,Tennessee,Grainger County,17.1,97.0,87.14,9.86,3474,train
4701470,TN,Tennessee,Greene County,8.96,93.0,92.4,0.6,6775,train
4701500,TN,Tennessee,Greeneville,7.7,98.0,92.96,5.04,2884,train
4701530,TN,Tennessee,Grundy County,10.05,92.0,91.4,0.6,2040,train
4701590,TN,Tennessee,Hamilton County,15.94,87.0,88.55,-1.55,44204,train
4701650,TN,Tennessee,Hardeman County Schools,14.9,84.0,88.53,-4.53,3692,train
4701680,TN,Tennessee,Hardin County,18.51,92.0,86.28,5.72,3599,train
4701740,TN,Tennessee,Hawkins County,16.36,97.0,87.78,9.22,6701,train
4701770,TN,Tennessee,Haywood County,17.53,92.0,86.83,5.17,2961,train
4701800,TN,Tennessee,Henderson County,11.66,95.0,90.57,4.43,3988,train
4701830,TN,Tennessee,Henry County,11.36,94.0,90.67,3.33,2851,train
4701860,TN,Tennessee,Hickman County,13.7,91.0,89.25,1.75,3256,train
4701980,TN,Tennessee,Humphreys County,14.34,92.0,88.83,3.17,3020,test
4702070,TN,Tennessee,Jackson County,11.57,92.0,90.34,1.66,1374,train
4702100,TN,Tennessee,Jefferson County,14.14,95.0,89.19,5.81,7298,train
4702130,TN,Tennessee,Johnson City,12.55,93.0,90.2,2.8,7793,train
4702160,TN,Tennessee,Johnson County,10.43,95.0,91.16,3.84,2013,train
4702190,TN,Tennessee,Kingsport,17.36,96.0,87.18,8.82,7521,train
4702220,TN,Tennessee,Knox County,17.65,90.0,87.56,2.44,60700,test
4702310,TN,Tennessee,Lauderdale County,14.14,98.0,89.02,8.98,3959,train
4702340,TN,Tennessee,Lawrence County,10.35,96.0,91.54,4.46,6995,test
4702400,TN,Tennessee,Lenoir City,13.0,92.0,89.59,2.41,2300,train
4702430,TN,Tennessee,Lewis County,16.8,87.0,87.14,-0.14,1702,train
4702490,TN,Tennessee,Lincoln County,13.92,95.0,89.15,5.85,3780,train
4702520,TN,Tennessee,Loudon County,8.46,95.0,92.63,2.37,4893,train
4702550,TN,Tennessee,Macon County,13.08,88.0,89.69,-1.69,4005,train
4702580,TN,Tennessee,Madison County,24.31,86.0,82.98,3.02,12371,train
4702640,TN,Tennessee,Marion County,17.89,87.0,86.69,0.31,4074,train
4702670,TN,Tennessee,Marshall County,15.15,95.0,88.49,6.51,5578,train
4702700,TN,Tennessee,Maryville,3.58,97.0,95.69,1.31,5331,train
4702760,TN,Tennessee,Maury County,14.91,88.0,88.86,-0.86,12878,train
4702790,TN,Tennessee,McKenzie,4.13,95.0,94.99,0.01,1357,test
4702820,TN,Tennessee,McMinn County,15.29,93.0,88.41,4.59,5684,train
4702880,TN,Tennessee,McNairy County,10.25,95.0,91.48,3.52,4284,train
4702910,TN,Tennessee,Meigs County,9.74,95.0,91.56,3.44,1776,test
4702970,TN,Tennessee,Milan,7.33,95.0,93.09,1.91,1993,test
4703000,TN,Tennessee,Monroe County,19.89,90.0,85.51,4.49,5230,train
4703030,TN,Tennessee,Montgomery County,10.78,94.0,91.7,2.3,34812,train
4703090,TN,Tennessee,Morgan County,6.7,99.0,93.59,5.41,2925,train
4703180,TN,Tennessee,Davidson County,18.84,80.0,86.91,-6.91,84572,train
4703240,TN,Tennessee,Oak Ridge,16.33,88.0,87.68,0.32,4317,train
4703270,TN,Tennessee,Obion County,14.97,87.0,88.46,-1.46,3347,train
4703330,TN,Tennessee,Overton County,13.61,92.0,89.29,2.71,3144,train
4703450,TN,Tennessee,Polk County,16.8,95.0,87.23,7.77,2387,train
4703480,TN,Tennessee,Putnam County,13.6,90.0,89.65,0.35,11370,test
4703510,TN,Tennessee,Rhea County,10.65,91.0,91.23,-0.23,4321,train
4703590,TN,Tennessee,Roane County,13.04,94.0,89.85,4.15,6626,train
4703600,TN,Tennessee,Robertson County,12.26,95.0,90.48,4.52,11251,train
4703690,TN,Tennessee,Rutherford County,10.24,96.0,92.11,3.89,45329,train
4703720,TN,Tennessee,Scott County,9.67,95.0,91.74,3.26,2988,train
4703750,TN,Tennessee,Sequatchie County,16.45,92.0,87.43,4.57,2225,train
4703780,TN,Tennessee,Sevier County,19.79,90.0,85.85,4.15,14631,train
4703870,TN,Tennessee,Smith County,8.85,94.0,92.26,1.74,3086,test
4703960,TN,Tennessee,Stewart County,12.25,95.0,90.03,4.97,2066,train
4703990,TN,Tennessee,Sullivan County,17.12,95.0,87.4,7.6,9601,train
4704020,TN,Tennessee,Sumner County,10.21,94.0,92.01,1.99,29434,train
4704080,TN,Tennessee,Tipton County,10.05,97.0,91.85,5.15,11103,train
4704200,TN,Tennessee,Tullahoma,17.3,88.0,87.02,0.98,3479,train
4704230,TN,Tennessee,Unicoi County,21.4,92.0,84.36,7.64,2406,train
4704260,TN,Tennessee,Union City,6.35,92.0,93.65,-1.65,1668,train
4704290,TN,Tennessee,Union County,16.03,92.0,87.84,4.16,3930,train
4704350,TN,Tennessee,Warren County,15.13,96.0,88.54,7.46,6569,train
4704380,TN,Tennessee,Washington County,14.45,93.0,89.04,3.96,8430,train
4704440,TN,Tennessee,Wayne County,20.64,95.0,84.82,10.18,2311,train
4704470,TN,Tennessee,Weakley County,13.03,93.0,89.73,3.27,4197,train
4704500,TN,Tennessee,White County,9.02,92.0,92.23,-0.23,4004,test
4704530,TN,Tennessee,Williamson County,5.61,96.0,94.96,1.04,39330,train
4704550,TN,Tennessee,Wilson County,13.89,96.0,89.6,6.4,18407,train
4800008,TX,Texas,DRIPPING SPRINGS ISD,8.48,98.0,92.69,5.31,6414,test
4800009,TX,Texas,WIMBERLEY ISD,5.62,95.0,94.21,0.79,2439,train
4800010,TX,Texas,HAYS CISD,11.59,89.0,91.05,-2.05,19830,train
4800011,TX,Texas,ALVARADO ISD,12.03,95.0,90.32,4.68,3706,train
4800016,TX,Texas,TEXANS CAN ACADEMIES,77.47,42.0,49.61,-7.61,5810,train
4800020,TX,Texas,GEORGE I SANCHEZ CHARTER,25.68,77.0,81.43,-4.43,915,train
4800030,TX,Texas,UPLIFT EDUCATION,6.91,97.0,93.93,3.07,17277,test
4800055,TX,Texas,LIFE SCHOOL,4.33,99.0,95.24,3.76,5662,train
4800115,TX,Texas,HOUSTON HEIGHTS HIGH SCHOOL,10.82,72.0,90.29,-18.29,194,train
4800133,TX,Texas,MIDVALLEY ACADEMY CHARTER DISTRICT,81.25,77.0,46.52,30.48,384,test
4800163,TX,Texas,TEXAS COLLEGE PREPARATORY ACADEMIES,9.22,93.0,92.36,0.64,10812,train
4800179,TX,Texas,JUBILEE ACADEMIES,11.49,95.0,90.78,4.22,5650,train
4800204,TX,Texas,INSPIRED VISION ACADEMY,5.53,95.0,94.1,0.9,1320,test
4800209,TX,Texas,YES PREP PUBLIC SCHOOLS INC,7.85,94.0,93.22,0.78,10859,train
4800210,TX,Texas,HARMONY SCIENCE ACADEMY,6.74,97.0,93.6,3.4,3410,train
4800211,TX,Texas,IDEA PUBLIC SCHOOLS,2.57,99.0,96.83,2.17,35497,train
4800235,TX,Texas,ORENDA CHARTER SCHOOL,10.13,87.0,91.29,-4.29,1658,train
4800241,TX,Texas,HARMONY SCIENCE ACADEMY (AUSTIN),8.65,97.0,92.45,4.55,3929,train
4800264,TX,Texas,KIPP AUSTIN PUBLIC SCHOOLS INC,5.41,92.0,94.54,-2.54,5171,train
4800266,TX,Texas,HARMONY SCIENCE ACAD (SAN ANTONIO),12.58,95.0,90.02,4.98,4307,train
4800271,TX,Texas,RICHLAND COLLEGIATE HIGH SCHOOL,3.78,99.0,94.98,4.02,582,train
4800274,TX,Texas,HARMONY SCHOOL OF EXCELLENCE,6.19,95.0,94.04,0.96,4942,train
4800292,TX,Texas,HARMONY SCIENCE ACAD (WACO),8.77,95.0,92.61,2.39,9623,train
4801405,TX,Texas,HARMONY SCHOOL OF SCIENCE - HOUSTON,6.28,95.0,93.89,1.11,3407,train
4801440,TX,Texas,INTERNATIONAL LEADERSHIP OF TEXAS (ILT),9.98,97.0,92.0,5.0,16132,train
4807350,TX,Texas,COLLEGE STATION ISD,7.38,91.0,93.57,-2.57,13570,test
4807440,TX,Texas,ABILENE ISD,17.44,91.0,87.34,3.66,15865,test
4807470,TX,Texas,ACADEMY ISD,10.39,95.0,91.12,3.88,1588,test
4807590,TX,Texas,ALAMO HEIGHTS ISD,7.58,97.0,93.17,3.83,4843,train
4807710,TX,Texas,ALDINE ISD,19.68,79.0,86.31,-7.31,63933,test
4807780,TX,Texas,ALEDO ISD,4.93,99.0,94.87,4.13,5719,train
4807800,TX,Texas,ALICE ISD,20.09,85.0,85.38,-0.38,5066,test
4807830,TX,Texas,ALIEF ISD,16.44,90.0,88.25,1.75,45803,train
4807890,TX,Texas,ALLEN ISD,4.68,96.0,95.38,0.62,21148,train
4808090,TX,Texas,ALVIN ISD,9.25,94.0,92.57,1.43,24824,train
4808130,TX,Texas,AMARILLO ISD,12.76,89.0,90.45,-1.45,32936,train
4808190,TX,Texas,ANAHUAC ISD,9.59,95.0,91.57,3.43,1324,train
4808280,TX,Texas,ANDREWS ISD,7.43,95.0,93.22,1.78,4025,train
4808310,TX,Texas,ANGLETON ISD,12.03,95.0,90.49,4.51,6801,train
4808340,TX,Texas,ANNA ISD,10.21,93.0,91.44,1.56,3456,train
4808550,TX,Texas,ARANSAS COUNTY ISD,20.75,93.0,84.78,8.22,2545,train
4808580,TX,Texas,ARANSAS PASS ISD,19.43,92.0,85.46,6.54,1472,train
4808670,TX,Texas,ARGYLE ISD,4.2,95.0,95.13,-0.13,2716,train
4808700,TX,Texas,ARLINGTON ISD,15.73,86.0,88.76,-2.76,60328,test
4808870,TX,Texas,ATHENS ISD,10.72,94.0,91.1,2.9,3116,train
4808880,TX,Texas,ATLANTA ISD,10.55,95.0,91.04,3.96,1688,train
4808910,TX,Texas,AUBREY ISD,7.13,95.0,93.27,1.73,2495,train
4808940,TX,Texas,AUSTIN ISD,15.11,92.0,89.23,2.77,80480,train
4809200,TX,Texas,AZLE ISD,12.49,97.0,90.19,6.81,6495,train
4809360,TX,Texas,BANDERA ISD,13.6,87.0,89.22,-2.22,2280,train
4809450,TX,Texas,BARBERS HILL ISD,7.07,98.0,93.52,4.48,5391,train
4809570,TX,Texas,BASTROP ISD,16.04,95.0,88.11,6.89,10896,train
4809630,TX,Texas,BAY CITY ISD,20.05,91.0,85.31,5.69,3571,test
4809670,TX,Texas,BEAUMONT ISD,23.13,83.0,83.82,-0.82,18041,train
4809720,TX,Texas,BEEVILLE ISD,24.48,92.0,82.53,9.47,3313,train
4809810,TX,Texas,BELLVILLE ISD,6.5,95.0,93.65,1.35,2263,train
4809860,TX,Texas,BELTON ISD,11.31,95.0,91.07,3.93,11102,train
4810200,TX,Texas,BIG SPRING ISD,20.86,87.0,84.82,2.18,3844,train
4810230,TX,Texas,BIRDVILLE ISD,11.95,92.0,90.87,1.13,23663,train
4810260,TX,Texas,BISHOP CISD,10.45,95.0,91.06,3.94,1474,train
4810710,TX,Texas,BOERNE ISD,7.76,99.0,93.22,5.78,8690,train
4810800,TX,Texas,BONHAM ISD,10.24,92.0,91.23,0.77,1690,train
4810890,TX,Texas,BORGER ISD,12.79,97.0,89.77,7.23,2729,train
4810990,TX,Texas,BOWIE ISD,12.02,95.0,90.12,4.88,1697,train
4811190,TX,Texas,BRAZOSPORT ISD,16.38,86.0,87.93,-1.93,12345,train
4811220,TX,Texas,BRECKENRIDGE ISD,13.89,87.0,88.92,-1.92,1498,train
4811280,TX,Texas,BRENHAM ISD,11.15,93.0,90.94,2.06,4763,train
4811310,TX,Texas,BRIDGE CITY ISD,9.11,96.0,92.09,3.91,2985,train
4811340,TX,Texas,BRIDGEPORT ISD,7.41,92.0,93.04,-1.04,2037,train
4811460,TX,Texas,BROCK ISD,4.08,95.0,95.02,-0.02,1371,train
4811580,TX,Texas,BROOKS COUNTY ISD,16.06,92.0,87.58,4.42,1588,train
4811610,TX,Texas,BROWNFIELD ISD,21.25,95.0,84.37,10.63,1751,train
4811640,TX,Texas,BROWNSBORO ISD,12.65,95.0,89.85,5.15,2704,test
4811680,TX,Texas,BROWNSVILLE ISD,12.77,92.0,90.53,1.47,45553,train
4811700,TX,Texas,BROWNWOOD ISD,11.13,96.0,90.88,5.12,3692,train
4811790,TX,Texas,BRYAN ISD,13.39,84.0,89.87,-5.87,16132,test
4812060,TX,Texas,BULLARD ISD,7.52,95.0,93.04,1.96,2554,train
4812120,TX,Texas,BURKBURNETT ISD,17.2,88.0,87.06,0.94,3227,train
4812180,TX,Texas,BURLESON ISD,9.86,94.0,92.0,2.0,12219,test
4812220,TX,Texas,BURNET CISD,11.49,95.0,90.62,4.38,3202,train
4812390,TX,Texas,CADDO MILLS ISD,5.19,95.0,94.39,0.61,1735,train
4812420,TX,Texas,CALALLEN ISD,11.2,96.0,90.86,5.14,4061,train
4812460,TX,Texas,CALDWELL ISD,9.49,95.0,91.72,3.28,1802,train
4812480,TX,Texas,CALHOUN COUNTY ISD,15.08,93.0,88.43,4.57,3912,train
4812640,TX,Texas,CAMERON ISD,14.35,95.0,88.69,6.31,1854,train
4812750,TX,Texas,CANTON ISD,6.14,95.0,93.86,1.14,2184,train
4812780,TX,Texas,CANUTILLO ISD,7.47,94.0,93.31,0.69,6201,test
4812810,TX,Texas,CANYON ISD,9.25,95.0,92.32,2.68,9945,test
4812990,TX,Texas,CARRIZO SPRINGS CISD,20.9,92.0,84.65,7.35,2211,train
4813020,TX,Texas,CARROLL ISD,4.34,99.0,95.34,3.66,8357,test
4813050,TX,Texas,CARROLLTON-FARMERS BRANCH ISD,12.84,95.0,90.33,4.67,25173,train
4813110,TX,Texas,CARTHAGE ISD,14.12,95.0,88.94,6.06,2685,train
4813170,TX,Texas,CASTLEBERRY ISD,15.59,90.0,88.12,1.88,3912,train
4813230,TX,Texas,CEDAR HILL ISD,12.02,94.0,90.53,3.47,7851,train
4813290,TX,Texas,CELINA ISD,6.25,95.0,93.83,1.17,2576,train
4813320,TX,Texas,CENTER ISD,10.22,92.0,91.36,0.64,2670,train
4813500,TX,Texas,CENTRAL ISD,11.37,95.0,90.5,4.5,1513,test
4813530,TX,Texas,LUMBERTON ISD,11.76,90.0,90.52,-0.52,3998,train
4813590,TX,Texas,CHANNELVIEW ISD,17.02,87.0,87.46,-0.46,9285,train
4813650,TX,Texas,CHAPEL HILL ISD,10.26,92.0,91.42,0.58,3559,train
4813960,TX,Texas,CHINA SPRING ISD,6.9,99.0,93.45,5.55,2754,train
4814280,TX,Texas,CLEAR CREEK ISD,10.8,95.0,91.74,3.26,41874,train
4814310,TX,Texas,CLEBURNE ISD,17.24,92.0,87.23,4.77,6722,train
4814370,TX,Texas,CLEVELAND ISD,22.01,82.0,84.2,-2.2,5574,train
4814430,TX,Texas,CLINT ISD,8.66,93.0,92.73,0.27,11515,train
4814520,TX,Texas,COLDSPRING-OAKHURST CISD,16.03,87.0,87.59,-0.59,1535,train
4814670,TX,Texas,COLUMBIA-BRAZORIA ISD,18.26,93.0,86.39,6.61,3132,train
4814700,TX,Texas,COLUMBUS ISD,11.39,92.0,90.49,1.51,1536,test
4814730,TX,Texas,COMAL ISD,11.28,95.0,91.28,3.72,23089,train
4814820,TX,Texas,COMMERCE ISD,11.69,95.0,90.3,4.7,1514,train
4814850,TX,Texas,COMMUNITY ISD,8.37,95.0,92.48,2.52,2259,train
4814970,TX,Texas,CONNALLY ISD,14.82,92.0,88.46,3.54,2335,train
4815000,TX,Texas,CONROE ISD,8.96,93.0,92.99,0.01,61522,train
4815180,TX,Texas,LUBBOCK-COOPER ISD,6.81,98.0,93.72,4.28,6286,train
4815210,TX,Texas,COPPELL ISD,4.89,98.0,95.11,2.89,12622,train
4815240,TX,Texas,COPPERAS COVE ISD,16.6,93.0,87.66,5.34,7584,train
4815270,TX,Texas,CORPUS CHRISTI ISD,20.29,89.0,85.8,3.2,38022,train
4815330,TX,Texas,CORSICANA ISD,12.89,93.0,89.9,3.1,5633,train
4815400,TX,Texas,COTULLA ISD,12.87,87.0,89.54,-2.54,1383,train
4815510,TX,Texas,CRANDALL ISD,8.21,98.0,92.73,5.27,4045,train
4815750,TX,Texas,CROSBY ISD,13.08,89.0,89.81,-0.81,6118,train
4815910,TX,Texas,CROWLEY ISD,15.39,93.0,88.61,4.39,15194,train
4815930,TX,Texas,CRYSTAL CITY ISD,20.23,92.0,85.04,6.96,1967,test
4815960,TX,Texas,CUERO ISD,17.16,95.0,86.88,8.12,1480,train
4816110,TX,Texas,CYPRESS-FAIRBANKS ISD,9.96,93.0,92.54,0.46,116349,train
4816200,TX,Texas,DALHART ISD,10.77,95.0,90.91,4.09,1773,train
4816230,TX,Texas,DALLAS ISD,13.56,87.0,90.36,-3.36,153815,test
4816410,TX,Texas,DAYTON ISD,14.71,96.0,88.74,7.26,5181,train
4816500,TX,Texas,DECATUR ISD,7.57,96.0,93.08,2.92,3330,train
4816530,TX,Texas,DEER PARK ISD,11.27,88.0,91.13,-3.13,12620,train
4816620,TX,Texas,DEL VALLE ISD,20.63,90.0,85.26,4.74,11151,train
4816710,TX,Texas,DENISON ISD,14.83,92.0,88.64,3.36,4661,train
4816740,TX,Texas,DENTON ISD,9.25,95.0,92.61,2.39,28622,train
4816770,TX,Texas,DENVER CITY ISD,7.07,95.0,93.21,1.79,1683,train
4816860,TX,Texas,DESOTO ISD,15.4,91.0,88.47,2.53,9230,train
4816950,TX,Texas,DEVINE ISD,10.91,92.0,90.86,1.14,2008,train
4817040,TX,Texas,DIBOLL ISD,15.43,95.0,88.0,7.0,1692,test
4817070,TX,Texas,DICKINSON ISD,15.1,86.0,88.7,-2.7,10829,train
4817390,TX,Texas,DONNA ISD,18.93,85.0,86.39,-1.39,14757,train
4817610,TX,Texas,DUMAS ISD,8.27,98.0,92.71,5.29,4319,train
4817640,TX,Texas,DUNCANVILLE ISD,20.42,92.0,85.42,6.58,12862,train
4817700,TX,Texas,EAGLE MT-SAGINAW ISD,12.42,95.0,90.52,4.48,18845,train
4817730,TX,Texas,EAGLE PASS ISD,19.03,92.0,86.32,5.68,14415,train
4817760,TX,Texas,EANES ISD,5.57,98.0,94.56,3.44,8057,train
4817850,TX,Texas,EAST CENTRAL ISD,20.48,90.0,85.31,4.69,9979,train
4818000,TX,Texas,ECTOR COUNTY ISD,22.16,82.0,84.57,-2.57,31017,train
4818060,TX,Texas,EDCOUCH-ELSA ISD,17.09,91.0,87.25,3.75,5189,train
4818150,TX,Texas,EDGEWOOD ISD,28.01,87.0,80.6,6.4,9400,train
4818180,TX,Texas,EDINBURG CISD,13.41,88.0,90.05,-2.05,33187,train
4818210,TX,Texas,EDNA ISD,16.16,95.0,87.52,7.48,1578,test
4818280,TX,Texas,EL CAMPO ISD,12.33,97.0,90.13,6.87,3674,train
4818300,TX,Texas,EL PASO ISD,14.5,84.0,89.52,-5.52,58251,test
4818360,TX,Texas,ELGIN ISD,15.89,91.0,87.96,3.04,4318,train
4818540,TX,Texas,ENNIS ISD,11.73,95.0,90.63,4.37,5832,test
4818720,TX,Texas,EUSTACE ISD,7.0,95.0,93.23,1.77,1557,test
4818810,TX,Texas,EVERMAN ISD,13.85,94.0,89.31,4.69,5834,train
4818900,TX,Texas,FABENS ISD,11.75,87.0,90.37,-3.37,2281,train
4818940,TX,Texas,FAIRFIELD ISD,8.26,95.0,92.48,2.52,1815,train
4819080,TX,Texas,FARMERSVILLE ISD,6.59,92.0,93.5,-1.5,1639,train
4819170,TX,Texas,FERRIS ISD,9.63,95.0,91.73,3.27,2709,test
4819350,TX,Texas,FLORESVILLE ISD,13.88,92.0,89.19,2.81,4021,train
4819380,TX,Texas,FLOUR BLUFF ISD,14.38,89.0,88.98,0.02,5904,train
4819560,TX,Texas,FORNEY ISD,8.47,97.0,92.81,4.19,10057,train
4819650,TX,Texas,FORT BEND ISD,6.54,95.0,94.56,0.44,75177,train
4819700,TX,Texas,FORT WORTH ISD,18.02,86.0,87.43,-1.43,85795,train
4819830,TX,Texas,FRENSHIP ISD,9.99,97.0,91.85,5.15,9688,train
4819840,TX,Texas,FREDERICKSBURG ISD,10.76,96.0,91.08,4.92,3271,test
4819950,TX,Texas,FRIENDSWOOD ISD,6.44,97.0,93.94,3.06,6071,test
4820010,TX,Texas,FRISCO ISD,5.17,98.0,95.34,2.66,57657,train
4820160,TX,Texas,FT SAM HOUSTON ISD,6.34,95.0,93.65,1.35,1608,test
4820190,TX,Texas,FORT STOCKTON ISD,24.91,92.0,82.18,9.82,2481,train
4820220,TX,Texas,GAINESVILLE ISD,13.79,92.0,89.17,2.83,3081,train
4820250,TX,Texas,GALENA PARK ISD,10.24,89.0,91.93,-2.93,22596,train
4820280,TX,Texas,GALVESTON ISD,21.73,85.0,84.44,0.56,6897,test
4820340,TX,Texas,GARLAND ISD,10.58,92.0,91.95,0.05,55245,test
4820500,TX,Texas,GATESVILLE ISD,16.28,95.0,87.6,7.4,2789,train
4820600,TX,Texas,GEORGETOWN ISD,11.1,96.0,91.21,4.79,11527,train
4820640,TX,Texas,GIDDINGS ISD,10.03,95.0,91.4,3.6,1905,train
4820700,TX,Texas,GILMER ISD,12.43,92.0,89.96,2.04,2446,train
4820760,TX,Texas,GLADEWATER ISD,14.96,92.0,88.3,3.7,1785,train
4820850,TX,Texas,GLEN ROSE ISD,4.87,95.0,94.6,0.4,1806,train
4820960,TX,Texas,GODLEY ISD,11.19,92.0,90.68,1.32,2010,train
4821060,TX,Texas,GONZALES ISD,11.94,92.0,90.31,1.69,2847,train
4821150,TX,Texas,GOOSE CREEK CISD,15.66,90.0,88.55,1.45,23648,train
4821360,TX,Texas,GRAHAM ISD,11.23,95.0,90.7,4.3,2368,test
4821390,TX,Texas,GRANBURY ISD,16.94,93.0,87.43,5.57,7135,test
4821420,TX,Texas,GRAND PRAIRIE ISD,17.16,90.0,87.67,2.33,28391,train
4821450,TX,Texas,GRAND SALINE ISD,12.82,95.0,89.5,5.5,1092,train
4821660,TX,Texas,GRAPEVINE-COLLEYVILLE ISD,6.28,97.0,94.26,2.74,13300,test
4821720,TX,Texas,GREENVILLE ISD,15.6,90.0,88.19,1.81,5117,train
4821750,TX,Texas,GREENWOOD ISD,13.2,95.0,89.51,5.49,2705,train
4821780,TX,Texas,GREGORY-PORTLAND ISD,23.5,92.0,83.24,8.76,4834,train
4821810,TX,Texas,GROESBECK ISD,13.68,95.0,89.11,5.89,1828,train
4822170,TX,Texas,HALLSVILLE ISD,9.26,82.0,92.13,-10.13,4933,train
4822320,TX,Texas,HAMSHIRE-FANNETT ISD,12.58,95.0,89.81,5.19,1932,train
4822410,TX,Texas,HARDIN-JEFFERSON ISD,8.1,95.0,92.64,2.36,2248,test
4822470,TX,Texas,HARLANDALE ISD,20.03,93.0,85.69,7.31,14388,train
4822530,TX,Texas,HARLINGEN CISD,12.25,90.0,90.62,-0.62,18358,train
4822970,TX,Texas,HENDERSON ISD,8.4,95.0,92.56,2.44,3392,test
4823010,TX,Texas,HEREFORD ISD,14.03,83.0,89.09,-6.09,3899,train
4823100,TX,Texas,HIDALGO ISD,7.74,94.0,92.96,1.04,3180,train
4823250,TX,Texas,HIGHLAND PARK ISD,4.01,98.0,95.5,2.5,6964,test
4823280,TX,Texas,HILLSBORO ISD,13.04,95.0,89.51,5.49,1848,test
4823430,TX,Texas,HONDO ISD,14.03,95.0,88.91,6.09,1996,train
4823640,TX,Texas,HOUSTON ISD,13.84,79.0,90.28,-11.28,211178,train
4823790,TX,Texas,HUDSON ISD,7.93,95.0,92.82,2.18,2888,train
4823820,TX,Texas,HUFFMAN ISD,11.21,98.0,90.82,7.18,3524,test
4823910,TX,Texas,HUMBLE ISD,9.56,94.0,92.52,1.48,41941,train
4824000,TX,Texas,HUNTINGTON ISD,16.07,95.0,87.6,7.4,1718,train
4824030,TX,Texas,HUNTSVILLE ISD,14.05,84.0,89.19,-5.19,5850,train
4824060,TX,Texas,HURST-EULESS-BEDFORD ISD,8.3,96.0,93.14,2.86,23405,train
4824100,TX,Texas,HUTTO ISD,7.43,92.0,93.38,-1.38,7230,train
4824180,TX,Texas,INGLESIDE ISD,16.09,95.0,87.67,7.33,2343,train
4824260,TX,Texas,IOWA PARK CISD,5.82,95.0,94.01,0.99,1820,train
4824420,TX,Texas,IRVING ISD,10.54,92.0,91.83,0.17,32214,test
4824590,TX,Texas,JACKSONVILLE ISD,11.66,87.0,90.63,-3.63,4974,train
4824600,TX,Texas,JARRELL ISD,5.39,95.0,94.25,0.75,1687,train
4824630,TX,Texas,JASPER ISD,15.26,92.0,88.2,3.8,2484,test
4824930,TX,Texas,JOSHUA ISD,9.08,97.0,92.27,4.73,5507,train
4824990,TX,Texas,JUDSON ISD,16.71,85.0,87.89,-2.89,23007,test
4825170,TX,Texas,KATY ISD,5.91,94.0,94.95,-0.95,77432,train
4825200,TX,Texas,KAUFMAN ISD,11.0,97.0,90.98,6.02,3935,train
4825260,TX,Texas,KELLER ISD,9.21,94.0,92.68,1.32,34251,train
4825320,TX,Texas,KEMP ISD,15.02,95.0,88.24,6.76,1618,train
4825500,TX,Texas,KENNEDALE ISD,9.02,91.0,92.16,-1.16,3126,train
4825590,TX,Texas,KERRVILLE ISD,11.2,95.0,90.91,4.09,4741,train
4825620,TX,Texas,KILGORE ISD,10.84,95.0,91.09,3.91,4079,train
4825660,TX,Texas,KILLEEN ISD,19.27,87.0,86.47,0.53,44277,train
4825680,TX,Texas,KINGSVILLE ISD,18.77,85.0,86.1,-1.1,3373,train
4825740,TX,Texas,KLEIN ISD,11.24,93.0,91.53,1.47,52487,train
4825980,TX,Texas,KRUM ISD,8.0,95.0,92.69,2.31,2124,train
4826040,TX,Texas,LA FERIA ISD,9.73,90.0,91.73,-1.73,3289,train
4826100,TX,Texas,LA GRANGE ISD,9.61,92.0,91.67,0.33,1967,train
4826130,TX,Texas,LA JOYA ISD,19.39,85.0,86.27,-1.27,28299,test
4826190,TX,Texas,LA PORTE ISD,15.36,92.0,88.44,3.56,7573,test
4826280,TX,Texas,LA VEGA ISD,11.88,87.0,90.37,-3.37,3098,train
4826310,TX,Texas,LA VERNIA ISD,12.16,98.0,90.22,7.78,3373,train
4826400,TX,Texas,LAGO VISTA ISD,7.24,95.0,93.06,1.94,1477,test
4826430,TX,Texas,LAKE DALLAS ISD,9.07,98.0,92.19,5.81,3938,train
4826470,TX,Texas,LAKE TRAVIS ISD,10.6,95.0,91.5,3.5,10410,train
4826490,TX,Texas,LAKE WORTH ISD,21.17,87.0,84.59,2.41,3339,test
4826580,TX,Texas,LAMAR CISD,10.28,93.0,91.99,1.01,31506,train
4826610,TX,Texas,LAMESA ISD,18.4,95.0,86.18,8.82,1935,test
4826640,TX,Texas,LAMPASAS ISD,12.85,98.0,89.78,8.22,3338,train
4826670,TX,Texas,LANCASTER ISD,9.9,99.0,91.84,7.16,7364,train
4826790,TX,Texas,LAREDO ISD,10.81,94.0,91.58,2.42,23932,train
4827030,TX,Texas,LEANDER ISD,7.85,97.0,93.56,3.44,39002,train
4827240,TX,Texas,LEVELLAND ISD,12.04,87.0,90.26,-3.26,2999,train
4827300,TX,Texas,LEWISVILLE ISD,8.36,95.0,93.29,1.71,46776,train
4827390,TX,Texas,LIBERTY-EYLAU ISD,16.3,92.0,87.55,4.45,2503,test
4827420,TX,Texas,LIBERTY HILL ISD,6.22,96.0,93.97,2.03,4019,train
4827450,TX,Texas,LIBERTY ISD,12.87,92.0,89.65,2.35,2106,test
4827510,TX,Texas,LINDALE ISD,6.96,97.0,93.52,3.48,4082,train
4827690,TX,Texas,LITTLE CYPRESS-MAURICEVILLE CISD,17.43,98.0,86.91,11.09,3138,test
4827720,TX,Texas,LITTLE ELM ISD,9.06,95.0,92.37,2.63,7518,train
4827780,TX,Texas,LIVINGSTON ISD,11.41,92.0,90.74,1.26,4068,train
4827810,TX,Texas,LLANO ISD,13.27,95.0,89.36,5.64,1794,train
4827870,TX,Texas,LOCKHART ISD,19.45,90.0,85.81,4.19,5671,train
4828110,TX,Texas,LONGVIEW ISD,9.01,95.0,92.43,2.57,8556,train
4828200,TX,Texas,LORENA ISD,4.93,95.0,94.55,0.45,1763,train
4828290,TX,Texas,LOS FRESNOS CISD,11.24,94.0,91.1,2.9,10767,train
4828380,TX,Texas,LOVEJOY ISD,4.62,99.0,94.99,4.01,4264,train
4828500,TX,Texas,LUBBOCK ISD,14.1,89.0,89.57,-0.57,28052,train
4828550,TX,Texas,LUFKIN ISD,12.91,91.0,89.96,1.04,7423,test
4828620,TX,Texas,LYFORD CISD,14.96,92.0,88.26,3.74,1551,train
4828650,TX,Texas,LYTLE ISD,15.06,92.0,88.22,3.78,1693,train
4828680,TX,Texas,MABANK ISD,9.11,96.0,92.13,3.87,3514,train
4828710,TX,Texas,MADISONVILLE CISD,9.0,95.0,92.09,2.91,2356,train
4828740,TX,Texas,MAGNOLIA ISD,10.37,93.0,91.7,1.3,12989,train
4828890,TX,Texas,MANOR ISD,15.81,86.0,88.21,-2.21,9091,train
4828920,TX,Texas,MANSFIELD ISD,7.49,94.0,93.76,0.24,34862,train
4829010,TX,Texas,MARBLE FALLS ISD,10.0,94.0,91.63,2.37,4230,train
4829100,TX,Texas,MARION ISD,12.18,95.0,89.98,5.02,1470,train
4829160,TX,Texas,MARSHALL ISD,19.02,90.0,86.05,3.95,5126,train
4829670,TX,Texas,MCALLEN ISD,12.24,94.0,90.69,3.31,23291,train
4829820,TX,Texas,MCGREGOR ISD,5.86,95.0,93.92,1.08,1451,train
4829850,TX,Texas,MCKINNEY ISD,9.18,97.0,92.61,4.39,24304,test
4830060,TX,Texas,MEDINA VALLEY ISD,10.7,99.0,91.24,7.76,5084,train
4830120,TX,Texas,MELISSA ISD,3.98,95.0,95.27,-0.27,2791,train
4830250,TX,Texas,MERCEDES ISD,17.54,96.0,86.99,9.01,5530,train
4830390,TX,Texas,MESQUITE ISD,7.95,90.0,93.51,-3.51,40998,train
4830420,TX,Texas,MEXIA ISD,15.56,92.0,87.93,4.07,1799,train
4830570,TX,Texas,MIDLAND ISD,17.49,89.0,87.44,1.56,25708,train
4830600,TX,Texas,MIDLOTHIAN ISD,6.58,91.0,93.96,-2.96,8870,train
4830640,TX,Texas,MIDWAY ISD,5.74,97.0,94.46,2.54,8073,train
4830930,TX,Texas,MINEOLA ISD,9.46,95.0,91.71,3.29,1628,train
4830950,TX,Texas,MINERAL WELLS ISD,16.19,97.0,87.7,9.3,3280,train
4831040,TX,Texas,MISSION CISD,18.85,91.0,86.45,4.55,15469,test
4831170,TX,Texas,MONAHANS-WICKETT-PYOTE ISD,18.31,95.0,86.28,8.72,2327,train
4831260,TX,Texas,MONTGOMERY ISD,11.23,97.0,91.05,5.95,8736,train
4831760,TX,Texas,MOUNT PLEASANT ISD,11.87,96.0,90.52,5.48,5326,train
4831770,TX,Texas,MOUNT VERNON ISD,8.86,95.0,92.08,2.92,1625,train
4832090,TX,Texas,NACOGDOCHES ISD,12.7,91.0,90.04,0.96,6243,train
4832160,TX,Texas,NAVARRO ISD,7.43,95.0,93.02,1.98,1911,train
4832190,TX,Texas,NAVASOTA ISD,10.87,92.0,91.0,1.0,3055,train
4832280,TX,Texas,NEDERLAND ISD,12.49,93.0,90.14,2.86,5387,train
4832310,TX,Texas,NEEDVILLE ISD,7.71,96.0,92.98,3.02,3228,train
4832340,TX,Texas,NEW BOSTON ISD,12.04,95.0,90.04,4.96,1337,train
4832370,TX,Texas,NEW BRAUNFELS ISD,12.49,95.0,90.27,4.73,8626,train
4832400,TX,Texas,NEW CANEY ISD,16.3,93.0,88.04,4.96,15034,train
4832940,TX,Texas,NORTH EAST ISD,13.91,91.0,89.92,1.08,65811,train
4833010,TX,Texas,NORTH LAMAR ISD,6.59,96.0,93.62,2.38,2595,train
4833120,TX,Texas,NORTHSIDE ISD,15.33,94.0,89.16,4.84,106006,train
4833180,TX,Texas,NORTHWEST ISD,8.13,94.0,93.25,0.75,23124,train
4833720,TX,Texas,ORANGE GROVE ISD,16.57,95.0,87.31,7.69,1877,test
4833780,TX,Texas,ORANGEFIELD ISD,11.18,95.0,90.66,4.34,1789,train
4834050,TX,Texas,PALESTINE ISD,12.41,97.0,90.05,6.95,3231,train
4834170,TX,Texas,PAMPA ISD,11.0,94.0,90.96,3.04,3574,train
4834290,TX,Texas,PARIS ISD,14.35,94.0,88.86,5.14,3498,train
4834320,TX,Texas,PASADENA ISD,16.55,88.0,88.22,-0.22,54630,train
4834440,TX,Texas,PEARLAND ISD,5.45,97.0,94.9,2.1,21629,train
4834470,TX,Texas,PEARSALL ISD,15.04,92.0,88.32,3.68,2287,train
4834550,TX,Texas,PECOS-BARSTOW-TOYAH ISD,20.5,92.0,84.95,7.05,2688,test
4834650,TX,Texas,PERRYTON ISD,8.14,95.0,92.61,2.39,2223,train
4834830,TX,Texas,PFLUGERVILLE ISD,10.38,97.0,91.87,5.13,25289,train
4834860,TX,Texas,PHARR-SAN JUAN-ALAMO ISD,12.27,91.0,90.75,0.25,31899,train
4834980,TX,Texas,PINE TREE ISD,14.51,93.0,88.84,4.16,4680,test
4835010,TX,Texas,PITTSBURG ISD,11.01,95.0,90.84,4.16,2344,train
4835070,TX,Texas,PLAINVIEW ISD,12.62,92.0,90.06,1.94,5505,train
4835100,TX,Texas,PLANO ISD,7.73,95.0,93.72,1.28,52601,test
4835130,TX,Texas,PLEASANT GROVE ISD,8.97,95.0,92.08,2.92,2106,train
4835190,TX,Texas,PLEASANTON ISD,16.03,95.0,87.82,7.18,3581,train
4835250,TX,Texas,POINT ISABEL ISD,7.75,92.0,92.88,-0.88,2427,train
4835310,TX,Texas,PONDER ISD,7.26,95.0,93.04,1.96,1419,train
4835400,TX,Texas,PORT ARTHUR ISD,22.42,86.0,84.04,1.96,7733,train
4835430,TX,Texas,PORT NECHES-GROVES ISD,8.75,94.0,92.45,1.55,5006,train
4835520,TX,Texas,POTEET ISD,19.23,95.0,85.63,9.37,1737,train
4835570,TX,Texas,BUSHLAND ISD,5.62,95.0,94.07,0.93,1458,train
4835580,TX,Texas,POTTSBORO ISD,9.89,92.0,91.4,0.6,1416,train
4835800,TX,Texas,PRESIDIO ISD,18.68,92.0,85.9,6.1,1317,test
4835850,TX,Texas,PRINCETON ISD,10.68,92.0,91.21,0.79,4381,train
4835910,TX,Texas,PROGRESO ISD,14.86,87.0,88.38,-1.38,1905,test
4836000,TX,Texas,PROSPER ISD,5.11,99.0,94.96,4.04,12030,train
4836240,TX,Texas,QUINLAN ISD,15.4,91.0,88.13,2.87,2630,train
4836360,TX,Texas,RAINS ISD,15.34,87.0,88.05,-1.05,1688,train
4836450,TX,Texas,RANDOLPH FIELD ISD,3.46,95.0,95.44,-0.44,1561,train
4836540,TX,Texas,RAYMONDVILLE ISD,21.04,87.0,84.54,2.46,2039,train
4836660,TX,Texas,RED OAK ISD,7.13,94.0,93.5,0.5,5806,test
4836970,TX,Texas,RICE CISD,13.08,77.0,89.4,-12.4,1361,train
4837020,TX,Texas,RICHARDSON ISD,12.01,88.0,90.97,-2.97,39003,train
4837140,TX,Texas,RIO GRANDE CITY CISD,11.97,93.0,90.64,2.36,10456,test
4837150,TX,Texas,SOUTH TEXAS ISD,7.23,99.0,93.35,5.65,4245,train
4837170,TX,Texas,RIO HONDO ISD,13.13,92.0,89.46,2.54,1949,train
4837410,TX,Texas,ROBINSON ISD,6.38,95.0,93.73,1.27,2352,train
4837440,TX,Texas,ROBSTOWN ISD,24.74,91.0,82.32,8.68,2785,train
4837590,TX,Texas,ROCKDALE ISD,12.43,87.0,89.84,-2.84,1536,train
4837650,TX,Texas,ROCKWALL ISD,5.84,97.0,94.58,2.42,16161,train
4837740,TX,Texas,ROMA ISD,14.14,89.0,89.15,-0.15,6380,test
4838080,TX,Texas,ROUND ROCK ISD,10.01,95.0,92.28,2.72,49065,test
4838190,TX,Texas,ROYAL ISD,11.53,95.0,90.52,4.48,2412,train
4838220,TX,Texas,ROYSE CITY ISD,9.72,96.0,91.88,4.12,5700,train
4838360,TX,Texas,RUSK ISD,11.87,92.0,90.28,1.72,2132,train
4838580,TX,Texas,SALADO ISD,8.53,95.0,92.32,2.68,1863,train
4838700,TX,Texas,SAN ANGELO ISD,15.25,89.0,88.68,0.32,14477,train
4838730,TX,Texas,SAN ANTONIO ISD,23.1,82.0,84.11,-2.11,48940,train
4838790,TX,Texas,SAN BENITO CISD,18.58,91.0,86.51,4.49,10467,train
4838820,TX,Texas,SAN DIEGO ISD,24.34,92.0,82.4,9.6,1467,train
4838850,TX,Texas,SAN ELIZARIO ISD,12.44,87.0,90.08,-3.08,3795,train
4838900,TX,Texas,SAN FELIPE-DEL RIO CISD,14.85,82.0,88.83,-6.83,10047,test
4838970,TX,Texas,SAN MARCOS CISD,19.52,87.0,85.85,1.15,7750,test
4839180,TX,Texas,SANGER ISD,10.98,89.0,90.9,-1.9,2724,train
4839270,TX,Texas,SANTA FE ISD,15.01,93.0,88.54,4.46,4791,train
4839480,TX,Texas,SCHERTZ-CIBOLO-U CITY ISD,9.68,96.0,92.18,3.82,15652,train
4839630,TX,Texas,SEALY ISD,10.35,92.0,91.3,0.7,2831,train
4839690,TX,Texas,SEGUIN ISD,25.15,90.0,82.31,7.69,6907,train
4839750,TX,Texas,SEMINOLE ISD,11.64,92.0,90.5,1.5,2894,train
4839870,TX,Texas,SHALLOWATER ISD,5.9,95.0,93.93,1.07,1643,train
4839930,TX,Texas,SHARYLAND ISD,4.99,97.0,94.99,2.01,10147,test
4839990,TX,Texas,SHELDON ISD,17.52,90.0,87.14,2.86,9103,train
4840020,TX,Texas,SHEPHERD ISD,15.45,92.0,88.03,3.97,2020,train
4840080,TX,Texas,SHERMAN ISD,16.47,88.0,87.73,0.27,7140,test
4840230,TX,Texas,SILSBEE ISD,12.45,95.0,90.0,5.0,2931,test
4840350,TX,Texas,SINTON ISD,13.0,95.0,89.59,5.41,2323,train
4840550,TX,Texas,SMITHVILLE ISD,12.7,95.0,89.71,5.29,1788,train
4840650,TX,Texas,SNYDER ISD,18.18,92.0,86.4,5.6,2685,train
4840680,TX,Texas,SOUTH SAN ANTONIO ISD,21.52,78.0,84.65,-6.65,9169,train
4840710,TX,Texas,SOCORRO ISD,9.61,90.0,92.51,-2.51,46517,test
4840740,TX,Texas,SOMERSET ISD,17.99,92.0,86.64,5.36,4213,train
4840920,TX,Texas,SOUTHSIDE ISD,21.36,89.0,84.62,4.38,5651,train
4840950,TX,Texas,SOUTHWEST ISD,19.9,93.0,85.77,7.23,13882,train
4841070,TX,Texas,SPLENDORA ISD,13.3,96.0,89.56,6.44,4016,train
4841100,TX,Texas,SPRING BRANCH ISD,12.54,90.0,90.59,-0.59,33429,test
4841190,TX,Texas,SPRING HILL ISD,8.15,95.0,92.58,2.42,1976,train
4841220,TX,Texas,SPRING ISD,20.35,83.0,85.74,-2.74,36115,train
4841280,TX,Texas,SPRINGTOWN ISD,13.02,87.0,89.7,-2.7,3580,train
4841350,TX,Texas,STAFFORD MSD,10.21,93.0,91.46,1.54,3606,train
4841520,TX,Texas,STEPHENVILLE ISD,9.79,97.0,91.72,5.28,3638,train
4841820,TX,Texas,SULPHUR SPRINGS ISD,10.71,90.0,91.19,-1.19,4258,train
4841880,TX,Texas,SUNNYVALE ISD,2.48,95.0,96.09,-1.09,1813,train
4841970,TX,Texas,SWEENY ISD,11.24,95.0,90.65,4.35,1967,train
4842030,TX,Texas,SWEETWATER ISD,15.52,92.0,87.99,4.01,2056,train
4842210,TX,Texas,TARKINGTON ISD,9.85,95.0,91.5,3.5,1828,test
4842240,TX,Texas,TATUM ISD,9.77,95.0,91.5,3.5,1576,train
4842280,TX,Texas,TAYLOR ISD,9.89,92.0,91.62,0.38,3196,train
4842300,TX,Texas,TEAGUE ISD,15.37,95.0,87.94,7.06,1223,train
4842330,TX,Texas,TEMPLE ISD,21.7,84.0,84.5,-0.5,8101,train
4842450,TX,Texas,TERRELL ISD,16.06,93.0,87.85,5.15,4241,train
4842480,TX,Texas,TEXARKANA ISD,14.78,93.0,88.77,4.23,6845,train
4842510,TX,Texas,TEXAS CITY ISD,29.52,86.0,79.63,6.37,8600,train
4842960,TX,Texas,TOMBALL ISD,6.25,96.0,94.32,1.68,15927,train
4843350,TX,Texas,TULOSO-MIDWAY ISD,15.93,98.0,87.9,10.1,3849,train
4843470,TX,Texas,TYLER ISD,11.9,91.0,90.82,0.18,17894,train
4843650,TX,Texas,UNITED ISD,10.29,95.0,92.07,2.93,43264,train
4843720,TX,Texas,UVALDE CISD,24.07,87.0,82.86,4.14,4482,test
4843800,TX,Texas,VALLEY VIEW ISD,8.21,95.0,92.76,2.24,4480,train
4843890,TX,Texas,VAN ALSTYNE ISD,6.63,95.0,93.47,1.53,1599,train
4843920,TX,Texas,VAN ISD,14.03,98.0,88.96,9.04,2423,test
4844010,TX,Texas,VENUS ISD,6.24,95.0,93.79,1.21,2130,test
4844110,TX,Texas,VERNON ISD,14.73,92.0,88.47,3.53,2016,train
4844150,TX,Texas,VICTORIA ISD,17.68,90.0,87.16,2.84,14290,train
4844160,TX,Texas,VIDOR ISD,16.71,89.0,87.46,1.54,4619,train
4844280,TX,Texas,WACO ISD,19.65,73.0,85.94,-12.94,14797,test
4844430,TX,Texas,WALLER ISD,9.16,97.0,92.29,4.71,7150,train
4844730,TX,Texas,WAXAHACHIE ISD,11.03,88.0,91.16,-3.16,8319,train
4844800,TX,Texas,WEATHERFORD ISD,13.68,97.0,89.5,7.5,8091,test
4844960,TX,Texas,WESLACO ISD,12.23,91.0,90.61,0.39,16782,train
4845090,TX,Texas,WEST ORANGE-COVE CISD,24.2,87.0,82.58,4.42,2124,train
4845120,TX,Texas,WEST OSO ISD,21.82,92.0,84.07,7.93,2104,train
4845380,TX,Texas,WHARTON ISD,12.54,95.0,89.85,5.15,2097,train
4845480,TX,Texas,WHITE OAK ISD,8.16,95.0,92.5,2.5,1495,train
4845540,TX,Texas,WHITE SETTLEMENT ISD,14.76,86.0,88.78,-2.78,6821,train
4845600,TX,Texas,WHITEHOUSE ISD,8.79,91.0,92.41,-1.41,4678,train
4845630,TX,Texas,WHITESBORO ISD,9.65,95.0,91.58,3.42,1585,test
4845720,TX,Texas,WHITNEY ISD,17.3,92.0,86.8,5.2,1520,train
4845780,TX,Texas,WICHITA FALLS ISD,11.17,98.0,91.21,6.79,13475,train
4845900,TX,Texas,WILLIS ISD,16.2,85.0,87.9,-2.9,7290,train
4845950,TX,Texas,WILLS POINT ISD,12.56,87.0,89.88,-2.88,2405,train
4846200,TX,Texas,WINNSBORO ISD,6.9,95.0,93.28,1.72,1521,train
4846500,TX,Texas,WYLIE ISD,6.39,97.0,93.89,3.11,4410,train
4846530,TX,Texas,WYLIE ISD,6.02,96.0,94.46,1.54,15712,train
4846620,TX,Texas,YOAKUM ISD,15.03,95.0,88.23,6.77,1617,train
4846680,TX,Texas,YSLETA ISD,11.44,90.0,91.33,-1.33,40143,train
4846710,TX,Texas,ZAPATA COUNTY ISD,24.68,91.0,82.42,8.58,3521,train
5100060,VA,Virginia,ACCOMACK CO PBLC SCHS,8.97,83.0,92.33,-9.33,5209,train
5100090,VA,Virginia,ALBEMARLE CO PBLC SCHS,7.27,90.0,93.65,-3.65,13915,train
5100120,VA,Virginia,ALEXANDRIA CITY PBLC SCHS,7.79,75.0,93.36,-18.36,15802,train
5100152,VA,Virginia,ALLEGHANY CO PBLC SCHS,16.15,86.0,87.61,-1.61,2186,train
5100180,VA,Virginia,AMELIA CO PBLC SCHS,17.85,92.0,86.5,5.5,1793,train
5100210,VA,Virginia,AMHERST CO PBLC SCHS,13.17,91.0,89.64,1.36,4048,train
5100240,VA,Virginia,APPOMATTOX CO PBLC SCHS,10.0,92.0,91.46,0.54,2281,train
5100270,VA,Virginia,ARLINGTON CO PBLC SCHS,6.91,85.0,94.04,-9.04,25828,train
5100300,VA,Virginia,AUGUSTA CO PBLC SCHS,9.95,92.0,91.9,0.1,10256,train
5100360,VA,Virginia,BEDFORD CO PBLC SCHS,9.31,89.0,92.28,-3.28,9798,test
5100420,VA,Virginia,BOTETOURT CO PBLC SCHS,6.2,95.0,94.02,0.98,4648,train
5100450,VA,Virginia,BRISTOL CITY PBLC SCHS,19.95,82.0,85.25,-3.25,2271,train
5100480,VA,Virginia,BRUNSWICK CO PBLC SCHS,18.75,87.0,85.91,1.09,1632,train
5100510,VA,Virginia,BUCHANAN CO PBLC SCHS,24.89,89.0,82.23,6.77,2841,train
5100540,VA,Virginia,BUCKINGHAM CO PBLC SCHS,13.46,92.0,89.26,2.74,1976,test
5100600,VA,Virginia,CAMPBELL CO PBLC SCHS,9.21,90.0,92.28,-2.28,7742,train
5100660,VA,Virginia,CAROLINE CO PBLC SCHS,24.01,79.0,82.88,-3.88,4252,train
5100690,VA,Virginia,CARROLL CO PBLC SCHS,7.16,87.0,93.37,-6.37,3797,train
5100750,VA,Virginia,CHARLOTTE CO PBLC SCHS,20.84,87.0,84.65,2.35,1881,train
5100780,VA,Virginia,CHARLOTTESVILLE CTY PBLC SCHS,6.34,88.0,93.93,-5.93,4510,train
5100810,VA,Virginia,CHESAPEAKE CITY PBLC SCHS,6.9,90.0,94.17,-4.17,40185,train
5100840,VA,Virginia,CHESTERFIELD CO PBLC SCHS,9.33,88.0,92.76,-4.76,61291,train
5100870,VA,Virginia,CLARKE CO PBLC SCHS,10.51,95.0,91.11,3.89,1980,test
5100960,VA,Virginia,COLONIAL HEIGHTS CITY PBLC SCHS,12.98,89.0,89.66,-0.66,2843,train
5101050,VA,Virginia,CULPEPER CO PBLC SCHS,12.3,89.0,90.37,-1.37,8189,train
5101080,VA,Virginia,CUMBERLAND CO PBLC SCHS,16.65,92.0,87.17,4.83,1339,train
5101110,VA,Virginia,DANVILLE CITY PBLC SCHS,18.04,75.0,86.68,-11.68,5587,train
5101140,VA,Virginia,DICKENSON CO PBLC SCHS,25.32,92.0,81.89,10.11,2141,test
5101170,VA,Virginia,DINWIDDIE CO PBLC SCHS,17.54,82.0,86.93,-4.93,4334,train
5101200,VA,Virginia,ESSEX CO PBLC SCHS,9.74,92.0,91.5,0.5,1407,train
5101260,VA,Virginia,FAIRFAX CO PBLC SCHS,8.13,86.0,93.8,-7.8,185956,train
5101290,VA,Virginia,FALLS CHURCH CITY PBLC SCHS,4.14,97.0,95.16,1.84,2611,train
5101320,VA,Virginia,FAUQUIER CO PBLC SCHS,6.7,94.0,93.95,0.05,11108,train
5101350,VA,Virginia,FLOYD CO PBLC SCHS,8.39,92.0,92.43,-0.43,2038,train
5101380,VA,Virginia,FLUVANNA CO PBLC SCHS,19.39,94.0,85.72,8.28,3590,test
5101440,VA,Virginia,FRANKLIN CO PBLC SCHS,9.34,87.0,92.18,-5.18,7224,train
5101470,VA,Virginia,FREDERICK CO PBLC SCHS,12.74,92.0,90.23,1.77,13527,train
5101510,VA,Virginia,FREDERICKSBURG CITY PBLC SCHS,9.76,81.0,91.72,-10.72,3442,test
5101590,VA,Virginia,GILES CO PBLC SCHS,11.63,87.0,90.47,-3.47,2493,train
5101620,VA,Virginia,GLOUCESTER CO PBLC SCHS,11.14,88.0,90.98,-2.98,5438,train
5101650,VA,Virginia,GOOCHLAND CO PBLC SCHS,14.34,90.0,88.79,1.21,2636,train
5101690,VA,Virginia,GRAYSON CO PBLC SCHS,12.4,87.0,89.87,-2.87,1589,train
5101710,VA,Virginia,GREENE CO PBLC SCHS,16.24,93.0,87.65,5.35,3122,train
5101740,VA,Virginia,GREENSVILLE CO PBLC SCHS,18.11,82.0,86.41,-4.41,2391,test
5101770,VA,Virginia,HALIFAX CO PBLC SCHS,15.79,85.0,88.05,-3.05,4914,test
5101800,VA,Virginia,HAMPTON CITY PBLC SCHS,16.16,87.0,88.18,-1.18,18553,train
5101830,VA,Virginia,HANOVER CO PBLC SCHS,4.58,94.0,95.39,-1.39,17850,train
5101860,VA,Virginia,HARRISONBURG CITY PBLC SCHS,10.69,83.0,91.3,-8.3,6295,train
5101890,VA,Virginia,HENRICO CO PBLC SCHS,10.15,89.0,92.2,-3.2,51196,test
5101920,VA,Virginia,HENRY CO PBLC SCHS,11.48,83.0,90.86,-7.86,7466,train
5101980,VA,Virginia,HOPEWELL CITY PBLC SCHS,16.77,82.0,87.39,-5.39,4007,train
5102010,VA,Virginia,ISLE OF WIGHT CO PBLC SCHS,9.68,93.0,91.89,1.11,5494,train
5102100,VA,Virginia,KING GEO CO PBLC SCHS,13.83,91.0,89.26,1.74,4535,test
5102120,VA,Virginia,KING WILLIAM CO PBLC SCHS,14.1,87.0,88.89,-1.89,2198,test
5102190,VA,Virginia,LEE CO PBLC SCHS,23.37,82.0,83.21,-1.21,3269,test
5102250,VA,Virginia,LOUDOUN CO PBLC SCHS,7.4,93.0,94.03,-1.03,80122,train
5102280,VA,Virginia,LOUISA CO PBLC SCHS,9.0,89.0,92.29,-3.29,4913,train
5102310,VA,Virginia,LUNENBURG CO PBLC SCHS,14.44,77.0,88.58,-11.58,1530,train
5102340,VA,Virginia,LYNCHBURG CITY PBLC SCHS,14.65,85.0,88.9,-3.9,8049,train
5102360,VA,Virginia,MANASSAS CITY PBLC SCHS,16.18,68.0,87.93,-19.93,7786,train
5102370,VA,Virginia,MADISON CO PBLC SCHS,8.16,87.0,92.54,-5.54,1777,train
5102390,VA,Virginia,MANASSAS PARK CITY PBLC SCHS,10.49,84.0,91.28,-7.28,3726,train
5102400,VA,Virginia,MARTINSVILLE CITY PBLC SCHS,12.08,82.0,90.11,-8.11,1904,test
5102430,VA,Virginia,MATHEWS CO PBLC SCHS,15.19,87.0,88.03,-1.03,1093,train
5102460,VA,Virginia,MECKLENBURG CO PBLC SCHS,15.27,82.0,88.34,-6.34,4322,train
5102490,VA,Virginia,MIDDLESEX CO PBLC SCHS,13.63,87.0,89.04,-2.04,1284,train
5102520,VA,Virginia,MONTGOMERY CO PBLC SCHS,9.67,91.0,92.06,-1.06,9900,train
5102580,VA,Virginia,NELSON CO PBLC SCHS,11.57,87.0,90.43,-3.43,1884,train
5102610,VA,Virginia,NEW KENT CO PBLC SCHS,9.71,90.0,91.74,-1.74,3244,train
5102640,VA,Virginia,NEWPORT NEWS CITY PBLC SCHS,14.93,88.0,89.05,-1.05,27314,train
5102670,VA,Virginia,NORFOLK CITY PBLC SCHS,15.43,78.0,88.76,-10.76,29705,train
5102710,VA,Virginia,NORTHAMPTON CO PBLC SCHS,11.92,92.0,90.18,1.82,1653,train
5102730,VA,Virginia,NORTHUMBERLAND CO PBLC SCHS,13.73,92.0,88.98,3.02,1318,train
5102790,VA,Virginia,NOTTOWAY CO PBLC SCHS,15.11,87.0,88.24,-1.24,2058,train
5102820,VA,Virginia,ORANGE CO PBLC SCHS,12.8,92.0,89.92,2.08,4837,train
5102850,VA,Virginia,PAGE CO PBLC SCHS,12.24,96.0,90.17,5.83,3358,train
5102880,VA,Virginia,PATRICK CO PBLC SCHS,11.6,87.0,90.51,-3.51,2715,train
5102910,VA,Virginia,PETERSBURG CITY PBLC SCHS,28.37,74.0,80.12,-6.12,3648,train
5102940,VA,Virginia,PITTSYLVANIA CO PBLC SCHS,14.49,88.0,89.02,-1.02,8758,test
5102980,VA,Virginia,POQUOSON CITY PBLC SCHS,6.83,92.0,93.42,-1.42,2139,train
5103000,VA,Virginia,PORTSMOUTH CITY PBLC SCHS,18.26,82.0,86.78,-4.78,13716,train
5103030,VA,Virginia,POWHATAN CO PBLC SCHS,6.16,92.0,94.03,-2.03,4331,train
5103060,VA,Virginia,PRINCE EDWARD CO PBLC SCHS,16.95,82.0,87.1,-5.1,2065,train
5103090,VA,Virginia,PRINCE GEORGE CO PBLC SCHS,11.41,89.0,90.85,-1.85,6345,test
5103130,VA,Virginia,PRINCE WILLIAM CO PBLC SCHS,12.1,88.0,91.13,-3.13,89569,test
5103150,VA,Virginia,PULASKI CO PBLC SCHS,14.59,90.0,88.76,1.24,4221,train
5103180,VA,Virginia,RADFORD CITY PBLC SCHS,9.99,87.0,91.38,-4.38,1612,train
5103240,VA,Virginia,RICHMOND CITY PBLC SCHS,17.71,66.0,87.28,-21.28,23707,train
5103300,VA,Virginia,ROANOKE CITY PBLC SCHS,17.06,81.0,87.53,-6.53,13609,train
5103330,VA,Virginia,ROANOKE CO PBLC SCHS,6.72,92.0,93.99,-1.99,14131,test
5103370,VA,Virginia,ROCKBRIDGE CO PBLC SCHS,19.37,88.0,85.67,2.33,2829,train
5103390,VA,Virginia,ROCKINGHAM CO PBLC SCHS,6.87,92.0,93.86,-1.86,11837,train
5103420,VA,Virginia,RUSSELL CO PBLC SCHS,16.41,87.0,87.6,-0.6,3828,train
5103460,VA,Virginia,SALEM CITY PBLC SCHS,9.69,93.0,91.8,1.2,3954,train
5103480,VA,Virginia,SCOTT CO PBLC SCHS,11.85,90.0,90.43,-0.43,3620,test
5103510,VA,Virginia,SHENANDOAH CO PBLC SCHS,12.72,93.0,90.03,2.97,6162,train
5103520,VA,Virginia,SMYTH CO PBLC SCHS,14.18,90.0,89.03,0.97,4443,train
5103600,VA,Virginia,SOUTHAMPTON CO PBLC SCHS,12.15,82.0,90.18,-8.18,2807,test
5103640,VA,Virginia,SPOTSYLVANIA CO PBLC SCHS,12.65,88.0,90.43,-2.43,23767,train
5103660,VA,Virginia,STAFFORD CO PBLC SCHS,9.21,92.0,92.64,-0.64,29145,train
5103690,VA,Virginia,STAUNTON CITY PBLC SCHS,12.34,84.0,90.04,-6.04,2641,train
5103710,VA,Virginia,SUFFOLK CITY PBLC SCHS,9.68,85.0,92.15,-7.15,14362,train
5103810,VA,Virginia,TAZEWELL CO PBLC SCHS,22.65,82.0,83.82,-1.82,5793,train
5103840,VA,Virginia,VA BEACH CITY PBLC SCHS,8.42,90.0,93.36,-3.36,68306,train
5103870,VA,Virginia,WARREN CO PBLC SCHS,19.62,89.0,85.69,3.31,5423,train
5103900,VA,Virginia,WASHINGTON CO PBLC SCHS,16.3,90.0,87.84,2.16,7262,test
5103930,VA,Virginia,WAYNESBORO CITY PBLC SCHS,12.45,82.0,90.01,-8.01,3005,train
5103980,VA,Virginia,WESTMORELAND CO PBLC SCHS,17.5,87.0,86.68,0.32,1611,train
5104020,VA,Virginia,WILLIAMSBURG-JAMES CITY PBLC SCHS,10.37,90.0,91.67,-1.67,11947,train
5104050,VA,Virginia,WINCHESTER CITY PBLC SCHS,13.97,80.0,89.16,-9.16,4409,train
5104080,VA,Virginia,WISE CO PBLC SCHS,15.84,94.0,88.06,5.94,5719,train
5104110,VA,Virginia,WYTHE CO PBLC SCHS,14.44,92.0,88.85,3.15,4161,train
5104150,VA,Virginia,YORK CO PBLC SCHS,7.1,95.0,93.73,1.27,12844,train
5300001,WA,Washington,Enumclaw School District,19.11,92.0,85.93,6.07,4046,train
5300003,WA,Washington,Kelso School District,24.14,89.0,82.86,6.14,5146,train
5300030,WA,Washington,Aberdeen School District,25.72,80.0,81.76,-1.76,3437,train
5300150,WA,Washington,Anacortes School District,15.1,92.0,88.33,3.67,2827,test
5300240,WA,Washington,Arlington School District,20.78,91.0,84.97,6.03,5505,train
5300300,WA,Washington,Auburn School District,26.74,88.0,81.55,6.45,16779,train
5300330,WA,Washington,Bainbridge Island School District,16.11,94.0,87.79,6.21,3916,train
5300380,WA,Washington,Battle Ground School District,22.44,82.0,84.17,-2.17,13520,train
5300390,WA,Washington,Bellevue School District,8.1,94.0,93.25,0.75,21428,train
5300420,WA,Washington,Bellingham School District,20.17,95.0,85.55,9.45,11536,train
5300480,WA,Washington,Bethel School District,22.12,95.0,84.47,10.53,19262,train
5300570,WA,Washington,Blaine School District,24.36,92.0,82.49,9.51,2180,train
5300660,WA,Washington,Bremerton School District,26.31,76.0,81.49,-5.49,4858,test
5300780,WA,Washington,Burlington-Edison School District,27.94,92.0,80.39,11.61,3625,train
5300810,WA,Washington,Camas School District,13.59,94.0,89.53,4.47,7117,test
5300950,WA,Washington,Cascade School District,16.07,95.0,87.47,7.53,1070,train
5300960,WA,Washington,CASHMERE SCHOOL DISTRICT,9.1,95.0,91.94,3.06,1660,train
5301080,WA,Washington,Central Kitsap School District,22.09,93.0,84.34,8.66,10920,test
5301110,WA,Washington,Central Valley School District,25.64,92.0,82.19,9.81,13994,test
5301140,WA,Washington,Centralia School District,23.76,82.0,82.99,-0.99,3560,train
5301170,WA,Washington,Chehalis School District,21.42,91.0,84.41,6.59,3053,test
5301200,WA,Washington,Lake Chelan School District,18.68,95.0,85.91,9.09,1360,train
5301230,WA,Washington,Cheney School District,23.8,90.0,83.05,6.95,4773,test
5301320,WA,Washington,Clarkston School District,29.44,72.0,79.37,-7.37,2639,test
5301410,WA,Washington,Clover Park School District,25.71,97.0,82.13,14.87,13297,train
5301630,WA,Washington,Colville School District,29.31,87.0,79.35,7.65,1832,test
5302070,WA,Washington,Deer Park School District,20.42,95.0,84.93,10.07,2071,train
5302280,WA,Washington,East Valley School District (Spokane),22.71,81.0,83.69,-2.69,4165,test
5302310,WA,Washington,Eastmont School District,18.86,86.0,86.2,-0.2,6278,train
5302370,WA,Washington,Eatonville School District,24.11,95.0,82.61,12.39,1879,train
5302400,WA,Washington,Edmonds School District,18.15,92.0,86.96,5.04,20069,train
5302460,WA,Washington,Ellensburg School District,25.29,95.0,82.02,12.98,3306,train
5302490,WA,Washington,Elma School District,22.93,92.0,83.28,8.72,1500,train
5302610,WA,Washington,Ephrata School District,22.96,95.0,83.41,11.59,2570,train
5302670,WA,Washington,Everett School District,18.68,97.0,86.63,10.37,20395,test
5302700,WA,Washington,Evergreen School District (Clark),31.26,91.0,78.84,12.16,25583,train
5302820,WA,Washington,Federal Way School District,28.29,91.0,80.66,10.34,22500,train
5302850,WA,Washington,Ferndale School District,24.56,89.0,82.57,6.43,4723,train
5302880,WA,Washington,Fife School District,17.05,95.0,87.2,7.8,3830,train
5302940,WA,Washington,Franklin Pierce School District,22.03,95.0,84.29,10.71,7962,train
5303150,WA,Washington,Grandview School District,18.28,93.0,86.43,6.57,3769,test
5303180,WA,Washington,Granger School District,12.47,92.0,89.82,2.18,1548,train
5303210,WA,Washington,Granite Falls School District,24.41,87.0,82.43,4.57,2007,train
5303540,WA,Washington,Highline School District,32.07,86.0,78.26,7.74,19471,train
5303570,WA,Washington,Hockinson School District,23.56,95.0,82.96,12.04,1948,train
5303660,WA,Washington,Hoquiam School District,23.62,87.0,82.87,4.13,1651,train
5303750,WA,Washington,Issaquah School District,12.47,95.0,90.51,4.49,20852,train
5303930,WA,Washington,Kennewick School District,21.1,83.0,85.1,-2.1,18981,train
5303960,WA,Washington,Kent School District,23.11,87.0,83.95,3.05,27607,test
5304020,WA,Washington,Kiona-Benton City School District,25.8,92.0,81.48,10.52,1465,train
5304170,WA,Washington,La Center School District,16.38,92.0,87.4,4.6,1709,train
5304200,WA,Washington,Lake Stevens School District,15.87,90.0,88.16,1.84,8808,train
5304230,WA,Washington,Lake Washington School District,10.81,98.0,91.65,6.35,29921,train
5304260,WA,Washington,Lakewood School District,27.78,92.0,80.39,11.61,2477,test
5304470,WA,Washington,Longview School District,31.96,93.0,78.05,14.95,6711,train
5304560,WA,Washington,Riverview School District,11.88,94.0,90.39,3.61,3392,train
5304620,WA,Washington,Lynden School District,11.51,92.0,90.61,1.39,3189,train
5304860,WA,Washington,Marysville School District,31.01,83.0,78.78,4.22,11097,train
5304920,WA,Washington,Mead School District,13.02,91.0,89.98,1.02,10375,test
5304950,WA,Washington,Medical Lake School District,16.28,95.0,87.5,7.5,1966,train
5304980,WA,Washington,Mercer Island School District,8.64,96.0,92.49,3.51,4538,test
5305010,WA,Washington,Meridian School District,19.97,95.0,85.13,9.87,1527,train
5305130,WA,Washington,Monroe School District,20.44,87.0,85.18,1.82,5493,train
5305160,WA,Washington,Montesano School District,14.22,95.0,88.7,6.3,1428,train
5305220,WA,Washington,Moses Lake School District,32.79,92.0,77.6,14.4,8702,test
5305310,WA,Washington,Mount Baker School District,23.13,67.0,83.21,-16.21,1863,train
5305370,WA,Washington,East Valley School District (Yakima),17.51,95.0,86.87,8.13,3243,train
5305400,WA,Washington,Mount Vernon School District,27.9,83.0,80.54,2.46,5785,test
5305430,WA,Washington,Mukilteo School District,19.67,87.0,85.94,1.06,15628,train
5305460,WA,Washington,Naches Valley School District,20.99,95.0,84.44,10.56,1234,train
5305610,WA,Washington,Newport School District,32.93,92.0,76.95,15.05,1069,train
5305640,WA,Washington,Nine Mile Falls School District,14.01,95.0,88.83,6.17,1413,test
5305670,WA,Washington,Nooksack Valley School District,15.63,77.0,87.88,-10.88,1791,test
5305730,WA,Washington,North Franklin School District,15.79,95.0,87.84,7.16,2160,test
5305760,WA,Washington,North Kitsap School District,18.91,95.0,86.16,8.84,5996,test
5305790,WA,Washington,North Mason School District,19.24,81.0,85.69,-4.69,2209,test
5305850,WA,Washington,North Thurston Public Schools,19.83,88.0,85.84,2.16,15256,train
5305910,WA,Washington,Northshore School District,10.16,95.0,91.98,3.02,22628,train
5305940,WA,Washington,Oak Harbor School District,23.54,92.0,83.25,8.75,5683,train
5306180,WA,Washington,Olympia School District,18.51,95.0,86.53,8.47,9410,train
5306450,WA,Washington,Orting School District,19.78,92.0,85.4,6.6,2674,train
5306480,WA,Washington,Othello School District,19.24,90.0,85.86,4.14,4189,test
5306570,WA,Washington,Pasco School District,19.23,79.0,86.26,-7.26,18522,test
5306690,WA,Washington,Peninsula School District,15.48,89.0,88.42,0.58,9256,train
5306820,WA,Washington,Port Angeles School District,25.45,92.0,81.96,10.04,3823,test
5306900,WA,Washington,Prosser School District,20.58,95.0,84.91,10.09,2741,train
5306930,WA,Washington,Pullman School District,15.17,95.0,88.3,6.7,2921,train
5306960,WA,Washington,Puyallup School District,23.28,91.0,83.79,7.21,22742,train
5307080,WA,Washington,Quincy School District,24.18,92.0,82.69,9.31,3003,train
5307230,WA,Washington,Renton School District,23.88,82.0,83.32,-1.32,15931,train
5307320,WA,Washington,Richland School District,18.28,85.0,86.77,-1.77,13414,train
5307350,WA,Washington,Ridgefield School District,18.32,92.0,86.35,5.65,3073,train
5307440,WA,Washington,Riverside School District,17.24,95.0,86.8,8.2,1328,train
5307470,WA,Washington,Rochester School District,19.35,87.0,85.63,1.37,2325,train
5307620,WA,Washington,Royal School District,17.25,82.0,86.87,-4.87,1762,train
5307710,WA,Washington,Seattle Public Schools,16.6,86.0,88.19,-2.19,54759,train
5307740,WA,Washington,Sedro-Woolley School District,31.0,75.0,78.53,-3.53,4236,train
5307770,WA,Washington,Selah School District,21.75,81.0,84.26,-3.26,3766,train
5307830,WA,Washington,Sequim School District,20.33,92.0,85.07,6.93,2824,train
5307900,WA,Washington,Shelton School District,32.99,77.0,77.28,-0.28,4277,train
5307920,WA,Washington,Shoreline School District,14.72,93.0,88.9,4.1,9655,train
5308020,WA,Washington,Snohomish School District,19.28,87.0,86.06,0.94,10009,train
5308040,WA,Washington,Snoqualmie Valley School District,13.03,96.0,89.87,6.13,7021,train
5308130,WA,Washington,Tukwila School District,25.03,87.0,82.16,4.84,3048,train
5308160,WA,Washington,South Kitsap School District,21.76,88.0,84.51,3.49,9538,train
5308190,WA,Washington,South Whidbey School District,38.41,92.0,73.6,18.4,1385,train
5308250,WA,Washington,Spokane School District,22.78,92.0,84.19,7.81,31184,train
5308340,WA,Washington,Stanwood-Camano School District,23.23,89.0,83.39,5.61,4439,train
5308460,WA,Washington,Steilacoom Hist. School District,16.32,95.0,87.62,7.38,3291,test
5308550,WA,Washington,Sultan School District,15.39,92.0,88.06,3.94,1962,train
5308610,WA,Washington,Sumner School District,17.84,94.0,86.96,7.04,9874,test
5308670,WA,Washington,Sunnyside School District,25.48,91.0,82.1,8.9,6868,train
5308700,WA,Washington,Tacoma School District,30.62,92.0,79.28,12.72,29121,train
5308760,WA,Washington,Tahoma School District,11.16,94.0,91.09,2.91,8578,train
5308970,WA,Washington,Toppenish School District,24.91,90.0,82.31,7.69,4075,train
5309100,WA,Washington,Tumwater School District,23.07,87.0,83.61,3.39,7186,train
5309180,WA,Washington,University Place School District,14.88,95.0,88.67,6.33,5721,train
5309270,WA,Washington,Vancouver School District,29.36,89.0,80.0,9.0,23214,train
5309300,WA,Washington,Vashon Island School District,23.57,95.0,82.89,12.11,1536,test
5309360,WA,Washington,Wahluke School District,20.12,92.0,85.17,6.83,2465,train
5309450,WA,Washington,Walla Walla Public Schools,26.64,91.0,81.33,9.67,5808,test
5309480,WA,Washington,Wapato School District,33.18,86.0,77.06,8.94,2851,train
5309540,WA,Washington,Washougal School District,23.88,95.0,82.9,12.1,3225,train
5309660,WA,Washington,Wenatchee School District,25.13,89.0,82.32,6.68,7146,train
5309690,WA,Washington,West Valley School District (Spokane),32.44,95.0,77.58,17.42,3659,train
5309720,WA,Washington,West Valley School District (Yakima),23.04,96.0,83.54,12.46,5242,train
5309780,WA,Washington,White River School District,21.73,95.0,84.29,10.71,3903,train
5309810,WA,Washington,White Salmon Valley School District,29.65,92.0,79.05,12.95,1295,train
5310050,WA,Washington,Woodland School District,18.34,92.0,86.26,5.74,2323,test
5310110,WA,Washington,Yakima School District,30.09,85.0,79.45,5.55,16136,train
5310140,WA,Washington,Yelm School District,20.06,84.0,85.43,-1.43,5709,train
5400030,WV,West Virginia,BARBOUR COUNTY SCHOOLS,22.61,92.0,83.59,8.41,2295,train
5400060,WV,West Virginia,BERKELEY COUNTY SCHOOLS,20.14,94.0,85.71,8.29,19316,train
5400090,WV,West Virginia,BOONE COUNTY  SCHOOLS,41.86,88.0,71.73,16.27,3987,train
5400120,WV,West Virginia,BRAXTON COUNTY SCHOOLS,22.0,87.0,83.94,3.06,2023,train
5400150,WV,West Virginia,BROOKE COUNTY SCHOOLS,18.32,94.0,86.34,7.66,2931,train
5400180,WV,West Virginia,CABELL COUNTY SCHOOLS,24.01,83.0,83.18,-0.18,12759,train
5400240,WV,West Virginia,CLAY COUNTY SCHOOLS,18.63,95.0,86.02,8.98,1857,train
5400300,WV,West Virginia,FAYETTE COUNTY SCHOOLS,17.9,86.0,86.81,-0.81,6464,train
5400360,WV,West Virginia,GRANT COUNTY SCHOOLS,15.0,92.0,88.26,3.74,1680,train
5400390,WV,West Virginia,GREENBRIER COUNTY SCHOOLS,24.52,91.0,82.59,8.41,4686,train
5400420,WV,West Virginia,HAMPSHIRE COUNTY SCHOOLS,20.21,87.0,85.18,1.82,3171,train
5400450,WV,West Virginia,HANCOCK COUNTY SCHOOLS,16.76,90.0,87.4,2.6,4104,test
5400480,WV,West Virginia,HARDY COUNTY SCHOOLS,17.32,87.0,86.9,0.1,2356,train
5400510,WV,West Virginia,HARRISON COUNTY SCHOOLS,16.9,90.0,87.57,2.43,10725,train
5400540,WV,West Virginia,JACKSON COUNTY SCHOOLS,20.05,94.0,85.38,8.62,4649,train
5400570,WV,West Virginia,JEFFERSON COUNTY SCHOOLS,13.05,91.0,89.93,1.07,9158,test
5400600,WV,West Virginia,KANAWHA COUNTY SCHOOLS,17.1,83.0,87.68,-4.68,25796,train
5400630,WV,West Virginia,LEWIS COUNTY SCHOOLS,18.52,95.0,86.18,8.82,2586,train
5400660,WV,West Virginia,LINCOLN COUNTY SCHOOLS,38.27,87.0,73.93,13.07,3460,test
5400690,WV,West Virginia,LOGAN COUNTY SCHOOLS,47.57,91.0,68.27,22.73,5882,train
5400720,WV,West Virginia,MARION COUNTY SCHOOLS,16.33,94.0,87.85,6.15,8081,train
5400750,WV,West Virginia,MARSHALL COUNTY SCHOOLS,19.23,96.0,85.9,10.1,4697,test
5400780,WV,West Virginia,MASON COUNTY SCHOOLS,18.43,92.0,86.36,5.64,4081,test
5400810,WV,West Virginia,MCDOWELL COUNTY SCHOOLS,42.43,92.0,71.31,20.69,3090,train
5400840,WV,West Virginia,MERCER COUNTY SCHOOLS,24.11,90.0,83.03,6.97,9023,train
5400870,WV,West Virginia,MINERAL COUNTY SCHOOLS,15.25,95.0,88.34,6.66,4137,test
5400900,WV,West Virginia,MINGO COUNTY SCHOOLS,33.33,97.0,77.05,19.95,3966,train
5400930,WV,West Virginia,MONONGALIA COUNTY SCHOOLS,11.76,90.0,90.8,-0.8,11637,train
5400960,WV,West Virginia,MONROE COUNTY SCHOOLS,22.67,95.0,83.49,11.51,1804,train
5400990,WV,West Virginia,MORGAN COUNTY SCHOOLS,15.22,95.0,88.21,6.79,2365,train
5401020,WV,West Virginia,NICHOLAS COUNTY SCHOOLS,16.98,93.0,87.24,5.76,3752,train
5401050,WV,West Virginia,OHIO COUNTY SCHOOLS,13.46,96.0,89.53,6.47,5268,train
5401110,WV,West Virginia,PLEASANTS COUNTY SCHOOLS,17.99,92.0,86.29,5.71,1145,train
5401170,WV,West Virginia,PRESTON COUNTY SCHOOLS,18.13,86.0,86.57,-0.57,4517,test
5401200,WV,West Virginia,PUTNAM COUNTY SCHOOLS,20.92,97.0,85.03,11.97,9661,test
5401230,WV,West Virginia,RALEIGH COUNTY SCHOOLS,22.31,85.0,84.23,0.77,12049,test
5401260,WV,West Virginia,RANDOLPH COUNTY SCHOOLS,11.03,93.0,90.97,2.03,4045,test
5401320,WV,West Virginia,ROANE COUNTY SCHOOLS,21.82,87.0,84.08,2.92,2241,train
5401350,WV,West Virginia,SUMMERS COUNTY SCHOOLS,22.92,87.0,83.29,3.71,1540,test
5401380,WV,West Virginia,TAYLOR COUNTY SCHOOLS,16.6,92.0,87.35,4.65,2385,train
5401440,WV,West Virginia,TYLER COUNTY SCHOOLS,15.31,95.0,88.01,6.99,1365,train
5401470,WV,West Virginia,UPSHUR COUNTY SCHOOLS,14.31,86.0,88.9,-2.9,3759,test
5401500,WV,West Virginia,WAYNE COUNTY SCHOOLS,32.0,88.0,78.03,9.97,7000,train
5401530,WV,West Virginia,WEBSTER COUNTY SCHOOLS,11.23,95.0,90.55,4.45,1362,train
5401560,WV,West Virginia,WETZEL COUNTY SCHOOLS,21.14,95.0,84.54,10.46,2550,test
5401620,WV,West Virginia,WOOD COUNTY SCHOOLS,19.39,89.0,86.06,2.94,12679,train
5401650,WV,West Virginia,WYOMING COUNTY SCHOOLS,35.92,92.0,75.44,16.56,3992,train
5500060,WI,Wisconsin,Adams-Friendship Area School District,24.49,92.0,82.32,9.68,1572,train
5500074,WI,Wisconsin,Seeds of Health Inc Agency,17.03,95.0,86.83,8.17,916,test
5500300,WI,Wisconsin,Amery School District,11.31,95.0,90.54,4.46,1530,train
5500360,WI,Wisconsin,Antigo Unified School District,13.67,94.0,89.17,4.83,2253,test
5500390,WI,Wisconsin,Appleton Area School District,9.38,89.0,92.35,-3.35,14907,train
5500510,WI,Wisconsin,Ashland School District,29.02,95.0,79.56,15.44,2057,test
5500540,WI,Wisconsin,Ashwaubenon School District,8.72,95.0,92.35,2.65,3267,train
5500720,WI,Wisconsin,Baldwin-Woodville Area School District,6.87,95.0,93.34,1.66,1731,test
5500810,WI,Wisconsin,Baraboo School District,14.61,90.0,88.66,1.34,3032,train
5500870,WI,Wisconsin,Barron Area School District,9.4,92.0,91.7,0.3,1373,test
5500960,WI,Wisconsin,Beaver Dam Unified School District,17.77,85.0,86.73,-1.73,3484,train
5501050,WI,Wisconsin,Beloit School District,23.57,85.0,83.28,1.72,6690,train
5501080,WI,Wisconsin,Beloit Turner School District,10.5,95.0,91.05,3.95,1534,train
5501140,WI,Wisconsin,Berlin Area School District,11.34,87.0,90.54,-3.54,1640,train
5501260,WI,Wisconsin,Black River Falls School District,23.94,92.0,82.68,9.32,1692,train
5501770,WI,Wisconsin,Elmbrook School District,6.43,96.0,94.0,2.0,7185,train
5501800,WI,Wisconsin,Brown Deer School District,13.52,95.0,89.16,5.84,1538,train
5501890,WI,Wisconsin,Burlington Area School District,14.32,90.0,88.84,1.16,3030,train
5502160,WI,Wisconsin,Campbellsport School District,7.99,92.0,92.57,-0.57,1339,train
5502460,WI,Wisconsin,Cedarburg School District,12.04,99.0,90.27,8.73,3090,train
5502520,WI,Wisconsin,Chilton School District,5.72,92.0,93.96,-1.96,1172,train
5502550,WI,Wisconsin,Chippewa Falls Area Unified School District,13.09,84.0,89.73,-5.73,4811,test
5502670,WI,Wisconsin,Clintonville School District,24.86,92.0,82.03,9.97,1235,test
5502820,WI,Wisconsin,Columbus School District,6.25,87.0,93.67,-6.67,1377,test
5503060,WI,Wisconsin,Cudahy School District,25.9,92.0,81.54,10.46,2309,train
5503180,WI,Wisconsin,De Forest Area School District,8.93,94.0,92.24,1.76,3461,train
5503210,WI,Wisconsin,De Pere School District,5.76,95.0,94.28,0.72,4444,train
5503510,WI,Wisconsin,Kettle Moraine School District,7.11,98.0,93.4,4.6,3809,train
5503640,WI,Wisconsin,Delavan-Darien School District,19.4,87.0,85.57,1.43,2098,train
5503660,WI,Wisconsin,Denmark School District,3.66,95.0,95.31,-0.31,1528,train
5503690,WI,Wisconsin,Dodgeville School District,9.82,95.0,91.42,3.58,1253,train
5503860,WI,Wisconsin,Northland Pines School District,9.08,95.0,91.88,3.12,1299,train
5504020,WI,Wisconsin,East Troy Community School District,10.47,95.0,91.07,3.93,1614,train
5504050,WI,Wisconsin,Eau Claire Area School District,17.04,85.0,87.48,-2.48,10440,train
5504110,WI,Wisconsin,Edgerton School District,7.07,95.0,93.24,1.76,1923,train
5504290,WI,Wisconsin,Elkhorn Area School District,2.08,97.0,96.49,0.51,3217,train
5504320,WI,Wisconsin,Ellsworth Community School District,7.68,92.0,92.82,-0.82,1653,train
5504440,WI,Wisconsin,Evansville Community School District,11.33,95.0,90.57,4.43,1809,train
5504680,WI,Wisconsin,Fond du Lac School District,20.11,90.0,85.45,4.55,6887,test
5504740,WI,Wisconsin,Fort Atkinson School District,8.22,90.0,92.62,-2.62,2748,train
5504830,WI,Wisconsin,Franklin Public School District,9.58,85.0,91.91,-6.91,4622,train
5504920,WI,Wisconsin,Freedom Area School District,25.2,95.0,81.88,13.12,1619,train
5504960,WI,Wisconsin,Galesville-Ettrick-Trempealeau School District,7.19,95.0,93.09,1.91,1405,train
5505160,WI,Wisconsin,Germantown School District,12.2,96.0,90.23,5.77,3909,train
5505490,WI,Wisconsin,Nicolet UHS School District,7.07,96.0,93.1,2.9,1104,train
5505610,WI,Wisconsin,Grafton School District,4.97,95.0,94.58,0.42,2134,test
5505670,WI,Wisconsin,Grantsburg School District,14.73,82.0,88.39,-6.39,1460,train
5505820,WI,Wisconsin,Green Bay Area Public School District,22.15,86.0,84.47,1.53,20513,train
5505910,WI,Wisconsin,Greendale School District,3.76,97.0,95.38,1.62,2499,test
5505940,WI,Wisconsin,Greenfield School District,12.72,88.0,89.88,-1.88,3514,train
5506000,WI,Wisconsin,Whitnall School District,9.27,96.0,91.93,4.07,2417,train
5506030,WI,Wisconsin,Hamilton School District,5.58,96.0,94.41,1.59,4622,train
5506060,WI,Wisconsin,Saint Croix Central School District,10.19,92.0,91.26,0.74,1669,train
5506120,WI,Wisconsin,Hartford UHS School District,17.95,93.0,86.36,6.64,1359,train
5506180,WI,Wisconsin,Arrowhead UHS School District,1.66,99.0,96.65,2.35,2174,test
5506270,WI,Wisconsin,Hayward Community School District,19.89,87.0,85.22,1.78,1750,test
5506540,WI,Wisconsin,Holmen School District,2.6,95.0,96.21,-1.21,3733,train
5506600,WI,Wisconsin,Hortonville Area School District,8.15,98.0,92.76,5.24,3866,test
5506630,WI,Wisconsin,Howard-Suamico School District,11.28,93.0,90.91,2.09,5807,test
5506690,WI,Wisconsin,Hudson School District,12.09,97.0,90.38,6.62,5327,test
5507020,WI,Wisconsin,Janesville School District,23.59,88.0,83.37,4.63,9565,train
5507050,WI,Wisconsin,Jefferson School District,11.46,92.0,90.5,1.5,1928,train
5507290,WI,Wisconsin,Kaukauna Area School District,7.16,95.0,93.38,1.62,3967,train
5507320,WI,Wisconsin,Kenosha School District,19.4,89.0,86.2,2.8,21421,train
5507380,WI,Wisconsin,Kewaskum School District,11.57,92.0,90.42,1.58,1824,test
5507440,WI,Wisconsin,Kiel Area School District,6.4,95.0,93.54,1.46,1235,train
5507470,WI,Wisconsin,Kimberly Area School District,5.13,97.0,94.71,2.29,4915,train
5507530,WI,Wisconsin,La Crosse School District,16.6,88.0,87.62,0.38,6547,train
5507650,WI,Wisconsin,Lake Geneva-Genoa City UHS School District,12.64,94.0,89.68,4.32,1408,train
5507710,WI,Wisconsin,Lake Mills Area School District,6.26,92.0,93.7,-1.7,1581,train
5508160,WI,Wisconsin,Little Chute Area School District,11.58,92.0,90.38,1.62,1597,train
5508190,WI,Wisconsin,Lodi School District,5.76,95.0,93.97,1.03,1355,train
5508340,WI,Wisconsin,Luxemburg-Casco School District,4.81,92.0,94.65,-2.65,1913,train
5508520,WI,Wisconsin,Madison Metropolitan School District,21.35,82.0,85.04,-3.04,26400,train
5508610,WI,Wisconsin,Manitowoc School District,17.41,83.0,87.05,-4.05,5060,train
5508640,WI,Wisconsin,Maple School District,15.11,95.0,88.14,6.86,1383,train
5508700,WI,Wisconsin,Marinette School District,18.06,87.0,86.4,0.6,1999,train
5508820,WI,Wisconsin,Marshfield Unified School District,13.26,92.0,89.56,2.44,3741,train
5508850,WI,Wisconsin,Mauston School District,18.28,92.0,86.18,5.82,1461,train
5508910,WI,Wisconsin,McFarland School District,6.01,75.0,93.95,-18.95,2311,train
5508940,WI,Wisconsin,Medford Area Public School District,7.16,92.0,93.22,-1.22,2124,train
5509030,WI,Wisconsin,Menasha Joint School District,17.21,93.0,87.08,5.92,3556,train
5509060,WI,Wisconsin,Menomonee Falls School District,8.23,98.0,92.72,5.28,4023,test
5509090,WI,Wisconsin,Menomonie Area School District,18.35,94.0,86.34,7.66,3118,train
5509130,WI,Wisconsin,Mequon-Thiensville School District,6.27,97.0,93.92,3.08,3683,train
5509210,WI,Wisconsin,Merrill Area School District,22.38,91.0,83.74,7.26,2346,train
5509510,WI,Wisconsin,Middleton-Cross Plains Area School District,13.25,95.0,89.73,5.27,6950,train
5509570,WI,Wisconsin,Milton School District,9.7,97.0,91.76,5.24,3485,train
5509600,WI,Wisconsin,Milwaukee School District,42.25,67.0,72.28,-5.28,75641,train
5509630,WI,Wisconsin,Lakeland UHS School District,22.19,92.0,83.54,8.46,712,train
5509810,WI,Wisconsin,Monona Grove School District,11.06,92.0,90.9,1.1,3363,test
5509840,WI,Wisconsin,Monroe School District,12.05,92.0,90.19,1.81,2382,train
5509960,WI,Wisconsin,Mosinee School District,13.31,95.0,89.35,5.65,1968,train
5509990,WI,Wisconsin,Mount Horeb Area School District,8.52,95.0,92.4,2.6,2394,train
5510060,WI,Wisconsin,Mukwonago School District,5.62,97.0,94.4,2.6,4897,train
5510170,WI,Wisconsin,Muskego-Norway School District,5.79,97.0,94.29,2.71,4901,test
5510320,WI,Wisconsin,Neenah Joint School District,12.2,94.0,90.36,3.64,6304,train
5510470,WI,Wisconsin,New Berlin School District,4.6,99.0,95.0,4.0,4410,train
5510590,WI,Wisconsin,New London School District,13.9,92.0,89.03,2.97,2345,train
5510620,WI,Wisconsin,New Richmond School District,9.13,95.0,92.09,2.91,3167,train
5510740,WI,Wisconsin,North Fond du Lac School District,10.16,87.0,91.24,-4.24,1466,train
5510830,WI,Wisconsin,Oak Creek-Franklin Joint School District,10.91,95.0,91.17,3.83,6315,train
5510890,WI,Wisconsin,Oconomowoc Area School District,8.16,97.0,92.83,4.17,5291,train
5510950,WI,Wisconsin,Oconto Falls Public School District,8.67,87.0,92.2,-5.2,1626,train
5511010,WI,Wisconsin,Onalaska School District,5.32,97.0,94.47,2.53,3179,train
5511100,WI,Wisconsin,Oregon School District,3.44,94.0,95.69,-1.69,3838,train
5511160,WI,Wisconsin,Osceola School District,8.88,95.0,92.07,2.93,1611,train
5511190,WI,Wisconsin,Oshkosh Area School District,15.2,90.0,88.59,1.41,9101,train
5511640,WI,Wisconsin,Pewaukee School District,8.72,98.0,92.33,5.67,2994,train
5511940,WI,Wisconsin,Plymouth Joint School District,10.0,94.0,91.46,2.54,2251,train
5512000,WI,Wisconsin,Port Washington-Saukville School District,6.85,98.0,93.45,4.55,2453,train
5512060,WI,Wisconsin,Portage Community School District,13.04,91.0,89.56,1.44,2247,train
5512240,WI,Wisconsin,Prescott School District,9.53,92.0,91.6,0.4,1290,train
5512330,WI,Wisconsin,Pulaski Community School District,11.37,98.0,90.72,7.28,3499,train
5512360,WI,Wisconsin,Racine Unified School District,29.79,76.0,79.67,-3.67,18113,test
5512660,WI,Wisconsin,Reedsburg School District,17.71,94.0,86.71,7.29,2829,train
5512720,WI,Wisconsin,Rhinelander School District,11.22,96.0,90.72,5.28,2407,train
5512810,WI,Wisconsin,Rice Lake Area School District,14.88,95.0,88.41,6.59,2224,train
5513020,WI,Wisconsin,Ripon Area School District,7.23,92.0,93.1,-1.1,1646,train
5513050,WI,Wisconsin,River Falls School District,4.66,91.0,94.89,-3.89,3222,train
5513170,WI,Wisconsin,D C Everest Area School District,9.37,94.0,92.1,1.9,5614,test
5513260,WI,Wisconsin,Saint Francis School District,21.45,92.0,84.13,7.87,1147,train
5513290,WI,Wisconsin,Central/Westosha UHS School District,16.27,93.0,87.35,5.65,1082,train
5513410,WI,Wisconsin,Sauk Prairie School District,16.49,89.0,87.47,1.53,2814,train
5513530,WI,Wisconsin,Seymour Community School District,7.87,92.0,92.79,-0.79,2225,train
5513620,WI,Wisconsin,Shawano School District,18.71,92.0,86.05,5.95,2464,train
5513650,WI,Wisconsin,Sheboygan Area School District,18.66,89.0,86.43,2.57,9367,train
5513680,WI,Wisconsin,Sheboygan Falls School District,6.73,95.0,93.42,1.58,1694,test
5513800,WI,Wisconsin,Shorewood School District,7.6,95.0,92.94,2.06,2131,train
5513950,WI,Wisconsin,Slinger School District,4.43,99.0,95.04,3.96,3299,train
5514010,WI,Wisconsin,Somerset School District,8.17,95.0,92.5,2.5,1555,train
5514040,WI,Wisconsin,South Milwaukee School District,16.57,90.0,87.45,2.55,3181,test
5514160,WI,Wisconsin,Sparta Area School District,13.52,97.0,89.32,7.68,2804,train
5514250,WI,Wisconsin,River Valley School District,21.23,95.0,84.29,10.71,1234,train
5514490,WI,Wisconsin,Stevens Point Area Public School District,13.96,93.0,89.28,3.72,6732,train
5514550,WI,Wisconsin,Stoughton Area School District,11.06,94.0,90.88,3.12,3030,train
5514640,WI,Wisconsin,Sun Prairie Area School District,16.51,93.0,87.73,5.27,7839,train
5514670,WI,Wisconsin,Superior School District,8.98,86.0,92.27,-6.27,4298,train
5514910,WI,Wisconsin,Tomah Area School District,1.87,92.0,96.56,-4.56,2508,train
5514940,WI,Wisconsin,Tomahawk School District,2.35,95.0,96.07,-1.07,1233,train
5515120,WI,Wisconsin,Two Rivers Public School District,15.76,87.0,87.78,-0.78,1669,train
5515150,WI,Wisconsin,Union Grove UHS School District,5.98,98.0,93.75,4.25,1003,train
5515330,WI,Wisconsin,Verona Area School District,10.24,95.0,91.53,3.47,5253,test
5515480,WI,Wisconsin,Big Foot UHS School District,16.49,92.0,86.99,5.01,461,train
5515600,WI,Wisconsin,Waterford UHS School District,8.94,96.0,91.93,4.07,1108,test
5515750,WI,Wisconsin,Watertown Unified School District,13.53,95.0,89.37,5.63,3481,train
5515780,WI,Wisconsin,Waukesha School District,10.8,86.0,91.41,-5.41,12171,train
5515810,WI,Wisconsin,Waunakee Community School District,6.67,98.0,93.68,4.32,3956,train
5515840,WI,Wisconsin,Waupaca School District,14.64,92.0,88.53,3.47,2001,train
5515870,WI,Wisconsin,Waupun School District,12.36,92.0,89.95,2.05,1950,test
5515900,WI,Wisconsin,Wausau School District,11.56,91.0,90.84,0.16,8351,train
5515960,WI,Wisconsin,Wautoma Area School District,12.44,87.0,89.8,-2.8,1367,test
5515990,WI,Wisconsin,Wauwatosa School District,11.5,89.0,90.84,-1.84,7228,train
5516260,WI,Wisconsin,West Allis-West Milwaukee School District,23.7,88.0,83.26,4.74,8246,train
5516290,WI,Wisconsin,West Bend School District,10.91,90.0,91.17,-1.17,6316,train
5516320,WI,Wisconsin,West De Pere School District,4.67,95.0,94.91,0.09,3619,train
5516350,WI,Wisconsin,West Salem School District,10.22,95.0,91.26,3.74,1820,test
5516620,WI,Wisconsin,Whitefish Bay School District,5.2,92.0,94.54,-2.54,3059,train
5516680,WI,Wisconsin,Whitewater Unified School District,13.44,92.0,89.27,2.73,1883,train
5516770,WI,Wisconsin,Wilmot UHS School District,14.89,91.0,88.21,2.79,1068,train
5516830,WI,Wisconsin,Winneconne Community School District,5.34,95.0,94.28,0.72,1684,train
5517070,WI,Wisconsin,Wisconsin Rapids School District,15.13,93.0,88.46,4.54,4826,train
5517190,WI,Wisconsin,Wrightstown Community School District,9.8,95.0,91.44,3.56,1337,train
5600730,WY,Wyoming,Albany County School District #1,2.02,82.0,96.59,-14.59,4050,train
5601030,WY,Wyoming,Carbon County School District #1,2.71,82.0,95.79,-13.79,996,test
5601420,WY,Wyoming,Big Horn County School District #1,1.98,52.0,96.29,-44.29,1163,train
5601470,WY,Wyoming,Campbell County School District #1,1.57,83.0,97.09,-14.09,8932,train
5601980,WY,Wyoming,Laramie County School District #1,1.8,80.0,97.07,-17.07,14201,test
5602070,WY,Wyoming,Park County School District # 6,1.38,92.0,96.81,-4.81,2036,train
5602140,WY,Wyoming,Converse County School District #1,2.24,87.0,96.23,-9.23,1698,train
5602760,WY,Wyoming,Uinta County School District #1,1.9,84.0,96.56,-12.56,2690,test
5602870,WY,Wyoming,Fremont County School District # 1,2.48,87.0,96.09,-9.09,1777,train
5602990,WY,Wyoming,Goshen County School District #1,2.42,87.0,96.11,-9.11,1694,test
5604060,WY,Wyoming,Lincoln County School District #2,1.35,88.0,96.92,-8.92,2887,train
5604230,WY,Wyoming,Niobrara County School District #1,7.37,57.0,92.57,-35.57,312,train
5604510,WY,Wyoming,Natrona County School District #1,1.71,78.0,97.1,-19.1,13264,test
5605160,WY,Wyoming,Park County School District # 1,1.8,92.0,96.52,-4.52,1834,train
5605220,WY,Wyoming,Fremont County School District #25,2.68,77.0,96.05,-19.05,2466,train
5605302,WY,Wyoming,Sweetwater County School District #1,1.93,74.0,96.74,-22.74,5548,test
5605695,WY,Wyoming,Sheridan County School District #2,1.44,89.0,96.92,-7.92,3545,train
5605762,WY,Wyoming,Sweetwater County School District #2,1.93,92.0,96.53,-4.53,2597,test
5605830,WY,Wyoming,Teton County School District #1,1.53,87.0,96.81,-9.81,2874,train
7200030,PR,Puerto Rico,PUERTO RICO DEPARTMENT OF EDUCATION,8.94,74.0,93.43,-19.43,305294,train
